$date
	Wed Feb 25 17:34:41 2026
$end
$version
	GTKWave Analyzer v3.3.100 (w)1999-2019 BSI
$end
$timescale
	1ps
$end
$scope module axil_dp_ram $end
$var wire 1 ) a_clk $end
$var wire 1 * a_rst $end
$var wire 1 + b_clk $end
$var wire 1 , b_rst $end
$var wire 16 9 s_axil_a_araddr[15:0] $end
$var wire 3 ; s_axil_a_arprot[2:0] $end
$var wire 1 < s_axil_a_arready $end
$var wire 1 ? s_axil_a_arvalid $end
$var wire 16 @ s_axil_a_awaddr[15:0] $end
$var wire 3 B s_axil_a_awprot[2:0] $end
$var wire 1 C s_axil_a_awready $end
$var wire 1 F s_axil_a_awvalid $end
$var wire 1 G s_axil_a_bready $end
$var wire 2 H s_axil_a_bresp[1:0] $end
$var wire 1 I s_axil_a_bvalid $end
$var wire 32 L s_axil_a_rdata[31:0] $end
$var wire 1 O s_axil_a_rready $end
$var wire 2 P s_axil_a_rresp[1:0] $end
$var wire 1 Q s_axil_a_rvalid $end
$var wire 32 U s_axil_a_wdata[31:0] $end
$var wire 1 V s_axil_a_wready $end
$var wire 4 Y s_axil_a_wstrb[3:0] $end
$var wire 1 Z s_axil_a_wvalid $end
$var wire 16 [ s_axil_b_araddr[15:0] $end
$var wire 3 ] s_axil_b_arprot[2:0] $end
$var wire 1 ^ s_axil_b_arready $end
$var wire 1 a s_axil_b_arvalid $end
$var wire 16 b s_axil_b_awaddr[15:0] $end
$var wire 3 d s_axil_b_awprot[2:0] $end
$var wire 1 e s_axil_b_awready $end
$var wire 1 h s_axil_b_awvalid $end
$var wire 1 i s_axil_b_bready $end
$var wire 2 j s_axil_b_bresp[1:0] $end
$var wire 1 k s_axil_b_bvalid $end
$var wire 32 n s_axil_b_rdata[31:0] $end
$var wire 1 q s_axil_b_rready $end
$var wire 2 r s_axil_b_rresp[1:0] $end
$var wire 1 s s_axil_b_rvalid $end
$var wire 32 w s_axil_b_wdata[31:0] $end
$var wire 1 x s_axil_b_wready $end
$var wire 4 { s_axil_b_wstrb[3:0] $end
$var wire 1 | s_axil_b_wvalid $end
$var wire 14 c s_axil_b_awaddr_valid[13:0] $end
$var wire 14 \ s_axil_b_araddr_valid[13:0] $end
$var wire 14 A s_axil_a_awaddr_valid[13:0] $end
$var wire 14 : s_axil_a_araddr_valid[13:0] $end
$var wire 32 " ADDR_WIDTH $end
$var wire 32 # DATA_WIDTH $end
$var wire 32 $ PIPELINE_OUTPUT $end
$var wire 32 % STRB_WIDTH $end
$var wire 33 & VALID_ADDR_WIDTH $end
$var wire 32 ' WORD_SIZE $end
$var wire 32 ( WORD_WIDTH $end
$var wire 1 / last_read_a_next $end
$var wire 1 0 last_read_a_reg $end
$var wire 1 1 last_read_b_next $end
$var wire 1 2 last_read_b_reg $end
$var wire 1 3 mem_rd_en_a $end
$var wire 1 4 mem_rd_en_b $end
$var wire 1 5 mem_wr_en_a $end
$var wire 1 6 mem_wr_en_b $end
$var wire 1 7 read_eligible_a $end
$var wire 1 8 read_eligible_b $end
$var wire 1 = s_axil_a_arready_next $end
$var wire 1 > s_axil_a_arready_reg $end
$var wire 1 D s_axil_a_awready_next $end
$var wire 1 E s_axil_a_awready_reg $end
$var wire 1 J s_axil_a_bvalid_next $end
$var wire 1 K s_axil_a_bvalid_reg $end
$var wire 32 M s_axil_a_rdata_pipe_reg[31:0] $end
$var wire 32 N s_axil_a_rdata_reg[31:0] $end
$var wire 1 R s_axil_a_rvalid_next $end
$var wire 1 S s_axil_a_rvalid_pipe_reg $end
$var wire 1 T s_axil_a_rvalid_reg $end
$var wire 1 W s_axil_a_wready_next $end
$var wire 1 X s_axil_a_wready_reg $end
$var wire 1 _ s_axil_b_arready_next $end
$var wire 1 ` s_axil_b_arready_reg $end
$var wire 1 f s_axil_b_awready_next $end
$var wire 1 g s_axil_b_awready_reg $end
$var wire 1 l s_axil_b_bvalid_next $end
$var wire 1 m s_axil_b_bvalid_reg $end
$var wire 32 o s_axil_b_rdata_pipe_reg[31:0] $end
$var wire 32 p s_axil_b_rdata_reg[31:0] $end
$var wire 1 t s_axil_b_rvalid_next $end
$var wire 1 u s_axil_b_rvalid_pipe_reg $end
$var wire 1 v s_axil_b_rvalid_reg $end
$var wire 1 y s_axil_b_wready_next $end
$var wire 1 z s_axil_b_wready_reg $end
$var wire 1 } write_eligible_a $end
$var wire 1 ~ write_eligible_b $end
$var wire 32 - i $end
$var wire 32 . j $end
$upscope $end
$enddefinitions $end
$dumpvars
#0
0e
bx A
0s
b0 j
1)
bx w
08
b100000000000000 .
0,
0K
0=
0>
0?
0*
1i
0D
b0 L
0J
b0 r
b0 n
1O
0k
0E
b0 N
0_
0R
0S
bx @
b0 M
1q
0T
b0 P
0X
0z
bx {
0`
b100 -
0W
0Q
bx 9
0t
0g
0l
bx B
0f
0x
0m
bx U
b0 p
0}
bx c
0V
0|
b0 o
0v
bx :
0y
0Z
0C
0u
bx \
bx Y
0I
b1000 '
1+
0a
0~
07
b10000 "
b0 $
bx ;
b100 %
bx [
b100000 #
0F
bx ]
b100 (
b1110 &
05
00
0h
1G
0^
0/
02
0<
03
bx b
01
b0 H
bx d
06
04
#4000
0)
#5000
0+
#8000
0i
1*
1,
0q
0O
1)
0G
#10000
1+
#12000
0)
#15000
0+
#16000
1)
#20000
0)
1+
#24000
0*
1)
#25000
0+
#28000
0)
#30000
1+
0,
#32000
1)
1G
1O
#35000
0+
#36000
0)
#40000
1)
1+
1q
1i
#44000
0)
#45000
0+
#48000
1)
b1111111111 A
1J
1D
b111111111100 @
1W
b10 B
b10101010101010101010101010101010 U
1}
1Z
b1111 Y
1F
15
#50000
1+
#52000
0)
#55000
0+
#56000
1)
05
1K
0}
0J
1E
0D
1X
1C
1V
0W
1I
#60000
1+
0)
#64000
1)
0I
1}
0V
b10000000000 A
0K
15
0C
1J
0X
0E
b1000000000000 @
1D
1W
#65000
0+
#68000
0)
#70000
1+
#72000
1)
0W
1V
0}
1I
1E
1K
1X
1C
05
0J
0D
#75000
0+
#76000
0)
#80000
1)
1+
1D
b10000000001 A
15
b1000000000100 @
0V
1W
0C
1}
b10101010 U
0X
0E
0I
0K
1J
b1 Y
#84000
0)
#85000
0+
#88000
1)
1I
05
0D
1E
0W
1V
1X
0}
1C
0J
1K
#90000
1+
#92000
0)
#95000
0+
#96000
1)
0K
0I
0X
0V
0E
0F
0Z
0C
#100000
0)
1+
#104000
1)
b1000000000000 @
1}
b10000000000 A
1D
15
1W
b0 U
1Z
1J
1F
#105000
0+
#108000
0)
#110000
1+
#112000
1)
1C
0W
1V
05
0}
1X
0D
1I
1K
0J
1E
#115000
0+
#116000
0)
#120000
1)
1+
0E
0F
0I
0C
0V
0X
0K
0Z
#124000
0)
#125000
0+
#128000
1)
1?
1=
1R
b111111111111 9
b1111111111 :
17
b10 ;
1/
13
#130000
1+
#132000
0)
#135000
0+
#136000
1)
03
1T
1>
b10101010101010101010101010101010 L
b10101010101010101010101010101010 N
0R
1Q
0=
10
07
1<
#140000
0)
1+
#144000
1)
0<
0Q
0>
0T
b1000000000000 9
13
b10101010101010101010101010101010 M
1S
1R
17
b10000000000 :
1=
#145000
0+
#148000
0)
#150000
1+
#152000
1)
0=
0S
03
1<
1T
1>
1Q
b10101010101010101010101000000000 L
b10101010101010101010101000000000 N
0R
07
#155000
0+
#156000
0)
#160000
1)
1+
0?
0T
0<
1S
0Q
b10101010101010101010101000000000 M
0>
#164000
0)
#165000
0+
#168000
1)
1Z
1F
b1110 Y
b111111111101 @
1W
1D
0S
1}
15
b1111111111 A
1J
b10101010101010101010101000000000 U
0/
#170000
1+
#172000
0)
#175000
0+
#176000
1)
05
1V
1E
0}
1C
0W
0D
1I
1K
0J
00
1X
#180000
0)
1+
#184000
1)
0X
1D
15
1W
0V
b1111 Y
0C
b1000000000000 @
1}
0E
b10101010101010101010101010101010 U
b10000000000 A
1J
0K
0I
#185000
0+
#188000
0)
#190000
1+
#192000
1)
1I
0}
1X
05
0D
1C
0W
1V
1K
1E
0J
#195000
0+
#196000
0)
#200000
1)
1+
1J
1W
0I
0C
1}
b1000000000100 @
1D
0X
15
b11 Y
0E
0V
0K
b10000000001 A
b1010101010101010 U
#204000
0)
#205000
0+
#208000
1)
05
0J
1X
1I
0W
0D
1C
0}
1K
1V
1E
#210000
1+
#212000
0)
#215000
0+
#216000
1)
0E
0F
0C
0Z
0X
0I
0V
0K
#220000
1+
0)
#224000
1)
1F
b0 U
1Z
1J
15
1W
1D
b1000000000001 @
b10 Y
1}
b10000000000 A
#225000
0+
#228000
0)
#230000
1+
#232000
1)
1K
0D
1X
1E
0W
05
1C
0J
0}
1V
1I
#235000
0+
#236000
0)
#240000
1)
1+
0I
0C
0K
0F
0X
0E
0Z
0V
#244000
0)
#245000
0+
#248000
1)
17
1?
1/
13
1=
1R
#250000
1+
#252000
0)
#255000
0+
#256000
1)
0R
b10101010101010100000000010101010 L
1>
1T
03
07
1<
1Q
0=
10
b10101010101010100000000010101010 N
#260000
0)
1+
#264000
1)
0<
0T
0>
b10101010101010100000000010101010 M
0?
1S
0Q
#265000
0+
#268000
0)
#270000
1+
#272000
1)
b1111111111 A
1D
0/
15
b10101010101010100000000000000000 U
1F
1W
0S
1J
1Z
1}
b1100 Y
b111111111110 @
#275000
0+
#276000
0)
#280000
1)
1+
1V
1I
1E
0D
1X
05
1K
1C
00
0W
0}
0J
#284000
0)
#285000
0+
#288000
1)
1J
b1000000000000 @
0K
0V
b10000000000 A
15
0I
b10101010101010101010101010101010 U
0X
1D
0E
1}
0C
b1111 Y
1W
#290000
1+
#292000
0)
#295000
0+
#296000
1)
0W
1K
0D
0J
1X
1V
1I
05
0}
1E
1C
#300000
1+
0)
#304000
1)
0C
0K
0I
1W
b1000000000100 @
0V
1D
b10000000001 A
0X
1J
b101010101010101010101010 U
0E
15
b111 Y
1}
#305000
0+
#308000
0)
#310000
1+
#312000
1)
0}
1I
0J
1K
1C
1X
0W
0D
1V
1E
05
#315000
0+
#316000
0)
#320000
1)
1+
0I
0F
0K
0X
0C
0E
0V
0Z
#324000
0)
#325000
0+
#328000
1)
1Z
1J
15
1}
1D
1W
b1000000000010 @
1F
b10000000000 A
b100 Y
b0 U
#330000
1+
#332000
0)
#335000
0+
#336000
1)
05
0J
1X
0}
1K
0W
0D
1I
1V
1E
1C
#340000
0)
1+
#344000
1)
0C
0F
0Z
0K
0X
0E
0V
0I
#345000
0+
#348000
0)
#350000
1+
#352000
1)
1R
b1000000000001 9
1?
13
1/
17
1=
#355000
0+
#356000
0)
#360000
1)
1+
0=
1Q
1>
b10101010000000001010101010101010 N
1T
0R
1<
b10101010000000001010101010101010 L
03
07
10
#364000
0)
#365000
0+
#368000
1)
0T
0Q
0>
0<
b10101010000000001010101010101010 M
0?
1S
#370000
1+
#372000
0)
#375000
0+
#376000
1)
0S
b10101010000000000000000000000000 U
0/
15
1D
1J
1Z
b111111111111 @
1F
1W
1}
b1000 Y
b1111111111 A
#380000
1+
0)
#384000
1)
1I
0W
1K
00
1C
0D
05
0J
0}
1V
1X
1E
#385000
0+
#388000
0)
#390000
1+
#392000
1)
0E
b10000000000 A
15
1W
0K
0I
b10101010101010101010101010101010 U
1D
0C
b1000000000000 @
0X
b1111 Y
0V
1}
1J
#395000
0+
#396000
0)
#400000
1)
1+
0J
1K
1C
0W
05
1E
0D
1I
0}
1V
1X
#404000
0)
#405000
0+
#408000
1)
0X
1W
1D
0C
0K
1J
b10000000001 A
0E
15
0V
b1000000000100 @
1}
0I
#410000
1+
#412000
0)
#415000
0+
#416000
1)
1I
1K
1E
1C
0D
0W
1X
0J
0}
05
1V
#420000
1+
0)
#424000
1)
0V
0X
0C
0E
0K
0I
0F
0Z
#425000
0+
#428000
0)
#430000
1+
#432000
1)
1Z
1D
1F
1W
b10000000000 A
b0 U
15
1J
1}
b1000000000011 @
b1000 Y
#435000
0+
#436000
0)
#440000
1)
1+
1C
1E
1X
1V
0W
1I
0D
1K
0}
0J
05
#444000
0)
#445000
0+
#448000
1)
0Z
0E
0C
0I
0X
0V
0F
0K
#450000
1+
#452000
0)
#455000
0+
#456000
1)
1/
1R
1=
b1000000000010 9
17
1?
13
#460000
0)
1+
#464000
1)
03
0=
b101010101010101010101010 L
1T
b101010101010101010101010 N
0R
1Q
10
1<
1>
07
#465000
0+
#468000
0)
#470000
1+
#472000
1)
17
0<
1=
b101010101010101010101010 M
13
1S
1R
0T
0Q
0>
b1000000000100 9
b10000000001 :
#475000
0+
#476000
0)
#480000
1)
1+
b10101010101010101010101010101010 L
1T
0=
1<
07
0R
03
b10101010101010101010101010101010 N
0S
1>
1Q
#484000
0)
#485000
0+
#488000
1)
0Q
b10101010101010101010101010101010 M
0T
0<
0>
1S
0?
#490000
1+
#492000
0)
#495000
0+
#496000
1)
15
0/
b1111111111 A
1Z
1D
b1111 Y
1W
0S
b10101010101010101010101010101010 U
1F
1J
1}
b111111111100 @
#500000
1+
0)
#504000
1)
1K
1V
05
0D
1E
00
1X
1I
1C
0}
0W
0J
#505000
0+
#508000
0)
#510000
1+
#512000
1)
1J
b1000000000000 @
0I
0K
b10000000000 A
0X
15
0V
1D
0E
1W
0C
1}
#515000
0+
#516000
0)
#520000
1)
1+
0}
1I
0D
0J
1V
1K
05
1X
1C
1E
0W
#524000
0)
#525000
0+
#528000
1)
1W
0I
15
1}
b1000000000100 @
b11 Y
0K
1D
b10000000001 A
0V
1J
0E
0X
0C
b1010101010101010 U
#530000
1+
#532000
0)
#535000
0+
#536000
1)
0}
1V
05
1I
0W
0D
1K
1C
0J
1X
1E
#540000
1+
0)
#544000
1)
0E
0Z
0V
0I
0X
0K
0C
0F
#545000
0+
#548000
0)
#550000
1+
#552000
1)
1F
b100000000 U
1D
1}
15
1Z
b1000000000000 @
1W
b10000000000 A
1J
#555000
0+
#556000
0)
#560000
1)
1+
0J
0D
1E
0W
1V
0}
05
1I
1C
1K
1X
#564000
0)
#565000
0+
#568000
1)
0X
0E
0F
0V
0Z
0K
0C
0I
#570000
1+
#572000
0)
#575000
0+
#576000
1)
1?
b1111111111 :
1=
1/
13
17
1R
b111111111111 9
#580000
1+
0)
#584000
1)
1Q
07
1T
03
0=
10
0R
1<
1>
#585000
0+
#588000
0)
#590000
1+
#592000
1)
0>
b1000000000000 9
b10000000000 :
1=
0Q
13
17
0T
0<
1S
1R
#595000
0+
#596000
0)
#600000
1)
1+
0R
07
1>
b10101010101010100000000100000000 N
b10101010101010100000000100000000 L
03
0=
1Q
0S
1T
1<
#604000
0)
#605000
0+
#608000
1)
0<
0>
0?
b10101010101010100000000100000000 M
0T
0Q
1S
#610000
1+
#612000
0)
#615000
0+
#616000
1)
0S
1}
1D
b10101010101010101010101000000000 U
1J
b111111111101 @
1F
b1110 Y
0/
1W
b1111111111 A
1Z
15
#620000
1+
0)
#624000
1)
05
0D
1I
1X
0}
1V
0J
1E
1C
00
0W
1K
#625000
0+
#628000
0)
#630000
1+
#632000
1)
0K
1J
0X
15
0I
1D
0V
b1111 Y
b10101010101010101010101010101010 U
1}
b1000000000000 @
1W
0E
0C
b10000000000 A
#635000
0+
#636000
0)
#640000
1)
1+
0}
05
1K
1X
0J
0D
1I
1V
1C
1E
0W
#644000
0)
#645000
0+
#648000
1)
1W
0I
0K
b10000000001 A
15
1}
1D
0X
b101010101010101010101010 U
1J
b111 Y
0E
b1000000000100 @
0C
0V
#650000
1+
#652000
0)
#655000
0+
#656000
1)
1V
0J
0W
1K
1I
0}
05
1X
0D
1C
1E
#660000
0)
1+
#664000
1)
0E
0X
0V
0K
0I
0F
0C
0Z
#665000
0+
#668000
0)
#670000
1+
#672000
1)
1Z
1W
b10000000000 A
1J
15
b10000000000000000 U
1}
1F
b110 Y
1D
b1000000000001 @
#675000
0+
#676000
0)
#680000
1)
1+
0W
1E
1I
05
1K
0J
1V
1X
0D
0}
1C
#684000
0)
#685000
0+
#688000
1)
0C
0V
0Z
0E
0K
0I
0X
0F
#690000
1+
#692000
0)
#695000
0+
#696000
1)
17
1?
1=
1/
1R
13
#700000
0)
1+
#704000
1)
03
1<
0R
0=
07
b10101010000000010000000010101010 N
1>
b10101010000000010000000010101010 L
1Q
10
1T
#705000
0+
#708000
0)
#710000
1+
#712000
1)
0T
0>
0<
1S
0?
b10101010000000010000000010101010 M
0Q
#715000
0+
#716000
0)
#720000
1)
1+
1W
b111111111110 @
b10101010101010100000000000000000 U
0S
1F
1J
0/
b1111111111 A
1Z
15
1}
1D
b1100 Y
#724000
0)
#725000
0+
#728000
1)
1K
0W
1C
1E
0J
1V
0D
05
00
1X
0}
1I
#730000
1+
#732000
0)
#735000
0+
#736000
1)
0I
b10101010101010101010101010101010 U
1J
b1000000000000 @
0K
b1111 Y
0E
0C
1W
b10000000000 A
1}
15
1D
0V
0X
#740000
1+
0)
#744000
1)
1X
0W
0J
1I
1C
1E
1K
1V
05
0}
0D
#745000
0+
#748000
0)
#750000
1+
#752000
1)
1D
b1000000000100 @
0E
0X
1W
0C
0I
1J
1}
0V
0K
b10000000001 A
15
#755000
0+
#756000
0)
#760000
1)
1+
05
1E
1I
0D
1C
0W
1X
1V
0}
0J
1K
#764000
0)
#765000
0+
#768000
1)
0K
0E
0Z
0C
0F
0I
0V
0X
#770000
1+
#772000
0)
#775000
0+
#776000
1)
1F
1W
b1000000000010 @
15
b1000000000000000000000000 U
1Z
1D
b1100 Y
1J
b10000000000 A
1}
#780000
1+
0)
#784000
1)
0}
1X
1K
0D
0W
1E
05
1C
1V
1I
0J
#785000
0+
#788000
0)
#790000
1+
#792000
1)
0K
0X
0F
0E
0Z
0I
0C
0V
#795000
0+
#796000
0)
#800000
1)
1+
1R
b1000000000001 9
13
1=
1/
17
1?
#804000
0)
#805000
0+
#808000
1)
1Q
0R
1<
1>
1T
0=
b1000000001010101010101010 N
03
07
b1000000001010101010101010 L
10
#810000
1+
#812000
0)
#815000
0+
#816000
1)
b10000000001 :
0<
1R
0Q
1=
0>
1S
0T
b1000000000100 9
b1000000001010101010101010 M
17
13
#820000
0)
1+
#824000
1)
03
1T
1<
b10101010101010101010101010101010 N
0S
1Q
0R
1>
0=
07
b10101010101010101010101010101010 L
#825000
0+
#828000
0)
#830000
1+
#832000
1)
0?
0>
0T
0<
0Q
1S
b10101010101010101010101010101010 M
#835000
0+
#836000
0)
#840000
1)
1+
1J
15
1}
0/
b111111111111 @
1F
1W
1D
b10101010000000000000000000000000 U
0S
b1111111111 A
b1000 Y
1Z
#844000
0)
#845000
0+
#848000
1)
0}
00
1V
0D
1E
05
0J
1K
0W
1X
1I
1C
#850000
1+
#852000
0)
#855000
0+
#856000
1)
0C
1W
15
0E
1}
1D
0V
0K
1J
b1000000000000 @
0I
b10000000000 A
b10101010101010101010101010101010 U
0X
b1111 Y
#860000
0)
1+
#864000
1)
0J
0}
1E
1C
05
0W
1K
0D
1V
1X
1I
#865000
0+
#868000
0)
#870000
1+
#872000
1)
0I
0C
1D
0E
1}
1J
0K
15
1W
0X
0V
b1000000000100 @
b10000000001 A
#875000
0+
#876000
0)
#880000
1)
1+
1E
05
0D
1C
1I
1K
0}
0J
1X
0W
1V
#884000
0)
#885000
0+
#888000
1)
0V
b10000000010 A
b1 Y
1}
15
1D
0E
0K
0C
0I
1W
1J
b1000000001000 @
0X
b10101010 U
#890000
1+
#892000
0)
#895000
0+
#896000
1)
1C
05
0}
1V
1K
0D
1E
1X
0W
1I
0J
#900000
1+
0)
#904000
1)
0Z
0C
0K
0V
0F
0I
0X
0E
#905000
0+
#908000
0)
#910000
1+
#912000
1)
1J
15
b0 U
1D
b1000 Y
b10000000000 A
1}
1Z
1F
1W
b1000000000011 @
#915000
0+
#916000
0)
#920000
1)
1+
0}
1E
0D
1V
05
0J
1K
1C
0W
1X
1I
#924000
0)
#925000
0+
#928000
1)
0I
0K
b1000000000100 @
0V
1D
b1 U
0E
1}
1J
b10000000001 A
15
b1 Y
0X
1W
0C
#930000
1+
#932000
0)
#935000
0+
#936000
1)
1C
05
1I
0D
1K
1V
1E
0J
0}
0W
1X
#940000
0)
1+
#944000
1)
0X
0I
0C
0E
0V
0K
0F
0Z
#945000
0+
#948000
0)
#950000
1+
#952000
1)
1?
13
b10000000000 :
1R
1/
1=
b1000000000010 9
17
#955000
0+
#956000
0)
#960000
1)
1+
07
b101010101010101010101010 L
0R
1Q
10
1<
b101010101010101010101010 N
03
1T
1>
0=
#964000
0)
#965000
0+
#968000
1)
1=
1R
b101010101010101010101010 M
0T
17
13
0Q
b10000000001 :
0<
0>
1S
b1000000000100 9
#970000
1+
#972000
0)
#975000
0+
#976000
1)
0R
b10101010101010101010101000000001 L
0=
1Q
07
1T
03
b10101010101010101010101000000001 N
0S
1<
1>
#980000
0)
1+
#984000
1)
0>
b10101010101010101010101000000001 M
0?
0T
0Q
0<
1S
#985000
0+
#988000
0)
#990000
1+
#992000
1)
0S
1D
1J
b10101010101010101010101010101010 U
15
1Z
b111111111100 @
b1111111111 A
1}
b1111 Y
1F
0/
1W
#995000
0+
#996000
0)
#1000000
1)
1+
0W
05
1X
0J
0D
1V
1E
00
1C
1I
0}
1K
#1004000
0)
#1005000
0+
#1008000
1)
0K
1J
b1000000000000 @
0C
0X
15
1W
0E
0V
1D
1}
b10000000000 A
0I
#1010000
1+
#1012000
0)
#1015000
0+
#1016000
1)
1I
1V
1X
1C
0J
1K
1E
0W
05
0D
0}
#1020000
0)
1+
#1024000
1)
1}
1W
0C
0X
b101010101010101010101010 U
0V
0I
b1000000000100 @
0E
0K
1J
1D
b10000000001 A
15
b111 Y
#1025000
0+
#1028000
0)
#1030000
1+
#1032000
1)
1K
1V
0}
1X
1C
0W
1E
1I
05
0J
0D
#1035000
0+
#1036000
0)
#1040000
1)
1+
0X
0E
0V
0K
0Z
0C
0I
0F
#1044000
0)
#1045000
0+
#1048000
1)
1F
1D
1Z
b100000000100000000 U
1}
1W
b1000000000000 @
1J
15
b10000000000 A
#1050000
1+
#1052000
0)
#1055000
0+
#1056000
1)
0W
0D
1E
1X
0}
1K
1V
05
1I
0J
1C
#1060000
0)
1+
#1064000
1)
0C
0Z
0K
0F
0E
0X
0V
0I
#1065000
0+
#1068000
0)
#1070000
1+
#1072000
1)
b1111111111 :
b111111111111 9
13
1R
1?
1=
17
1/
#1075000
0+
#1076000
0)
#1080000
1)
1+
1>
0=
1T
03
b10101010101010101010101010101010 L
0R
10
07
1<
b10101010101010101010101010101010 N
1Q
#1084000
0)
#1085000
0+
#1088000
1)
0Q
1S
1R
0>
b10000000000 :
b1000000000000 9
1=
13
b10101010101010101010101010101010 M
0T
17
0<
#1090000
1+
#1092000
0)
#1095000
0+
#1096000
1)
1<
1>
0R
0S
1Q
03
b10101010000000100000000100000000 L
0=
07
b10101010000000100000000100000000 N
1T
#1100000
1+
0)
#1104000
1)
0T
0>
b10101010000000100000000100000000 M
0<
1S
0?
0Q
#1105000
0+
#1108000
0)
#1110000
1+
#1112000
1)
0/
1Z
b1110 Y
b1111111111 A
1D
1W
0S
1}
1F
b10101010101010101010101000000000 U
1J
15
b111111111101 @
#1115000
0+
#1116000
0)
#1120000
1)
1+
1I
1E
1C
0}
0W
0D
1K
05
00
1V
0J
1X
#1124000
0)
#1125000
0+
#1128000
1)
0X
b1000000000000 @
b10000000000 A
1D
b1111 Y
0I
1W
0C
0E
1}
1J
15
0K
0V
b10101010101010101010101010101010 U
#1130000
1+
#1132000
0)
#1135000
0+
#1136000
1)
1E
0D
1X
1C
1I
0W
1V
0J
0}
1K
05
#1140000
1+
0)
#1144000
1)
15
0E
0I
b10000000001 A
b1000000000100 @
0C
1D
0X
0K
0V
1W
1}
1J
#1145000
0+
#1148000
0)
#1150000
1+
#1152000
1)
0J
1I
0D
1E
05
1C
0}
1K
1X
0W
1V
#1155000
0+
#1156000
0)
#1160000
1)
1+
0V
0F
0I
0Z
0E
0C
0X
0K
#1164000
0)
#1165000
0+
#1168000
1)
1F
1D
b10000000010000000000000000 U
1Z
15
1J
b10000000000 A
b1110 Y
b1000000000001 @
1W
1}
#1170000
1+
#1172000
0)
#1175000
0+
#1176000
1)
0}
1K
0D
1V
05
1I
0J
0W
1X
1C
1E
#1180000
1+
0)
#1184000
1)
0E
0K
0Z
0I
0F
0V
0C
0X
#1185000
0+
#1188000
0)
#1190000
1+
#1192000
1)
1R
1?
1/
13
1=
17
#1195000
0+
#1196000
0)
#1200000
1)
1+
07
1Q
0R
b10000000010000000010101010 L
1T
1>
1<
0=
b10000000010000000010101010 N
03
10
#1204000
0)
#1205000
0+
#1208000
1)
0>
1R
0Q
17
0T
b10000000010000000010101010 M
1S
b10000000001 :
b1000000000100 9
13
0<
1=
#1210000
1+
#1212000
0)
#1215000
0+
#1216000
1)
0=
b10101010101010101010101010101010 L
0R
1>
0S
1Q
07
1T
1<
03
b10101010101010101010101010101010 N
#1220000
1+
0)
#1224000
1)
0Q
1S
b10101010101010101010101010101010 M
0?
0>
0<
0T
#1225000
0+
#1228000
0)
#1230000
1+
#1232000
1)
b1100 Y
1F
1Z
0/
b10101010101010100000000000000000 U
1}
1D
b1111111111 A
0S
15
b111111111110 @
1J
1W
#1235000
0+
#1236000
0)
#1240000
1)
1+
0W
1X
1K
1E
00
1I
0D
0}
0J
05
1C
1V
#1244000
0)
#1245000
0+
#1248000
1)
0V
0K
1D
0X
1W
b1111 Y
0I
b10000000000 A
b10101010101010101010101010101010 U
0E
0C
1J
1}
15
b1000000000000 @
#1250000
1+
#1252000
0)
#1255000
0+
#1256000
1)
1X
0D
1K
1V
0W
1I
05
1C
1E
0}
0J
#1260000
0)
1+
#1264000
1)
1J
b1000000000100 @
1W
1D
0X
0V
b10000000001 A
0K
1}
15
0I
0E
0C
#1265000
0+
#1268000
0)
#1270000
1+
#1272000
1)
1C
0W
0J
1V
0D
1X
1E
0}
1K
1I
05
#1275000
0+
#1276000
0)
#1280000
1)
1+
15
0C
1D
b10101010 U
b10000000010 A
b1000000001000 @
0V
1W
b1 Y
1J
0I
0E
0X
0K
1}
#1284000
0)
#1285000
0+
#1288000
1)
0}
0D
1C
05
0W
1V
1K
1I
0J
1X
1E
#1290000
1+
#1292000
0)
#1295000
0+
#1296000
1)
0E
0Z
0F
0C
0X
0K
0V
0I
#1300000
0)
1+
#1304000
1)
b1000000000000000000000000 U
1F
1W
b1100 Y
1D
1}
1Z
b1000000000010 @
b10000000000 A
15
1J
#1305000
0+
#1308000
0)
#1310000
1+
#1312000
1)
0J
1I
0W
1E
0}
0D
05
1X
1C
1V
1K
#1315000
0+
#1316000
0)
#1320000
1)
1+
0K
0I
1}
b10000000001 A
b1 Y
1J
b10 U
0E
1W
b1000000000100 @
0V
15
1D
0C
0X
#1324000
0)
#1325000
0+
#1328000
1)
1X
0W
1K
0}
1I
1E
0J
1C
1V
0D
05
#1330000
1+
#1332000
0)
#1335000
0+
#1336000
1)
0E
0K
0X
0F
0I
0Z
0V
0C
#1340000
0)
1+
#1344000
1)
1/
17
1=
b10000000000 :
1R
1?
b1000000000001 9
13
#1345000
0+
#1348000
0)
#1350000
1+
#1352000
1)
03
b1000000001010101010101010 L
b1000000001010101010101010 N
0R
07
1T
0=
10
1Q
1<
1>
#1355000
0+
#1356000
0)
#1360000
1)
1+
0>
1S
13
1=
b10000000001 :
0T
b1000000001010101010101010 M
17
1R
0<
b1000000000100 9
0Q
#1364000
0)
#1365000
0+
#1368000
1)
1Q
1>
b10101010101010101010101000000010 N
07
b10101010101010101010101000000010 L
0S
1T
03
0=
0R
1<
#1370000
1+
#1372000
0)
#1375000
0+
#1376000
1)
0<
0>
0Q
0T
b10101010101010101010101000000010 M
1S
0?
#1380000
0)
1+
#1384000
1)
b1000 Y
1W
b1111111111 A
0/
15
b10101010000000000000000000000000 U
1F
1}
0S
1J
b111111111111 @
1Z
1D
#1385000
0+
#1388000
0)
#1390000
1+
#1392000
1)
0D
1C
00
0W
1I
1K
1E
05
1X
0}
1V
0J
#1395000
0+
#1396000
0)
#1400000
1)
1+
1J
15
0I
1W
1D
b10000000000 A
0C
b1111 Y
0E
b10101010101010101010101010101010 U
0K
0V
0X
1}
b1000000000000 @
#1404000
0)
#1405000
0+
#1408000
1)
0D
0W
0J
1I
05
1E
1C
0}
1K
1X
1V
#1410000
1+
#1412000
0)
#1415000
0+
#1416000
1)
0V
b10000000001 A
0E
1J
b1000000000100 @
1W
1D
15
0I
0X
0C
0K
1}
#1420000
1+
0)
#1424000
1)
0}
05
0J
1E
1V
0D
0W
1K
1I
1C
1X
#1425000
0+
#1428000
0)
#1430000
1+
#1432000
1)
0X
b1000000001000 @
b1010101010101010 U
1D
1J
1}
15
b10000000010 A
0V
0E
b11 Y
0C
1W
0I
0K
#1435000
0+
#1436000
0)
#1440000
1)
1+
1K
1E
0}
0J
0D
1X
1V
05
1I
0W
1C
#1444000
0)
#1445000
0+
#1448000
1)
0C
0V
0F
0E
0K
0X
0Z
0I
#1450000
1+
#1452000
0)
#1455000
0+
#1456000
1)
1F
1J
1}
b0 U
b1000000000011 @
1D
b10000000000 A
1Z
1W
b1000 Y
15
#1460000
1+
0)
#1464000
1)
05
0}
1I
0D
1K
0J
1C
1V
1E
0W
1X
#1465000
0+
#1468000
0)
#1470000
1+
#1472000
1)
0X
0V
1J
0K
15
1D
1}
0I
0C
b1000000000100 @
b1000000001 U
1W
b10000000001 A
0E
b11 Y
#1475000
0+
#1476000
0)
#1480000
1)
1+
0D
05
1X
1K
1V
0J
1C
0}
1I
1E
0W
#1484000
0)
#1485000
0+
#1488000
1)
0X
0K
0F
0C
0V
0E
0Z
0I
#1490000
1+
#1492000
0)
#1495000
0+
#1496000
1)
1?
13
1/
17
b10000000000 :
b1000000000010 9
1=
1R
#1500000
0)
1+
#1504000
1)
0R
07
b101010101010101010101010 N
10
1<
1>
1T
03
1Q
b101010101010101010101010 L
0=
#1505000
0+
#1508000
0)
#1510000
1+
#1512000
1)
1=
0Q
17
b101010101010101010101010 M
1R
13
0T
0<
0>
1S
b1000000000100 9
b10000000001 :
#1515000
0+
#1516000
0)
#1520000
1)
1+
07
b10101010101010100000001000000001 N
1<
1Q
0=
1T
03
0R
b10101010101010100000001000000001 L
0S
1>
#1524000
0)
#1525000
0+
#1528000
1)
0>
0<
0T
b10101010101010100000001000000001 M
0Q
0?
1S
#1530000
1+
#1532000
0)
#1535000
0+
#1536000
1)
0S
b1111 Y
b111111111100 @
1}
15
1D
1W
1F
0/
1J
1Z
b10101010101010101010101010101010 U
b1111111111 A
#1540000
0)
1+
#1544000
1)
05
1I
0}
1X
1C
0D
00
1K
0W
0J
1V
1E
#1545000
0+
#1548000
0)
#1550000
1+
#1552000
1)
0E
1}
b10000000000 A
0K
0I
b1000000000000 @
15
0C
0X
1D
0V
1W
1J
#1555000
0+
#1556000
0)
#1560000
1)
1+
0J
1X
1I
1K
1E
0}
1C
05
0W
0D
1V
#1564000
0)
#1565000
0+
#1568000
1)
0V
0C
0K
0I
0X
b10000000001 A
1J
1}
b1000000000100 @
0E
1D
15
1W
#1570000
1+
#1572000
0)
#1575000
0+
#1576000
1)
0W
1X
1I
1K
1V
1C
0}
0J
05
1E
0D
#1580000
1+
0)
#1584000
1)
0K
0I
0X
0C
0F
0V
0E
0Z
#1585000
0+
#1588000
0)
#1590000
1+
#1592000
1)
1Z
1D
b1000000000000 @
1F
1}
1W
b10000000000 A
1J
b11000000100000000100000000 U
15
#1595000
0+
#1596000
0)
#1600000
1)
1+
05
0W
0D
1K
0}
1C
1I
1X
1E
0J
1V
#1604000
0)
#1605000
0+
#1608000
1)
0V
0F
0I
0Z
0C
0K
0E
0X
#1610000
1+
#1612000
0)
#1615000
0+
#1616000
1)
1/
b1111111111 :
13
17
1=
b111111111111 9
1?
1R
#1620000
1+
0)
#1624000
1)
0R
1Q
07
b10101010101010101010101010101010 N
03
10
1T
1<
1>
0=
b10101010101010101010101010101010 L
#1625000
0+
#1628000
0)
#1630000
1+
#1632000
1)
0Q
b10000000000 :
0<
1R
1S
0T
17
b10101010101010101010101010101010 M
13
1=
0>
b1000000000000 9
#1635000
0+
#1636000
0)
#1640000
1)
1+
1<
b11000000100000000100000000 L
1Q
07
0S
0R
1T
b11000000100000000100000000 N
1>
0=
03
#1644000
0)
#1645000
0+
#1648000
1)
13
0<
b1000000000100 9
0T
b10000000001 :
b11000000100000000100000000 M
1R
0Q
1S
17
1=
0>
#1650000
1+
#1652000
0)
#1655000
0+
#1656000
1)
1>
0S
1T
03
1<
1Q
b10101010101010101010101010101010 L
0R
0=
07
b10101010101010101010101010101010 N
#1660000
0)
1+
#1664000
1)
0T
1S
0>
0Q
0<
b10101010101010101010101010101010 M
0?
#1665000
0+
#1668000
0)
#1670000
1+
#1672000
1)
1F
1W
b111111111101 @
0/
b1110 Y
15
1D
1Z
1}
0S
b10101010101010101010101000000000 U
b1111111111 A
1J
#1675000
0+
#1676000
0)
#1680000
1)
1+
0J
1X
0}
1C
1V
0W
1I
0D
05
00
1E
1K
#1684000
0)
#1685000
0+
#1688000
1)
0K
0C
15
1}
0X
b1000000000000 @
1J
1D
0I
b1111 Y
1W
0V
0E
b10000000000 A
b10101010101010101010101010101010 U
#1690000
1+
#1692000
0)
#1695000
0+
#1696000
1)
1X
0W
0}
05
1K
1C
1I
0D
0J
1V
1E
#1700000
1+
0)
#1704000
1)
0E
1D
1}
15
1W
0X
0I
0C
b1000000000100 @
0K
0V
b10000000001 A
1J
#1705000
0+
#1708000
0)
#1710000
1+
#1712000
1)
0J
0}
05
0D
1E
1C
1I
0W
1X
1K
1V
#1715000
0+
#1716000
0)
#1720000
1)
1+
0V
b10101010 U
1W
b1000000001000 @
15
1J
1}
0I
0C
1D
0E
b1 Y
0K
b10000000010 A
0X
#1724000
0)
#1725000
0+
#1728000
1)
1X
05
1E
0W
1V
0D
1C
0J
1I
0}
1K
#1730000
1+
#1732000
0)
#1735000
0+
#1736000
1)
0K
0E
0I
0X
0F
0Z
0C
0V
#1740000
1+
0)
#1744000
1)
b1000000000001 @
15
b10000000010000000000000000 U
1Z
1J
1F
1W
1D
1}
b1110 Y
b10000000000 A
#1745000
0+
#1748000
0)
#1750000
1+
#1752000
1)
1I
0W
1C
1E
1V
1K
05
0J
1X
0D
0}
#1755000
0+
#1756000
0)
#1760000
1)
1+
1}
b10000000001 A
1J
0C
0E
b1000000000100 @
1W
0I
15
0K
b11 U
0V
1D
b1 Y
0X
#1764000
0)
#1765000
0+
#1768000
1)
1X
1E
1C
0}
0J
1K
05
0W
1I
1V
0D
#1770000
1+
#1772000
0)
#1775000
0+
#1776000
1)
0C
0X
0E
0F
0K
0Z
0V
0I
#1780000
0)
1+
#1784000
1)
1/
1?
b1000000000000 9
13
b10000000000 :
17
1R
1=
#1785000
0+
#1788000
0)
#1790000
1+
#1792000
1)
0=
b10000000010000000010101010 L
b10000000010000000010101010 N
03
1T
1<
1Q
1>
0R
07
10
#1795000
0+
#1796000
0)
#1800000
1)
1+
0Q
13
1=
0<
b1000000000100 9
0T
17
b10000000010000000010101010 M
1S
1R
0>
b10000000001 :
#1804000
0)
#1805000
0+
#1808000
1)
1Q
b10101010101010101010101000000011 N
b10101010101010101010101000000011 L
1<
03
0=
1>
07
1T
0R
0S
#1810000
1+
#1812000
0)
#1815000
0+
#1816000
1)
1S
0Q
0<
0?
0>
0T
b10101010101010101010101000000011 M
#1820000
0)
1+
#1824000
1)
0/
b111111111110 @
b10101010101010100000000000000000 U
1W
1D
b1111111111 A
0S
15
1F
1}
1J
b1100 Y
1Z
#1825000
0+
#1828000
0)
#1830000
1+
#1832000
1)
0W
00
1I
0}
1K
1C
0D
05
1E
1X
1V
0J
#1835000
0+
#1836000
0)
#1840000
1)
1+
1J
0E
1}
0I
1W
b10101010101010101010101010101010 U
b1000000000000 @
15
b10000000000 A
1D
0K
0C
0V
b1111 Y
0X
#1844000
0)
#1845000
0+
#1848000
1)
1X
1K
0W
1I
0J
0}
1E
0D
05
1C
1V
#1850000
1+
#1852000
0)
#1855000
0+
#1856000
1)
0V
1D
1J
0I
0X
1W
0K
0E
1}
b1000000000100 @
b10000000001 A
0C
15
#1860000
0)
1+
#1864000
1)
05
1X
1I
1V
0J
0D
0}
1E
0W
1K
1C
#1865000
0+
#1868000
0)
#1870000
1+
#1872000
1)
0C
0V
b1000000001000 @
1W
0I
0X
15
0E
b1010101010101010 U
1}
1J
1D
0K
b11 Y
b10000000010 A
#1875000
0+
#1876000
0)
#1880000
1)
1+
0J
1I
0W
1C
1V
0}
1X
05
1E
0D
1K
#1884000
0)
#1885000
0+
#1888000
1)
0K
0Z
0I
0X
0C
0F
0V
0E
#1890000
1+
#1892000
0)
#1895000
0+
#1896000
1)
1W
b10000000000 A
1F
15
1J
b1000000000010 @
1Z
b1000000000000000000000000 U
1}
b1100 Y
1D
#1900000
1+
0)
#1904000
1)
0D
05
1E
1K
0W
1C
1I
1X
0J
1V
0}
#1905000
0+
#1908000
0)
#1910000
1+
#1912000
1)
1}
0X
0E
1D
15
b1100000010 U
b10000000001 A
0I
0K
0C
b1000000000100 @
1W
0V
b11 Y
1J
#1915000
0+
#1916000
0)
#1920000
1)
1+
0J
05
0}
0D
1E
1X
1C
1K
1I
0W
1V
#1924000
0)
#1925000
0+
#1928000
1)
0V
0K
0F
0C
0Z
0X
0E
0I
#1930000
1+
#1932000
0)
#1935000
0+
#1936000
1)
b10000000000 :
13
b1000000000001 9
1/
1R
1=
17
1?
#1940000
0)
1+
#1944000
1)
1<
03
10
1Q
b1000000001010101010101010 N
b1000000001010101010101010 L
07
1T
0=
0R
1>
#1945000
0+
#1948000
0)
#1950000
1+
#1952000
1)
0>
b1000000001010101010101010 M
b1000000000100 9
0<
b10000000001 :
0Q
13
1S
1R
1=
0T
17
#1955000
0+
#1956000
0)
#1960000
1)
1+
07
03
b10101010101010100000001100000010 N
1>
1Q
1<
1T
b10101010101010100000001100000010 L
0=
0R
0S
#1964000
0)
#1965000
0+
#1968000
1)
1S
0Q
0?
b10101010101010100000001100000010 M
0>
0<
0T
#1970000
1+
#1972000
0)
#1975000
0+
#1976000
1)
1D
b111111111111 @
1}
15
0S
1J
1Z
b10101010000000000000000000000000 U
b1111111111 A
1F
0/
b1000 Y
1W
#1980000
1+
0)
#1984000
1)
0W
05
1V
1I
0}
0D
1X
1K
1C
0J
00
1E
#1985000
0+
#1988000
0)
#1990000
1+
#1992000
1)
0E
1J
1W
1}
0I
0V
15
b1000000000000 @
b10000000000 A
0C
b10101010101010101010101010101010 U
0K
0X
1D
b1111 Y
#1995000
0+
#1996000
0)
#2000000
1)
1+
1X
1E
05
1V
1I
0}
0J
0W
1K
1C
0D
#2004000
0)
#2005000
0+
#2008000
1)
1D
0K
1}
0I
0V
15
0X
0E
1W
b1000000000100 @
1J
b10000000001 A
0C
#2010000
1+
#2012000
0)
#2015000
0+
#2016000
1)
1C
0J
05
1V
1I
0}
0D
1K
1X
0W
1E
#2020000
0)
1+
#2024000
1)
0E
1W
b111 Y
1}
0I
0V
15
0C
1J
0X
b1000000001000 @
0K
1D
b101010101010101010101010 U
b10000000010 A
#2025000
0+
#2028000
0)
#2030000
1+
#2032000
1)
0D
1E
05
1V
1I
0}
0W
1K
1C
1X
0J
#2035000
0+
#2036000
0)
#2040000
1)
1+
0X
0I
0V
0E
0C
0K
0Z
0F
#2044000
0)
#2045000
0+
#2048000
1)
1F
b10000000000 A
1J
15
1D
b1000 Y
1}
1W
b1000000000011 @
1Z
b0 U
#2050000
1+
#2052000
0)
#2055000
0+
#2056000
1)
0W
1I
05
0J
1X
1K
0}
1C
1V
0D
1E
#2060000
0)
1+
#2064000
1)
0E
1D
b110000001000000001 U
1J
15
0I
1W
b10000000001 A
0V
0X
0C
b111 Y
1}
0K
b1000000000100 @
#2065000
0+
#2068000
0)
#2070000
1+
#2072000
1)
0}
1E
1I
05
0J
0D
0W
1C
1X
1V
1K
#2075000
0+
#2076000
0)
#2080000
1)
1+
0K
0X
0I
0E
0F
0C
0V
0Z
#2084000
0)
#2085000
0+
#2088000
1)
b1000000000010 9
17
13
1?
b10000000000 :
1R
1/
1=
#2090000
1+
#2092000
0)
#2095000
0+
#2096000
1)
0=
1T
1Q
03
b101010101010101010101010 N
07
1<
10
0R
b101010101010101010101010 L
1>
#2100000
1+
0)
#2104000
1)
0>
1=
b101010101010101010101010 M
b1000000000100 9
13
0T
1S
0Q
17
1R
b10000000001 :
0<
#2105000
0+
#2108000
0)
#2110000
1+
#2112000
1)
1<
0=
0S
b10101010000000110000001000000001 N
1>
1T
03
b10101010000000110000001000000001 L
0R
07
1Q
#2115000
0+
#2116000
0)
#2120000
1)
1+
0Q
1S
0T
0<
0?
0>
b10101010000000110000001000000001 M
#2124000
0)
#2125000
0+
#2128000
1)
b111111111100 @
1Z
15
1F
0S
1}
b10101010101010101010101010101010 U
b1111 Y
1W
b1111111111 A
1D
1J
0/
#2130000
1+
#2132000
0)
#2135000
0+
#2136000
1)
0D
1I
05
1X
1K
1E
0W
0}
0J
1V
1C
00
#2140000
1+
0)
#2144000
1)
15
1W
0I
1D
b1000000000000 @
0E
b10000000000 A
0K
0X
0C
1J
1}
0V
#2145000
0+
#2148000
0)
#2150000
1+
#2152000
1)
1V
1K
1I
0W
05
0D
1E
0}
1C
1X
0J
#2155000
0+
#2156000
0)
#2160000
1)
1+
1J
1D
0I
0K
0V
15
b10000000001 A
1W
b1000000000100 @
0X
1}
0E
0C
#2164000
0)
#2165000
0+
#2168000
1)
1C
0W
1I
0D
0J
1K
05
1V
1E
1X
0}
#2170000
1+
#2172000
0)
#2175000
0+
#2176000
1)
1}
15
0I
1W
0C
0K
b10000000010 A
1J
1D
b1 Y
b10101010 U
0X
0V
b1000000001000 @
0E
#2180000
0)
1+
#2184000
1)
1E
1I
05
0}
0D
0W
0J
1C
1K
1X
1V
#2185000
0+
#2188000
0)
#2190000
1+
#2192000
1)
0V
0C
0I
0F
0E
0Z
0X
0K
#2195000
0+
#2196000
0)
#2200000
1)
1+
1F
b1111 Y
1J
15
1W
1}
1D
b10000000000 A
b1000000000000 @
b11000000100000000100000000 U
1Z
#2204000
0)
#2205000
0+
#2208000
1)
0D
1K
1C
1E
1V
1I
0}
0W
05
0J
1X
#2210000
1+
#2212000
0)
#2215000
0+
#2216000
1)
0X
15
0E
0C
1D
0K
1W
1}
b1 Y
0I
0V
1J
b100 U
b10000000001 A
b1000000000100 @
#2220000
1+
0)
#2224000
1)
1I
1C
1E
1X
05
0}
0D
0W
1K
0J
1V
#2225000
0+
#2228000
0)
#2230000
1+
#2232000
1)
0V
0E
0Z
0C
0I
0F
0X
0K
#2235000
0+
#2236000
0)
#2240000
1)
1+
1/
1=
b111111111111 9
1?
17
b1111111111 :
1R
13
#2244000
0)
#2245000
0+
#2248000
1)
03
1T
10
1>
1Q
0=
1<
b10101010101010101010101010101010 N
0R
07
b10101010101010101010101010101010 L
#2250000
1+
#2252000
0)
#2255000
0+
#2256000
1)
0<
1S
b10101010101010101010101010101010 M
0T
b1000000000000 9
13
1=
0>
0Q
17
1R
b10000000000 :
#2260000
0)
1+
#2264000
1)
1>
1T
b11000000100000000100000000 L
1<
0S
0=
03
0R
07
1Q
b11000000100000000100000000 N
#2265000
0+
#2268000
0)
#2270000
1+
#2272000
1)
1=
b10000000001 :
0T
b11000000100000000100000000 M
0>
1S
b1000000000100 9
0<
0Q
17
1R
13
#2275000
0+
#2276000
0)
#2280000
1)
1+
03
1T
b10101010101010101010101000000100 N
b10101010101010101010101000000100 L
0=
0S
1>
0R
07
1Q
1<
#2284000
0)
#2285000
0+
#2288000
1)
0<
1S
0T
b10101010101010101010101000000100 M
0Q
0?
0>
#2290000
1+
#2292000
0)
#2295000
0+
#2296000
1)
1F
1Z
1W
b111111111101 @
0S
1D
0/
b1110 Y
1}
15
1J
b1111111111 A
b10101010101010101010101000000000 U
#2300000
0)
1+
#2304000
1)
1K
00
0}
1E
1V
0W
1I
1C
0D
05
1X
0J
#2305000
0+
#2308000
0)
#2310000
1+
#2312000
1)
1J
1}
b10101010101010101010101010101010 U
0C
0K
0I
0E
b1111 Y
b1000000000000 @
1W
0V
0X
1D
b10000000000 A
15
#2315000
0+
#2316000
0)
#2320000
1)
1+
05
0W
0}
0J
1I
1K
1C
1E
1X
1V
0D
#2324000
0)
#2325000
0+
#2328000
1)
1D
1W
0C
15
0K
1J
1}
b1000000000100 @
0I
0V
0E
b10000000001 A
0X
#2330000
1+
#2332000
0)
#2335000
0+
#2336000
1)
1X
0W
0D
0}
1K
05
1C
0J
1V
1I
1E
#2340000
1+
0)
#2344000
1)
0E
0X
b1010101010101010 U
0C
b1000000001000 @
15
1}
1D
1W
0K
b11 Y
0I
1J
b10000000010 A
0V
#2345000
0+
#2348000
0)
#2350000
1+
#2352000
1)
1V
1K
1X
1E
0W
05
1C
0D
0}
1I
0J
#2355000
0+
#2356000
0)
#2360000
1)
1+
0K
0V
0F
0Z
0C
0E
0X
0I
#2364000
0)
#2365000
0+
#2368000
1)
1J
b10000000010000000000000000 U
1D
1Z
1F
b1000000000001 @
15
1W
b10000000000 A
b1110 Y
1}
#2370000
1+
#2372000
0)
#2375000
0+
#2376000
1)
0}
0J
1I
05
1E
1V
1K
0D
1C
0W
1X
#2380000
0)
1+
#2384000
1)
0X
1D
0E
15
0I
1J
1}
0K
0V
b1000000000100 @
b10000000011 U
1W
0C
b11 Y
b10000000001 A
#2385000
0+
#2388000
0)
#2390000
1+
#2392000
1)
1I
05
1E
0D
1X
1V
1K
0}
0J
0W
1C
#2395000
0+
#2396000
0)
#2400000
1)
1+
0C
0E
0I
0K
0V
0X
0F
0Z
#2404000
0)
#2405000
0+
#2408000
1)
13
b10000000000 :
b1000000000000 9
1=
1/
1?
1R
17
#2410000
1+
#2412000
0)
#2415000
0+
#2416000
1)
07
1<
b10000000010000000010101010 N
0=
1T
03
1>
10
b10000000010000000010101010 L
0R
1Q
#2420000
0)
1+
#2424000
1)
0Q
13
0T
17
1=
0<
0>
b1000000000100 9
b10000000001 :
1S
1R
b10000000010000000010101010 M
#2425000
0+
#2428000
0)
#2430000
1+
#2432000
1)
07
1T
03
1Q
b10101010101010100000010000000011 N
1>
0=
1<
0R
0S
b10101010101010100000010000000011 L
#2435000
0+
#2436000
0)
#2440000
1)
1+
b10101010101010100000010000000011 M
0T
0>
0Q
1S
0<
0?
#2444000
0)
#2445000
0+
#2448000
1)
1Z
b1111111111 A
b111111111110 @
1F
1}
15
1D
1W
b1100 Y
b10101010101010100000000000000000 U
0S
0/
1J
#2450000
1+
#2452000
0)
#2455000
0+
#2456000
1)
0J
05
00
1C
0}
1I
1X
1E
1V
1K
0W
0D
#2460000
0)
1+
#2464000
1)
1D
0V
15
1J
b1000000000000 @
b10000000000 A
0E
1}
0C
0X
0I
1W
0K
b10101010101010101010101010101010 U
b1111 Y
#2465000
0+
#2468000
0)
#2470000
1+
#2472000
1)
1X
0J
05
1V
0D
1C
0}
1E
1I
1K
0W
#2475000
0+
#2476000
0)
#2480000
1)
1+
1W
15
1}
1J
0X
0C
b10000000001 A
b1000000000100 @
1D
0V
0K
0I
0E
#2484000
0)
#2485000
0+
#2488000
1)
1E
0}
0D
05
0W
1X
0J
1C
1I
1K
1V
#2490000
1+
#2492000
0)
#2495000
0+
#2496000
1)
0V
1D
b111 Y
1J
1}
0E
0X
15
b1000000001000 @
1W
b10000000010 A
0K
b101010101010101010101010 U
0I
0C
#2500000
0)
1+
#2504000
1)
1C
0W
0J
0D
1V
1E
0}
05
1X
1I
1K
#2505000
0+
#2508000
0)
#2510000
1+
#2512000
1)
0K
0F
0C
0Z
0E
0V
0I
0X
#2515000
0+
#2516000
0)
#2520000
1)
1+
1F
15
1J
b1100 Y
1W
1Z
1D
b1000000000010 @
1}
b10000000000 A
b1000000000000000000000000 U
#2524000
0)
#2525000
0+
#2528000
1)
0J
1X
05
1K
1E
0D
0W
1C
1I
0}
1V
#2530000
1+
#2532000
0)
#2535000
0+
#2536000
1)
0V
15
b1000000001100000010 U
b1000000000100 @
1W
0X
1J
1D
0K
b111 Y
0E
1}
b10000000001 A
0I
0C
#2540000
0)
1+
#2544000
1)
1C
0W
1V
05
1K
0J
1X
0D
1I
1E
0}
#2545000
0+
#2548000
0)
#2550000
1+
#2552000
1)
0X
0C
0F
0V
0K
0Z
0E
0I
#2555000
0+
#2556000
0)
#2560000
1)
1+
1?
b10000000000 :
17
13
1=
b1000000000001 9
1/
1R
#2564000
0)
#2565000
0+
#2568000
1)
0R
b1000000001010101010101010 L
0=
1>
07
03
1T
10
b1000000001010101010101010 N
1<
1Q
#2570000
1+
#2572000
0)
#2575000
0+
#2576000
1)
0Q
1=
1R
b10000000001 :
0T
17
0>
13
b1000000001010101010101010 M
0<
b1000000000100 9
1S
#2580000
1+
0)
#2584000
1)
0S
0=
03
b10101010000001000000001100000010 L
1Q
1>
0R
07
1T
b10101010000001000000001100000010 N
1<
#2585000
0+
#2588000
0)
#2590000
1+
#2592000
1)
0<
1S
0?
0>
0Q
0T
b10101010000001000000001100000010 M
#2595000
0+
#2596000
0)
#2600000
1)
1+
1}
1W
b1000 Y
b111111111111 @
b10101010000000000000000000000000 U
1J
15
0S
1F
0/
1D
b1111111111 A
1Z
#2604000
0)
#2605000
0+
#2608000
1)
1I
0W
1K
0}
1X
00
05
0J
1V
1C
1E
0D
#2610000
1+
#2612000
0)
#2615000
0+
#2616000
1)
1D
b1111 Y
0V
0K
1}
1W
0I
1J
b1000000000000 @
15
b10101010101010101010101010101010 U
0X
0E
b10000000000 A
0C
#2620000
1+
0)
#2624000
1)
1C
0}
1K
1V
0D
05
0W
1I
0J
1X
1E
#2625000
0+
#2628000
0)
#2630000
1+
#2632000
1)
0E
0K
0I
1}
0C
1W
0V
15
b1000000000100 @
1D
0X
b10000000001 A
1J
#2635000
0+
#2636000
0)
#2640000
1)
1+
0J
1I
1K
1E
05
0}
1V
1C
0W
0D
1X
#2644000
0)
#2645000
0+
#2648000
1)
0X
0I
0C
1J
b1000000001000 @
0V
0K
1}
0E
15
1D
b10000000010 A
1W
#2650000
1+
#2652000
0)
#2655000
0+
#2656000
1)
0W
1C
1E
1I
1X
0}
0J
1K
1V
05
0D
#2660000
1+
0)
#2664000
1)
0E
0Z
0K
0C
0I
0X
0F
0V
#2665000
0+
#2668000
0)
#2670000
1+
#2672000
1)
1Z
1D
b0 U
1W
b1000 Y
1J
b1000000000011 @
1}
1F
15
b10000000000 A
#2675000
0+
#2676000
0)
#2680000
1)
1+
1V
1I
0D
1E
0J
1C
1K
0W
05
0}
1X
#2684000
0)
#2685000
0+
#2688000
1)
0X
b10000000001 A
b100000000110000001000000001 U
0K
b1000000000100 @
0I
0V
0C
1D
1J
b1111 Y
0E
1}
1W
15
#2690000
1+
#2692000
0)
#2695000
0+
#2696000
1)
05
1K
1X
0J
1I
0D
1V
1C
0W
1E
0}
#2700000
0)
1+
#2704000
1)
0V
0Z
0K
0I
0X
0E
0C
0F
#2705000
0+
#2708000
0)
#2710000
1+
#2712000
1)
13
1=
17
1?
b10000000000 :
1R
b1000000000010 9
1/
#2715000
0+
#2716000
0)
#2720000
1)
1+
03
1<
1>
0=
b101010101010101010101010 L
07
10
1T
0R
b101010101010101010101010 N
1Q
#2724000
0)
#2725000
0+
#2728000
1)
0Q
1S
b101010101010101010101010 M
17
13
b10000000001 :
0<
1=
0>
b1000000000100 9
1R
0T
#2730000
1+
#2732000
0)
#2735000
0+
#2736000
1)
1T
0=
07
0S
1Q
1<
b100000000110000001000000001 L
03
0R
b100000000110000001000000001 N
1>
#2740000
0)
1+
#2744000
1)
0>
17
1=
0T
b100000000110000001000000001 M
0<
1S
0Q
b10000000010 :
13
1R
b1000000001000 9
#2745000
0+
#2748000
0)
#2750000
1+
#2752000
1)
0=
b10101010101010101010101010101010 L
1Q
07
1>
0S
1T
1<
0R
b10101010101010101010101010101010 N
03
#2755000
0+
#2756000
0)
#2760000
1)
1+
0Q
0T
1S
0?
0>
b10101010101010101010101010101010 M
0<
#2764000
0)
#2765000
0+
#2768000
1)
1F
b111111111100 @
15
b1111111111 A
0/
b10101010101010101010101010101010 U
1}
1D
0S
1Z
1J
1W
#2770000
1+
#2772000
0)
#2775000
0+
#2776000
1)
0W
1I
05
1K
0D
1V
0}
0J
1E
1X
1C
00
#2780000
0)
1+
#2784000
1)
0V
1W
b10000000000 A
b1000000000000 @
1D
0K
0I
15
0C
0E
1}
1J
0X
#2785000
0+
#2788000
0)
#2790000
1+
#2792000
1)
1X
1I
0W
1V
1K
0D
0J
1E
05
1C
0}
#2795000
0+
#2796000
0)
#2800000
1)
1+
1}
0K
0I
0X
0V
1W
b10000000001 A
b1000000000100 @
0C
0E
1D
1J
15
#2804000
0)
#2805000
0+
#2808000
1)
05
1K
0}
0W
1V
1I
1X
0J
1E
1C
0D
#2810000
1+
#2812000
0)
#2815000
0+
#2816000
1)
1D
b11 Y
0I
15
b10000000010 A
0V
1W
0K
b1010101010101010 U
1}
0C
1J
b1000000001000 @
0X
0E
#2820000
1+
0)
#2824000
1)
1E
1I
0D
1K
0W
05
1V
1X
0J
0}
1C
#2825000
0+
#2828000
0)
#2830000
1+
#2832000
1)
0C
0E
0Z
0F
0K
0I
0V
0X
#2835000
0+
#2836000
0)
#2840000
1)
1+
15
b11000000100000000100000000 U
b1111 Y
1F
1Z
1W
b10000000000 A
1D
1J
1}
b1000000000000 @
#2844000
0)
#2845000
0+
#2848000
1)
1E
1K
05
1X
1C
0W
0}
0D
1I
1V
0J
#2850000
1+
#2852000
0)
#2855000
0+
#2856000
1)
1J
b1000000000100 @
0C
b10000000001 A
15
0K
0E
0X
b11 Y
b10100000100 U
0V
1D
1W
1}
0I
#2860000
1+
0)
#2864000
1)
1I
05
1C
0J
1X
1E
1K
0}
0D
1V
0W
#2865000
0+
#2868000
0)
#2870000
1+
#2872000
1)
0E
0I
0X
0C
0Z
0F
0V
0K
#2875000
0+
#2876000
0)
#2880000
1)
1+
13
1/
b111111111111 9
1=
17
1?
b1111111111 :
1R
#2884000
0)
#2885000
0+
#2888000
1)
0R
07
1<
03
1>
10
0=
1Q
1T
#2890000
1+
#2892000
0)
#2895000
0+
#2896000
1)
0T
0Q
13
0<
1R
17
1=
0>
1S
b1000000000000 9
b10000000000 :
#2900000
0)
1+
#2904000
1)
0S
1<
03
1T
1Q
b11000000100000000100000000 L
1>
0=
0R
07
b11000000100000000100000000 N
#2905000
0+
#2908000
0)
#2910000
1+
#2912000
1)
0T
b10000000001 :
1R
13
0<
1S
1=
0>
0Q
17
b1000000000100 9
b11000000100000000100000000 M
#2915000
0+
#2916000
0)
#2920000
1)
1+
03
b10101010101010100000010100000100 N
1>
0R
1T
0=
0S
1<
b10101010101010100000010100000100 L
1Q
07
#2924000
0)
#2925000
0+
#2928000
1)
0>
b10101010101010100000010100000100 M
0<
1S
0T
0Q
0?
#2930000
1+
#2932000
0)
#2935000
0+
#2936000
1)
15
0/
0S
b1111111111 A
1W
1Z
b1110 Y
b111111111101 @
1J
1F
b10101010101010101010101000000000 U
1}
1D
#2940000
1+
0)
#2944000
1)
0D
1K
0W
05
1C
00
1E
1X
1I
0}
0J
1V
#2945000
0+
#2948000
0)
#2950000
1+
#2952000
1)
0V
0K
0X
b1000000000000 @
1D
b10000000000 A
0E
b1111 Y
1W
0C
15
1J
0I
1}
b10101010101010101010101010101010 U
#2955000
0+
#2956000
0)
#2960000
1)
1+
1C
1X
1K
1V
0W
0D
1E
0}
05
1I
0J
#2964000
0)
#2965000
0+
#2968000
1)
1J
b1000000000100 @
1D
0X
0C
1W
0K
0V
b10000000001 A
0I
0E
15
1}
#2970000
1+
#2972000
0)
#2975000
0+
#2976000
1)
0}
0D
1V
0J
1K
1X
0W
1C
05
1E
1I
#2980000
1+
0)
#2984000
1)
0I
1D
1W
b101010101010101010101010 U
1}
b1000000001000 @
0X
0V
0K
1J
b111 Y
0E
b10000000010 A
15
0C
#2985000
0+
#2988000
0)
#2990000
1+
#2992000
1)
1C
0J
0W
0D
1I
1K
0}
1V
1X
05
1E
#2995000
0+
#2996000
0)
#3000000
1)
1+
0E
0Z
0V
0C
0K
0I
0F
0X
#3004000
0)
#3005000
0+
#3008000
1)
1Z
b10000000010000000000000000 U
1J
1W
1D
1}
b1000000000001 @
1F
15
b1110 Y
b10000000000 A
#3010000
1+
#3012000
0)
#3015000
0+
#3016000
1)
1X
0}
1K
1E
0D
1C
0W
0J
1V
05
1I
#3020000
1+
0)
#3024000
1)
0I
b10000000001 A
b1010000010000000011 U
1J
0X
1}
1W
0K
0C
1D
0E
15
b1000000000100 @
0V
b111 Y
#3025000
0+
#3028000
0)
#3030000
1+
#3032000
1)
0D
0J
1I
1C
1X
1K
0W
0}
1V
1E
05
#3035000
0+
#3036000
0)
#3040000
1)
1+
0Z
0K
0X
0C
0I
0E
0F
0V
#3044000
0)
#3045000
0+
#3048000
1)
1?
17
13
b10000000000 :
1/
1R
1=
b1000000000000 9
#3050000
1+
#3052000
0)
#3055000
0+
#3056000
1)
03
1>
0R
b10000000010000000010101010 N
07
10
1<
0=
1Q
1T
b10000000010000000010101010 L
#3060000
1+
0)
#3064000
1)
1R
b1000000000100 9
0>
13
1S
17
b10000000001 :
b10000000010000000010101010 M
0T
0<
0Q
1=
#3065000
0+
#3068000
0)
#3070000
1+
#3072000
1)
0=
1>
b10101010000001010000010000000011 L
0R
07
0S
03
b10101010000001010000010000000011 N
1Q
1<
1T
#3075000
0+
#3076000
0)
#3080000
1)
1+
0T
0>
0?
1S
0<
b10101010000001010000010000000011 M
0Q
#3084000
0)
#3085000
0+
#3088000
1)
1D
b1100 Y
b10101010101010100000000000000000 U
15
1W
b1111111111 A
1J
0/
1Z
0S
1F
1}
b111111111110 @
#3090000
1+
#3092000
0)
#3095000
0+
#3096000
1)
05
1C
00
0D
0J
1V
1X
0W
1K
0}
1I
1E
#3100000
1+
0)
#3104000
1)
0E
0C
b1000000000000 @
1W
15
b1111 Y
b10101010101010101010101010101010 U
0X
0V
b10000000000 A
1J
1D
0I
0K
1}
#3105000
0+
#3108000
0)
#3110000
1+
#3112000
1)
0}
0J
05
0W
1E
1C
1V
1X
1K
0D
1I
#3115000
0+
#3116000
0)
#3120000
1)
1+
0I
0V
1W
15
1J
b1000000000100 @
1}
0C
0E
b10000000001 A
1D
0X
0K
#3124000
0)
#3125000
0+
#3128000
1)
1K
1E
0J
05
0W
1I
1V
1C
0}
1X
0D
#3130000
1+
#3132000
0)
#3135000
0+
#3136000
1)
1D
0C
1W
15
1J
0K
0E
0V
0I
b1000000001000 @
0X
b10000000010 A
1}
#3140000
0)
1+
#3144000
1)
0}
1I
0J
05
0W
0D
1C
1V
1E
1K
1X
#3145000
0+
#3148000
0)
#3150000
1+
#3152000
1)
0X
0E
0I
0V
0C
0K
0Z
0F
#3155000
0+
#3156000
0)
#3160000
1)
1+
1F
1W
15
1}
1J
b1100 Y
1D
b1000000000000000000000000 U
1Z
b1000000000010 @
b10000000000 A
#3164000
0)
#3165000
0+
#3168000
1)
05
1X
0D
0W
1V
0J
1E
0}
1I
1C
1K
#3170000
1+
#3172000
0)
#3175000
0+
#3176000
1)
0K
1D
b10000000001 A
1}
0X
15
0E
1J
b1111 Y
0V
1W
0C
b1000000000100 @
b101000001000000001100000010 U
0I
#3180000
0)
1+
#3184000
1)
1I
1V
0}
0D
1K
0J
1X
1E
05
1C
0W
#3185000
0+
#3188000
0)
#3190000
1+
#3192000
1)
0E
0V
0I
0F
0X
0K
0C
0Z
#3195000
0+
#3196000
0)
#3200000
1)
1+
13
1/
1?
1=
b1000000000001 9
b10000000000 :
1R
17
#3204000
0)
#3205000
0+
#3208000
1)
07
1Q
1T
0R
0=
03
10
1>
b1000000001010101010101010 L
b1000000001010101010101010 N
1<
#3210000
1+
#3212000
0)
#3215000
0+
#3216000
1)
0<
0>
1R
0T
0Q
17
13
1=
b10000000001 :
b1000000000100 9
1S
b1000000001010101010101010 M
#3220000
0)
1+
#3224000
1)
1T
0R
1>
1<
0=
07
1Q
03
0S
b101000001000000001100000010 N
b101000001000000001100000010 L
#3225000
0+
#3228000
0)
#3230000
1+
#3232000
1)
b101000001000000001100000010 M
b10000000010 :
0Q
1R
0T
17
0<
0>
1=
13
b1000000001000 9
1S
#3235000
0+
#3236000
0)
#3240000
1)
1+
0S
1Q
b10101010101010101010101010101010 L
1>
1<
1T
0R
07
0=
b10101010101010101010101010101010 N
03
#3244000
0)
#3245000
0+
#3248000
1)
0Q
1S
0?
b10101010101010101010101010101010 M
0T
0>
0<
#3250000
1+
#3252000
0)
#3255000
0+
#3256000
1)
1W
1Z
1}
0S
b1111111111 A
0/
1F
b1000 Y
1J
1D
15
b10101010000000000000000000000000 U
b111111111111 @
#3260000
0)
1+
#3264000
1)
0J
0}
1X
1V
0W
1E
00
1I
0D
05
1C
1K
#3265000
0+
#3268000
0)
#3270000
1+
#3272000
1)
0K
b1000000000000 @
0X
0V
1}
1J
0E
b1111 Y
1W
b10000000000 A
0C
b10101010101010101010101010101010 U
15
1D
0I
#3275000
0+
#3276000
0)
#3280000
1)
1+
1I
1V
0W
1X
1K
0}
1E
0J
0D
05
1C
#3284000
0)
#3285000
0+
#3288000
1)
0C
1W
0E
0V
0I
b1000000000100 @
1}
0K
0X
15
b10000000001 A
1D
1J
#3290000
1+
#3292000
0)
#3295000
0+
#3296000
1)
0J
1V
1K
1E
0W
1C
0}
1I
0D
1X
05
#3300000
1+
0)
#3304000
1)
15
0E
1}
0K
0V
1J
0C
1W
b1000000001000 @
0X
0I
1D
b10000000010 A
#3305000
0+
#3308000
0)
#3310000
1+
#3312000
1)
1K
0W
0}
1E
05
1C
0J
1V
0D
1I
1X
#3315000
0+
#3316000
0)
#3320000
1)
1+
0X
b10000000011 A
1J
1}
1W
0K
0C
b1 Y
15
0E
0I
b1000000001100 @
1D
0V
b10101010 U
#3324000
0)
#3325000
0+
#3328000
1)
0}
05
0J
1X
0W
1C
1K
1V
1E
0D
1I
#3330000
1+
#3332000
0)
#3335000
0+
#3336000
1)
0I
0C
0Z
0X
0F
0K
0E
0V
#3340000
0)
1+
#3344000
1)
b0 U
15
1}
b10000000000 A
1Z
b1000 Y
1W
1J
1D
1F
b1000000000011 @
#3345000
0+
#3348000
0)
#3350000
1+
#3352000
1)
1V
0W
05
1I
1X
0}
1C
1E
0D
0J
1K
#3355000
0+
#3356000
0)
#3360000
1)
1+
0K
b1000000000100 @
1}
15
0V
1W
b100000000110000001000000001 U
0X
b1111 Y
0I
b10000000001 A
1J
1D
0E
0C
#3364000
0)
#3365000
0+
#3368000
1)
1C
1V
1I
05
0}
1K
0W
1X
1E
0D
0J
#3370000
1+
#3372000
0)
#3375000
0+
#3376000
1)
1J
15
1W
0I
0V
0C
b1000000001000 @
0K
b1 Y
1}
b101 U
1D
0E
0X
b10000000010 A
#3380000
1+
0)
#3384000
1)
1V
0}
1I
0W
05
0J
1C
1K
1X
1E
0D
#3385000
0+
#3388000
0)
#3390000
1+
#3392000
1)
0C
0I
0V
0Z
0E
0F
0X
0K
#3395000
0+
#3396000
0)
#3400000
1)
1+
13
1R
b10000000000 :
1?
1/
17
b1000000000010 9
1=
#3404000
0)
#3405000
0+
#3408000
1)
0=
03
1<
10
1Q
1>
1T
b101010101010101010101010 L
0R
b101010101010101010101010 N
07
#3410000
1+
#3412000
0)
#3415000
0+
#3416000
1)
17
1S
0<
1=
13
0T
0Q
b10000000001 :
0>
b101010101010101010101010 M
b1000000000100 9
1R
#3420000
1+
0)
#3424000
1)
0R
1<
b100000000110000001000000001 L
1>
0S
07
03
0=
1Q
1T
b100000000110000001000000001 N
#3425000
0+
#3428000
0)
#3430000
1+
#3432000
1)
0Q
0>
1R
0<
1=
1S
b10000000010 :
13
17
0T
b1000000001000 9
b100000000110000001000000001 M
#3435000
0+
#3436000
0)
#3440000
1)
1+
1>
b10101010101010101010101000000101 N
03
b10101010101010101010101000000101 L
1Q
1<
0R
0S
0=
07
1T
#3444000
0)
#3445000
0+
#3448000
1)
0T
b10101010101010101010101000000101 M
1S
0?
0>
0<
0Q
#3450000
1+
#3452000
0)
#3455000
0+
#3456000
1)
0S
b1111111111 A
1}
1W
1D
b1111 Y
15
1J
b111111111100 @
1Z
0/
1F
b10101010101010101010101010101010 U
#3460000
1+
0)
#3464000
1)
0}
00
1K
0J
1V
1C
05
1I
0D
0W
1X
1E
#3465000
0+
#3468000
0)
#3470000
1+
#3472000
1)
0E
1D
1J
0K
b10000000000 A
1}
0I
0V
15
0C
0X
b1000000000000 @
1W
#3475000
0+
#3476000
0)
#3480000
1)
1+
0W
05
1K
0J
0D
1E
1V
1I
0}
1C
1X
#3484000
0)
#3485000
0+
#3488000
1)
0X
0I
1J
0K
15
1W
0V
b10000000001 A
0E
1D
0C
b1000000000100 @
1}
#3490000
1+
#3492000
0)
#3495000
0+
#3496000
1)
0}
1E
1K
0J
1I
1X
05
1V
0W
0D
1C
#3500000
0)
1+
#3504000
1)
0C
0V
1J
b101010101010101010101010 U
0K
0E
1}
15
b10000000010 A
0X
0I
b111 Y
1D
b1000000001000 @
1W
#3505000
0+
#3508000
0)
#3510000
1+
#3512000
1)
0W
1I
1K
1C
0J
1V
1X
1E
05
0}
0D
#3515000
0+
#3516000
0)
#3520000
1)
1+
0C
0K
0I
0E
0X
0V
0F
0Z
#3524000
0)
#3525000
0+
#3528000
1)
1Z
1D
15
1W
b11000000100000000100000000 U
1J
b10000000000 A
1F
1}
b1111 Y
b1000000000000 @
#3530000
1+
#3532000
0)
#3535000
0+
#3536000
1)
0J
05
0D
1X
1C
1E
0W
1I
1K
0}
1V
#3540000
1+
0)
#3544000
1)
0V
1D
b1000000000100 @
0I
15
1J
1W
b1100000010100000100 U
0E
0C
0X
1}
b10000000001 A
0K
b111 Y
#3545000
0+
#3548000
0)
#3550000
1+
#3552000
1)
1C
1I
0D
1V
1E
05
0W
0J
1K
1X
0}
#3555000
0+
#3556000
0)
#3560000
1)
1+
0I
0Z
0C
0E
0V
0X
0F
0K
#3564000
0)
#3565000
0+
#3568000
1)
13
b1111111111 :
1?
1R
b111111111111 9
17
1/
1=
#3570000
1+
#3572000
0)
#3575000
0+
#3576000
1)
1Q
b10101010101010101010101010101010 N
10
1T
1<
0=
b10101010101010101010101010101010 L
1>
03
0R
07
#3580000
1+
0)
#3584000
1)
17
0>
b10101010101010101010101010101010 M
0Q
1S
0<
0T
1=
b10000000000 :
1R
13
b1000000000000 9
#3585000
0+
#3588000
0)
#3590000
1+
#3592000
1)
0=
1>
07
b11000000100000000100000000 N
1T
1Q
b11000000100000000100000000 L
1<
0S
03
0R
#3595000
0+
#3596000
0)
#3600000
1)
1+
1R
0<
b1000000000100 9
0>
1=
b11000000100000000100000000 M
17
0Q
0T
13
1S
b10000000001 :
#3604000
0)
#3605000
0+
#3608000
1)
1Q
1>
1<
0R
07
b10101010000001100000010100000100 L
b10101010000001100000010100000100 N
0=
0S
03
1T
#3610000
1+
#3612000
0)
#3615000
0+
#3616000
1)
0T
0?
0>
0Q
0<
b10101010000001100000010100000100 M
1S
#3620000
1+
0)
#3624000
1)
0S
1}
b1110 Y
1W
b111111111101 @
1D
1Z
15
b10101010101010101010101000000000 U
0/
1J
1F
b1111111111 A
#3625000
0+
#3628000
0)
#3630000
1+
#3632000
1)
05
1K
1I
0}
1E
00
1C
0D
0W
1V
0J
1X
#3635000
0+
#3636000
0)
#3640000
1)
1+
0X
1D
b10000000000 A
1}
b1111 Y
0I
15
0K
0C
0E
b1000000000000 @
1J
b10101010101010101010101010101010 U
0V
1W
#3644000
0)
#3645000
0+
#3648000
1)
0W
1E
0D
1I
1X
0}
1C
1K
05
1V
0J
#3650000
1+
#3652000
0)
#3655000
0+
#3656000
1)
1J
0K
0E
0I
1W
1D
b10000000001 A
0C
1}
0X
0V
b1000000000100 @
15
#3660000
1+
0)
#3664000
1)
05
0}
1K
0W
0J
1I
1E
1C
0D
1X
1V
#3665000
0+
#3668000
0)
#3670000
1+
#3672000
1)
0V
0C
1}
1J
15
1W
0K
0E
0I
b10000000010 A
0X
b1000000001000 @
1D
#3675000
0+
#3676000
0)
#3680000
1)
1+
0D
1I
1C
05
1V
0J
0}
1E
1K
0W
1X
#3684000
0)
#3685000
0+
#3688000
1)
0X
0K
0I
0V
0C
0E
0Z
0F
#3690000
1+
#3692000
0)
#3695000
0+
#3696000
1)
1F
1D
15
b1110 Y
1}
1J
1Z
1W
b10000000000 A
b1000000000001 @
b10000000010000000000000000 U
#3700000
1+
0)
#3704000
1)
0D
1X
1E
1I
0}
1K
1V
05
1C
0J
0W
#3705000
0+
#3708000
0)
#3710000
1+
#3712000
1)
1W
15
b110000001010000010000000011 U
0I
1D
0E
0X
0V
b1111 Y
0K
1}
1J
b1000000000100 @
0C
b10000000001 A
#3715000
0+
#3716000
0)
#3720000
1)
1+
1K
05
0D
0W
1I
1E
1V
1X
1C
0}
0J
#3724000
0)
#3725000
0+
#3728000
1)
0V
0K
0F
0E
0I
0X
0Z
0C
#3730000
1+
#3732000
0)
#3735000
0+
#3736000
1)
1?
b1000000000000 9
b10000000000 :
1R
17
1/
1=
13
#3740000
0)
1+
#3744000
1)
03
0R
1T
1<
b10000000010000000010101010 N
1Q
b10000000010000000010101010 L
1>
10
0=
07
#3745000
0+
#3748000
0)
#3750000
1+
#3752000
1)
17
0>
0T
1S
1R
13
0<
b10000000001 :
0Q
b1000000000100 9
1=
b10000000010000000010101010 M
#3755000
0+
#3756000
0)
#3760000
1)
1+
1Q
0S
1>
1T
07
0R
b110000001010000010000000011 L
1<
03
b110000001010000010000000011 N
0=
#3764000
0)
#3765000
0+
#3768000
1)
1=
13
0>
b110000001010000010000000011 M
1S
0Q
0<
0T
b10000000010 :
17
1R
b1000000001000 9
#3770000
1+
#3772000
0)
#3775000
0+
#3776000
1)
07
03
1>
0=
1Q
0S
1T
b10101010101010101010101010101010 L
1<
0R
b10101010101010101010101010101010 N
#3780000
0)
1+
#3784000
1)
b10101010101010101010101010101010 M
0?
0T
0>
1S
0Q
0<
#3785000
0+
#3788000
0)
#3790000
1+
#3792000
1)
b1111111111 A
1J
1D
0S
b10101010101010100000000000000000 U
15
1F
b1100 Y
1W
1Z
1}
0/
b111111111110 @
#3795000
0+
#3796000
0)
#3800000
1)
1+
1C
1V
0D
1E
0J
05
1K
0W
1I
0}
00
1X
#3804000
0)
#3805000
0+
#3808000
1)
0X
1D
b1111 Y
b1000000000000 @
15
0V
b10000000000 A
0C
1J
b10101010101010101010101010101010 U
0E
0K
1}
0I
1W
#3810000
1+
#3812000
0)
#3815000
0+
#3816000
1)
0W
1X
1V
05
0D
0J
1C
1I
0}
1K
1E
#3820000
0)
1+
#3824000
1)
0E
1J
0V
0X
1W
b1000000000100 @
1D
b10000000001 A
15
0K
1}
0I
0C
#3825000
0+
#3828000
0)
#3830000
1+
#3832000
1)
1C
1X
1V
1E
0J
0D
0W
1I
0}
1K
05
#3835000
0+
#3836000
0)
#3840000
1)
1+
15
0V
b10000000010 A
1D
0X
0C
1J
0E
b1000000001000 @
0K
1}
0I
1W
#3844000
0)
#3845000
0+
#3848000
1)
0W
1E
0D
05
1V
0J
1X
1C
1I
0}
1K
#3850000
1+
#3852000
0)
#3855000
0+
#3856000
1)
0K
0X
b10101010 U
1D
0E
b10000000011 A
b1 Y
1W
1J
15
0V
1}
0I
0C
b1000000001100 @
#3860000
1+
0)
#3864000
1)
05
1K
1E
1X
0D
0J
0W
1C
1I
0}
1V
#3865000
0+
#3868000
0)
#3870000
1+
#3872000
1)
0V
0E
0K
0X
0F
0I
0C
0Z
#3875000
0+
#3876000
0)
#3880000
1)
1+
1Z
b1000000000010 @
b10000000000 A
1J
b1000000000000000000000000 U
15
b1100 Y
1D
1F
1}
1W
#3884000
0)
#3885000
0+
#3888000
1)
0W
1V
0J
1X
05
1K
1E
0}
0D
1I
1C
#3890000
1+
#3892000
0)
#3895000
0+
#3896000
1)
0C
0K
b1111 Y
0V
1W
b10000000001 A
b1000000000100 @
15
1J
0X
b101000001000000001100000010 U
0I
1D
1}
0E
#3900000
1+
0)
#3904000
1)
1E
1X
1C
0W
1V
1K
0J
05
0}
0D
1I
#3905000
0+
#3908000
0)
#3910000
1+
#3912000
1)
0I
1J
0E
1W
0C
0X
b1 Y
0K
b10000000010 A
0V
b1000000001000 @
1D
1}
15
b110 U
#3915000
0+
#3916000
0)
#3920000
1)
1+
1V
1I
1C
0W
0J
1E
1X
1K
05
0}
0D
#3924000
0)
#3925000
0+
#3928000
1)
0X
0C
0V
0Z
0I
0E
0K
0F
#3930000
1+
#3932000
0)
#3935000
0+
#3936000
1)
13
17
b1000000000001 9
b10000000000 :
1=
1?
1/
1R
#3940000
0)
1+
#3944000
1)
0R
1<
0=
03
b1000000001010101010101010 L
b1000000001010101010101010 N
1>
07
1T
10
1Q
#3945000
0+
#3948000
0)
#3950000
1+
#3952000
1)
0Q
13
1S
17
1=
0<
1R
0>
b10000000001 :
b1000000001010101010101010 M
b1000000000100 9
0T
#3955000
0+
#3956000
0)
#3960000
1)
1+
1T
0=
07
0S
1Q
03
0R
1<
1>
b101000001000000001100000010 N
b101000001000000001100000010 L
#3964000
0)
#3965000
0+
#3968000
1)
1S
b101000001000000001100000010 M
17
1=
0T
0>
0Q
b10000000010 :
0<
1R
13
b1000000001000 9
#3970000
1+
#3972000
0)
#3975000
0+
#3976000
1)
07
b10101010101010101010101000000110 L
0R
b10101010101010101010101000000110 N
0S
1<
1T
0=
1Q
1>
03
#3980000
1+
0)
#3984000
1)
0Q
b10101010101010101010101000000110 M
1S
0T
0<
0>
0?
#3985000
0+
#3988000
0)
#3990000
1+
#3992000
1)
b10101010000000000000000000000000 U
1D
1W
1F
0S
1Z
b1111111111 A
1J
b1000 Y
0/
1}
15
b111111111111 @
#3995000
0+
#3996000
0)
#4000000
1)
1+
0J
0D
1V
1C
1X
1I
0W
05
00
1K
0}
1E
#4004000
0)
#4005000
0+
#4008000
1)
0E
0C
b1000000000000 @
0I
0V
b10101010101010101010101010101010 U
1D
1J
0X
b10000000000 A
1}
15
1W
0K
b1111 Y
#4010000
1+
#4012000
0)
#4015000
0+
#4016000
1)
1X
1V
1C
1E
1I
0J
0D
1K
0}
0W
05
#4020000
0)
1+
#4024000
1)
15
1J
0C
0V
0X
b1000000000100 @
0I
0E
1W
1D
b10000000001 A
1}
0K
#4025000
0+
#4028000
0)
#4030000
1+
#4032000
1)
1K
1I
1V
1C
0J
05
1X
0}
0W
1E
0D
#4035000
0+
#4036000
0)
#4040000
1)
1+
1D
15
0C
0V
0I
0K
1J
b1000000001000 @
0E
1}
0X
1W
b10000000010 A
#4044000
0)
#4045000
0+
#4048000
1)
0J
1V
1C
05
0D
1K
1I
0W
1E
1X
0}
#4050000
1+
#4052000
0)
#4055000
0+
#4056000
1)
1}
b11 Y
b1010101010101010 U
0K
0V
b10000000011 A
0C
1J
1D
15
0X
0I
b1000000001100 @
0E
1W
#4060000
0)
1+
#4064000
1)
0W
0D
1V
0}
1K
0J
1C
1E
1X
05
1I
#4065000
0+
#4068000
0)
#4070000
1+
#4072000
1)
0I
0V
0K
0F
0Z
0E
0C
0X
#4075000
0+
#4076000
0)
#4080000
1)
1+
1F
b10000000000 A
1J
1D
b1000 Y
1W
b0 U
1}
1Z
15
b1000000000011 @
#4084000
0)
#4085000
0+
#4088000
1)
1X
0D
0J
0W
1K
1I
1V
05
0}
1C
1E
#4090000
1+
#4092000
0)
#4095000
0+
#4096000
1)
0E
b1000000000100 @
b1111 Y
0I
b100000000110000001000000001 U
0X
b10000000001 A
0K
1J
1D
1W
0C
15
0V
1}
#4100000
0)
1+
#4104000
1)
0}
0D
1I
1E
0J
1X
1K
1V
1C
0W
05
#4105000
0+
#4108000
0)
#4110000
1+
#4112000
1)
15
1D
b11000000101 U
0X
1}
b11 Y
b1000000001000 @
1J
0I
b10000000010 A
0E
1W
0V
0K
0C
#4115000
0+
#4116000
0)
#4120000
1)
1+
1C
0}
1X
05
0D
1I
0J
1K
0W
1E
1V
#4124000
0)
#4125000
0+
#4128000
1)
0V
0X
0I
0F
0C
0E
0K
0Z
#4130000
1+
#4132000
0)
#4135000
0+
#4136000
1)
1R
1?
b1000000000010 9
17
13
1=
b10000000000 :
1/
#4140000
0)
1+
#4144000
1)
0=
0R
1T
b101010101010101010101010 L
03
b101010101010101010101010 N
07
1Q
1>
1<
10
#4145000
0+
#4148000
0)
#4150000
1+
#4152000
1)
b1000000000100 9
17
1R
1=
0T
13
1S
b101010101010101010101010 M
0<
0Q
b10000000001 :
0>
#4155000
0+
#4156000
0)
#4160000
1)
1+
1>
0S
07
03
b100000000110000001000000001 N
1T
0=
0R
b100000000110000001000000001 L
1<
1Q
#4164000
0)
#4165000
0+
#4168000
1)
0Q
1R
0>
b1000000001000 9
1=
1S
0T
13
17
0<
b10000000010 :
b100000000110000001000000001 M
#4170000
1+
#4172000
0)
#4175000
0+
#4176000
1)
03
0R
1Q
1T
1>
0S
0=
b10101010101010100000011000000101 N
1<
07
b10101010101010100000011000000101 L
#4180000
0)
1+
#4184000
1)
b10101010101010100000011000000101 M
0?
1S
0>
0Q
0T
0<
#4185000
0+
#4188000
0)
#4190000
1+
#4192000
1)
0S
#4195000
0+
#4196000
0)
#4200000
1)
1+
#4200001
0i
bx A
0O
0q
bx U
bx @
bx Y
bx 9
bx B
bx :
0G
bx ;
#4204001
0)
#4205001
0+
#4208001
1)
1O
1G
#4210001
1+
1i
1q
#4212001
0)
#4215001
0+
#4216001
1)
0i
1,
0G
0q
0O
1*
#4220001
1+
0)
#4224001
1)
00
0/
#4225001
0+
#4228001
0)
#4230001
1+
#4232001
1)
0*
#4235001
0+
#4236001
0)
#4240001
1)
1+
1G
0,
1O
#4244001
0)
#4245001
0+
#4248001
1)
#4250001
1+
b10101010101010101010101010101010 w
1i
b1111 {
1f
1l
1|
b1111111111 c
1y
16
1~
1q
b10 d
1h
b111111111100 b
#4252001
0)
#4255001
0+
#4256001
1)
#4260001
0)
1+
1e
1k
1x
1z
1g
0l
1m
0f
0y
0~
06
#4264001
1)
#4265001
0+
#4268001
0)
#4270001
1+
16
b1000000000000 b
b10000000000 c
0m
1l
0k
0e
0g
0x
0z
1~
1y
1f
#4272001
1)
#4275001
0+
#4276001
0)
#4280001
1)
1+
0f
1x
06
1g
1m
1e
0l
1k
0y
0~
1z
#4284001
0)
#4285001
0+
#4288001
1)
#4290001
1+
0z
1f
b1000000000100 b
1l
0e
0x
b10000000001 c
b10101010 w
0m
16
b1 {
0g
1~
1y
0k
#4292001
0)
#4295001
0+
#4296001
1)
#4300001
0)
1+
1k
0f
1z
06
1e
0l
1m
1x
0y
0~
1g
#4304001
1)
#4305001
0+
#4308001
0)
#4310001
1+
0g
0k
0m
0z
0|
0e
0h
0x
#4312001
1)
#4315001
0+
#4316001
0)
#4320001
1)
1+
1|
1l
1f
b1000000000000 b
16
b10000000000 c
b0 w
1h
1~
1y
#4324001
0)
#4325001
0+
#4328001
1)
#4330001
1+
1g
1x
0y
06
1k
1z
0l
1m
0f
0~
1e
#4332001
0)
#4335001
0+
#4336001
1)
#4340001
0)
1+
0e
0m
0g
0x
0|
0z
0k
0h
#4344001
1)
#4345001
0+
#4348001
0)
#4350001
1+
18
14
b1111111111 \
1_
1t
b10 ]
1a
b111111111111 [
11
#4352001
1)
#4355001
0+
#4356001
0)
#4360001
1)
1+
0_
1s
04
08
b10101010101010101010101010101010 n
1`
b10101010101010101010101010101010 p
1v
0t
1^
12
#4364001
0)
#4365001
0+
#4368001
1)
#4370001
1+
14
0s
1_
0`
b10000000000 \
1u
18
b10101010101010101010101010101010 o
0^
b1000000000000 [
1t
0v
#4372001
0)
#4375001
0+
#4376001
1)
#4380001
0)
1+
1v
b101010101010101000000000 p
08
04
0u
0_
1s
1`
b101010101010101000000000 n
0t
1^
#4384001
1)
#4385001
0+
#4388001
0)
#4390001
1+
0^
0`
0v
0s
1u
b101010101010101000000000 o
0a
#4392001
1)
#4395001
0+
#4396001
0)
#4400001
1)
1+
01
b1111111111 c
b1110 {
1h
1|
1y
1l
16
b111111111101 b
b10101010101010101010101000000000 w
0u
1f
1~
#4404001
0)
#4405001
0+
#4408001
1)
#4410001
1+
0~
06
02
1z
0l
1m
1e
0y
1x
1g
0f
1k
#4412001
0)
#4415001
0+
#4416001
1)
#4420001
0)
1+
0k
0x
16
b10000000000 c
1~
1y
0z
b1111 {
0e
1l
0m
1f
0g
b1000000000000 b
b10101010101010101010101010101010 w
#4424001
1)
#4425001
0+
#4428001
0)
#4430001
1+
0l
06
1k
1x
1e
0~
0y
1z
1m
1g
0f
#4432001
1)
#4435001
0+
#4436001
0)
#4440001
1)
1+
1f
1y
16
b1010101010101010 w
1l
1~
0k
b10000000001 c
0e
b11 {
0x
0g
b1000000000100 b
0m
0z
#4444001
0)
#4445001
0+
#4448001
1)
#4450001
1+
1z
06
0f
0y
1e
0l
0~
1k
1m
1x
1g
#4452001
0)
#4455001
0+
#4456001
1)
#4460001
0)
1+
0g
0z
0h
0e
0|
0x
0k
0m
#4464001
1)
#4465001
0+
#4468001
0)
#4470001
1+
1~
16
b10 {
1h
1l
1f
b0 w
b10000000000 c
1y
1|
b1000000000001 b
#4472001
1)
#4475001
0+
#4476001
0)
#4480001
1)
1+
0~
1m
1e
06
0f
1z
1g
0l
1k
0y
1x
#4484001
0)
#4485001
0+
#4488001
1)
#4490001
1+
0x
0g
0z
0h
0e
0m
0|
0k
#4492001
0)
#4495001
0+
#4496001
1)
#4500001
0)
1+
11
1a
14
18
1_
1t
#4504001
1)
#4505001
0+
#4508001
0)
#4510001
1+
0t
08
1^
1s
04
1v
12
1`
0_
#4512001
1)
#4515001
0+
#4516001
0)
#4520001
1)
1+
0v
0s
0^
0a
0`
1u
#4520002
bx b
bx c
0G
0i
bx {
bx w
0O
bx \
bx ]
bx d
bx [
0q
#4524002
0)
#4525002
0+
#4528002
1)
1O
1G
#4530002
1+
1q
1i
#4532002
0)
#4535002
0+
#4536002
1)
1*
0i
0q
0G
0O
1,
#4540002
1+
0u
02
01
0)
#4544002
1)
#4545002
0+
#4548002
0)
#4550002
1+
#4552002
1)
0*
#4555002
0+
#4556002
0)
#4560002
1)
1+
1G
0,
1O
#4564002
0)
#4565002
0+
#4568002
1)
#4570002
1+
1i
1q
#4572002
0)
#4575002
0+
#4576002
1)
0O
1Z
0G
1}
b1111111111 A
1F
b1111 Y
1D
b10101010101010101010101010101010 U
b111111111100 @
15
1J
b10 B
1W
#4580002
1+
0)
0q
0i
#4584002
0W
0}
1I
1X
1V
1)
0D
05
1C
1K
1E
#4585002
0+
#4588002
0)
#4590002
1+
#4592002
1)
b1000000000000 @
0E
0V
b10000000000 A
0X
0C
#4595002
0+
#4596002
0)
#4600002
1)
1+
1i
1q
1}
1G
1O
1W
1D
15
#4604002
0)
#4605002
0+
#4608002
1)
05
0G
0O
0}
1C
1V
1E
0D
1X
0W
#4610002
1+
0i
0q
#4612002
0)
#4615002
0+
#4616002
1)
b10000000001 A
0V
0C
b1000000000100 @
b10101010 U
b1 Y
0X
0E
#4620002
0)
1+
#4624002
1)
#4625002
0+
#4628002
0)
#4630002
1+
#4632002
1)
1G
1W
15
1O
1}
1D
#4635002
0+
#4636002
0)
#4640002
1)
1+
0D
1E
1q
0O
0G
1i
05
1V
0W
1C
0}
1X
#4644002
0)
#4645002
0+
#4648002
1)
0X
0E
0Z
0V
0F
0C
#4650002
1+
0q
0i
#4652002
0)
#4655002
0+
#4656002
1)
#4660002
0)
1+
#4664002
1)
1O
1G
0J
#4665002
0+
#4668002
0)
#4670002
1+
#4672002
1)
0O
0I
0G
0K
#4675002
0+
#4676002
0)
#4680002
1)
1+
1q
1W
1D
b0 U
1J
1i
b1000000000000 @
b10000000000 A
1Z
15
1F
1}
#4684002
0)
#4685002
0+
#4688002
1)
0}
0W
1K
1C
1V
1X
0D
1E
05
1I
#4690002
1+
0q
0i
#4692002
0)
#4695002
0+
#4696002
1)
0C
0Z
1O
0J
0X
0V
0E
0F
1G
#4700002
0)
1+
#4704002
1)
0G
0I
0K
0O
#4705002
0+
#4708002
0)
#4710002
1+
#4712002
1)
1/
b10 ;
b111111111111 9
1=
13
1R
1?
b1111111111 :
17
#4715002
0+
#4716002
0)
#4720002
1)
1+
07
1q
10
1<
1Q
b10101010101010101010101010101010 L
03
1i
0=
1>
b10101010101010101010101010101010 N
1T
#4724002
0)
#4725002
0+
#4728002
1)
1=
b1000000000000 9
1O
1G
0<
17
1S
13
b10101010101010101010101010101010 M
0>
b10000000000 :
#4730002
1+
0q
0i
#4732002
0)
#4735002
0+
#4736002
1)
0G
0O
0=
03
07
1<
b10101010101010101010101000000000 L
1>
b10101010101010101010101000000000 N
#4740002
0)
1+
#4744002
1)
0<
0>
0?
#4745002
0+
#4748002
0)
#4750002
1+
#4752002
1)
#4755002
0+
#4756002
0)
#4760002
1)
1+
1q
1O
1G
0R
1i
#4764002
0)
#4765002
0+
#4768002
1)
0O
0T
0G
0Q
b10101010101010101010101000000000 M
#4770002
1+
0i
0q
#4772002
0)
#4775002
0+
#4776002
1)
1D
0/
1W
1}
b1111111111 A
b10101010101010101010101000000000 U
1Z
1J
b111111111101 @
b1110 Y
1F
15
#4780002
0)
1+
#4784002
1)
05
1X
1C
00
1K
0D
0W
1I
0}
1E
1V
#4785002
0+
#4788002
0)
#4790002
1+
#4792002
1)
0V
1G
0C
0X
15
1W
1O
1D
b10101010101010101010101010101010 U
b10000000000 A
0E
1}
b1111 Y
b1000000000000 @
#4795002
0+
#4796002
0)
#4800002
1)
1+
1C
1i
0G
1q
1V
0D
1X
0S
0O
0W
05
0}
1E
#4804002
0)
#4805002
0+
#4808002
1)
0E
b1000000000100 @
b1010101010101010 U
0C
0V
0X
b10000000001 A
b11 Y
#4810002
1+
0i
0q
#4812002
0)
#4815002
0+
#4816002
1)
#4820002
0)
1+
#4824002
1)
1G
1W
1O
1D
15
1}
#4825002
0+
#4828002
0)
#4830002
1+
#4832002
1)
0}
0O
1E
1V
0W
1C
0G
05
0D
1X
#4835002
0+
#4836002
0)
#4840002
1)
1+
0X
1i
0C
0E
1q
0Z
0V
0F
#4844002
0)
#4845002
0+
#4848002
1)
#4850002
1+
0q
0i
#4852002
0)
#4855002
0+
#4856002
1)
0J
1O
1G
#4860002
0)
1+
#4864002
1)
0G
0I
0K
0O
#4865002
0+
#4868002
0)
#4870002
1+
#4872002
1)
b1000000000001 @
1J
1Z
1F
b10 Y
1}
1W
b0 U
1D
15
b10000000000 A
#4875002
0+
#4876002
0)
#4880002
1)
1+
1X
0W
1I
0}
1q
1i
1C
1E
05
0D
1V
1K
#4884002
0)
#4885002
0+
#4888002
1)
1O
0C
0X
0Z
0F
0J
1G
0V
0E
#4890002
1+
0i
0q
#4892002
0)
#4895002
0+
#4896002
1)
0K
0O
0I
0G
#4900002
0)
1+
#4904002
1)
1?
1R
1/
17
13
1=
#4905002
0+
#4908002
0)
#4910002
1+
#4912002
1)
0=
b10101010101010100000000010101010 N
03
10
07
1T
1Q
1>
b10101010101010100000000010101010 L
1<
#4915002
0+
#4916002
0)
#4920002
1)
1+
0<
1G
1i
1O
b10101010101010100000000010101010 M
0?
1q
0R
1S
0>
#4924002
0)
#4925002
0+
#4928002
1)
0O
0G
0Q
0T
#4930002
1+
0i
0q
#4932002
0)
#4935002
0+
#4936002
1)
b1111111111 A
1Z
1J
b111111111110 @
1}
1F
1W
0/
b1100 Y
1D
15
b10101010101010100000000000000000 U
#4940002
0)
1+
#4944002
1)
1X
1C
0W
00
1K
1E
0}
05
1I
0D
1V
#4945002
0+
#4948002
0)
#4950002
1+
#4952002
1)
0V
0E
b10101010101010101010101010101010 U
1O
b10000000000 A
0X
b1000000000000 @
0C
1W
1D
1}
1G
15
b1111 Y
#4955002
0+
#4956002
0)
#4960002
1)
1+
1i
1C
1V
1E
0O
1q
1X
05
0D
0W
0S
0G
0}
#4964002
0)
#4965002
0+
#4968002
1)
b111 Y
0C
b101010101010101010101010 U
0V
b1000000000100 @
0E
b10000000001 A
0X
#4970002
1+
0q
0i
#4972002
0)
#4975002
0+
#4976002
1)
#4980002
0)
1+
#4984002
1)
1}
1O
1G
1D
15
1W
#4985002
0+
#4988002
0)
#4990002
1+
#4992002
1)
0}
1X
1E
0W
1C
1V
05
0G
0O
0D
#4995002
0+
#4996002
0)
#5000002
1)
1+
1i
0C
1q
0Z
0X
0E
0F
0V
#5004002
0)
#5005002
0+
#5008002
1)
#5010002
1+
0i
0q
#5012002
0)
#5015002
0+
#5016002
1)
0J
1O
1G
#5020002
0)
1+
#5024002
1)
0G
0K
0O
0I
#5025002
0+
#5028002
0)
#5030002
1+
#5032002
1)
1D
1}
b100 Y
1W
b1000000000010 @
1Z
b0 U
1F
15
b10000000000 A
1J
#5035002
0+
#5036002
0)
#5040002
1)
1+
1i
0D
1E
1C
1V
0}
1q
1I
0W
1X
05
1K
#5044002
0)
#5045002
0+
#5048002
1)
0J
0E
0Z
0V
0C
1G
0F
1O
0X
#5050002
1+
0i
0q
#5052002
0)
#5055002
0+
#5056002
1)
0K
0I
0O
0G
#5060002
1+
0)
#5064002
1)
1R
b1000000000001 9
1/
17
1=
13
1?
#5065002
0+
#5068002
0)
#5070002
1+
#5072002
1)
1>
b10101010000000001010101010101010 N
03
1T
1<
0=
07
10
b10101010000000001010101010101010 L
1Q
#5075002
0+
#5076002
0)
#5080002
1)
1+
0?
1i
0>
0R
1G
1q
0<
b10101010000000001010101010101010 M
1O
1S
#5084002
0)
#5085002
0+
#5088002
1)
0Q
0G
0T
0O
#5090002
1+
0i
0q
#5092002
0)
#5095002
0+
#5096002
1)
0/
1J
1W
1D
b111111111111 @
1Z
1}
b1000 Y
15
b10101010000000000000000000000000 U
1F
b1111111111 A
#5100002
0)
1+
#5104002
1)
1K
0}
1X
1C
0W
1E
1V
0D
1I
05
00
#5105002
0+
#5108002
0)
#5110002
1+
#5112002
1)
b10000000000 A
1G
1O
0V
1}
0E
0X
1W
b1000000000000 @
0C
15
b1111 Y
b10101010101010101010101010101010 U
1D
#5115002
0+
#5116002
0)
#5120002
1)
1+
0D
0O
0S
0G
0W
1V
1q
1X
0}
1i
1E
1C
05
#5124002
0)
#5125002
0+
#5128002
1)
b1000000000100 @
b10000000001 A
0X
0V
0C
0E
#5130002
0i
1+
0q
#5132002
0)
#5135002
0+
#5136002
1)
#5140002
0)
1+
#5144002
1)
15
1O
1D
1G
1}
1W
#5145002
0+
#5148002
0)
#5150002
1+
#5152002
1)
0W
05
1E
0}
1X
0G
0D
0O
1C
1V
#5155002
0+
#5156002
0)
#5160002
1)
1+
0V
0E
1q
1i
0Z
0X
0C
0F
#5164002
0)
#5165002
0+
#5168002
1)
#5170002
1+
0i
0q
#5172002
0)
#5175002
0+
#5176002
1)
0J
1G
1O
#5180002
1+
0)
#5184002
1)
0K
0O
0G
0I
#5185002
0+
#5188002
0)
#5190002
1+
#5192002
1)
1Z
1D
1J
1F
15
1W
1}
b10000000000 A
b1000000000011 @
b0 U
b1000 Y
#5195002
0+
#5196002
0)
#5200002
1)
1+
1K
1V
0D
0}
1q
1E
0W
1I
1i
05
1X
1C
#5204002
0)
#5205002
0+
#5208002
1)
0C
0F
0J
0Z
0V
0E
0X
1G
1O
#5210002
1+
0i
0q
#5212002
0)
#5215002
0+
#5216002
1)
0K
0O
0I
0G
#5220002
0)
1+
#5224002
1)
13
17
b1000000000010 9
1?
1/
1=
1R
#5225002
0+
#5228002
0)
#5230002
1+
#5232002
1)
10
0=
07
b101010101010101010101010 N
1<
03
1>
1Q
1T
b101010101010101010101010 L
#5235002
0+
#5236002
0)
#5240002
1)
1+
1G
1i
b10000000001 :
0>
1O
17
1=
b1000000000100 9
13
1q
1S
0<
b101010101010101010101010 M
#5244002
0)
#5245002
0+
#5248002
1)
07
b10101010101010101010101010101010 L
0O
b10101010101010101010101010101010 N
0G
1>
0=
03
1<
#5250002
1+
0i
0q
#5252002
0)
#5255002
0+
#5256002
1)
0<
0>
0?
#5260002
1+
0)
#5264002
1)
#5265002
0+
#5268002
0)
#5270002
1+
#5272002
1)
0R
1O
1G
#5275002
0+
#5276002
0)
#5280002
1)
1+
0G
b10101010101010101010101010101010 M
0O
1i
1q
0T
0Q
#5284002
0)
#5285002
0+
#5288002
1)
1F
b1111 Y
b1111111111 A
0/
1D
1J
1}
1Z
1W
b10101010101010101010101010101010 U
b111111111100 @
15
#5290002
1+
0i
0q
#5292002
0)
#5295002
0+
#5296002
1)
05
1C
1V
00
0}
1K
0D
1I
1E
0W
1X
#5300002
0)
1+
#5304002
1)
0X
1G
0C
15
1}
0V
1O
b10000000000 A
1W
1D
0E
b1000000000000 @
#5305002
0+
#5308002
0)
#5310002
1+
#5312002
1)
0S
0O
0G
1X
1V
05
1C
0}
1E
0D
0W
#5315002
0+
#5316002
0)
#5320002
1)
1+
b1000000000100 @
0C
1q
0X
b11 Y
0V
b10000000001 A
1i
0E
b1010101010101010 U
#5324002
0)
#5325002
0+
#5328002
1)
#5330002
1+
0q
0i
#5332002
0)
#5335002
0+
#5336002
1)
1W
1O
15
1G
1D
1}
#5340002
0)
1+
#5344002
1)
0}
05
0O
0W
1C
1X
0D
1V
0G
1E
#5345002
0+
#5348002
0)
#5350002
1+
#5352002
1)
0E
0F
0C
0Z
0X
0V
#5355002
0+
#5356002
0)
#5360002
1)
1+
1i
1q
#5364002
0)
#5365002
0+
#5368002
1)
1O
0J
1G
#5370002
1+
0q
0i
#5372002
0)
#5375002
0+
#5376002
1)
0K
0G
0O
0I
#5380002
1+
0)
#5384002
1)
1F
b100000000 U
b1000000000000 @
1W
1}
15
1J
b10000000000 A
1Z
1D
#5385002
0+
#5388002
0)
#5390002
1+
#5392002
1)
0D
0}
1V
1C
1E
0W
1I
1K
1X
05
#5395002
0+
#5396002
0)
#5400002
1)
1+
0F
1G
0V
0C
0E
1i
0X
0Z
1O
1q
0J
#5404002
0)
#5405002
0+
#5408002
1)
0I
0G
0O
0K
#5410002
1+
0i
0q
#5412002
0)
#5415002
0+
#5416002
17
1=
b1111111111 :
1R
b111111111111 9
1?
1/
1)
13
#5420002
1+
0)
#5424002
1)
03
1>
1Q
07
0=
10
1<
1T
#5425002
0+
#5428002
0)
#5430002
1+
#5432002
1)
0>
13
1S
1=
b1000000000000 9
17
b10000000000 :
0<
1O
1G
#5435002
0+
#5436002
0)
#5440002
1)
1+
0G
b10101010101010100000000100000000 N
07
1>
b10101010101010100000000100000000 L
1q
03
0=
0O
1<
1i
#5444002
0)
#5445002
0+
#5448002
1)
0>
0?
0<
#5450002
1+
0i
0q
#5452002
0)
#5455002
0+
#5456002
1)
#5460002
0)
1+
#5464002
1)
1G
0R
1O
#5465002
0+
#5468002
0)
#5470002
1+
#5472002
1)
0G
b10101010101010100000000100000000 M
0O
0Q
0T
#5475002
0+
#5476002
0)
#5480002
1)
1+
1F
15
1i
1}
1J
1D
b1110 Y
1W
b111111111101 @
b10101010101010101010101000000000 U
1q
0/
1Z
b1111111111 A
#5484002
0)
#5485002
0+
#5488002
1)
00
0}
1I
1E
05
0D
1K
0W
1C
1V
1X
#5490002
1+
0i
0q
#5492002
0)
#5495002
0+
#5496002
1)
b10000000000 A
1O
0X
0C
1}
b10101010101010101010101010101010 U
1W
0E
b1000000000000 @
b1111 Y
15
1G
1D
0V
#5500002
1+
0)
#5504002
1)
1V
1C
0G
1X
0O
05
0W
0}
1E
0S
0D
#5505002
0+
#5508002
0)
#5510002
1+
#5512002
1)
0E
0C
0V
b10000000001 A
0X
b101010101010101010101010 U
b111 Y
b1000000000100 @
#5515002
0+
#5516002
0)
#5520002
1)
1+
1q
1i
#5524002
0)
#5525002
0+
#5528002
1)
1G
1D
1}
1O
1W
15
#5530002
0i
1+
0q
#5532002
0)
#5535002
0+
#5536002
05
0W
1C
1E
0O
0G
1V
0}
1X
0D
1)
#5540002
0)
1+
#5544002
1)
0X
0F
0E
0C
0V
0Z
#5545002
0+
#5548002
0)
#5550002
1+
#5552002
1)
#5555002
0+
#5556002
0)
#5560002
1)
1+
1i
0J
1q
1O
1G
#5564002
0)
#5565002
0+
#5568002
1)
0G
0O
0I
0K
#5570002
0i
1+
0q
#5572002
0)
#5575002
0+
#5576002
1)
1Z
b1000000000001 @
1W
b110 Y
15
1}
b10000000000000000 U
1J
1F
b10000000000 A
1D
#5580002
1+
0)
#5584002
1)
0D
0W
1K
1C
1I
1X
05
0}
1E
1V
#5585002
0+
#5588002
0)
#5590002
1+
#5592002
1)
0V
1G
0F
0Z
0J
0X
1O
0C
0E
#5595002
0+
#5596002
0)
#5600002
1)
1+
0G
0K
1q
0O
1i
0I
#5604002
0)
#5605002
0+
#5608002
1)
13
17
1R
1?
1=
1/
#5610002
0i
1+
0q
#5612002
0)
#5615002
0+
#5616002
1)
1T
1<
1>
03
b10101010000000010000000010101010 N
10
b10101010000000010000000010101010 L
0=
07
1Q
#5620002
0)
1+
#5624002
1)
0>
0<
1G
b10101010000000010000000010101010 M
1O
0?
1S
0R
#5625002
0+
#5628002
0)
#5630002
1+
#5632002
1)
0T
0Q
0G
0O
#5635002
0+
#5636002
0)
#5640002
1)
1+
0/
1q
1W
b111111111110 @
1}
1D
15
b1100 Y
1i
1F
b10101010101010100000000000000000 U
1J
1Z
b1111111111 A
#5644002
0)
#5645002
0+
#5648002
1)
00
1K
1E
0W
1V
1I
0}
1X
05
0D
1C
#5650002
1+
0q
0i
#5652002
0)
#5655002
0+
#5656002
1)
0C
1W
b1000000000000 @
b10000000000 A
1O
15
0E
0V
b10101010101010101010101010101010 U
0X
1}
b1111 Y
1D
1G
#5660002
0)
1+
#5664002
1)
0G
0}
0O
0W
1C
1X
05
1V
1E
0D
0S
#5665002
0+
#5668002
0)
#5670002
1+
#5672002
1)
0V
b10000000001 A
b1000000000100 @
0X
0C
0E
#5675002
0+
#5676002
0)
#5680002
1)
1+
1q
1i
#5684002
0)
#5685002
0+
#5688002
1)
1O
1}
1G
1W
15
1D
#5690002
0q
1+
0i
#5692002
0)
#5695002
0+
#5696002
1)
0D
0W
1E
0O
1X
1V
0G
0}
05
1C
#5700002
1+
0)
#5704002
1)
0C
0E
0V
0X
0F
0Z
#5705002
0+
#5708002
0)
#5710002
1+
#5712002
1)
#5715002
0+
#5716002
0)
#5720002
1)
1+
1G
1i
1O
0J
1q
#5724002
0)
#5725002
0+
#5728002
1)
0G
0K
0O
0I
#5730002
0i
1+
0q
#5732002
0)
#5735002
0+
#5736002
1)
1Z
1D
1J
1W
b1000000000010 @
b10000000000 A
b1000000000000000000000000 U
1F
15
b1100 Y
1}
#5740002
0)
1+
#5744002
1)
0}
0D
1X
1I
1K
1V
0W
1E
1C
05
#5745002
0+
#5748002
0)
#5750002
1+
#5752002
1)
0E
0Z
1O
0X
0V
0J
1G
0C
0F
#5755002
0+
#5756002
0)
#5760002
1)
1+
1q
1i
0K
0I
0O
0G
#5764002
0)
#5765002
0+
#5768002
1)
13
1/
1R
b1000000000001 9
17
1=
1?
#5770002
1+
0i
0q
#5772002
0)
#5775002
0+
#5776002
1)
10
1Q
03
1>
1T
b1000000001010101010101010 N
1<
0=
07
b1000000001010101010101010 L
#5780002
0)
1+
#5784002
1)
1G
1S
b1000000001010101010101010 M
13
0>
17
b10000000001 :
1=
1O
0<
b1000000000100 9
#5785002
0+
#5788002
0)
#5790002
1+
#5792002
1)
0G
b10101010101010101010101010101010 L
03
b10101010101010101010101010101010 N
1<
1>
0O
07
0=
#5795002
0+
#5796002
0)
#5800002
1)
1+
1i
1q
0?
0<
0>
#5804002
0)
#5805002
0+
#5808002
1)
#5810002
1+
0q
0i
#5812002
0)
#5815002
0+
#5816002
1)
0R
1G
1O
#5820002
0)
1+
#5824002
1)
0O
0Q
b10101010101010101010101010101010 M
0T
0G
#5825002
0+
#5828002
0)
#5830002
1+
#5832002
1)
1F
1D
b1111111111 A
1J
15
1}
1W
b111111111111 @
0/
1Z
b10101010000000000000000000000000 U
b1000 Y
#5835002
0+
#5836002
0)
#5840002
1)
1+
1I
0D
1E
00
1q
05
1i
1K
0W
1V
1X
0}
1C
#5844002
0)
#5845002
0+
#5848002
1)
0C
b1111 Y
1G
0X
0E
b10000000000 A
1D
0V
1O
b1000000000000 @
1W
15
1}
b10101010101010101010101010101010 U
#5850002
1+
0q
0i
#5852002
0)
#5855002
0+
#5856002
1)
0W
1E
1X
0G
1C
0D
0O
1V
0S
0}
05
#5860002
1+
0)
#5864002
1)
0X
0V
0E
b1000000000100 @
b10000000001 A
0C
#5865002
0+
#5868002
0)
#5870002
1+
#5872002
1)
#5875002
0+
#5876002
0)
#5880002
1)
1+
15
1q
1W
1i
1O
1D
1G
1}
#5884002
0)
#5885002
0+
#5888002
1)
0}
05
1C
0D
1X
0O
1V
0W
1E
0G
#5890002
1+
0q
0i
#5892002
0)
#5895002
0+
#5896002
1)
0C
b10000000010 A
b1 Y
0V
b1000000001000 @
0X
b10101010 U
0E
#5900002
0)
1+
#5904002
1)
#5905002
0+
#5908002
0)
#5910002
1+
#5912002
1)
1W
1}
15
1D
1G
1O
#5915002
0+
#5916002
0)
#5920002
1)
1+
0O
1E
1q
0G
0W
1C
1X
0D
1i
05
0}
1V
#5924002
0)
#5925002
0+
#5928002
1)
0V
0F
0E
0C
0X
0Z
#5930002
1+
0q
0i
#5932002
0)
#5935002
0+
#5936002
1)
#5940002
0)
1+
#5944002
1)
0J
1G
1O
#5945002
0+
#5948002
0)
#5950002
1+
#5952002
1)
0O
0G
0I
0K
#5955002
0+
#5956002
0)
#5960002
1)
1+
1q
1W
1}
1Z
1J
15
b10000000000 A
b1000000000011 @
1i
1F
1D
b1000 Y
b0 U
#5964002
0)
#5965002
0+
#5968002
1)
0D
1K
0}
0W
1I
1C
1V
05
1E
1X
#5970002
1+
0q
0i
#5972002
0)
#5975002
0+
#5976002
1)
0X
b1 U
15
1D
1W
1}
1O
1G
0V
0C
b1000000000100 @
b10000000001 A
0E
b1 Y
#5980002
1+
0)
#5984002
1)
0W
0D
05
1X
1C
1V
0G
0O
0}
1E
#5985002
0+
#5988002
0)
#5990002
1+
#5992002
1)
0E
0Z
0V
0C
0X
0F
#5995002
0+
#5996002
0)
#6000002
1)
1+
1q
1i
#6004002
0)
#6005002
0+
#6008002
1)
1O
0J
1G
#6010002
1+
0q
0i
#6012002
0)
#6015002
0+
#6016002
1)
0G
0I
0K
0O
#6020002
1+
0)
#6024002
1)
b1000000000010 9
1/
1=
13
1R
1?
17
b10000000000 :
#6025002
0+
#6028002
0)
#6030002
1+
#6032002
1)
0=
b101010101010101010101010 L
03
1Q
10
1>
07
1T
b101010101010101010101010 N
1<
#6035002
0+
#6036002
0)
#6040002
1)
1+
0<
1=
b10000000001 :
1G
1O
b101010101010101010101010 M
b1000000000100 9
1i
1q
13
17
0>
1S
#6044002
0)
#6045002
0+
#6048002
1)
0O
0=
1<
0G
b10101010101010101010101000000001 L
1>
07
03
b10101010101010101010101000000001 N
#6050002
0q
1+
0i
#6052002
0)
#6055002
0+
#6056002
1)
0<
0>
0?
#6060002
0)
1+
#6064002
1)
#6065002
0+
#6068002
0)
#6070002
1+
#6072002
1)
1G
1O
0R
#6075002
0+
#6076002
0)
#6080002
1)
1+
1i
0G
1q
b10101010101010101010101000000001 M
0Q
0O
0T
#6084002
0)
#6085002
0+
#6088002
1)
b1111 Y
b111111111100 @
0/
1J
1W
b10101010101010101010101010101010 U
1D
1F
15
1Z
b1111111111 A
1}
#6090002
1+
0q
0i
#6092002
0)
#6095002
0+
#6096002
1)
1X
05
00
1K
0W
0}
1I
0D
1V
1E
1C
#6100002
0)
1+
#6104002
1)
0C
0E
15
0X
b1000000000000 @
0V
1G
1D
1}
1W
b10000000000 A
1O
#6105002
0+
#6108002
0)
#6110002
1+
#6112002
1)
0O
0S
0}
1E
05
1C
0D
1X
0G
1V
0W
#6115002
0+
#6116002
0)
#6120002
1)
1+
0E
1q
b111 Y
0X
1i
0C
b1000000000100 @
b101010101010101010101010 U
0V
b10000000001 A
#6124002
0)
#6125002
0+
#6128002
1)
#6130002
1+
0q
0i
#6132002
0)
#6135002
0+
#6136002
1)
1W
1}
1G
1O
15
1D
#6140002
0)
1+
#6144002
1)
0D
1E
05
0}
0W
0O
1C
0G
1X
1V
#6145002
0+
#6148002
0)
#6150002
1+
#6152002
1)
0V
0E
0C
0F
0X
0Z
#6155002
0+
#6156002
0)
#6160002
1)
1+
1i
1q
#6164002
0)
#6165002
0+
#6168002
1)
0J
1G
1O
#6170002
1+
0q
0i
#6172002
0)
#6175002
0+
#6176002
1)
0G
0K
0O
0I
#6180002
1+
0)
#6184002
1)
15
b10000000000 A
b1000000000000 @
1Z
1D
1}
1J
1W
1F
b100000000100000000 U
#6185002
0+
#6188002
0)
#6190002
1+
#6192002
1)
1C
05
0}
1I
1E
1V
0D
1K
0W
1X
#6195002
0+
#6196002
0)
#6200002
1)
1+
0X
1O
0J
1q
0V
0C
1i
0E
0Z
1G
0F
#6204002
0)
#6205002
0+
#6208002
1)
0O
0I
0G
0K
#6210002
1+
0q
0i
#6212002
0)
#6215002
0+
#6216002
1)
1R
1=
b1111111111 :
1/
1?
b111111111111 9
13
17
#6220002
1+
0)
#6224002
1)
07
0=
b10101010101010101010101010101010 N
1T
10
03
b10101010101010101010101010101010 L
1Q
1>
1<
#6225002
0+
#6228002
0)
#6230002
1+
#6232002
1)
0<
17
1O
1=
b10101010101010101010101010101010 M
1S
b10000000000 :
0>
b1000000000000 9
1G
13
#6235002
0+
#6236002
0)
#6240002
1)
1+
03
0=
b10101010000000100000000100000000 N
0O
1<
07
1i
1q
0G
1>
b10101010000000100000000100000000 L
#6244002
0)
#6245002
0+
#6248002
1)
0?
0<
0>
#6250002
1+
0i
0q
#6252002
0)
#6255002
0+
#6256002
1)
#6260002
0)
1+
#6264002
1)
1O
0R
1G
#6265002
0+
#6268002
0)
#6270002
1+
#6272002
1)
0G
0T
0O
b10101010000000100000000100000000 M
0Q
#6275002
0+
#6276002
0)
#6280002
1)
1+
1F
b111111111101 @
1D
1Z
b10101010101010101010101000000000 U
b1111111111 A
1q
1}
1J
15
0/
b1110 Y
1i
1W
#6284002
0)
#6285002
0+
#6288002
1)
0W
1X
0D
05
0}
1K
1E
1C
1V
00
1I
#6290002
1+
0q
0i
#6292002
0)
#6295002
0+
#6296002
1)
1G
0C
1O
1W
b1000000000000 @
0E
b10000000000 A
b10101010101010101010101010101010 U
1D
0X
1}
15
0V
b1111 Y
#6300002
1+
0)
#6304002
1)
0S
0}
1C
0O
0G
1X
0W
0D
1E
1V
05
#6305002
0+
#6308002
0)
#6310002
1+
#6312002
1)
0C
b1000000000100 @
0X
b10000000001 A
0V
0E
#6315002
0+
#6316002
0)
#6320002
1)
1+
1i
1q
#6324002
0)
#6325002
0+
#6328002
1)
15
1}
1D
1W
1O
1G
#6330002
0q
1+
0i
#6332002
0)
#6335002
0+
#6336002
1X
0G
0O
05
0W
0}
1E
0D
1C
1)
1V
#6340002
1+
0)
#6344002
1)
0V
0Z
0X
0F
0E
0C
#6345002
0+
#6348002
0)
#6350002
1+
#6352002
1)
#6355002
0+
#6356002
0)
#6360002
1)
1+
1q
1i
1G
1O
0J
#6364002
0)
#6365002
0+
#6368002
1)
0O
0G
0I
0K
#6370002
1+
0q
0i
#6372002
0)
#6375002
0+
#6376002
1)
1F
1D
b1110 Y
1Z
1J
15
1}
b1000000000001 @
1W
b10000000010000000000000000 U
b10000000000 A
#6380002
0)
1+
#6384002
1)
0W
1K
0D
1I
1V
1X
0}
05
1C
1E
#6385002
0+
#6388002
0)
#6390002
1+
#6392002
1)
0E
0F
0X
0V
0Z
1G
1O
0J
0C
#6395002
0+
#6396002
0)
#6400002
1)
1+
0O
0K
0G
1i
1q
0I
#6404002
0)
#6405002
0+
#6408002
1)
1?
1/
13
1=
17
1R
#6410002
1+
0q
0i
#6412002
0)
#6415002
0+
#6416002
1)
1>
1Q
b10000000010000000010101010 N
0=
b10000000010000000010101010 L
03
1T
07
10
1<
#6420002
1+
0)
#6424002
1)
0<
13
0>
1S
1=
1O
1G
17
b10000000001 :
b10000000010000000010101010 M
b1000000000100 9
#6425002
0+
#6428002
0)
#6430002
1+
#6432002
1)
b10101010101010101010101010101010 N
0O
03
1<
0=
1>
b10101010101010101010101010101010 L
0G
07
#6435002
0+
#6436002
0)
#6440002
1)
1+
1q
0>
0?
0<
1i
#6444002
0)
#6445002
0+
#6448002
1)
#6450002
1+
0i
0q
#6452002
0)
#6455002
0+
#6456002
1)
0R
1O
1G
#6460002
0)
1+
#6464002
1)
0G
0Q
0O
b10101010101010101010101010101010 M
0T
#6465002
0+
#6468002
0)
#6470002
1+
#6472002
1)
b1111111111 A
1D
b1100 Y
0/
1}
1W
b111111111110 @
1F
1Z
15
b10101010101010100000000000000000 U
1J
#6475002
0+
#6476002
0)
#6480002
1)
1+
1I
1i
1C
0D
1q
1K
0W
1X
1E
0}
1V
00
05
#6484002
0)
#6485002
0+
#6488002
1)
15
1}
b1111 Y
1G
0C
b10000000000 A
0E
b1000000000000 @
0X
1D
1W
b10101010101010101010101010101010 U
1O
0V
#6490002
1+
0i
0q
#6492002
0)
#6495002
0+
#6496002
1)
1V
0D
0G
0}
05
1C
1X
0S
1E
0O
0W
#6500002
1+
0)
#6504002
1)
0V
0X
0C
b1000000000100 @
b10000000001 A
0E
#6505002
0+
#6508002
0)
#6510002
1+
#6512002
1)
#6515002
0+
#6516002
0)
#6520002
1)
1+
1W
1D
1i
1G
1q
1}
15
1O
#6524002
0)
#6525002
0+
#6528002
1)
0O
0}
0W
0D
1E
0G
1C
1X
1V
05
#6530002
1+
0q
0i
#6532002
0)
#6535002
0+
#6536002
1)
0X
b1000000001000 @
b1 Y
0C
0E
0V
b10000000010 A
b10101010 U
#6540002
0)
1+
#6544002
1)
#6545002
0+
#6548002
0)
#6550002
1+
#6552002
1)
1O
1}
15
1D
1W
1G
#6555002
0+
#6556002
0)
#6560002
1)
1+
0G
0W
1C
1X
1q
0D
1i
05
0O
0}
1E
1V
#6564002
0)
#6565002
0+
#6568002
1)
0V
0F
0C
0X
0E
0Z
#6570002
1+
0i
0q
#6572002
0)
#6575002
0+
#6576002
1)
#6580002
0)
1+
#6584002
1)
0J
1O
1G
#6585002
0+
#6588002
0)
#6590002
1+
#6592002
1)
0G
0O
0I
0K
#6595002
0+
#6596002
0)
#6600002
1)
1+
1i
1J
1W
b1000000000000000000000000 U
15
1q
1F
b1100 Y
b1000000000010 @
1Z
1D
b10000000000 A
1}
#6604002
0)
#6605002
0+
#6608002
1)
0}
1K
1V
1I
1C
05
0W
1E
0D
1X
#6610002
1+
0i
0q
#6612002
0)
#6615002
0+
#6616002
1)
0X
0V
15
1}
1G
1O
0C
b1000000000100 @
b1 Y
b10 U
1D
b10000000001 A
0E
1W
#6620002
1+
0)
#6624002
1)
0W
05
1V
1X
1C
0O
0G
0}
1E
0D
#6625002
0+
#6628002
0)
#6630002
1+
#6632002
1)
0Z
0C
0X
0V
0F
0E
#6635002
0+
#6636002
0)
#6640002
1)
1+
1i
1q
#6644002
0)
#6645002
0+
#6648002
1)
1G
0J
1O
#6650002
1+
0i
0q
#6652002
0)
#6655002
0+
#6656002
1)
0O
0K
0G
0I
#6660002
0)
1+
#6664002
1)
b1000000000001 9
17
1/
1R
1?
1=
13
b10000000000 :
#6665002
0+
#6668002
0)
#6670002
1+
#6672002
1)
0=
07
1T
1<
b1000000001010101010101010 N
1>
03
10
1Q
b1000000001010101010101010 L
#6675002
0+
#6676002
0)
#6680002
1)
1+
b10000000001 :
17
b1000000000100 9
1i
1=
1G
1S
0<
1O
1q
13
0>
b1000000001010101010101010 M
#6684002
0)
#6685002
0+
#6688002
1)
b10101010101010101010101000000010 L
b10101010101010101010101000000010 N
0O
0=
07
1<
0G
1>
03
#6690002
1+
0i
0q
#6692002
0)
#6695002
0+
#6696002
1)
0<
0?
0>
#6700002
1+
0)
#6704002
1)
#6705002
0+
#6708002
0)
#6710002
1+
#6712002
1)
1O
0R
1G
#6715002
0+
#6716002
0)
#6720002
1)
1+
0O
b10101010101010101010101000000010 M
0T
1q
0G
1i
0Q
#6724002
0)
#6725002
0+
#6728002
1)
15
1D
b1000 Y
1J
1W
0/
b111111111111 @
1Z
b10101010000000000000000000000000 U
1F
1}
b1111111111 A
#6730002
0q
1+
0i
#6732002
0)
#6735002
0+
#6736002
1I
1V
0D
05
1K
1E
0W
1X
1C
1)
0}
00
#6740002
1+
0)
#6744002
1)
0X
b1111 Y
0V
b10000000000 A
1O
b1000000000000 @
1W
1D
0E
15
0C
1G
1}
b10101010101010101010101010101010 U
#6745002
0+
#6748002
0)
#6750002
1+
#6752002
1)
1E
1V
1X
0D
0O
0W
0S
0}
05
0G
1C
#6755002
0+
#6756002
0)
#6760002
1)
1+
0C
1i
1q
0E
b10000000001 A
0V
b1000000000100 @
0X
#6764002
0)
#6765002
0+
#6768002
1)
#6770002
1+
0q
0i
#6772002
0)
#6775002
0+
#6776002
1)
1W
1O
1D
1G
15
1}
#6780002
1+
0)
#6784002
1)
0O
1X
1C
0}
1V
0W
1E
05
0G
0D
#6785002
0+
#6788002
0)
#6790002
1+
#6792002
1)
b1000000001000 @
b11 Y
0V
0X
b10000000010 A
0C
b1010101010101010 U
0E
#6795002
0+
#6796002
0)
#6800002
1)
1+
1i
1q
#6804002
0)
#6805002
0+
#6808002
1)
1D
1O
1W
1}
1G
15
#6810002
1+
0q
0i
#6812002
0)
#6815002
0+
#6816002
1)
0W
0D
1E
05
0O
1X
1V
0G
0}
1C
#6820002
1+
0)
#6824002
1)
0C
0X
0E
0F
0V
0Z
#6825002
0+
#6828002
0)
#6830002
1+
#6832002
1)
#6835002
0+
#6836002
0)
#6840002
1)
1+
1i
1q
1O
0J
1G
#6844002
0)
#6845002
0+
#6848002
1)
0G
0O
0I
0K
#6850002
1+
0q
0i
#6852002
0)
#6855002
0+
#6856002
1)
1Z
1D
b10000000000 A
1W
b1000000000011 @
15
b1000 Y
1J
b0 U
1F
1}
#6860002
1+
0)
#6864002
1)
0}
0D
05
1I
1X
0W
1K
1C
1V
1E
#6865002
0+
#6868002
0)
#6870002
1+
#6872002
1)
0E
15
1D
1}
1G
1W
0X
b1000000000100 @
1O
b10000000001 A
0V
b11 Y
0C
b1000000001 U
#6875002
0+
#6876002
0)
#6880002
1)
1+
0D
1q
0O
05
1E
1i
1X
0G
0}
0W
1C
1V
#6884002
0)
#6885002
0+
#6888002
1)
0V
0Z
0X
0E
0C
0F
#6890002
1+
0q
0i
#6892002
0)
#6895002
0+
#6896002
1)
#6900002
0)
1+
#6904002
1)
1O
1G
0J
#6905002
0+
#6908002
0)
#6910002
1+
#6912002
1)
0O
0K
0I
0G
#6915002
0+
#6916002
0)
#6920002
1)
1+
1q
13
b10000000000 :
b1000000000010 9
1/
17
1=
1i
1R
1?
#6924002
0)
#6925002
0+
#6928002
1)
1Q
10
1<
0=
b101010101010101010101010 N
03
b101010101010101010101010 L
07
1T
1>
#6930002
1+
0q
0i
#6932002
0)
#6935002
0+
#6936002
1)
0>
1G
b101010101010101010101010 M
1=
0<
17
b10000000001 :
13
1O
b1000000000100 9
1S
#6940002
0)
1+
#6944002
1)
0O
b10101010101010100000001000000001 N
0G
1>
03
07
b10101010101010100000001000000001 L
1<
0=
#6945002
0+
#6948002
0)
#6950002
1+
#6952002
1)
0?
0<
0>
#6955002
0+
#6956002
0)
#6960002
1)
1+
1i
1q
#6964002
0)
#6965002
0+
#6968002
1)
1O
1G
0R
#6970002
1+
0q
0i
#6972002
0)
#6975002
0+
#6976002
1)
b10101010101010100000001000000001 M
0O
0Q
0T
0G
#6980002
1+
0)
#6984002
1)
b10101010101010101010101010101010 U
1F
1D
1}
b111111111100 @
1J
1Z
15
0/
b1111111111 A
b1111 Y
1W
#6985002
0+
#6988002
0)
#6990002
1+
#6992002
1)
0W
05
1X
1K
00
0}
0D
1V
1I
1C
1E
#6995002
0+
#6996002
0)
#7000002
1)
1+
0E
1G
1D
0X
15
1W
1O
1}
1i
b1000000000000 @
0C
b10000000000 A
1q
0V
#7004002
0)
#7005002
0+
#7008002
1)
1V
05
0S
1X
1E
0D
0G
0}
0W
0O
1C
#7010002
1+
0i
0q
#7012002
0)
#7015002
0+
#7016002
1)
0C
0E
0X
0V
b1000000000100 @
b10000000001 A
#7020002
1+
0)
#7024002
1)
#7025002
0+
#7028002
0)
#7030002
1+
#7032002
1)
1W
15
1}
1D
1G
1O
#7035002
0+
#7036002
0)
#7040002
1)
1+
0O
1E
1q
0D
1X
1C
0}
0W
05
0G
1V
1i
#7044002
0)
#7045002
0+
#7048002
1)
0E
0F
0X
0C
0Z
0V
#7050002
1+
0q
0i
#7052002
0)
#7055002
0+
#7056002
1)
#7060002
0)
1+
#7064002
1)
1O
0J
1G
#7065002
0+
#7068002
0)
#7070002
1+
#7072002
1)
0O
0G
0K
0I
#7075002
0+
#7076002
0)
#7080002
1)
1+
1W
1D
1i
1q
b10000000000 A
b11000000100000000100000000 U
1}
1F
1J
1Z
b1000000000000 @
15
#7084002
0)
#7085002
0+
#7088002
1)
05
0}
1V
0D
0W
1C
1I
1E
1X
1K
#7090002
0q
1+
0i
#7092002
0)
#7095002
0+
#7096002
1)
1G
0E
0V
0C
1O
0X
0Z
0F
0J
#7100002
0)
1+
#7104002
1)
0G
0K
0I
0O
#7105002
0+
#7108002
0)
#7110002
1+
#7112002
1)
1R
1=
1?
17
13
b1111111111 :
b111111111111 9
1/
#7115002
0+
#7116002
0)
#7120002
1)
1+
03
1i
b10101010101010101010101010101010 N
1>
1Q
1q
1<
07
0=
b10101010101010101010101010101010 L
10
1T
#7124002
0)
#7125002
0+
#7128002
1)
13
1O
0>
b10101010101010101010101010101010 M
1S
1=
0<
1G
17
b1000000000000 9
b10000000000 :
#7130002
1+
0i
0q
#7132002
0)
#7135002
0+
#7136002
1)
1>
b11000000100000000100000000 L
0G
0O
03
b11000000100000000100000000 N
1<
0=
07
#7140002
1+
0)
#7144002
1)
0<
b10000000001 :
0>
b1000000000100 9
#7145002
0+
#7148002
0)
#7150002
1+
#7152002
1)
#7155002
0+
#7156002
0)
#7160002
1)
1+
1O
1i
17
1G
1q
13
1=
#7164002
0)
#7165002
0+
#7168002
1)
0=
0O
1<
b10101010101010101010101010101010 L
0G
b10101010101010101010101010101010 N
b11000000100000000100000000 M
07
03
1>
#7170002
0i
0q
1+
#7172002
0)
#7175002
0+
#7176002
1)
0>
0<
0?
#7180002
1+
0)
#7184002
1)
#7185002
0+
#7188002
0)
#7190002
1+
#7192002
1)
1O
0R
1G
#7195002
0+
#7196002
0)
#7200002
1)
1+
0T
0Q
1q
1i
b10101010101010101010101010101010 M
0G
0O
#7204002
0)
#7205002
0+
#7208002
1)
0/
1D
15
1}
1J
b10101010101010101010101000000000 U
b1111111111 A
1W
b1110 Y
1Z
b111111111101 @
1F
#7210002
1+
0q
0i
#7212002
0)
#7215002
0+
#7216002
1)
05
1C
1K
0D
1V
1E
0}
00
1I
0W
1X
#7220002
1+
0)
#7224002
1)
0X
b10000000000 A
1O
0E
15
0C
1G
0V
1D
b10101010101010101010101010101010 U
1W
1}
b1000000000000 @
b1111 Y
#7225002
0+
#7228002
0)
#7230002
1+
#7232002
1)
0D
05
1E
1X
0O
1V
0S
0G
1C
0W
0}
#7235002
0+
#7236002
0)
#7240002
1)
1+
0E
1q
b10000000001 A
0X
0V
1i
b1000000000100 @
0C
#7244002
0)
#7245002
0+
#7248002
1)
#7250002
1+
0q
0i
#7252002
0)
#7255002
0+
#7256002
1)
1}
15
1G
1D
1O
1W
#7260002
0)
1+
#7264002
1)
0W
1C
1E
0D
1V
05
0}
0G
1X
0O
#7265002
0+
#7268002
0)
#7270002
1+
#7272002
1)
0V
b1 Y
0E
0C
b10000000010 A
0X
b10101010 U
b1000000001000 @
#7275002
0+
#7276002
0)
#7280002
1)
1+
1i
1q
#7284002
0)
#7285002
0+
#7288002
1)
1G
1O
1W
1D
1}
15
#7290002
1+
0q
0i
#7292002
0)
#7295002
0+
#7296002
1)
0O
0}
1C
0G
1V
05
0D
0W
1E
1X
#7300002
1+
0)
#7304002
1)
0X
0F
0C
0V
0E
0Z
#7305002
0+
#7308002
0)
#7310002
1+
#7312002
1)
#7315002
0+
#7316002
0)
#7320002
1)
1+
1i
1O
1G
0J
1q
#7324002
0)
#7325002
0+
#7328002
1)
0G
0O
0K
0I
#7330002
1+
0q
0i
#7332002
0)
#7335002
0+
#7336002
1)
1Z
b1110 Y
b1000000000001 @
1W
1}
1F
1D
15
b10000000010000000000000000 U
b10000000000 A
1J
#7340002
0)
1+
#7344002
1)
0D
1I
1C
1X
0}
0W
05
1K
1V
1E
#7345002
0+
#7348002
0)
#7350002
1+
#7352002
1)
0E
b1000000000100 @
1}
1O
1D
b1 Y
0X
0C
1G
0V
1W
b10000000001 A
b11 U
15
#7355002
0+
#7356002
0)
#7360002
1)
1+
05
0O
1C
0}
1E
1X
1i
1q
0D
1V
0G
0W
#7364002
0)
#7365002
0+
#7368002
1)
0C
0Z
0X
0F
0E
0V
#7370002
1+
0q
0i
#7372002
0)
#7375002
0+
#7376002
1)
#7380002
0)
1+
#7384002
1)
0J
1O
1G
#7385002
0+
#7388002
0)
#7390002
1+
#7392002
1)
0G
0I
0O
0K
#7395002
0+
#7396002
0)
#7400002
1)
1+
b1000000000000 9
1q
1R
1=
b10000000000 :
1/
1i
1?
13
17
#7404002
0)
#7405002
0+
#7408002
1)
07
1<
0=
1T
1Q
b10000000010000000010101010 N
b10000000010000000010101010 L
1>
03
10
#7410002
0i
1+
0q
#7412002
0)
#7415002
0+
#7416002
1)
1G
1=
b1000000000100 9
0<
17
1S
b10000000010000000010101010 M
b10000000001 :
13
1O
0>
#7420002
1+
0)
#7424002
1)
1>
b10101010101010101010101000000011 L
0=
0G
07
b10101010101010101010101000000011 N
1<
0O
03
#7425002
0+
#7428002
0)
#7430002
1+
#7432002
1)
0>
0<
0?
#7435002
0+
#7436002
0)
#7440002
1)
1+
1i
1q
#7444002
0)
#7445002
0+
#7448002
1)
0R
1G
1O
#7450002
1+
0i
0q
#7452002
0)
#7455002
0+
#7456002
1)
0O
b10101010101010101010101000000011 M
0T
0Q
0G
#7460002
0)
1+
#7464002
1)
1W
1J
1F
b111111111110 @
15
0/
1Z
1}
b1100 Y
1D
b10101010101010100000000000000000 U
b1111111111 A
#7465002
0+
#7468002
0)
#7470002
1+
#7472002
1)
1K
0}
00
1V
0W
05
1X
1C
0D
1I
1E
#7475002
0+
#7476002
0)
#7480002
1)
1+
0E
b10000000000 A
1G
0X
1}
1q
15
1i
1W
b1000000000000 @
1O
0V
b1111 Y
1D
0C
b10101010101010101010101010101010 U
#7484002
0)
#7485002
0+
#7488002
1)
0O
1X
0G
1E
0}
0S
0W
05
1C
0D
1V
#7490002
1+
0q
0i
#7492002
0)
#7495002
0+
#7496002
1)
0X
b10000000001 A
b1000000000100 @
0V
0E
0C
#7500002
0)
1+
#7504002
1)
#7505002
0+
#7508002
0)
#7510002
1+
#7512002
1)
1O
1W
1G
1}
1D
15
#7515002
0+
#7516002
0)
#7520002
1)
1+
05
1q
0G
1V
1C
0W
1i
0O
1X
0D
0}
1E
#7524002
0)
#7525002
0+
#7528002
1)
0E
b1010101010101010 U
0V
b1000000001000 @
0C
b10000000010 A
0X
b11 Y
#7530002
1+
0q
0i
#7532002
0)
#7535002
0+
#7536002
1)
#7540002
0)
1+
#7544002
1)
1G
1O
15
1W
1}
1D
#7545002
0+
#7548002
0)
#7550002
1+
#7552002
1)
0D
05
1C
0G
0O
1E
1V
0}
0W
1X
#7555002
0+
#7556002
0)
#7560002
1)
1+
0X
1q
0E
0F
0C
1i
0Z
0V
#7564002
0)
#7565002
0+
#7568002
1)
#7570002
1+
0q
0i
#7572002
0)
#7575002
0+
#7576002
1)
0J
1O
1G
#7580002
1+
0)
#7584002
1)
0O
0K
0G
0I
#7585002
0+
#7588002
0)
#7590002
1+
#7592002
1)
b1100 Y
1D
15
b1000000000010 @
1J
1F
b1000000000000000000000000 U
1Z
1W
1}
b10000000000 A
#7595002
0+
#7596002
0)
#7600002
1)
1+
1I
1V
1K
1q
1X
1i
1C
05
0D
1E
0}
0W
#7604002
0)
#7605002
0+
#7608002
1)
1W
b10000000001 A
1D
0V
b11 Y
15
1O
0C
0X
b1000000000100 @
1}
1G
0E
b1100000010 U
#7610002
1+
0q
0i
#7612002
0)
#7615002
0+
#7616002
1)
1X
0D
0W
1V
1C
05
0O
1E
0G
0}
#7620002
1+
0)
#7624002
1)
0X
0F
0C
0V
0E
0Z
#7625002
0+
#7628002
0)
#7630002
1+
#7632002
1)
#7635002
0+
#7636002
0)
#7640002
1)
1+
1q
1i
0J
1G
1O
#7644002
0)
#7645002
0+
#7648002
1)
0K
0I
0O
0G
#7650002
1+
0i
0q
#7652002
0)
#7655002
0+
#7656002
1)
1R
b1000000000001 9
1?
13
17
1=
1/
b10000000000 :
#7660002
0)
1+
#7664002
1)
0=
b1000000001010101010101010 L
10
1T
b1000000001010101010101010 N
07
03
1Q
1<
1>
#7665002
0+
#7668002
0)
#7670002
1+
#7672002
1)
0>
b10000000001 :
b1000000000100 9
17
1=
1G
b1000000001010101010101010 M
1S
0<
1O
13
#7675002
0+
#7676002
0)
#7680002
1)
1+
03
1i
07
b10101010101010100000001100000010 L
1>
0G
b10101010101010100000001100000010 N
1q
0=
0O
1<
#7684002
0)
#7685002
0+
#7688002
1)
0<
0>
0?
#7690002
1+
0q
0i
#7692002
0)
#7695002
0+
#7696002
1)
#7700002
0)
1+
#7704002
1)
0R
1G
1O
#7705002
0+
#7708002
0)
#7710002
1+
#7712002
1)
b10101010101010100000001100000010 M
0O
0T
0G
0Q
#7715002
0+
#7716002
0)
#7720002
1)
1+
1Z
1}
1i
15
b1111111111 A
b10101010000000000000000000000000 U
1F
1D
b1000 Y
1q
1W
0/
b111111111111 @
1J
#7724002
0)
#7725002
0+
#7728002
1)
05
00
1C
0}
1I
1K
0D
1X
0W
1E
1V
#7730002
1+
0q
0i
#7732002
0)
#7735002
0+
#7736002
1)
0C
1O
1D
0V
15
b1111 Y
1}
b10000000000 A
b10101010101010101010101010101010 U
0E
b1000000000000 @
1G
1W
0X
#7740002
1+
0)
#7744002
1)
1X
0D
0O
1C
0}
1V
05
0W
1E
0S
0G
#7745002
0+
#7748002
0)
#7750002
1+
#7752002
1)
0V
0X
b10000000001 A
0C
0E
b1000000000100 @
#7755002
0+
#7756002
0)
#7760002
1)
1+
1i
1q
#7764002
0)
#7765002
0+
#7768002
1)
1D
1G
1}
1O
1W
15
#7770002
0q
1+
0i
#7772002
0)
#7775002
0+
#7776002
1)
05
0}
1V
0G
0D
1X
0W
0O
1E
1C
#7780002
0)
1+
#7784002
1)
0C
b1000000001000 @
b10000000010 A
0V
b111 Y
0E
0X
b101010101010101010101010 U
#7785002
0+
#7788002
0)
#7790002
1+
#7792002
1)
#7795002
0+
#7796002
0)
#7800002
1)
1+
1q
1D
15
1i
1G
1}
1W
1O
#7804002
0)
#7805002
0+
#7808002
1)
0O
1C
0G
1V
0D
05
0W
1X
1E
0}
#7810002
1+
0q
0i
#7812002
0)
#7815002
0+
#7816002
1)
0C
0Z
0V
0F
0E
0X
#7820002
0)
1+
#7824002
1)
#7825002
0+
#7828002
0)
#7830002
1+
#7832002
1)
1G
0J
1O
#7835002
0+
#7836002
0)
#7840002
1)
1+
0O
0G
1q
0K
0I
1i
#7844002
0)
#7845002
0+
#7848002
1)
b0 U
1D
1J
1}
1Z
b1000000000011 @
b10000000000 A
1W
15
b1000 Y
1F
#7850002
0i
1+
0q
#7852002
0)
#7855002
0+
#7856002
1)
0D
1X
1I
1V
1K
0}
1C
0W
1E
05
#7860002
1+
0)
#7864002
1)
15
0X
1O
1}
1D
b1000000000100 @
b110000001000000001 U
0V
1G
0E
0C
b111 Y
b10000000001 A
1W
#7865002
0+
#7868002
0)
#7870002
1+
#7872002
1)
0W
1V
0D
0}
0O
05
1X
1C
1E
0G
#7875002
0+
#7876002
0)
#7880002
1)
1+
1q
0F
0V
1i
0Z
0E
0C
0X
#7884002
0)
#7885002
0+
#7888002
1)
#7890002
1+
0i
0q
#7892002
0)
#7895002
0+
#7896002
1)
1G
1O
0J
#7900002
0)
1+
#7904002
1)
0O
0G
0I
0K
#7905002
0+
#7908002
0)
#7910002
1+
#7912002
1)
1R
17
1?
b1000000000010 9
b10000000000 :
13
1/
1=
#7915002
0+
#7916002
0)
#7920002
1)
1+
0=
1>
1q
10
1i
07
1Q
1<
b101010101010101010101010 N
b101010101010101010101010 L
03
1T
#7924002
0)
#7925002
0+
#7928002
1)
b1000000000100 9
1=
b10000000001 :
0>
0<
17
1G
b101010101010101010101010 M
1O
13
1S
#7930002
1+
0q
0i
#7932002
0)
#7935002
0+
#7936002
1)
b10101010000000110000001000000001 N
0=
0G
07
1>
1<
03
0O
b10101010000000110000001000000001 L
#7940002
0)
1+
#7944002
1)
0>
0?
0<
#7945002
0+
#7948002
0)
#7950002
1+
#7952002
1)
#7955002
0+
#7956002
0)
#7960002
1)
1+
1q
0R
1i
1G
1O
#7964002
0)
#7965002
0+
#7968002
1)
0O
0T
b10101010000000110000001000000001 M
0Q
0G
#7970002
1+
0i
0q
#7972002
0)
#7975002
0+
#7976002
1)
15
1J
1}
1W
1D
b10101010101010101010101010101010 U
b111111111100 @
1F
1Z
b1111111111 A
b1111 Y
0/
#7980002
1+
0)
#7984002
1)
0}
00
1I
1X
05
1K
0D
1V
0W
1E
1C
#7985002
0+
#7988002
0)
#7990002
1+
#7992002
1)
0C
0V
1O
1G
1}
b1000000000000 @
1D
0X
15
0E
1W
b10000000000 A
#7995002
0+
#7996002
0)
#8000002
1)
1+
1X
0G
1i
0O
0S
1V
1C
0D
1q
0}
0W
1E
05
#8004002
0)
#8005002
0+
#8008002
1)
b10000000001 A
0X
0V
0C
b1000000000100 @
0E
#8010002
0q
1+
0i
#8012002
0)
#8015002
0+
#8016002
1)
#8020002
0)
1+
#8024002
1)
15
1O
1G
1D
1W
1}
#8025002
0+
#8028002
0)
#8030002
1+
#8032002
1)
0}
0G
1E
05
1C
0O
1V
1X
0W
0D
#8035002
0+
#8036002
0)
#8040002
1)
1+
1i
1q
0V
0E
b10101010 U
0C
b10000000010 A
b1 Y
0X
b1000000001000 @
#8044002
0)
#8045002
0+
#8048002
1)
#8050002
1+
0q
0i
#8052002
0)
#8055002
0+
#8056002
1)
1D
1G
1}
1O
15
1W
#8060002
0)
1+
#8064002
1)
0W
0O
0D
1C
0}
0G
1E
1V
05
1X
#8065002
0+
#8068002
0)
#8070002
1+
#8072002
1)
0X
0E
0C
0V
0F
0Z
#8075002
0+
#8076002
0)
#8080002
1)
1+
1i
1q
#8084002
0)
#8085002
0+
#8088002
1)
1O
0J
1G
#8090002
1+
0q
0i
#8092002
0)
#8095002
0+
#8096002
1)
0I
0G
0O
0K
#8100002
0)
1+
#8104002
1)
b1000000000000 @
1Z
1J
1W
1D
b11000000100000000100000000 U
1}
1F
15
b1111 Y
b10000000000 A
#8105002
0+
#8108002
0)
#8110002
1+
#8112002
1)
1K
1E
0D
0W
1X
1I
0}
1C
05
1V
#8115002
0+
#8116002
0)
#8120002
1)
1+
0V
b10000000001 A
1i
0X
b100 U
b1000000000100 @
1q
1O
1W
1G
1D
0E
15
b1 Y
0C
1}
#8124002
0)
#8125002
0+
#8128002
1)
0}
0D
1V
1X
0G
0W
0O
1C
1E
05
#8130002
1+
0i
0q
#8132002
0)
#8135002
0+
#8136002
1)
0Z
0X
0V
0E
0C
0F
#8140002
1+
0)
#8144002
1)
#8145002
0+
#8148002
0)
#8150002
1+
#8152002
1)
1G
0J
1O
#8155002
0+
#8156002
0)
#8160002
1)
1+
1i
0O
0G
0K
1q
0I
#8164002
0)
#8165002
0+
#8168002
1)
1/
b111111111111 9
1R
17
b1111111111 :
1=
1?
13
#8170002
1+
0i
0q
#8172002
0)
#8175002
0+
#8176002
1)
1<
10
b10101010101010101010101010101010 L
1>
03
07
1T
b10101010101010101010101010101010 N
1Q
0=
#8180002
1+
0)
#8184002
1)
1=
1S
0<
b10000000000 :
b10101010101010101010101010101010 M
17
b1000000000000 9
1G
13
0>
1O
#8185002
0+
#8188002
0)
#8190002
1+
#8192002
1)
0O
1<
1>
0=
03
0G
07
b11000000100000000100000000 L
b11000000100000000100000000 N
#8195002
0+
#8196002
0)
#8200002
1)
1+
0<
1q
b10000000001 :
0>
b1000000000100 9
1i
#8204002
0)
#8205002
0+
#8208002
1)
#8210002
1+
0i
0q
#8212002
0)
#8215002
0+
#8216002
1)
17
1O
1G
13
1=
#8220002
0)
1+
#8224002
1)
0=
1>
b10101010101010101010101000000100 N
03
0G
b11000000100000000100000000 M
0O
07
1<
b10101010101010101010101000000100 L
#8225002
0+
#8228002
0)
#8230002
1+
#8232002
1)
0>
0<
0?
#8235002
0+
#8236002
0)
#8240002
1)
1+
1i
1q
#8244002
0)
#8245002
0+
#8248002
1)
1O
1G
0R
#8250002
0i
0q
1+
#8252002
0)
#8255002
0+
#8256002
1)
0G
0T
0O
b10101010101010101010101000000100 M
0Q
#8260002
0)
1+
#8264002
1)
b111111111101 @
1D
15
b10101010101010101010101000000000 U
b1111111111 A
1W
1}
1F
0/
1Z
1J
b1110 Y
#8265002
0+
#8268002
0)
#8270002
1+
#8272002
1)
1K
1X
05
00
0D
0W
1I
0}
1C
1E
1V
#8275002
0+
#8276002
0)
#8280002
1)
1+
0V
15
b10000000000 A
b1111 Y
b10101010101010101010101010101010 U
1O
0X
b1000000000000 @
1W
1q
1D
1G
1i
0E
0C
1}
#8284002
0)
#8285002
0+
#8288002
1)
0}
0G
1V
0O
05
0S
0D
1X
0W
1C
1E
#8290002
1+
0q
0i
#8292002
0)
#8295002
0+
#8296002
1)
0X
0V
b10000000001 A
0E
b1000000000100 @
0C
#8300002
0)
1+
#8304002
1)
#8305002
0+
#8308002
0)
#8310002
1+
#8312002
1)
1}
1O
1G
15
1D
1W
#8315002
0+
#8316002
0)
#8320002
1)
1+
0W
0}
1i
1C
05
1E
1X
0G
0O
1V
0D
1q
#8324002
0)
#8325002
0+
#8328002
1)
0C
b1010101010101010 U
b11 Y
b10000000010 A
0X
0E
0V
b1000000001000 @
#8330002
0q
1+
0i
#8332002
0)
#8335002
0+
#8336002
1)
#8340002
0)
1+
#8344002
1)
1O
1W
15
1}
1G
1D
#8345002
0+
#8348002
0)
#8350002
1+
#8352002
1)
0D
0}
0W
0O
1X
1C
05
0G
1V
1E
#8355002
0+
#8356002
0)
#8360002
1)
1+
0E
0C
1i
1q
0X
0F
0V
0Z
#8364002
0)
#8365002
0+
#8368002
1)
#8370002
1+
0q
0i
#8372002
0)
#8375002
0+
#8376002
1)
1O
0J
1G
#8380002
0)
1+
#8384002
1)
0G
0I
0K
0O
#8385002
0+
#8388002
0)
#8390002
1+
#8392002
1)
1Z
b1000000000001 @
1W
1D
1}
b10000000000 A
b1110 Y
b10000000010000000000000000 U
1J
1F
15
#8395002
0+
#8396002
0)
#8400002
1)
1+
05
1C
1X
1E
1I
0W
1i
1q
0}
0D
1V
1K
#8404002
0)
#8405002
0+
#8408002
1)
1}
1O
0E
0X
15
b1000000000100 @
b11 Y
0C
1G
b10000000001 A
1W
0V
1D
b10000000011 U
#8410002
1+
0q
0i
#8412002
0)
#8415002
0+
#8416002
1)
1E
0}
0O
05
1X
0G
1C
0D
1V
0W
#8420002
1+
0)
#8424002
1)
0E
0Z
0X
0V
0F
0C
#8425002
0+
#8428002
0)
#8430002
1+
#8432002
1)
#8435002
0+
#8436002
0)
#8440002
1)
1+
1q
1O
1G
1i
0J
#8444002
0)
#8445002
0+
#8448002
1)
0K
0G
0O
0I
#8450002
1+
0q
0i
#8452002
0)
#8455002
0+
#8456002
1)
17
1?
1/
1=
13
b10000000000 :
1R
b1000000000000 9
#8460002
0)
1+
#8464002
1)
b10000000010000000010101010 L
1Q
07
03
10
b10000000010000000010101010 N
1T
0=
1>
1<
#8465002
0+
#8468002
0)
#8470002
1+
#8472002
1)
0<
b1000000000100 9
b10000000001 :
1O
13
17
1G
1S
0>
b10000000010000000010101010 M
1=
#8475002
0+
#8476002
0)
#8480002
1)
1+
0=
1i
b10101010101010100000010000000011 L
0G
1<
07
b10101010101010100000010000000011 N
03
0O
1q
1>
#8484002
0)
#8485002
0+
#8488002
1)
0>
0?
0<
#8490002
1+
0i
0q
#8492002
0)
#8495002
0+
#8496002
1)
#8500002
0)
1+
#8504002
1)
1G
1O
0R
#8505002
0+
#8508002
0)
#8510002
1+
#8512002
1)
0T
0Q
0O
b10101010101010100000010000000011 M
0G
#8515002
0+
#8516002
0)
#8520002
1)
1+
b1111111111 A
1J
b1100 Y
1q
1Z
b111111111110 @
1}
1W
15
b10101010101010100000000000000000 U
0/
1F
1i
1D
#8524002
0)
#8525002
0+
#8528002
1)
0D
1I
1C
05
1K
1E
0W
00
0}
1X
1V
#8530002
1+
0q
0i
#8532002
0)
#8535002
0+
#8536002
1)
b10101010101010101010101010101010 U
b1000000000000 @
0V
b1111 Y
b10000000000 A
1D
1W
0C
0E
15
1G
0X
1}
1O
#8540002
1+
0)
#8544002
1)
0O
05
1V
1E
1C
0W
0D
0}
0S
1X
0G
#8545002
0+
#8548002
0)
#8550002
1+
#8552002
1)
b1000000000100 @
0C
b10000000001 A
0E
0V
0X
#8555002
0+
#8556002
0)
#8560002
1)
1+
1i
1q
#8564002
0)
#8565002
0+
#8568002
1)
1G
1O
1W
15
1D
1}
#8570002
0q
1+
0i
#8572002
0)
#8575002
0+
#8576002
1E
0}
0W
0G
0O
1X
1C
1)
0D
1V
05
#8580002
1+
0)
#8584002
1)
0X
b111 Y
b101010101010101010101010 U
0E
b10000000010 A
b1000000001000 @
0V
0C
#8585002
0+
#8588002
0)
#8590002
1+
#8592002
1)
#8595002
0+
#8596002
0)
#8600002
1)
1+
15
1q
1}
1i
1O
1G
1W
1D
#8604002
0)
#8605002
0+
#8608002
1)
0D
0G
05
1X
0O
1E
0}
0W
1V
1C
#8610002
0q
1+
0i
#8612002
0)
#8615002
0+
#8616002
1)
0C
0Z
0E
0X
0V
0F
#8620002
0)
1+
#8624002
1)
#8625002
0+
#8628002
0)
#8630002
1+
#8632002
1)
1G
0J
1O
#8635002
0+
#8636002
0)
#8640002
1)
1+
0O
1i
0G
0I
1q
0K
#8644002
0)
#8645002
0+
#8648002
1)
1F
b10000000000 A
1J
1D
b1100 Y
15
1Z
b1000000000000000000000000 U
1}
b1000000000010 @
1W
#8650002
1+
0q
0i
#8652002
0)
#8655002
0+
#8656002
1)
1K
0W
1E
1C
1I
05
0D
1V
0}
1X
#8660002
1+
0)
#8664002
1)
0X
15
b10000000001 A
1W
1O
0C
0E
1G
b111 Y
1}
b1000000000100 @
b1000000001100000010 U
0V
1D
#8665002
0+
#8668002
0)
#8670002
1+
#8672002
1)
0D
0G
1X
05
1E
1C
0W
0O
1V
0}
#8675002
0+
#8676002
0)
#8680002
1)
1+
1q
0F
0Z
0C
1i
0E
0X
0V
#8684002
0)
#8685002
0+
#8688002
1)
#8690002
1+
0q
0i
#8692002
0)
#8695002
0+
#8696002
1)
0J
1G
1O
#8700002
0)
1+
#8704002
1)
0O
0K
0I
0G
#8705002
0+
#8708002
0)
#8710002
1+
#8712002
1)
b1000000000001 9
13
1?
1=
1R
b10000000000 :
17
1/
#8715002
0+
#8716002
0)
#8720002
1)
1+
03
1T
1q
b1000000001010101010101010 L
1<
10
1i
1>
0=
b1000000001010101010101010 N
07
1Q
#8724002
0)
#8725002
0+
#8728002
1)
1=
13
1G
b1000000000100 9
b10000000001 :
0>
0<
1O
17
1S
b1000000001010101010101010 M
#8730002
1+
0q
0i
#8732002
0)
#8735002
0+
#8736002
1)
0G
b10101010000001000000001100000010 L
1<
03
0=
1>
b10101010000001000000001100000010 N
07
0O
#8740002
1+
0)
#8744002
1)
0<
0?
0>
#8745002
0+
#8748002
0)
#8750002
1+
#8752002
1)
#8755002
0+
#8756002
0)
#8760002
1)
1+
1O
1q
1G
0R
1i
#8764002
0)
#8765002
0+
#8768002
1)
0O
b10101010000001000000001100000010 M
0Q
0T
0G
#8770002
1+
0i
0q
#8772002
0)
#8775002
0+
#8776002
1)
0/
1}
1J
1D
1W
1F
1Z
b1111111111 A
15
b1000 Y
b111111111111 @
b10101010000000000000000000000000 U
#8780002
1+
0)
#8784002
1)
0}
1E
1K
1V
0D
00
0W
1C
1X
1I
05
#8785002
0+
#8788002
0)
#8790002
1+
#8792002
1)
15
1G
1W
b10101010101010101010101010101010 U
b10000000000 A
1O
0E
1}
1D
0V
b1000000000000 @
0X
b1111 Y
0C
#8795002
0+
#8796002
0)
#8800002
1)
1+
1C
0O
1i
0D
0G
05
0W
0}
1q
1E
0S
1X
1V
#8804002
0)
#8805002
0+
#8808002
1)
0V
0C
b10000000001 A
0X
0E
b1000000000100 @
#8810002
0q
1+
0i
#8812002
0)
#8815002
0+
#8816002
1)
#8820002
0)
1+
#8824002
1)
1G
1D
1O
1}
15
1W
#8825002
0+
#8828002
0)
#8830002
1+
#8832002
1)
0W
1V
05
0G
1C
0}
0D
0O
1E
1X
#8835002
0+
#8836002
0)
#8840002
1)
1+
0X
1i
0V
1q
b1000000001000 @
0C
0E
b10000000010 A
#8844002
0)
#8845002
0+
#8848002
1)
#8850002
1+
0i
0q
#8852002
0)
#8855002
0+
#8856002
1)
15
1D
1W
1G
1}
1O
#8860002
0)
1+
#8864002
1)
0O
1V
0G
1X
05
0W
0D
0}
1E
1C
#8865002
0+
#8868002
0)
#8870002
1+
#8872002
1)
0C
0V
0X
0Z
0F
0E
#8875002
0+
#8876002
0)
#8880002
1)
1+
1i
1q
#8884002
0)
#8885002
0+
#8888002
1)
0J
1G
1O
#8890002
1+
0i
0q
#8892002
0)
#8895002
0+
#8896002
1)
0G
0O
0K
0I
#8900002
0)
1+
#8904002
1)
1J
1W
b10000000000 A
b1000000000011 @
1Z
b0 U
15
1F
b1000 Y
1}
1D
#8905002
0+
#8908002
0)
#8910002
1+
#8912002
1)
0D
1I
1E
0W
1X
1C
1V
0}
05
1K
#8915002
0+
#8916002
0)
#8920002
1)
1+
0C
1i
1D
b1000000000100 @
b10000000001 A
1O
b100000000110000001000000001 U
0X
1W
1G
1q
0E
15
1}
0V
b1111 Y
#8924002
0)
#8925002
0+
#8928002
1)
1C
0D
0G
0W
0O
1X
1V
05
1E
0}
#8930002
1+
0q
0i
#8932002
0)
#8935002
0+
#8936002
1)
0Z
0C
0E
0V
0X
0F
#8940002
0)
1+
#8944002
1)
#8945002
0+
#8948002
0)
#8950002
1+
#8952002
1)
1O
0J
1G
#8955002
0+
#8956002
0)
#8960002
1)
1+
0G
0I
0K
1q
1i
0O
#8964002
0)
#8965002
0+
#8968002
1)
1/
1=
1R
13
b10000000000 :
b1000000000010 9
1?
17
#8970002
0i
1+
0q
#8972002
0)
#8975002
0+
#8976002
1)
1T
1<
07
b101010101010101010101010 L
03
0=
1>
1Q
10
b101010101010101010101010 N
#8980002
1+
0)
#8984002
1)
0<
b101010101010101010101010 M
1O
1G
b10000000001 :
0>
17
1=
13
1S
b1000000000100 9
#8985002
0+
#8988002
0)
#8990002
1+
#8992002
1)
0O
b100000000110000001000000001 N
0=
1<
07
0G
b100000000110000001000000001 L
1>
03
#8995002
0+
#8996002
0)
#9000002
1)
1+
b1000000001000 9
1q
0<
1i
b10000000010 :
0>
#9004002
0)
#9005002
0+
#9008002
1)
#9010002
1+
0i
0q
#9012002
0)
#9015002
0+
#9016002
1)
13
1O
1G
1=
17
#9020002
0)
1+
#9024002
1)
07
b10101010101010101010101010101010 N
1>
0=
b10101010101010101010101010101010 L
b100000000110000001000000001 M
0G
03
0O
1<
#9025002
0+
#9028002
0)
#9030002
1+
#9032002
1)
0<
0>
0?
#9035002
0+
#9036002
0)
#9040002
1)
1+
1i
1q
#9044002
0)
#9045002
0+
#9048002
1)
1O
0R
1G
#9050002
1+
0i
0q
#9052002
0)
#9055002
0+
#9056002
1)
0G
0Q
0T
0O
b10101010101010101010101010101010 M
#9060002
0)
1+
#9064002
1)
0/
b1111111111 A
1}
b111111111100 @
1J
1W
1F
1Z
b10101010101010101010101010101010 U
1D
15
#9065002
0+
#9068002
0)
#9070002
1+
#9072002
1)
05
0}
1K
1I
0W
0D
1X
1E
1C
1V
00
#9075002
0+
#9076002
0)
#9080002
1)
1+
1}
15
b10000000000 A
1O
1G
1q
b1000000000000 @
1i
0V
0X
1D
1W
0C
0E
#9084002
0)
#9085002
0+
#9088002
1)
1E
05
0}
0G
0O
1C
1X
1V
0W
0S
0D
#9090002
1+
0q
0i
#9092002
0)
#9095002
0+
#9096002
1)
b1000000000100 @
b10000000001 A
0E
0C
0X
0V
#9100002
0)
1+
#9104002
1)
#9105002
0+
#9108002
0)
#9110002
1+
#9112002
1)
1G
1D
1}
15
1O
1W
#9115002
0+
#9116002
0)
#9120002
1)
1+
0}
1V
1i
0W
0D
0G
0O
1X
1q
05
1C
1E
#9124002
0)
#9125002
0+
#9128002
1)
0E
b10000000010 A
b1010101010101010 U
b1000000001000 @
b11 Y
0V
0C
0X
#9130002
1+
0i
0q
#9132002
0)
#9135002
0+
#9136002
1)
#9140002
0)
1+
#9144002
1)
1D
1}
1W
1O
1G
15
#9145002
0+
#9148002
0)
#9150002
1+
#9152002
1)
05
0}
1E
0D
1X
0G
0W
0O
1C
1V
#9155002
0+
#9156002
0)
#9160002
1)
1+
0V
1q
0E
0Z
0F
0C
0X
1i
#9164002
0)
#9165002
0+
#9168002
1)
#9170002
1+
0i
0q
#9172002
0)
#9175002
0+
#9176002
1)
0J
1O
1G
#9180002
0)
1+
#9184002
1)
0I
0G
0K
0O
#9185002
0+
#9188002
0)
#9190002
1+
#9192002
1)
1Z
1D
b1111 Y
b10000000000 A
15
b11000000100000000100000000 U
1}
b1000000000000 @
1F
1J
1W
#9195002
0+
#9196002
0)
#9200002
1)
1+
0W
1i
0}
0D
1I
05
1q
1E
1V
1K
1C
1X
#9204002
0)
#9205002
0+
#9208002
1)
0X
0E
b10000000001 A
b11 Y
1G
1W
b10100000100 U
15
1D
1}
1O
0C
0V
b1000000000100 @
#9210002
0i
1+
0q
#9212002
0)
#9215002
0+
#9216002
1)
0}
1X
1E
0D
05
0W
0G
1V
0O
1C
#9220002
0)
1+
#9224002
1)
0C
0Z
0E
0X
0V
0F
#9225002
0+
#9228002
0)
#9230002
1+
#9232002
1)
#9235002
0+
#9236002
0)
#9240002
1)
1+
1q
1i
1G
0J
1O
#9244002
0)
#9245002
0+
#9248002
1)
0O
0I
0G
0K
#9250002
0q
1+
0i
#9252002
0)
#9255002
0+
#9256002
1?
1R
1=
1/
17
13
b111111111111 9
1)
b1111111111 :
#9260002
1+
0)
#9264002
1)
03
0=
10
1<
07
1T
1Q
1>
#9265002
0+
#9268002
0)
#9270002
1+
#9272002
1)
1=
1O
b10000000000 :
13
17
0<
0>
1G
1S
b1000000000000 9
#9275002
0+
#9276002
0)
#9280002
1)
1+
07
0O
1i
0=
b11000000100000000100000000 N
03
1q
b11000000100000000100000000 L
1>
1<
0G
#9284002
0)
#9285002
0+
#9288002
1)
b1000000000100 9
b10000000001 :
0<
0>
#9290002
1+
0q
0i
#9292002
0)
#9295002
0+
#9296002
1)
#9300002
0)
1+
#9304002
1)
1G
1O
17
1=
13
#9305002
0+
#9308002
0)
#9310002
1+
#9312002
1)
03
b11000000100000000100000000 M
1>
0=
0G
07
b10101010101010100000010100000100 N
0O
1<
b10101010101010100000010100000100 L
#9315002
0+
#9316002
0)
#9320002
1)
1+
1i
0>
0?
1q
0<
#9324002
0)
#9325002
0+
#9328002
1)
#9330002
1+
0i
0q
#9332002
0)
#9335002
0+
#9336002
1)
0R
1G
1O
#9340002
1+
0)
#9344002
1)
0T
b10101010101010100000010100000100 M
0O
0G
0Q
#9345002
0+
#9348002
0)
#9350002
1+
#9352002
1)
b1110 Y
1F
b111111111101 @
b1111111111 A
1}
1W
0/
1Z
15
1D
b10101010101010101010101000000000 U
1J
#9355002
0+
#9356002
0)
#9360002
1)
1+
0D
1E
1q
05
0}
00
0W
1K
1C
1i
1V
1X
1I
#9364002
0)
#9365002
0+
#9368002
1)
b1000000000000 @
b10000000000 A
1D
b1111 Y
1W
0E
15
1}
0X
0C
b10101010101010101010101010101010 U
0V
1G
1O
#9370002
1+
0q
0i
#9372002
0)
#9375002
0+
#9376002
1)
05
0O
1E
0D
0W
1X
0}
0S
0G
1C
1V
#9380002
1+
0)
#9384002
1)
b10000000001 A
b1000000000100 @
0V
0E
0C
0X
#9385002
0+
#9388002
0)
#9390002
1+
#9392002
1)
#9395002
0+
#9396002
0)
#9400002
1)
1+
1D
1i
15
1O
1W
1q
1G
1}
#9404002
0)
#9405002
0+
#9408002
1)
0}
05
1X
1V
0D
0G
0O
1C
1E
0W
#9410002
1+
0i
0q
#9412002
0)
#9415002
0+
#9416002
1)
0V
b1000000001000 @
b10000000010 A
0X
b111 Y
0E
0C
b101010101010101010101010 U
#9420002
1+
0)
#9424002
1)
#9425002
0+
#9428002
0)
#9430002
1+
#9432002
1)
15
1}
1W
1O
1G
1D
#9435002
0+
#9436002
0)
#9440002
1)
1+
0D
0}
1X
1q
05
1V
0G
0O
0W
1C
1E
1i
#9444002
0)
#9445002
0+
#9448002
1)
0F
0X
0Z
0E
0V
0C
#9450002
1+
0i
0q
#9452002
0)
#9455002
0+
#9456002
1)
#9460002
0)
1+
#9464002
1)
0J
1O
1G
#9465002
0+
#9468002
0)
#9470002
1+
#9472002
1)
0G
0I
0K
0O
#9475002
0+
#9476002
0)
#9480002
1)
1+
15
1}
1D
1q
b10000000010000000000000000 U
b10000000000 A
1i
1F
b1000000000001 @
1J
1Z
1W
b1110 Y
#9484002
0)
#9485002
0+
#9488002
1)
1X
1C
05
1I
0D
0}
0W
1K
1V
1E
#9490002
1+
0i
0q
#9492002
0)
#9495002
0+
#9496002
1)
1D
b111 Y
1G
0C
0X
1O
15
0E
b10000000001 A
b1010000010000000011 U
0V
1W
1}
b1000000000100 @
#9500002
1+
0)
#9504002
1)
0G
1C
0D
1E
05
1X
0O
0}
0W
1V
#9505002
0+
#9508002
0)
#9510002
1+
#9512002
1)
0V
0X
0F
0E
0C
0Z
#9515002
0+
#9516002
0)
#9520002
1)
1+
1i
1q
#9524002
0)
#9525002
0+
#9528002
1)
1G
1O
0J
#9530002
1+
0i
0q
#9532002
0)
#9535002
0+
#9536002
1)
0I
0O
0G
0K
#9540002
0)
1+
#9544002
1)
1R
b1000000000000 9
1?
13
17
1=
1/
b10000000000 :
#9545002
0+
#9548002
0)
#9550002
1+
#9552002
1)
1Q
b10000000010000000010101010 N
1<
b10000000010000000010101010 L
0=
07
1T
03
10
1>
#9555002
0+
#9556002
0)
#9560002
1)
1+
0>
b1000000000100 9
b10000000001 :
0<
1i
b10000000010000000010101010 M
13
1q
17
1=
1G
1O
1S
#9564002
0)
#9565002
0+
#9568002
1)
07
1<
1>
b10101010000001010000010000000011 N
b10101010000001010000010000000011 L
03
0O
0G
0=
#9570002
1+
0q
0i
#9572002
0)
#9575002
0+
#9576002
1)
0<
0?
0>
#9580002
1+
0)
#9584002
1)
#9585002
0+
#9588002
0)
#9590002
1+
#9592002
1)
0R
1G
1O
#9595002
0+
#9596002
0)
#9600002
1)
1+
0O
1q
0Q
1i
b10101010000001010000010000000011 M
0T
0G
#9604002
0)
#9605002
0+
#9608002
1)
b1111111111 A
1J
b1100 Y
1Z
b111111111110 @
1F
15
1D
1}
b10101010101010100000000000000000 U
0/
1W
#9610002
1+
0i
0q
#9612002
0)
#9615002
0+
#9616002
1)
00
05
1E
1V
1K
0W
1X
0D
1C
1I
0}
#9620002
0)
1+
#9624002
1)
1}
1O
1W
15
b1111 Y
b10000000000 A
1G
0V
b1000000000000 @
0E
0X
0C
b10101010101010101010101010101010 U
1D
#9625002
0+
#9628002
0)
#9630002
1+
#9632002
1)
0D
0S
05
0W
0O
0}
1V
0G
1C
1E
1X
#9635002
0+
#9636002
0)
#9640002
1)
1+
0X
1i
0V
b1000000000100 @
1q
b10000000001 A
0E
0C
#9644002
0)
#9645002
0+
#9648002
1)
#9650002
1+
0i
0q
#9652002
0)
#9655002
0+
#9656002
1)
1W
15
1D
1}
1O
1G
#9660002
0)
1+
#9664002
1)
0G
1C
0}
1X
0W
0D
05
1V
0O
1E
#9665002
0+
#9668002
0)
#9670002
1+
#9672002
1)
0E
0C
b1000000001000 @
0X
0V
b10000000010 A
#9675002
0+
#9676002
0)
#9680002
1)
1+
1q
1i
#9684002
0)
#9685002
0+
#9688002
1)
1}
15
1G
1D
1W
1O
#9690002
0i
0q
1+
#9692002
0)
#9695002
0+
#9696002
1)
0}
0O
0D
0G
1C
05
1E
0W
1V
1X
#9700002
0)
1+
#9704002
1)
0X
0C
0F
0Z
0V
0E
#9705002
0+
#9708002
0)
#9710002
1+
#9712002
1)
#9715002
0+
#9716002
0)
#9720002
1)
1+
1q
1i
0J
1O
1G
#9724002
0)
#9725002
0+
#9728002
1)
0G
0O
0K
0I
#9730002
1+
0q
0i
#9732002
0)
#9735002
0+
#9736002
1)
1F
b10000000000 A
b1100 Y
15
b1000000000010 @
1}
1J
1D
1Z
b1000000000000000000000000 U
1W
#9740002
0)
1+
#9744002
1)
0W
05
1I
0}
1E
1C
1X
1V
1K
0D
#9745002
0+
#9748002
0)
#9750002
1+
#9752002
1)
1D
1W
0C
b1111 Y
b10000000001 A
1O
0E
15
1}
1G
b1000000000100 @
b101000001000000001100000010 U
0V
0X
#9755002
0+
#9756002
0)
#9760002
1)
1+
1X
1q
0G
1C
0W
0D
0}
05
0O
1E
1i
1V
#9764002
0)
#9765002
0+
#9768002
1)
0V
0C
0E
0X
0F
0Z
#9770002
1+
0q
0i
#9772002
0)
#9775002
0+
#9776002
1)
#9780002
0)
1+
#9784002
1)
0J
1G
1O
#9785002
0+
#9788002
0)
#9790002
1+
#9792002
1)
0O
0G
0I
0K
#9795002
0+
#9796002
0)
#9800002
1)
1+
1i
b1000000000001 9
1?
b10000000000 :
17
1=
1q
1/
1R
13
#9804002
0)
#9805002
0+
#9808002
1)
03
b1000000001010101010101010 L
07
10
b1000000001010101010101010 N
1>
1Q
1<
0=
1T
#9810002
1+
0i
0q
#9812002
0)
#9815002
0+
#9816002
1)
b1000000001010101010101010 M
b1000000000100 9
1G
13
1S
0>
17
1O
b10000000001 :
0<
1=
#9820002
1+
0)
#9824002
1)
0=
b101000001000000001100000010 L
0O
0G
07
1>
03
b101000001000000001100000010 N
1<
#9825002
0+
#9828002
0)
#9830002
1+
#9832002
1)
0<
b1000000001000 9
0>
b10000000010 :
#9835002
0+
#9836002
0)
#9840002
1)
1+
1q
1i
#9844002
0)
#9845002
0+
#9848002
1)
13
1=
1G
1O
17
#9850002
1+
0i
0q
#9852002
0)
#9855002
0+
#9856002
1)
b10101010101010101010101010101010 L
07
0O
b101000001000000001100000010 M
0G
03
1<
0=
1>
b10101010101010101010101010101010 N
#9860002
0)
1+
#9864002
1)
0?
0<
0>
#9865002
0+
#9868002
0)
#9870002
1+
#9872002
1)
#9875002
0+
#9876002
0)
#9880002
1)
1+
1q
1O
1G
1i
0R
#9884002
0)
#9885002
0+
#9888002
1)
0O
0Q
0T
b10101010101010101010101010101010 M
0G
#9890002
1+
0q
0i
#9892002
0)
#9895002
0+
#9896002
1)
b1000 Y
1Z
1J
b1111111111 A
15
1W
1}
1D
1F
b10101010000000000000000000000000 U
0/
b111111111111 @
#9900002
0)
1+
#9904002
1)
1K
1E
0}
1V
1X
1C
0W
05
00
1I
0D
#9905002
0+
#9908002
0)
#9910002
1+
#9912002
1)
1D
0V
b1000000000000 @
15
1O
1}
0E
1W
b1111 Y
1G
0C
0X
b10000000000 A
b10101010101010101010101010101010 U
#9915002
0+
#9916002
0)
#9920002
1)
1+
1X
1i
0O
05
0D
1V
1C
1E
0}
0S
0G
0W
1q
#9924002
0)
#9925002
0+
#9928002
1)
0X
b1000000000100 @
0C
0V
0E
b10000000001 A
#9930002
1+
0q
0i
#9932002
0)
#9935002
0+
#9936002
1)
#9940002
0)
1+
#9944002
1)
1G
15
1O
1D
1}
1W
#9945002
0+
#9948002
0)
#9950002
1+
#9952002
1)
0W
0G
0D
1V
0O
1C
1X
05
0}
1E
#9955002
0+
#9956002
0)
#9960002
1)
1+
0E
1i
0X
1q
b10000000010 A
0C
0V
b1000000001000 @
#9964002
0)
#9965002
0+
#9968002
1)
#9970002
1+
0i
0q
#9972002
0)
#9975002
0+
#9976002
1)
1G
1W
1D
1O
1}
15
#9980002
0)
1+
#9984002
1)
05
1X
0D
1V
1E
0W
1C
0G
0}
0O
#9985002
0+
#9988002
0)
#9990002
1+
#9992002
1)
b10101010 U
0C
0X
b1000000001100 @
0V
0E
b10000000011 A
b1 Y
#9995002
0+
#9996002
0)
#10000002
1)
1+
1i
1q
#10004002
0)
#10005002
0+
#10008002
1)
1D
1O
15
1W
1}
1G
#10010002
1+
0i
0q
#10012002
0)
#10015002
0+
#10016002
1)
05
0D
0G
1C
0O
1E
1V
1X
0}
0W
#10020002
1+
0)
#10024002
1)
0V
0E
0C
0Z
0X
0F
#10025002
0+
#10028002
0)
#10030002
1+
#10032002
1)
#10035002
0+
#10036002
0)
#10040002
1)
1+
1i
1G
1q
1O
0J
#10044002
0)
#10045002
0+
#10048002
1)
0O
0K
0G
0I
#10050002
1+
0q
0i
#10052002
0)
#10055002
0+
#10056002
1)
b1000 Y
1D
b0 U
1W
b10000000000 A
15
1F
1J
b1000000000011 @
1Z
1}
#10060002
1+
0)
#10064002
1)
0}
0W
1C
1K
0D
05
1E
1V
1I
1X
#10065002
0+
#10068002
0)
#10070002
1+
#10072002
1)
0X
0V
0C
1W
1}
b100000000110000001000000001 U
b1111 Y
0E
1O
15
1D
b10000000001 A
b1000000000100 @
1G
#10075002
0+
#10076002
0)
#10080002
1)
1+
0G
0D
0}
1q
0W
1C
1X
1V
05
1i
0O
1E
#10084002
0)
#10085002
0+
#10088002
1)
0E
0C
0X
b101 U
0V
b1 Y
b1000000001000 @
b10000000010 A
#10090002
1+
0q
0i
#10092002
0)
#10095002
0+
#10096002
1)
#10100002
0)
1+
#10104002
1)
1G
1O
1W
1D
1}
15
#10105002
0+
#10108002
0)
#10110002
1+
#10112002
1)
05
0W
0}
0O
1V
0G
0D
1E
1X
1C
#10115002
0+
#10116002
0)
#10120002
1)
1+
0C
1q
0X
0E
0V
0F
1i
0Z
#10124002
0)
#10125002
0+
#10128002
1)
#10130002
1+
0q
0i
#10132002
0)
#10135002
0+
#10136002
1)
1O
0J
1G
#10140002
0)
1+
#10144002
1)
0G
0O
0K
0I
#10145002
0+
#10148002
0)
#10150002
1+
#10152002
1)
b10000000000 :
b1000000000010 9
1?
17
1R
13
1/
1=
#10155002
0+
#10156002
0)
#10160002
1)
1+
0=
1>
b101010101010101010101010 N
1T
b101010101010101010101010 L
07
1i
1Q
1<
03
1q
10
#10164002
0)
#10165002
0+
#10168002
1)
1O
0>
b10000000001 :
1=
b1000000000100 9
17
1S
1G
b101010101010101010101010 M
13
0<
#10170002
0i
1+
0q
#10172002
0)
#10175002
0+
#10176002
b100000000110000001000000001 N
1<
1>
0O
07
0=
b100000000110000001000000001 L
1)
03
0G
#10180002
1+
0)
#10184002
1)
b10000000010 :
0<
0>
b1000000001000 9
#10185002
0+
#10188002
0)
#10190002
1+
#10192002
1)
#10195002
0+
#10196002
0)
#10200002
1)
1+
1=
1i
1G
1q
17
1O
13
#10204002
0)
#10205002
0+
#10208002
1)
03
1>
07
0=
b10101010101010101010101000000101 N
1<
0G
0O
b10101010101010101010101000000101 L
b100000000110000001000000001 M
#10210002
1+
0i
0q
#10212002
0)
#10215002
0+
#10216002
1)
0<
0>
0?
#10220002
0)
1+
#10224002
1)
#10225002
0+
#10228002
0)
#10230002
1+
#10232002
1)
0R
1G
1O
#10235002
0+
#10236002
0)
#10240002
1)
1+
0O
1i
b10101010101010101010101000000101 M
1q
0T
0G
0Q
#10244002
0)
#10245002
0+
#10248002
1)
b1111111111 A
1Z
1F
1J
1}
1W
15
b10101010101010101010101010101010 U
1D
0/
b1111 Y
b111111111100 @
#10250002
1+
0q
0i
#10252002
0)
#10255002
0+
#10256002
1)
0}
00
1C
1I
1V
05
0W
1E
1X
1K
0D
#10260002
0)
1+
#10264002
1)
1D
0E
1O
1}
b1000000000000 @
b10000000000 A
1W
15
0C
0V
1G
0X
#10265002
0+
#10268002
0)
#10270002
1+
#10272002
1)
1X
1C
0D
0}
0O
1E
0S
05
0W
0G
1V
#10275002
0+
#10276002
0)
#10280002
1)
1+
0V
0X
1q
0C
1i
0E
b1000000000100 @
b10000000001 A
#10284002
0)
#10285002
0+
#10288002
1)
#10290002
1+
0i
0q
#10292002
0)
#10295002
0+
#10296002
1)
15
1O
1}
1D
1G
1W
#10300002
1+
0)
#10304002
1)
0W
0O
1X
0}
05
1V
1E
1C
0G
0D
#10305002
0+
#10308002
0)
#10310002
1+
#10312002
1)
0E
b1000000001000 @
b10000000010 A
0X
b101010101010101010101010 U
0V
b111 Y
0C
#10315002
0+
#10316002
0)
#10320002
1)
1+
1i
1q
#10324002
0)
#10325002
0+
#10328002
1)
1D
1}
1O
1W
15
1G
#10330002
1+
0q
0i
#10332002
0)
#10335002
0+
#10336002
1)
0}
1C
0W
1E
0D
0G
0O
1X
05
1V
#10340002
1+
0)
#10344002
1)
0V
0C
0F
0Z
0E
0X
#10345002
0+
#10348002
0)
#10350002
1+
#10352002
1)
#10355002
0+
#10356002
0)
#10360002
1)
1+
1q
1O
0J
1G
1i
#10364002
0)
#10365002
0+
#10368002
1)
0G
0O
0I
0K
#10370002
1+
0i
0q
#10372002
0)
#10375002
0+
#10376002
1)
1W
b11000000100000000100000000 U
b10000000000 A
1Z
1}
b1000000000000 @
1F
1J
1D
b1111 Y
15
#10380002
0)
1+
#10384002
1)
05
1X
1K
0W
1C
1V
0}
1I
1E
0D
#10385002
0+
#10388002
0)
#10390002
1+
#10392002
1)
1D
1W
0V
b10000000001 A
1O
0X
b1100000010100000100 U
15
0C
1G
b1000000000100 @
0E
1}
b111 Y
#10395002
0+
#10396002
0)
#10400002
1)
1+
1X
1q
0G
0O
0D
0W
1V
1C
05
1i
0}
1E
#10404002
0)
#10405002
0+
#10408002
1)
0E
0Z
0X
0C
0V
0F
#10410002
1+
0q
0i
#10412002
0)
#10415002
0+
#10416002
1)
#10420002
0)
1+
#10424002
1)
0J
1O
1G
#10425002
0+
#10428002
0)
#10430002
1+
#10432002
1)
0G
0O
0K
0I
#10435002
0+
#10436002
0)
#10440002
1)
1+
1i
17
1?
13
1=
b1111111111 :
1q
1R
1/
b111111111111 9
#10444002
0)
#10445002
0+
#10448002
1)
07
1Q
0=
1>
03
10
1<
b10101010101010101010101010101010 N
b10101010101010101010101010101010 L
1T
#10450002
1+
0i
0q
#10452002
0)
#10455002
0+
#10456002
1)
b1000000000000 9
0<
1O
17
1G
13
1S
b10101010101010101010101010101010 M
0>
1=
b10000000000 :
#10460002
1+
0)
#10464002
1)
1>
1<
0O
07
03
0G
0=
b11000000100000000100000000 L
b11000000100000000100000000 N
#10465002
0+
#10468002
0)
#10470002
1+
#10472002
1)
b10000000001 :
0>
b1000000000100 9
0<
#10475002
0+
#10476002
0)
#10480002
1)
1+
1q
1i
#10484002
0)
#10485002
0+
#10488002
1)
13
17
1O
1=
1G
#10490002
1+
0i
0q
#10492002
0)
#10495002
0+
#10496002
1)
0G
1<
07
b10101010000001100000010100000100 N
03
1>
b11000000100000000100000000 M
0=
0O
b10101010000001100000010100000100 L
#10500002
1+
0)
#10504002
1)
0<
0>
0?
#10505002
0+
#10508002
0)
#10510002
1+
#10512002
1)
#10515002
0+
#10516002
0)
#10520002
1)
1+
1G
1q
1O
0R
1i
#10524002
0)
#10525002
0+
#10528002
1)
0G
0Q
0T
0O
b10101010000001100000010100000100 M
#10530002
1+
0i
0q
#10532002
0)
#10535002
0+
#10536002
1)
b1110 Y
1D
1F
15
b1111111111 A
1J
1Z
1W
b10101010101010101010101000000000 U
0/
1}
b111111111101 @
#10540002
1+
0)
#10544002
1)
05
1E
1I
0W
0D
1V
00
1C
1X
0}
1K
#10545002
0+
#10548002
0)
#10550002
1+
#10552002
1)
0C
b1000000000000 @
1G
1W
0E
b1111 Y
15
0V
1D
b10000000000 A
1}
b10101010101010101010101010101010 U
0X
1O
#10555002
0+
#10556002
0)
#10560002
1)
1+
0O
0D
1C
1E
1q
0W
0G
1V
0S
05
1X
1i
0}
#10564002
0)
#10565002
0+
#10568002
1)
0E
0C
b1000000000100 @
0V
b10000000001 A
0X
#10570002
0q
1+
0i
#10572002
0)
#10575002
0+
#10576002
1)
#10580002
0)
1+
#10584002
1D
1O
1}
1W
1G
1)
15
#10585002
0+
#10588002
0)
#10590002
1+
#10592002
05
0W
1E
0D
1X
0}
1C
0O
1)
0G
1V
#10595002
0+
#10596002
0)
#10600002
1)
0V
0C
0E
1i
1q
b1000000001000 @
0X
1+
b10000000010 A
#10604002
0)
#10605002
0+
#10608002
1)
#10610002
0i
0q
1+
#10612002
0)
#10615002
0+
#10616002
1)
1W
15
1D
1}
1O
1G
#10620002
0)
1+
#10624002
1)
0G
1C
1V
0D
1E
05
0W
0O
1X
0}
#10625002
0+
#10628002
0)
#10630002
1+
#10632002
1)
0V
0C
0F
0E
0Z
0X
#10635002
0+
#10636002
0)
#10640002
1)
1+
1i
1q
#10644002
0)
#10645002
0+
#10648002
1)
1G
0J
1O
#10650002
1+
0q
0i
#10652002
0)
#10655002
0+
#10656002
1)
0G
0K
0I
0O
#10660002
1+
0)
#10664002
1)
1}
b1000000000001 @
15
b10000000000 A
1F
1D
b1110 Y
1Z
1W
1J
b10000000010000000000000000 U
#10665002
0+
#10668002
0)
#10670002
1+
#10672002
1)
0D
0}
1V
1I
1E
1X
1K
1C
05
0W
#10675002
0+
#10676002
0)
#10680002
1)
1+
1W
b110000001010000010000000011 U
1O
1G
b1000000000100 @
0C
0V
1}
1D
0E
0X
1i
b10000000001 A
15
b1111 Y
1q
#10684002
0)
#10685002
0+
#10688002
1)
1V
0W
1C
0O
0G
1X
1E
0}
0D
05
#10690002
1+
0i
0q
#10692002
0)
#10695002
0+
#10696002
1)
0C
0V
0E
0F
0X
0Z
#10700002
0)
1+
#10704002
1)
#10705002
0+
#10708002
0)
#10710002
1+
#10712002
1)
1O
1G
0J
#10715002
0+
#10716002
0)
#10720002
1)
1+
1q
1i
0I
0K
0O
0G
#10724002
0)
#10725002
0+
#10728002
1)
1?
b1000000000000 9
b10000000000 :
17
13
1/
1=
1R
#10730002
1+
0q
0i
#10732002
0)
#10735002
0+
#10736002
1)
b10000000010000000010101010 L
1Q
07
1>
1<
b10000000010000000010101010 N
10
0=
03
1T
#10740002
0)
1+
#10744002
1)
1S
1G
0<
17
0>
b10000000001 :
b1000000000100 9
b10000000010000000010101010 M
13
1O
1=
#10745002
0+
#10748002
0)
#10750002
1+
#10752002
1)
0=
b110000001010000010000000011 N
b110000001010000010000000011 L
1>
1<
0G
07
0O
03
#10755002
0+
#10756002
0)
#10760002
1)
1+
1q
b1000000001000 9
0<
1i
0>
b10000000010 :
#10764002
0)
#10765002
0+
#10768002
1)
#10770002
1+
0i
0q
#10772002
0)
#10775002
0+
#10776002
1)
13
1G
1=
1O
17
#10780002
0)
1+
#10784002
1)
07
0G
1>
03
1<
b10101010101010101010101010101010 N
b10101010101010101010101010101010 L
0O
b110000001010000010000000011 M
0=
#10785002
0+
#10788002
0)
#10790002
1+
#10792002
1)
0?
0<
0>
#10795002
0+
#10796002
0)
#10800002
1)
1+
1i
1q
#10804002
0)
#10805002
0+
#10808002
1)
0R
1G
1O
#10810002
1+
0q
0i
#10812002
0)
#10815002
0+
#10816002
1)
0T
0Q
0O
0G
b10101010101010101010101010101010 M
#10820002
0)
1+
#10824002
1)
1Z
b10101010101010100000000000000000 U
15
1}
1W
1F
b111111111110 @
1J
b1100 Y
b1111111111 A
1D
0/
#10825002
0+
#10828002
0)
#10830002
1+
#10832002
1)
0W
0}
1K
05
1I
1C
1V
1E
0D
1X
00
#10835002
0+
#10836002
0)
#10840002
1)
1+
1q
b1000000000000 @
0V
1W
1}
b10101010101010101010101010101010 U
0C
1i
15
0X
1G
1D
b10000000000 A
1O
0E
b1111 Y
#10844002
0)
#10845002
0+
#10848002
1)
0W
1V
1C
0S
0}
1E
05
0O
0G
1X
0D
#10850002
1+
0i
0q
#10852002
0)
#10855002
0+
#10856002
1)
b1000000000100 @
0C
0V
0X
0E
b10000000001 A
#10860002
1+
0)
#10864002
1)
#10865002
0+
#10868002
0)
#10870002
1+
#10872002
1)
1D
1W
1}
1G
15
1O
#10875002
0+
#10876002
0)
#10880002
1)
1+
0D
1C
1q
1i
0O
05
1E
0G
0W
1X
0}
1V
#10884002
0)
#10885002
0+
#10888002
1)
0V
0C
b10000000010 A
b1000000001000 @
0X
0E
#10890002
1+
0i
0q
#10892002
0)
#10895002
0+
#10896002
1)
#10900002
0)
1+
#10904002
1)
1D
1O
1}
15
1W
1G
#10905002
0+
#10908002
0)
#10910002
1+
#10912002
1)
0G
1E
1C
1V
0W
1X
05
0D
0}
0O
#10915002
0+
#10916002
0)
#10920002
1)
1+
b1 Y
0C
1i
b10000000011 A
0E
1q
b10101010 U
0V
b1000000001100 @
0X
#10924002
0)
#10925002
0+
#10928002
1)
#10930002
1+
0q
0i
#10932002
0)
#10935002
0+
#10936002
1)
1O
1G
1}
1D
1W
15
#10940002
1+
0)
#10944002
1)
0O
1X
1C
05
1E
0W
0D
0G
1V
0}
#10945002
0+
#10948002
0)
#10950002
1+
#10952002
1)
0Z
0C
0X
0F
0V
0E
#10955002
0+
#10956002
0)
#10960002
1)
1+
1q
1i
#10964002
0)
#10965002
0+
#10968002
1)
1O
0J
1G
#10970002
1+
0q
0i
#10972002
0)
#10975002
0+
#10976002
1)
0G
0K
0I
0O
#10980002
1+
0)
#10984002
1)
1}
b1100 Y
15
1Z
b10000000000 A
b1000000000010 @
1J
1F
1W
1D
b1000000000000000000000000 U
#10985002
0+
#10988002
0)
#10990002
1+
#10992002
1)
1K
1X
0}
05
1C
1E
0D
1I
1V
0W
#10995002
0+
#10996002
0)
#11000002
1)
1+
1W
b101000001000000001100000010 U
0C
1q
15
0X
1i
1O
1}
b1111 Y
1G
0V
1D
0E
b1000000000100 @
b10000000001 A
#11004002
0)
#11005002
0+
#11008002
1)
0W
0}
05
1C
0O
1X
1V
0G
1E
0D
#11010002
1+
0q
0i
#11012002
0)
#11015002
0+
#11016002
1)
b110 U
b10000000010 A
b1 Y
0C
0E
0X
b1000000001000 @
0V
#11020002
0)
1+
#11024002
1)
#11025002
0+
#11028002
0)
#11030002
1+
#11032002
1)
1O
1W
1D
1}
15
1G
#11035002
0+
#11036002
0)
#11040002
1)
1+
0}
1V
0G
1q
1i
0D
0W
0O
05
1E
1C
1X
#11044002
0)
#11045002
0+
#11048002
1)
0X
0Z
0V
0C
0E
0F
#11050002
1+
0i
0q
#11052002
0)
#11055002
0+
#11056002
1)
#11060002
0)
1+
#11064002
1)
1G
1O
0J
#11065002
0+
#11068002
0)
#11070002
1+
#11072002
1)
0K
0O
0G
0I
#11075002
0+
#11076002
0)
#11080002
1)
1+
1i
1/
b10000000000 :
1=
17
1R
1q
1?
b1000000000001 9
13
#11084002
0)
#11085002
0+
#11088002
1)
03
0=
10
1Q
1<
b1000000001010101010101010 N
1T
1>
07
b1000000001010101010101010 L
#11090002
1+
0i
0q
#11092002
0)
#11095002
0+
#11096002
1)
b1000000001010101010101010 M
b1000000000100 9
0>
b10000000001 :
1=
13
1S
0<
17
1G
1O
#11100002
1+
0)
#11104002
1)
0O
0=
b101000001000000001100000010 L
1>
03
b101000001000000001100000010 N
0G
1<
07
#11105002
0+
#11108002
0)
#11110002
1+
#11112002
1)
b10000000010 :
b1000000001000 9
0>
0<
#11115002
0+
#11116002
0)
#11120002
1)
1+
1i
1q
#11124002
0)
#11125002
0+
#11128002
1)
1=
13
1O
17
1G
#11130002
1+
0i
0q
#11132002
0)
#11135002
0+
#11136002
1)
0O
1<
03
0G
0=
b101000001000000001100000010 M
b10101010101010101010101000000110 L
07
b10101010101010101010101000000110 N
1>
#11140002
0)
1+
#11144002
1)
0>
0<
0?
#11145002
0+
#11148002
0)
#11150002
1+
#11152002
1)
#11155002
0+
#11156002
0)
#11160002
1)
1+
1i
1G
1O
1q
0R
#11164002
0)
#11165002
0+
#11168002
1)
b10101010101010101010101000000110 M
0Q
0O
0G
0T
#11170002
1+
0i
0q
#11172002
0)
#11175002
0+
#11176002
1)
1W
b10101010000000000000000000000000 U
1Z
b1000 Y
0/
1D
b1111111111 A
1}
1J
1F
15
b111111111111 @
#11180002
1+
0)
#11184002
1)
1I
00
0W
0}
0D
1X
05
1E
1K
1C
1V
#11185002
0+
#11188002
0)
#11190002
1+
#11192002
1)
0V
b1000000000000 @
1G
1D
b10101010101010101010101010101010 U
1}
1O
b1111 Y
1W
b10000000000 A
0C
0X
0E
15
#11195002
0+
#11196002
0)
#11200002
1)
1+
05
0W
0G
1q
1i
1V
0S
0D
0O
0}
1E
1X
1C
#11204002
0)
#11205002
0+
#11208002
1)
0C
b1000000000100 @
0V
0X
b10000000001 A
0E
#11210002
0i
1+
0q
#11212002
0)
#11215002
0+
#11216002
1)
#11220002
0)
1+
#11224002
1)
1O
15
1W
1G
1D
1}
#11225002
0+
#11228002
0)
#11230002
1+
#11232002
1)
0}
0G
05
0O
1E
0W
1C
0D
1V
1X
#11235002
0+
#11236002
0)
#11240002
1)
1+
0X
1i
1q
b1000000001000 @
0E
0V
0C
b10000000010 A
#11244002
0)
#11245002
0+
#11248002
1)
#11250002
1+
0i
0q
#11252002
0)
#11255002
0+
#11256002
1)
15
1W
1G
1}
1O
1D
#11260002
1+
0)
#11264002
1)
0D
0W
0}
1X
05
0G
0O
1E
1C
1V
#11265002
0+
#11268002
0)
#11270002
1+
#11272002
1)
0V
b1000000001100 @
b10000000011 A
0X
b11 Y
b1010101010101010 U
0C
0E
#11275002
0+
#11276002
0)
#11280002
1)
1+
1i
1q
#11284002
0)
#11285002
0+
#11288002
1)
1}
15
1W
1D
1G
1O
#11290002
0i
1+
0q
#11292002
0)
#11295002
0+
#11296002
1)
05
1E
1V
0O
0}
0W
1X
0G
1C
0D
#11300002
0)
1+
#11304002
1)
0V
0E
0Z
0C
0X
0F
#11305002
0+
#11308002
0)
#11310002
1+
#11312002
1)
#11315002
0+
#11316002
0)
#11320002
1)
1+
1O
1q
0J
1i
1G
#11324002
0)
#11325002
0+
#11328002
1)
0G
0O
0I
0K
#11330002
1+
0q
0i
#11332002
0)
#11335002
0+
#11336002
1)
1F
1W
b1000 Y
15
1J
1D
b10000000000 A
b1000000000011 @
1}
1Z
b0 U
#11340002
0)
1+
#11344002
1)
05
1E
0W
1V
1K
0D
0}
1C
1I
1X
#11345002
0+
#11348002
0)
#11350002
1+
#11352002
1)
0X
b100000000110000001000000001 U
b1000000000100 @
1G
b1111 Y
1O
0E
15
0V
b10000000001 A
1W
0C
1}
1D
#11355002
0+
#11356002
0)
#11360002
1)
1+
0D
0O
1X
1i
0G
1V
1E
05
0}
1q
1C
0W
#11364002
0)
#11365002
0+
#11368002
1)
0E
0X
b10000000010 A
b11000000101 U
b11 Y
b1000000001000 @
0V
0C
#11370002
1+
0i
0q
#11372002
0)
#11375002
0+
#11376002
1)
#11380002
0)
1+
#11384002
1)
1W
1D
1O
1G
15
1}
#11385002
0+
#11388002
0)
#11390002
1+
#11392002
1)
0}
0W
0O
1X
1E
0D
1C
05
0G
1V
#11395002
0+
#11396002
0)
#11400002
1)
1+
0V
1q
0F
0E
0X
1i
0Z
0C
#11404002
0)
#11405002
0+
#11408002
1)
#11410002
1+
0q
0i
#11412002
0)
#11415002
0+
#11416002
1)
1O
0J
1G
#11420002
1+
0)
#11424002
1)
0O
0K
0G
0I
#11425002
0+
#11428002
0)
#11430002
1+
#11432002
1)
1R
1?
b1000000000010 9
13
1/
1=
b10000000000 :
17
#11435002
0+
#11436002
0)
#11440002
1)
1+
07
0=
1T
1<
03
1i
1Q
10
1>
1q
b101010101010101010101010 N
b101010101010101010101010 L
#11444002
0)
#11445002
0+
#11448002
1)
17
1=
1O
b1000000000100 9
1S
b101010101010101010101010 M
13
0<
0>
b10000000001 :
1G
#11450002
1+
0i
0q
#11452002
0)
#11455002
0+
#11456002
1)
03
b100000000110000001000000001 L
0G
07
0=
0O
1<
b100000000110000001000000001 N
1>
#11460002
0)
1+
#11464002
1)
0>
b1000000001000 9
b10000000010 :
0<
#11465002
0+
#11468002
0)
#11470002
1+
#11472002
1)
#11475002
0+
#11476002
0)
#11480002
1)
1+
1=
1q
13
17
1G
1O
1i
#11484002
0)
#11485002
0+
#11488002
1)
07
1>
03
1<
b100000000110000001000000001 M
0=
b10101010101010100000011000000101 L
0O
0G
b10101010101010100000011000000101 N
#11490002
1+
0i
0q
#11492002
0)
#11495002
0+
#11496002
1)
0?
0<
0>
#11500002
1+
0)
#11504002
1)
#11505002
0+
#11508002
0)
#11510002
1+
#11512002
1)
0R
1G
1O
#11515002
0+
#11516002
0)
#11520002
1)
1+
0O
1i
0T
0Q
b10101010101010100000011000000101 M
1q
0G
#11524002
0)
#11525002
0+
#11528002
1)
#11530002
1+
0i
0q
#11532002
0)
#11535002
0+
#11536002
1)
#11536003
1+
bx U
bx @
bx A
bx ;
1q
bx Y
1i
bx B
bx :
bx 9
#11540003
0)
#11541003
0+
#11544003
1)
1G
1O
#11546003
1+
#11548003
0)
#11551003
0+
#11552003
1)
0G
0q
0O
1*
0S
0i
1,
#11556003
0)
1+
#11560003
1)
00
0/
#11561003
0+
#11564003
0)
#11566003
1+
#11568003
1)
0*
#11571003
0+
#11572003
0)
#11576003
1)
1+
0,
1O
1G
#11580003
0)
#11581003
0+
#11584003
1)
#11586003
1+
1~
b111111111100 b
b10101010101010101010101010101010 w
1h
b1111111111 c
1q
1f
b1111 {
16
1i
1y
1|
1l
b10 d
#11588003
0)
#11591003
0+
#11592003
1)
0O
0G
#11596003
1+
1k
1e
0)
0f
1x
0~
0q
1g
1z
0i
06
1m
0y
#11600003
1)
#11601003
0+
#11604003
0)
#11606003
1+
0g
0e
b1000000000000 b
0x
b10000000000 c
0z
#11608003
1)
#11611003
0+
#11612003
0)
#11616003
1)
1+
1y
1O
1G
1q
1f
1~
16
1i
#11620003
0)
#11621003
0+
#11624003
1)
0G
0O
#11626003
0i
0y
0f
1z
1x
1+
1e
0q
1g
06
0~
#11628003
0)
#11631003
0+
#11632003
1)
#11636003
0)
1+
b1 {
0e
b1000000000100 b
b10101010 w
0x
0z
0g
b10000000001 c
#11640003
1)
#11641003
0+
#11644003
0)
#11646003
1+
#11648003
1)
1G
1O
#11651003
0+
#11652003
0)
#11656003
1)
1+
0O
0G
1i
1~
1y
1q
1f
16
#11660003
0)
#11661003
0+
#11664003
1)
#11666003
1+
06
1x
0q
0y
0~
0i
1e
0f
1g
1z
#11668003
0)
#11671003
0+
#11672003
1)
#11676003
0)
1+
0z
0x
0h
0g
0|
0e
#11680003
1)
1O
1G
#11681003
0+
#11684003
0)
#11686003
1+
#11688003
1)
0G
0O
#11691003
0+
#11692003
0)
#11696003
1)
1+
1i
1q
0l
#11700003
0)
#11701003
0+
#11704003
1)
#11706003
1+
0i
0k
0q
0m
#11708003
0)
#11711003
0+
#11712003
1)
1O
1G
#11716003
16
0)
1l
b10000000000 c
b0 w
1+
1~
1y
b1000000000000 b
1|
1f
1h
#11720003
0O
1)
0G
#11721003
0+
#11724003
0)
#11726003
1+
0y
1e
1x
1z
0~
06
1m
0f
1k
1g
#11728003
1)
#11731003
0+
#11732003
0)
#11736003
1)
1+
0g
1i
0x
0h
0e
0z
0l
1q
0|
#11740003
0)
#11741003
0+
#11744003
1)
1G
1O
#11746003
0i
1+
0q
0k
0m
#11748003
0)
#11751003
0+
#11752003
0O
0G
1)
#11756003
0)
1_
18
11
1t
1+
14
b111111111111 [
1a
b10 ]
b1111111111 \
#11760003
1)
#11761003
0+
#11764003
0)
#11766003
1+
08
b10101010101010101010101010101010 p
1^
0_
12
1s
1v
1`
b10101010101010101010101010101010 n
04
#11768003
1)
#11771003
0+
#11772003
0)
#11776003
1)
1+
14
b10000000000 \
1O
18
0^
1i
1u
1_
1G
b10101010101010101010101010101010 o
1q
0`
b1000000000000 [
#11780003
0)
#11781003
0+
#11784003
1)
0O
0G
#11786003
b101010101010101000000000 p
04
1+
0i
08
1^
1`
b101010101010101000000000 n
0_
0q
#11788003
0)
#11791003
0+
#11792003
1)
#11796003
0)
1+
0`
0^
0a
#11800003
1)
#11801003
0+
#11804003
0)
#11806003
1+
#11808003
1G
1)
1O
#11811003
0+
#11812003
0)
#11816003
1)
0O
1q
0t
1i
1+
0G
#11820003
0)
#11821003
0+
#11824003
1)
#11826003
0s
0q
1+
0i
b101010101010101000000000 o
0v
#11828003
0)
#11831003
0+
#11832003
1)
#11836003
0)
1|
1y
16
1~
b10101010101010101010101000000000 w
b1111111111 c
01
1h
b1110 {
1+
1f
1l
b111111111101 b
#11840003
1G
1)
1O
#11841003
0+
#11844003
0)
#11846003
1+
1z
02
1e
1g
1m
1x
0y
0~
06
1k
0f
#11848003
1)
0G
0O
#11851003
0+
#11852003
0)
#11856003
1)
1+
1~
b1000000000000 b
1f
1y
0z
0x
0e
b10000000000 c
0g
b10101010101010101010101010101010 w
1q
16
b1111 {
1i
#11860003
0)
#11861003
0+
#11864003
1)
#11866003
1+
0i
1g
0u
0~
1e
0y
0f
1x
1z
06
0q
#11868003
0)
#11871003
0+
#11872003
1)
1O
1G
#11876003
0)
0x
1+
b10000000001 c
b1000000000100 b
0g
0e
0z
b1010101010101010 w
b11 {
#11880003
0G
1)
0O
#11881003
0+
#11884003
0)
#11886003
1+
#11888003
1)
#11891003
0+
#11892003
0)
#11896003
1)
1q
1i
1f
1y
1~
1+
16
#11900003
0)
#11901003
0+
#11904003
1O
1G
1)
#11906003
06
0y
1g
1+
0f
1x
0i
0q
0~
1z
1e
#11908003
0)
#11911003
0+
#11912003
1)
0O
0G
#11916003
0)
1+
0|
0h
0e
0g
0x
0z
#11920003
1)
#11921003
0+
#11924003
0)
#11926003
1+
#11928003
1)
#11931003
0+
#11932003
0)
#11936003
1)
1+
1G
1i
1O
1q
0l
#11940003
0)
#11941003
0+
#11944003
1)
0G
0O
#11946003
1+
0m
0k
0q
0i
#11948003
0)
#11951003
0+
#11952003
1)
#11956003
0)
1+
1l
16
1|
1y
b1000000000001 b
b10 {
1h
1f
b10000000000 c
b0 w
1~
#11960003
1)
#11961003
0+
#11964003
0)
#11966003
1+
0~
0f
1z
1g
06
1e
0y
1x
1k
1m
#11968003
1)
1O
1G
#11971003
0+
#11972003
0)
#11976003
1)
1+
0G
0e
1i
0h
0l
0g
0z
0|
0O
0x
1q
#11980003
0)
#11981003
0+
#11984003
1)
#11986003
1+
0q
0m
0i
0k
#11988003
0)
#11991003
0+
#11992003
1)
#11996003
0)
1+
1a
18
1t
14
11
1_
#12000003
1G
1)
1O
#12001003
0+
#12004003
0)
#12006003
0_
04
1v
1s
08
12
1+
1^
1`
#12008003
0G
1)
0O
#12011003
0+
#12012003
0)
#12016003
1)
1+
0`
0t
0a
1u
1q
1i
0^
#12020003
0)
#12021003
0+
#12024003
1)
#12026003
1+
0s
0v
0i
0q
#12026004
bx [
bx d
bx \
bx {
bx b
bx w
bx ]
bx c
#12030004
0)
#12031004
0+
#12034004
1)
1G
1O
#12036004
1+
1q
1i
#12038004
0)
#12041004
0+
#12042004
1)
0i
0O
1*
1,
0q
0G
#12046004
1+
0u
0)
02
01
#12050004
1)
#12051004
0+
#12054004
0)
#12056004
1+
#12058004
1)
0*
#12061004
0+
#12062004
0)
#12066004
1)
1+
1G
1O
0,
#12070004
0)
#12071004
0+
#12074004
1)
#12076004
1+
1i
1q
#12078004
0)
#12081004
0+
#12082004
1)
#12086004
0)
1+
#12090004
1)
#12091004
0+
#12094004
0)
#12096004
1+
#12098004
1)
b111111111100 @
1W
1D
b10101010101010101010101010101010 U
1}
b1111111111 A
1F
b1111 Y
1J
15
1Z
b10 B
#12101004
0+
#12102004
0)
#12106004
1)
1+
1V
1I
1C
1E
1K
0D
0W
0}
05
0J
1X
#12110004
0)
#12111004
0+
#12114004
1)
0X
0K
0E
0V
0C
0I
0F
0Z
#12116004
1+
#12118004
0)
#12121004
0+
#12122004
1)
#12126004
0)
1+
#12130004
1)
1Z
1W
b10000000000 A
b1000000000000 @
1D
1F
15
1J
1}
#12131004
0+
#12134004
0)
#12136004
1+
#12138004
1)
0}
0W
1V
1C
1E
1K
1X
0J
05
1I
0D
#12141004
0+
#12142004
0)
#12146004
1)
1+
0K
0E
0C
0V
0Z
0I
0X
0F
#12150004
0)
#12151004
0+
#12154004
1)
#12156004
1+
#12158004
0)
#12161004
0+
#12162004
1)
1F
1D
1}
b1000000000100 @
1W
b10000000001 A
b10101010 U
15
1Z
1J
b1 Y
#12166004
1+
0)
#12170004
1)
0}
1C
0D
1V
1E
1K
0W
0J
1I
05
1X
#12171004
0+
#12174004
0)
#12176004
1+
#12178004
1)
0X
0V
0K
0C
0F
0E
0I
0Z
#12181004
0+
#12182004
0)
#12186004
1)
1+
#12190004
0)
#12191004
0+
#12194004
1)
1Z
1F
1D
b10000000000 A
1}
b1000000000000 @
15
1J
1W
b0 U
#12196004
1+
#12198004
0)
#12201004
0+
#12202004
1)
1K
0}
0D
1V
1X
1C
0W
0J
1E
05
1I
#12206004
1+
0)
#12210004
1)
0I
0X
0F
0K
0Z
0V
0E
0C
#12211004
0+
#12214004
0)
#12216004
1+
#12218004
1)
#12221004
0+
#12222004
0)
#12226004
1)
1+
b111111111111 9
1=
1/
17
b10 ;
1?
13
b1111111111 :
1R
#12230004
0)
#12231004
0+
#12234004
1)
0R
10
1<
b10101010101010101010101010101010 N
0=
1>
07
1Q
1T
03
b10101010101010101010101010101010 L
#12236004
1+
#12238004
0)
#12241004
0+
#12242004
1)
b10101010101010101010101010101010 M
0Q
0?
0<
0>
0T
1S
#12246004
0)
1+
#12250004
1)
0S
#12251004
0+
#12254004
0)
#12256004
1+
#12258004
1)
1R
1?
17
b1000000000000 9
1=
13
b10000000000 :
#12261004
0+
#12262004
0)
#12266004
1)
1+
b10101010101010101010101000000000 L
1<
07
0R
b10101010101010101010101000000000 N
1Q
03
0=
1>
1T
#12270004
0)
#12271004
0+
#12274004
1)
0T
1S
b10101010101010101010101000000000 M
0?
0<
0>
0Q
#12276004
1+
#12278004
0)
#12281004
0+
#12282004
1)
0S
#12286004
0)
1+
#12290004
1)
b10101010101010101010101000000000 U
b1110 Y
1}
1F
1Z
1D
b1111111111 A
0/
15
1J
1W
b111111111101 @
#12291004
0+
#12294004
0)
#12296004
1+
#12298004
1)
1C
1X
0}
00
1I
0D
1K
0W
1E
0J
1V
05
#12301004
0+
#12302004
0)
#12306004
1)
1+
0F
0C
0X
0I
0Z
0V
0K
0E
#12310004
0)
#12311004
0+
#12314004
1)
#12316004
1+
#12318004
0)
#12321004
0+
#12322004
1)
15
b1000000000000 @
b10000000000 A
1F
1}
1D
b10101010101010101010101010101010 U
b1111 Y
1Z
1W
1J
#12326004
1+
0)
#12330004
1)
0J
0D
1E
1I
0}
05
1X
1C
0W
1K
1V
#12331004
0+
#12334004
0)
#12336004
1+
#12338004
1)
0V
0X
0I
0E
0F
0K
0C
0Z
#12341004
0+
#12342004
0)
#12346004
1)
1+
#12350004
0)
#12351004
0+
#12354004
1)
1Z
b1010101010101010 U
1D
1J
b10000000001 A
b1000000000100 @
15
1}
1F
1W
b11 Y
#12356004
1+
#12358004
0)
#12361004
0+
#12362004
1)
1E
1I
05
1X
0J
1V
0D
0W
1C
1K
0}
#12366004
1+
0)
#12370004
1)
0V
0X
0E
0I
0Z
0K
0C
0F
#12371004
0+
#12374004
0)
#12376004
1+
#12378004
1)
#12381004
0+
#12382004
0)
#12386004
1)
1+
1F
1J
b10 Y
1}
15
b0 U
b1000000000001 @
b10000000000 A
1D
1Z
1W
#12390004
0)
#12391004
0+
#12394004
1)
0W
0}
1I
0J
1E
1V
1X
05
1C
0D
1K
#12396004
1+
#12398004
0)
#12401004
0+
#12402004
1)
0K
0E
0X
0I
0F
0V
0Z
0C
#12406004
1+
0)
#12410004
1)
#12411004
0+
#12414004
0)
#12416004
1+
#12418004
1)
1?
17
1R
1=
13
1/
#12421004
0+
#12422004
0)
#12426004
1)
1+
07
1Q
b10101010101010100000000010101010 N
1T
10
b10101010101010100000000010101010 L
03
0R
1<
0=
1>
#12430004
0)
#12431004
0+
#12434004
1)
0>
0Q
0T
0?
b10101010101010100000000010101010 M
1S
0<
#12436004
1+
#12438004
0)
#12441004
0+
#12442004
1)
0S
#12446004
1+
0)
#12450004
1)
b111111111110 @
1F
b1100 Y
1J
1}
1W
0/
b10101010101010100000000000000000 U
1D
1Z
15
b1111111111 A
#12451004
0+
#12454004
0)
#12456004
1+
#12458004
1)
1X
0J
00
1C
1E
1K
0W
0}
1I
05
0D
1V
#12461004
0+
#12462004
0)
#12466004
1)
1+
0V
0C
0X
0F
0K
0E
0I
0Z
#12470004
0)
#12471004
0+
#12474004
1)
#12476004
1+
#12478004
0)
#12481004
0+
#12482004
1)
1Z
1}
b1111 Y
1J
b1000000000000 @
1F
1W
b10000000000 A
b10101010101010101010101010101010 U
1D
15
#12486004
0)
1+
#12490004
1)
05
1K
1C
0}
1V
0J
1X
0D
0W
1I
1E
#12491004
0+
#12494004
0)
#12496004
1+
#12498004
1)
0E
0F
0C
0K
0Z
0V
0I
0X
#12501004
0+
#12502004
0)
#12506004
1)
1+
#12510004
0)
#12511004
0+
#12514004
1)
1Z
1J
b111 Y
1F
15
1}
b1000000000100 @
1D
1W
b101010101010101010101010 U
b10000000001 A
#12516004
1+
#12518004
0)
#12521004
0+
#12522004
1)
0}
1X
1C
0J
1E
05
1K
1I
1V
0W
0D
#12526004
0)
1+
#12530004
1)
0C
0X
0Z
0E
0F
0K
0V
0I
#12531004
0+
#12534004
0)
#12536004
1+
#12538004
1)
#12541004
0+
#12542004
0)
#12546004
1)
1+
b10000000000 A
b100 Y
1D
15
1}
1Z
1J
1W
b0 U
1F
b1000000000010 @
#12550004
0)
#12551004
0+
#12554004
1)
1E
0D
1C
1I
0}
05
1X
0J
1V
0W
1K
#12556004
1+
#12558004
0)
#12561004
0+
#12562004
1)
0K
0Z
0E
0I
0C
0X
0F
0V
#12566004
0)
1+
#12570004
1)
#12571004
0+
#12574004
0)
#12576004
1+
#12578004
1)
1/
b1000000000001 9
17
1?
13
1=
1R
#12581004
0+
#12582004
0)
#12586004
1)
1+
0R
1<
07
10
b10101010000000001010101010101010 N
1T
1>
1Q
0=
b10101010000000001010101010101010 L
03
#12590004
0)
#12591004
0+
#12594004
1)
0<
b10101010000000001010101010101010 M
0>
1S
0T
0Q
0?
#12596004
1+
#12598004
0)
#12601004
0+
#12602004
1)
0S
#12606004
0)
1+
#12610004
1)
0/
15
b111111111111 @
1D
b1000 Y
b1111111111 A
1Z
1}
1F
1W
1J
b10101010000000000000000000000000 U
#12611004
0+
#12614004
0)
#12616004
1+
#12618004
1)
1V
1I
0D
1K
05
1E
00
0J
0}
1C
0W
1X
#12621004
0+
#12622004
0)
#12626004
1)
1+
0X
0E
0Z
0V
0I
0K
0C
0F
#12630004
0)
#12631004
0+
#12634004
1)
#12636004
1+
#12638004
0)
#12641004
0+
#12642004
1)
1F
b10101010101010101010101010101010 U
1Z
1D
b1000000000000 @
b10000000000 A
15
b1111 Y
1J
1}
1W
#12646004
1+
0)
#12650004
1)
0W
05
1E
1I
1X
1V
0D
0}
1C
0J
1K
#12651004
0+
#12654004
0)
#12656004
1+
#12658004
1)
0K
0Z
0V
0E
0F
0X
0I
0C
#12661004
0+
#12662004
0)
#12666004
1)
1+
#12670004
0)
#12671004
0+
#12674004
1)
15
1Z
1W
1F
b10000000001 A
b1000000000100 @
1D
1J
1}
#12676004
1+
#12678004
0)
#12681004
0+
#12682004
1)
0}
1V
1X
05
1C
1K
0W
1E
0J
1I
0D
#12686004
1+
0)
#12690004
1)
0X
0V
0K
0Z
0C
0F
0I
0E
#12691004
0+
#12694004
0)
#12696004
1+
#12698004
1)
#12701004
0+
#12702004
0)
#12706004
1)
1+
15
b10000000000 A
1D
b0 U
1W
1}
1Z
1F
1J
b1000000000011 @
b1000 Y
#12710004
0)
#12711004
0+
#12714004
1)
1E
0}
1C
0D
05
0W
1X
1K
1V
1I
0J
#12716004
1+
#12718004
0)
#12721004
0+
#12722004
1)
0K
0C
0E
0X
0I
0V
0Z
0F
#12726004
0)
1+
#12730004
1)
#12731004
0+
#12734004
0)
#12736004
1+
#12738004
1)
13
1R
1?
1/
b1000000000010 9
17
1=
#12741004
0+
#12742004
0)
#12746004
1)
1+
0=
03
1<
0R
b101010101010101010101010 N
1>
07
10
b101010101010101010101010 L
1Q
1T
#12750004
0)
#12751004
0+
#12754004
1)
0T
1S
b101010101010101010101010 M
0<
0?
0Q
0>
#12756004
1+
#12758004
0)
#12761004
0+
#12762004
1)
0S
#12766004
0)
1+
#12770004
1)
1=
b1000000000100 9
13
b10000000001 :
1R
1?
17
#12771004
0+
#12774004
0)
#12776004
1+
#12778004
1)
07
1<
1T
1>
b10101010101010101010101010101010 N
0=
03
0R
1Q
b10101010101010101010101010101010 L
#12781004
0+
#12782004
0)
#12786004
1)
1+
0>
0T
0<
1S
b10101010101010101010101010101010 M
0Q
0?
#12790004
0)
#12791004
0+
#12794004
1)
0S
#12796004
1+
#12798004
0)
#12801004
0+
#12802004
1)
1F
b1111 Y
1}
b1111111111 A
1J
b10101010101010101010101010101010 U
1D
1W
0/
15
b111111111100 @
1Z
#12806004
1+
0)
#12810004
1)
1E
0}
1K
0W
1C
0D
0J
00
05
1X
1V
1I
#12811004
0+
#12814004
0)
#12816004
1+
#12818004
1)
0I
0E
0Z
0F
0C
0K
0V
0X
#12821004
0+
#12822004
0)
#12826004
1)
1+
#12830004
0)
#12831004
0+
#12834004
1)
b10000000000 A
1D
1F
1}
1Z
1W
b1000000000000 @
1J
15
#12836004
1+
#12838004
0)
#12841004
0+
#12842004
1)
05
1X
1C
1E
1I
0}
0D
0J
1V
1K
0W
#12846004
1+
0)
#12850004
1)
0C
0X
0Z
0I
0E
0F
0K
0V
#12851004
0+
#12854004
0)
#12856004
1+
#12858004
1)
#12861004
0+
#12862004
0)
#12866004
1)
1+
1W
1}
b11 Y
15
b10000000001 A
1Z
b1010101010101010 U
1D
1F
b1000000000100 @
1J
#12870004
0)
#12871004
0+
#12874004
1)
0J
1V
0}
0W
1C
1E
1I
05
1X
1K
0D
#12876004
1+
#12878004
0)
#12881004
0+
#12882004
1)
0V
0Z
0I
0E
0C
0K
0X
0F
#12886004
0)
1+
#12890004
1)
#12891004
0+
#12894004
0)
#12896004
1+
#12898004
1)
1F
1W
1D
15
1}
1J
b10000000000 A
1Z
b1000000000000 @
b100000000 U
#12901004
0+
#12902004
0)
#12906004
1)
1+
05
0D
0W
1E
0J
1I
0}
1V
1X
1K
1C
#12910004
0)
#12911004
0+
#12914004
1)
0C
0F
0I
0E
0K
0X
0Z
0V
#12916004
1+
#12918004
0)
#12921004
0+
#12922004
1)
#12926004
0)
1+
#12930004
1)
1=
1/
17
b1111111111 :
1?
b111111111111 9
13
1R
#12931004
0+
#12934004
0)
#12936004
1+
#12938004
1)
0R
07
0=
1>
1<
1T
03
1Q
10
#12941004
0+
#12942004
0)
#12946004
1)
1+
1S
0<
0?
0>
0Q
0T
#12950004
0)
#12951004
0+
#12954004
1)
0S
#12956004
1+
#12958004
0)
#12961004
0+
#12962004
1)
1?
1R
17
b10000000000 :
1=
13
b1000000000000 9
#12966004
0)
1+
#12970004
1)
b10101010101010100000000100000000 L
1T
07
1<
b10101010101010100000000100000000 N
0R
03
1>
0=
1Q
#12971004
0+
#12974004
0)
#12976004
1+
#12978004
1)
0Q
1S
0?
0<
0T
b10101010101010100000000100000000 M
0>
#12981004
0+
#12982004
0)
#12986004
1)
1+
0S
#12990004
0)
#12991004
0+
#12994004
1)
b10101010101010101010101000000000 U
0/
1}
1D
b1111111111 A
15
1W
1F
1J
b1110 Y
1Z
b111111111101 @
#12996004
1+
#12998004
0)
#13001004
0+
#13002004
1)
00
1V
0J
1I
0D
0}
0W
1C
05
1E
1X
1K
#13006004
1+
0)
#13010004
1)
0K
0I
0C
0V
0F
0X
0E
0Z
#13011004
0+
#13014004
0)
#13016004
1+
#13018004
1)
#13021004
0+
#13022004
0)
#13026004
1)
1+
1Z
b1000000000000 @
1J
b10101010101010101010101010101010 U
1W
1}
1D
b10000000000 A
b1111 Y
1F
15
#13030004
0)
#13031004
0+
#13034004
1)
05
1I
0D
1V
1K
0}
0W
1C
0J
1E
1X
#13036004
1+
#13038004
0)
#13041004
0+
#13042004
1)
0X
0C
0I
0Z
0V
0K
0E
0F
#13046004
1+
0)
#13050004
1)
#13051004
0+
#13054004
0)
#13056004
1+
#13058004
1)
1F
1D
b1000000000100 @
15
1Z
1}
1W
b101010101010101010101010 U
1J
b111 Y
b10000000001 A
#13061004
0+
#13062004
0)
#13066004
1)
1+
0W
0D
1X
1V
1C
0}
1I
05
1K
0J
1E
#13070004
0)
#13071004
0+
#13074004
1)
0E
0X
0I
0F
0C
0Z
0V
0K
#13076004
1+
#13078004
0)
#13081004
0+
#13082004
1)
#13086004
0)
1+
#13090004
1)
b10000000000 A
1Z
1D
1W
1F
1}
b1000000000001 @
b110 Y
1J
15
b10000000000000000 U
#13091004
0+
#13094004
0)
#13096004
1+
#13098004
1)
1K
1X
0}
1E
0W
1C
0D
1I
05
1V
0J
#13101004
0+
#13102004
0)
#13106004
1)
1+
0X
0K
0Z
0C
0F
0E
0V
0I
#13110004
0)
#13111004
0+
#13114004
1)
#13116004
1+
#13118004
0)
#13121004
0+
#13122004
1)
1/
1?
17
1=
1R
13
#13126004
1+
0)
#13130004
1)
1>
1<
b10101010000000010000000010101010 N
1Q
10
03
b10101010000000010000000010101010 L
0R
07
0=
1T
#13131004
0+
#13134004
0)
#13136004
1+
#13138004
1)
0T
0?
0<
0>
0Q
1S
b10101010000000010000000010101010 M
#13141004
0+
#13142004
0)
#13146004
1)
1+
0S
#13150004
0)
#13151004
0+
#13154004
1J
b10101010101010100000000000000000 U
1D
1F
b1111111111 A
0/
1Z
1W
1}
1)
15
b1100 Y
b111111111110 @
#13156004
1+
#13158004
0)
#13161004
0+
#13162004
0W
0D
1I
0J
1X
1C
00
1K
1)
1V
1E
05
0}
#13166004
1+
0)
#13170004
1)
0I
0C
0Z
0X
0F
0K
0E
0V
#13171004
0+
#13174004
0)
#13176004
1+
#13178004
1)
#13181004
0+
#13182004
0)
#13186004
1)
1+
1}
b1000000000000 @
1D
1W
b10101010101010101010101010101010 U
1Z
1J
b10000000000 A
15
1F
b1111 Y
#13190004
0)
#13191004
0+
#13194004
1)
0J
0D
0}
0W
1X
1I
1C
1V
1E
05
1K
#13196004
1+
#13198004
0)
#13201004
0+
#13202004
1)
0K
0I
0X
0Z
0C
0F
0E
0V
#13206004
0)
1+
#13210004
1)
#13211004
0+
#13214004
0)
#13216004
1+
#13218004
1)
1J
b1000000000100 @
1D
1W
1}
1Z
15
1F
b10000000001 A
#13221004
0+
#13222004
0)
#13226004
1)
1+
0W
1V
1X
0D
1I
1K
0J
0}
1E
05
1C
#13230004
0)
#13231004
0+
#13234004
1)
0C
0K
0I
0X
0V
0F
0E
0Z
#13236004
1+
#13238004
0)
#13241004
0+
#13242004
1)
#13246004
0)
1+
#13250004
1)
1Z
1W
b10000000000 A
b1100 Y
1D
b1000000000000000000000000 U
b1000000000010 @
15
1J
1F
1}
#13251004
0+
#13254004
0)
#13256004
1+
#13258004
1)
0}
0W
1X
0D
1K
1C
1I
1E
0J
05
1V
#13261004
0+
#13262004
0)
#13266004
1)
1+
0V
0C
0Z
0K
0X
0F
0E
0I
#13270004
0)
#13271004
0+
#13274004
1)
#13276004
1+
#13278004
0)
#13281004
0+
#13282004
1)
1?
b1000000000001 9
13
1/
1=
1R
17
#13286004
1+
0)
#13290004
1)
07
03
10
1Q
1T
b1000000001010101010101010 N
1<
1>
0R
b1000000001010101010101010 L
0=
#13291004
0+
#13294004
0)
#13296004
1+
#13298004
1)
0?
1S
b1000000001010101010101010 M
0<
0Q
0T
0>
#13301004
0+
#13302004
0)
#13306004
1)
1+
0S
#13310004
0)
#13311004
0+
#13314004
1)
1=
1?
b10000000001 :
13
17
b1000000000100 9
1R
#13316004
1+
#13318004
0)
#13321004
0+
#13322004
1)
0R
1Q
07
1>
0=
03
1<
b10101010101010101010101010101010 N
b10101010101010101010101010101010 L
1T
#13326004
1+
0)
#13330004
1)
0T
1S
b10101010101010101010101010101010 M
0<
0Q
0?
0>
#13331004
0+
#13334004
0)
#13336004
1+
#13338004
1)
0S
#13341004
0+
#13342004
0)
#13346004
1)
1+
b10101010000000000000000000000000 U
1}
1W
1Z
b1000 Y
1D
b1111111111 A
15
b111111111111 @
1F
0/
1J
#13350004
0)
#13351004
0+
#13354004
1)
0J
1I
0D
1K
00
1V
1C
0W
0}
1E
05
1X
#13356004
1+
#13358004
0)
#13361004
0+
#13362004
1)
0X
0K
0I
0C
0V
0Z
0E
0F
#13366004
1+
0)
#13370004
1)
#13371004
0+
#13374004
0)
#13376004
1+
#13378004
1)
1F
1D
1J
1W
b1111 Y
b10101010101010101010101010101010 U
b10000000000 A
1Z
15
1}
b1000000000000 @
#13381004
0+
#13382004
0)
#13386004
1)
1+
1X
1V
0D
0W
1C
0J
1I
1K
0}
1E
05
#13390004
0)
#13391004
0+
#13394004
1)
0I
0F
0X
0V
0C
0E
0K
0Z
#13396004
1+
#13398004
0)
#13401004
0+
#13402004
1)
#13406004
0)
1+
#13410004
1)
1Z
b1000000000100 @
15
1J
1F
1D
1W
1}
b10000000001 A
#13411004
0+
#13414004
0)
#13416004
1+
#13418004
1)
0D
1V
1I
1X
0J
05
0}
1C
0W
1K
1E
#13421004
0+
#13422004
0)
#13426004
1)
1+
0E
0Z
0X
0F
0I
0V
0K
0C
#13430004
0)
#13431004
0+
#13434004
1)
#13436004
1+
#13438004
0)
#13441004
0+
#13442004
1)
1J
b10000000010 A
b1 Y
1D
1F
b1000000001000 @
1Z
15
1W
1}
b10101010 U
#13446004
1+
0)
#13450004
1)
1I
0J
1C
1E
0D
1X
0}
1K
0W
05
1V
#13451004
0+
#13454004
0)
#13456004
1+
#13458004
1)
0V
0I
0E
0F
0C
0X
0K
0Z
#13461004
0+
#13462004
0)
#13466004
1)
1+
#13470004
0)
#13471004
0+
#13474004
1)
1Z
b0 U
1F
1D
b1000000000011 @
b10000000000 A
1J
b1000 Y
15
1W
1}
#13476004
1+
#13478004
0)
#13481004
0+
#13482004
1)
0}
0D
0J
1V
1I
1E
0W
1K
05
1X
1C
#13486004
1+
0)
#13490004
1)
0C
0I
0F
0Z
0V
0X
0E
0K
#13491004
0+
#13494004
0)
#13496004
1+
#13498004
1)
#13501004
0+
#13502004
0)
#13506004
1)
1+
1}
1Z
b1 U
1F
b10000000001 A
1J
b1000000000100 @
1D
15
1W
b1 Y
#13510004
0)
#13511004
0+
#13514004
1)
1K
1I
1C
0}
0J
0W
1V
05
0D
1E
1X
#13516004
1+
#13518004
0)
#13521004
0+
#13522004
1)
0X
0K
0I
0C
0Z
0F
0E
0V
#13526004
0)
1+
#13530004
1)
#13531004
0+
#13534004
0)
#13536004
1+
#13538004
1)
17
1?
b10000000000 :
1R
13
1=
b1000000000010 9
1/
#13541004
0+
#13542004
0)
#13546004
1)
1+
1<
03
1T
07
1>
0R
1Q
10
0=
b101010101010101010101010 L
b101010101010101010101010 N
#13550004
0)
#13551004
0+
#13554004
1)
0?
0Q
b101010101010101010101010 M
0T
1S
0<
0>
#13556004
1+
#13558004
0)
#13561004
0+
#13562004
1)
0S
#13566004
0)
1+
#13570004
1)
13
1?
17
1R
b10000000001 :
b1000000000100 9
1=
#13571004
0+
#13574004
0)
#13576004
1+
#13578004
1)
0=
b10101010101010101010101000000001 N
0R
1<
1>
1Q
1T
07
03
b10101010101010101010101000000001 L
#13581004
0+
#13582004
0)
#13586004
1)
1+
0>
0<
b10101010101010101010101000000001 M
0T
1S
0Q
0?
#13590004
0)
#13591004
0+
#13594004
1)
0S
#13596004
1+
#13598004
0)
#13601004
0+
#13602004
1)
0/
b1111 Y
1}
b111111111100 @
1Z
b10101010101010101010101010101010 U
b1111111111 A
1J
1F
1D
15
1W
#13606004
1+
0)
#13610004
1)
0W
0}
1V
1X
1C
1K
1I
05
00
1E
0D
0J
#13611004
0+
#13614004
0)
#13616004
1+
#13618004
1)
0K
0C
0V
0Z
0X
0I
0E
0F
#13621004
0+
#13622004
0)
#13626004
1)
1+
#13630004
0)
#13631004
0+
#13634004
1)
1Z
1J
1}
1W
1F
b1000000000000 @
1D
15
b10000000000 A
#13636004
1+
#13638004
0)
#13641004
0+
#13642004
1)
0J
0W
1V
1K
0}
1C
05
1E
0D
1I
1X
#13646004
1+
0)
#13650004
1)
0F
0Z
0X
0K
0V
0I
0C
0E
#13651004
0+
#13654004
0)
#13656004
1+
#13658004
1)
#13661004
0+
#13662004
0)
#13666004
1)
1+
1}
b10000000001 A
b111 Y
b101010101010101010101010 U
1F
1J
1Z
1W
b1000000000100 @
1D
15
#13670004
0)
#13671004
0+
#13674004
1)
05
1E
1K
0}
0J
1X
0D
1C
1V
0W
1I
#13676004
1+
#13678004
0)
#13681004
0+
#13682004
1)
0I
0E
0Z
0K
0F
0X
0V
0C
#13686004
1+
0)
#13690004
1)
#13691004
0+
#13694004
0)
#13696004
1+
#13698004
1)
b10000000000 A
1J
15
1Z
1}
b100000000100000000 U
1W
1D
1F
b1000000000000 @
#13701004
0+
#13702004
0)
#13706004
1)
1+
1C
1I
0}
1K
0J
05
1E
1V
0D
0W
1X
#13710004
0)
#13711004
0+
#13714004
1)
0X
0I
0C
0Z
0K
0F
0V
0E
#13716004
1+
#13718004
0)
#13721004
0+
#13722004
1)
#13726004
0)
1+
#13730004
1)
1?
17
1=
1/
1R
13
b111111111111 9
b1111111111 :
#13731004
0+
#13734004
0)
#13736004
1+
#13738004
1)
b10101010101010101010101010101010 L
1>
1Q
0=
07
b10101010101010101010101010101010 N
1<
1T
0R
03
10
#13741004
0+
#13742004
0)
#13746004
1)
1+
0<
0Q
0>
0?
1S
b10101010101010101010101010101010 M
0T
#13750004
0)
#13751004
0+
#13754004
1)
0S
#13756004
1+
#13758004
0)
#13761004
0+
#13762004
1)
b10000000000 :
1=
1?
17
b1000000000000 9
13
1R
#13766004
0)
1+
#13770004
1)
0R
1T
1Q
b10101010000000100000000100000000 L
1<
0=
1>
b10101010000000100000000100000000 N
03
07
#13771004
0+
#13774004
0)
#13776004
1+
#13778004
1)
1S
0>
0Q
0T
0?
0<
b10101010000000100000000100000000 M
#13781004
0+
#13782004
0)
#13786004
1)
1+
0S
#13790004
0)
#13791004
0+
#13794004
1)
b111111111101 @
1Z
15
0/
b1111111111 A
1J
b1110 Y
1}
1W
b10101010101010101010101000000000 U
1F
1D
#13796004
1+
#13798004
0)
#13801004
0+
#13802004
1)
0D
1E
1X
05
00
0J
1C
1I
0}
1V
0W
1K
#13806004
0)
1+
#13810004
1)
0K
0C
0X
0E
0Z
0I
0F
0V
#13811004
0+
#13814004
0)
#13816004
1+
#13818004
1)
#13821004
0+
#13822004
0)
#13826004
1)
1+
b1111 Y
1D
b1000000000000 @
1J
15
b10000000000 A
1F
1Z
1W
1}
b10101010101010101010101010101010 U
#13830004
0)
#13831004
0+
#13834004
1)
1E
1X
05
1V
1K
1C
0J
0D
0}
0W
1I
#13836004
1+
#13838004
0)
#13841004
0+
#13842004
1)
0I
0V
0X
0E
0C
0K
0F
0Z
#13846004
1+
0)
#13850004
1)
#13851004
0+
#13854004
0)
#13856004
1+
#13858004
1)
1Z
15
1J
b1000000000100 @
1F
1W
b10000000001 A
1}
1D
#13861004
0+
#13862004
0)
#13866004
1)
1+
0D
1V
0J
1I
1C
05
1X
1E
0}
0W
1K
#13870004
0)
#13871004
0+
#13874004
1)
0K
0X
0V
0Z
0I
0C
0F
0E
#13876004
1+
#13878004
0)
#13881004
0+
#13882004
1)
#13886004
0)
1+
#13890004
1)
1J
b10000000010000000000000000 U
1D
b1110 Y
1Z
15
1F
1W
b1000000000001 @
1}
b10000000000 A
#13891004
0+
#13894004
0)
#13896004
1+
#13898004
1)
1E
1I
1K
1X
0J
0D
1V
0}
05
0W
1C
#13901004
0+
#13902004
0)
#13906004
1)
1+
0C
0K
0Z
0I
0E
0X
0V
0F
#13910004
0)
#13911004
0+
#13914004
1)
#13916004
1+
#13918004
0)
#13921004
0+
#13922004
1)
17
1?
1R
1/
1=
13
#13926004
0)
1+
#13930004
1)
03
07
1>
1Q
0R
1T
10
b10000000010000000010101010 L
0=
1<
b10000000010000000010101010 N
#13931004
0+
#13934004
0)
#13936004
1+
#13938004
1)
1S
b10000000010000000010101010 M
0T
0>
0?
0Q
0<
#13941004
0+
#13942004
0)
#13946004
1)
1+
0S
#13950004
0)
#13951004
0+
#13954004
1)
1?
17
13
1R
b10000000001 :
1=
b1000000000100 9
#13956004
1+
#13958004
0)
#13961004
0+
#13962004
1)
b10101010101010101010101010101010 N
0R
1<
03
1>
07
1T
0=
b10101010101010101010101010101010 L
1Q
#13966004
0)
1+
#13970004
1)
0Q
0?
0>
0<
1S
b10101010101010101010101010101010 M
0T
#13971004
0+
#13974004
0)
#13976004
1+
#13978004
1)
0S
#13981004
0+
#13982004
0)
#13986004
1)
1+
1F
b10101010101010100000000000000000 U
b1111111111 A
1Z
1D
0/
b1100 Y
1J
1W
15
1}
b111111111110 @
#13990004
0)
#13991004
0+
#13994004
1)
00
1K
1C
1E
1I
0D
0}
1X
1V
05
0W
0J
#13996004
1+
#13998004
0)
#14001004
0+
#14002004
1)
0Z
0I
0F
0K
0E
0C
0V
0X
#14006004
1+
0)
#14010004
1)
#14011004
0+
#14014004
0)
#14016004
1+
#14018004
1)
1J
b1111 Y
1Z
b1000000000000 @
b10000000000 A
b10101010101010101010101010101010 U
1F
1}
1D
1W
15
#14021004
0+
#14022004
0)
#14026004
1)
1+
05
1X
1E
0J
1I
1K
0W
1V
0D
0}
1C
#14030004
0)
#14031004
0+
#14034004
1)
0C
0E
0I
0X
0Z
0K
0F
0V
#14036004
1+
#14038004
0)
#14041004
0+
#14042004
1)
#14046004
0)
1+
#14050004
1)
b1000000000100 @
15
1J
b10000000001 A
1F
1Z
1}
1D
1W
#14051004
0+
#14054004
0)
#14056004
1+
#14058004
1)
0W
1V
1I
0J
1E
1C
1X
05
0D
0}
1K
#14061004
0+
#14062004
0)
#14066004
1)
1+
0K
0X
0E
0V
0I
0C
0F
0Z
#14070004
0)
#14071004
0+
#14074004
1)
#14076004
1+
#14078004
0)
#14081004
0+
#14082004
1)
1Z
1J
1W
b10101010 U
b1 Y
b1000000001000 @
1F
1}
b10000000010 A
1D
15
#14086004
0)
1+
#14090004
1)
05
1I
1E
0W
1X
0J
1K
1V
0D
0}
1C
#14091004
0+
#14094004
0)
#14096004
1+
#14098004
1)
0C
0K
0X
0I
0E
0Z
0F
0V
#14101004
0+
#14102004
0)
#14106004
1)
1+
#14110004
0)
#14111004
0+
#14114004
1)
1W
b1100 Y
15
1J
b1000000000000000000000000 U
1F
1}
b1000000000010 @
1Z
1D
b10000000000 A
#14116004
1+
#14118004
0)
#14121004
0+
#14122004
1)
1E
1I
0J
0W
1X
1V
1K
1C
05
0D
0}
#14126004
1+
0)
#14130004
1)
0V
0C
0X
0I
0E
0K
0F
0Z
#14131004
0+
#14134004
0)
#14136004
1+
#14138004
1)
#14141004
0+
#14142004
0)
#14146004
1)
1+
1Z
1}
b10000000001 A
1W
1J
b1 Y
1F
1D
b10 U
15
b1000000000100 @
#14150004
0)
#14151004
0+
#14154004
1)
0J
0}
1X
1V
1C
1E
0W
1I
05
0D
1K
#14156004
1+
#14158004
0)
#14161004
0+
#14162004
1)
0K
0V
0X
0Z
0E
0C
0F
0I
#14166004
1+
0)
#14170004
1)
#14171004
0+
#14174004
0)
#14176004
1+
#14178004
1)
b1000000000001 9
17
1/
1R
13
1?
1=
b10000000000 :
#14181004
0+
#14182004
0)
#14186004
1)
1+
03
1T
10
b1000000001010101010101010 N
0R
1<
1>
07
1Q
0=
b1000000001010101010101010 L
#14190004
0)
#14191004
0+
#14194004
1)
1S
0T
0>
0<
0Q
b1000000001010101010101010 M
0?
#14196004
1+
#14198004
0)
#14201004
0+
#14202004
1)
0S
#14206004
0)
1+
#14210004
1)
1?
b10000000001 :
17
13
b1000000000100 9
1R
1=
#14211004
0+
#14214004
0)
#14216004
1+
#14218004
1)
0=
b10101010101010101010101000000010 L
1>
03
07
1T
b10101010101010101010101000000010 N
0R
1<
1Q
#14221004
0+
#14222004
0)
#14226004
1)
1+
0Q
0T
0?
1S
0>
0<
b10101010101010101010101000000010 M
#14230004
0)
#14231004
0+
#14234004
1)
0S
#14236004
1+
#14238004
0)
#14241004
0+
#14242004
1)
b111111111111 @
b1111111111 A
1J
1W
1}
1Z
0/
1D
b1000 Y
1F
15
b10101010000000000000000000000000 U
#14246004
1+
0)
#14250004
1)
0J
1I
1K
1V
1E
0}
00
0W
1X
05
1C
0D
#14251004
0+
#14254004
0)
#14256004
1+
#14258004
1)
0K
0Z
0I
0V
0E
0C
0F
0X
#14261004
0+
#14262004
0)
#14266004
1)
1+
#14270004
0)
#14271004
0+
#14274004
1)
1D
b10101010101010101010101010101010 U
1W
b10000000000 A
1J
b1000000000000 @
1Z
1}
1F
15
b1111 Y
#14276004
1+
#14278004
0)
#14281004
0+
#14282004
1)
1X
0W
1V
0D
1K
0J
1I
05
1C
0}
1E
#14286004
1+
0)
#14290004
1)
0E
0Z
0V
0X
0K
0C
0F
0I
#14291004
0+
#14294004
0)
#14296004
1+
#14298004
1)
#14301004
0+
#14302004
0)
#14306004
1)
1+
b10000000001 A
1J
1W
1Z
1D
b1000000000100 @
1F
1}
15
#14310004
0)
#14311004
0+
#14314004
1)
05
1I
0D
1X
0J
1E
0W
1V
0}
1C
1K
#14316004
1+
#14318004
0)
#14321004
0+
#14322004
1)
0K
0X
0I
0E
0Z
0C
0F
0V
#14326004
1+
0)
#14330004
1)
#14331004
0+
#14334004
0)
#14336004
1+
#14338004
1)
b11 Y
1D
b10000000010 A
1W
15
b1010101010101010 U
1J
1F
1}
1Z
b1000000001000 @
#14341004
0+
#14342004
0)
#14346004
1)
1+
1V
1K
1E
0W
0D
05
1I
1X
0}
1C
0J
#14350004
0)
#14351004
0+
#14354004
1)
0E
0I
0K
0V
0C
0Z
0X
0F
#14356004
1+
#14358004
0)
#14361004
0+
#14362004
1)
#14366004
0)
1+
#14370004
1)
1F
1J
b1000000000011 @
b0 U
b10000000000 A
b1000 Y
15
1D
1W
1Z
1}
#14371004
0+
#14374004
0)
#14376004
1+
#14378004
1)
0}
0D
1K
0J
1I
1E
05
0W
1X
1C
1V
#14381004
0+
#14382004
0)
#14386004
1)
1+
0V
0E
0F
0K
0I
0C
0X
0Z
#14390004
0)
#14391004
0+
#14394004
1)
#14396004
1+
#14398004
0)
#14401004
0+
#14402004
1)
1Z
1J
b1000000001 U
b1000000000100 @
1D
1}
1F
b11 Y
b10000000001 A
1W
15
#14406004
0)
1+
#14410004
1)
05
1K
1V
0J
1E
0}
0D
0W
1I
1X
1C
#14411004
0+
#14414004
0)
#14416004
1+
#14418004
1)
0C
0K
0V
0Z
0E
0F
0X
0I
#14421004
0+
#14422004
0)
#14426004
1)
1+
#14430004
0)
#14431004
0+
#14434004
1)
1=
b1000000000010 9
b10000000000 :
17
1?
13
1/
1R
#14436004
1+
#14438004
0)
#14441004
0+
#14442004
1)
0R
0=
1Q
07
10
1T
b101010101010101010101010 L
1>
b101010101010101010101010 N
1<
03
#14446004
0)
1+
#14450004
1)
1S
0T
b101010101010101010101010 M
0?
0Q
0<
0>
#14451004
0+
#14454004
0)
#14456004
1+
#14458004
1)
0S
#14461004
0+
#14462004
0)
#14466004
1)
1+
13
1?
1R
1=
b1000000000100 9
b10000000001 :
17
#14470004
0)
#14471004
0+
#14474004
1)
07
1>
03
1T
0=
0R
1<
1Q
b10101010101010100000001000000001 L
b10101010101010100000001000000001 N
#14476004
1+
#14478004
0)
#14481004
0+
#14482004
1)
1S
0>
0T
0?
b10101010101010100000001000000001 M
0<
0Q
#14486004
0)
1+
#14490004
1)
0S
#14491004
0+
#14494004
0)
#14496004
1+
#14498004
1)
b1111 Y
b111111111100 @
1}
b10101010101010101010101010101010 U
15
1Z
1J
0/
b1111111111 A
1F
1W
1D
#14501004
0+
#14502004
0)
#14506004
1)
1+
0D
0}
1I
1E
1C
1K
05
00
1V
0W
1X
0J
#14510004
0)
#14511004
0+
#14514004
1)
0E
0I
0Z
0K
0C
0X
0V
0F
#14516004
1+
#14518004
0)
#14521004
0+
#14522004
1)
#14526004
0)
1+
#14530004
1)
1F
1J
b1000000000000 @
1}
1D
1Z
15
1W
b10000000000 A
#14531004
0+
#14534004
0)
#14536004
1+
#14538004
1)
1K
1E
0J
0D
0}
1I
0W
1C
05
1V
1X
#14541004
0+
#14542004
0)
#14546004
1)
1+
0X
0Z
0K
0F
0E
0V
0I
0C
#14550004
0)
#14551004
0+
#14554004
1)
#14556004
1+
#14558004
0)
#14561004
0+
#14562004
1)
b1000000000100 @
1F
1}
b10000000001 A
1Z
1D
1J
15
1W
#14566004
0)
1+
#14570004
1)
0W
1C
0D
0}
1X
1K
05
1E
0J
1I
1V
#14571004
0+
#14574004
0)
#14576004
1+
#14578004
1)
0V
0X
0C
0F
0Z
0I
0K
0E
#14581004
0+
#14582004
0)
#14586004
1)
1+
#14590004
0)
#14591004
0+
#14594004
1)
1D
1F
1W
b1000000000000 @
1}
b11000000100000000100000000 U
b10000000000 A
1Z
1J
15
#14596004
1+
#14598004
0)
#14601004
0+
#14602004
1)
05
1E
1X
1V
0D
0}
1C
0W
0J
1K
1I
#14606004
1+
0)
#14610004
1)
0I
0X
0C
0E
0F
0V
0K
0Z
#14611004
0+
#14614004
0)
#14616004
1+
#14618004
1)
#14621004
0+
#14622004
0)
#14626004
1)
1+
1?
b1111111111 :
17
1=
13
b111111111111 9
1R
1/
#14630004
0)
#14631004
0+
#14634004
1)
1Q
b10101010101010101010101010101010 N
10
03
0=
1>
1T
07
0R
1<
b10101010101010101010101010101010 L
#14636004
1+
#14638004
0)
#14641004
0+
#14642004
1)
0T
0Q
0?
0>
1S
0<
b10101010101010101010101010101010 M
#14646004
0)
1+
#14650004
1)
0S
#14651004
0+
#14654004
0)
#14656004
1+
#14658004
b10000000000 :
1?
13
1=
1)
1R
17
b1000000000000 9
#14661004
0+
#14662004
0)
#14666004
1)
b11000000100000000100000000 L
b11000000100000000100000000 N
1>
1T
03
1Q
1+
07
0=
0R
1<
#14670004
0)
#14671004
0+
#14674004
0<
1S
b11000000100000000100000000 M
0T
0>
0?
1)
0Q
#14676004
1+
#14678004
0)
#14681004
0+
#14682004
0S
1)
#14686004
0)
1+
#14690004
1)
13
b1000000000100 9
b10000000001 :
1?
1R
1=
17
#14691004
0+
#14694004
0)
#14696004
1+
#14698004
1)
07
1>
1<
b10101010101010101010101010101010 N
b10101010101010101010101010101010 L
03
1T
1Q
0=
0R
#14701004
0+
#14702004
0)
#14706004
1)
1+
0<
0T
0>
b10101010101010101010101010101010 M
1S
0Q
0?
#14710004
0)
#14711004
0+
#14714004
1)
0S
#14716004
1+
#14718004
0)
#14721004
0+
#14722004
0/
1Z
1F
b10101010101010101010101000000000 U
15
b1110 Y
1}
b111111111101 @
1D
1)
1W
1J
b1111111111 A
#14726004
1+
0)
#14730004
1)
1C
1X
1I
0}
00
05
1E
0D
1K
0J
0W
1V
#14731004
0+
#14734004
0)
#14736004
1+
#14738004
1)
0C
0F
0Z
0X
0I
0V
0E
0K
#14741004
0+
#14742004
0)
#14746004
1)
1+
#14750004
0)
#14751004
0+
#14754004
1)
b1000000000000 @
15
b10101010101010101010101010101010 U
b10000000000 A
1Z
1F
1}
b1111 Y
1W
1J
1D
#14756004
1+
#14758004
0)
#14761004
0+
#14762004
1)
0D
1K
0}
1X
05
1C
0J
1E
1I
0W
1V
#14766004
1+
0)
#14770004
1)
0V
0X
0K
0F
0Z
0C
0I
0E
#14771004
0+
#14774004
0)
#14776004
1+
#14778004
1)
#14781004
0+
#14782004
0)
#14786004
1)
1+
1F
1}
b1000000000100 @
15
1D
b10000000001 A
1W
1J
1Z
#14790004
0)
#14791004
0+
#14794004
1)
1V
0D
0}
1E
05
1K
1X
0J
1I
0W
1C
#14796004
1+
#14798004
0)
#14801004
0+
#14802004
1)
0C
0Z
0K
0V
0F
0E
0X
0I
#14806004
1+
0)
#14810004
1)
#14811004
0+
#14814004
0)
#14816004
1+
#14818004
1)
1F
1Z
1D
b1000000001000 @
15
1}
b10101010 U
1W
b10000000010 A
1J
b1 Y
#14821004
0+
#14822004
0)
#14826004
1)
1+
1K
0}
1I
1C
05
0D
1V
0J
1X
0W
1E
#14830004
0)
#14831004
0+
#14834004
1)
0E
0K
0F
0Z
0C
0I
0V
0X
#14836004
1+
#14838004
0)
#14841004
0+
#14842004
1)
#14846004
0)
1+
#14850004
1)
b1110 Y
1D
1}
1Z
1F
15
b1000000000001 @
1W
b10000000010000000000000000 U
1J
b10000000000 A
#14851004
0+
#14854004
0)
#14856004
1+
#14858004
1)
1X
05
1C
1E
1K
0}
0D
0J
1V
0W
1I
#14861004
0+
#14862004
0)
#14866004
1)
1+
0I
0C
0X
0K
0E
0F
0Z
0V
#14870004
0)
#14871004
0+
#14874004
1)
#14876004
1+
#14878004
0)
#14881004
0+
#14882004
1)
b10000000001 A
1F
1}
15
b1 Y
1Z
1D
b1000000000100 @
1W
1J
b11 U
#14886004
0)
1+
#14890004
1)
1V
05
0}
1I
1E
1K
1X
1C
0J
0W
0D
#14891004
0+
#14894004
0)
#14896004
1+
#14898004
1)
0X
0V
0F
0K
0E
0I
0Z
0C
#14901004
0+
#14902004
0)
#14906004
1)
1+
#14910004
0)
#14911004
0+
#14914004
1)
1?
1R
b1000000000000 9
1/
17
13
b10000000000 :
1=
#14916004
1+
#14918004
0)
#14921004
0+
#14922004
1)
0=
07
0R
1>
1<
b10000000010000000010101010 N
10
1T
b10000000010000000010101010 L
03
1Q
#14926004
1+
0)
#14930004
1)
0Q
0T
1S
0?
0>
0<
b10000000010000000010101010 M
#14931004
0+
#14934004
0)
#14936004
1+
#14938004
1)
0S
#14941004
0+
#14942004
0)
#14946004
1)
1+
1R
b1000000000100 9
17
1=
1?
b10000000001 :
13
#14950004
0)
#14951004
0+
#14954004
1)
03
0=
1>
1Q
0R
1T
07
b10101010101010101010101000000011 N
1<
b10101010101010101010101000000011 L
#14956004
1+
#14958004
0)
#14961004
0+
#14962004
1)
b10101010101010101010101000000011 M
0Q
0>
0T
1S
0<
0?
#14966004
0)
1+
#14970004
1)
0S
#14971004
0+
#14974004
0)
#14976004
1+
#14978004
b10101010101010100000000000000000 U
1D
b1111111111 A
15
0/
1F
1}
1)
1W
b1100 Y
1Z
1J
b111111111110 @
#14981004
0+
#14982004
0)
#14986004
1)
1C
0D
1X
1E
1K
00
05
1V
1+
0J
0}
0W
1I
#14990004
0)
#14991004
0+
#14994004
0I
0F
0C
0X
0K
0E
1)
0V
0Z
#14996004
1+
#14998004
0)
#15001004
0+
#15002004
1)
#15006004
0)
1+
#15010004
1Z
15
b1000000000000 @
1D
b10101010101010101010101010101010 U
1F
b10000000000 A
1)
1W
1J
1}
b1111 Y
#15011004
0+
#15014004
0)
#15016004
1+
#15018004
1K
1I
05
0D
1X
1C
1)
0}
1E
0J
0W
1V
#15021004
0+
#15022004
0)
#15026004
1)
0V
0X
0F
0K
0Z
0I
1+
0C
0E
#15030004
0)
#15031004
0+
#15034004
1)
#15036004
1+
#15038004
0)
#15041004
0+
#15042004
1Z
1F
b1000000000100 @
1D
15
1)
1W
b10000000001 A
1J
1}
#15046004
1+
0)
#15050004
1)
0}
0D
1E
1X
1V
1K
0J
1I
05
0W
1C
#15051004
0+
#15054004
0)
#15056004
1+
#15058004
1)
0V
0E
0Z
0X
0F
0C
0K
0I
#15061004
0+
#15062004
0)
#15066004
1)
1+
#15070004
0)
#15071004
0+
#15074004
1)
1D
1}
b11 Y
1Z
b1000000001000 @
b1010101010101010 U
1F
1J
1W
15
b10000000010 A
#15076004
1+
#15078004
0)
#15081004
0+
#15082004
1)
1V
1X
0D
1I
0}
1E
05
1K
0W
0J
1C
#15086004
0)
1+
#15090004
1)
0C
0X
0V
0I
0Z
0E
0F
0K
#15091004
0+
#15094004
0)
#15096004
1+
#15098004
1)
#15101004
0+
#15102004
0)
#15106004
1)
1+
b10000000000 A
b1000000000010 @
1}
1D
b1100 Y
1F
1Z
1J
b1000000000000000000000000 U
1W
15
#15110004
0)
#15111004
0+
#15114004
1)
05
1K
0D
1I
1C
0}
1V
1X
0W
0J
1E
#15116004
1+
#15118004
0)
#15121004
0+
#15122004
1)
0E
0V
0K
0C
0I
0Z
0F
0X
#15126004
0)
1+
#15130004
1)
#15131004
0+
#15134004
0)
#15136004
1+
#15138004
1)
1D
15
b10000000001 A
1}
b1000000000100 @
1F
b11 Y
1J
1Z
1W
b1100000010 U
#15141004
0+
#15142004
0)
#15146004
1)
1+
1X
0}
1E
0D
1C
05
1K
1V
0W
1I
0J
#15150004
0)
#15151004
0+
#15154004
1)
0K
0E
0X
0C
0I
0V
0F
0Z
#15156004
1+
#15158004
0)
#15161004
0+
#15162004
1)
#15166004
0)
1+
#15170004
1)
1?
b1000000000001 9
17
1=
13
1/
1R
b10000000000 :
#15171004
0+
#15174004
0)
#15176004
1+
#15178004
1)
07
b1000000001010101010101010 L
1T
03
1>
10
0=
1Q
0R
b1000000001010101010101010 N
1<
#15181004
0+
#15182004
0)
#15186004
1)
1+
0<
b1000000001010101010101010 M
0?
1S
0T
0>
0Q
#15190004
0)
#15191004
0+
#15194004
1)
0S
#15196004
1+
#15198004
0)
#15201004
0+
#15202004
1)
17
b10000000001 :
1=
b1000000000100 9
1?
13
1R
#15206004
1+
0)
#15210004
1)
0R
1Q
1T
07
1<
b10101010101010100000001100000010 L
0=
03
1>
b10101010101010100000001100000010 N
#15211004
0+
#15214004
0)
#15216004
1+
#15218004
1)
0T
0?
0Q
b10101010101010100000001100000010 M
0<
1S
0>
#15221004
0+
#15222004
0)
#15226004
1)
1+
0S
#15230004
0)
#15231004
0+
#15234004
b10101010000000000000000000000000 U
1Z
0/
1}
1J
15
1D
b1111111111 A
1)
1F
b111111111111 @
1W
b1000 Y
#15236004
1+
#15238004
0)
#15241004
0+
#15242004
0D
1X
1K
05
1E
00
0J
0}
1)
0W
1I
1C
1V
#15246004
1+
0)
#15250004
1)
0V
0Z
0K
0X
0E
0C
0I
0F
#15251004
0+
#15254004
0)
#15256004
1+
#15258004
1)
#15261004
0+
#15262004
0)
#15266004
1)
1+
1J
1D
b1111 Y
b10101010101010101010101010101010 U
1Z
15
1F
1W
1}
b10000000000 A
b1000000000000 @
#15270004
0)
#15271004
0+
#15274004
1)
1X
0D
0J
1V
1K
0W
05
1I
0}
1C
1E
#15276004
1+
#15278004
0)
#15281004
0+
#15282004
1)
0E
0V
0Z
0X
0C
0K
0F
0I
#15286004
1+
0)
#15290004
1)
#15291004
0+
#15294004
0)
#15296004
1+
#15298004
1)
1Z
b1000000000100 @
1J
1D
1F
1W
b10000000001 A
15
1}
#15301004
0+
#15302004
0)
#15306004
1)
1+
0}
0J
1E
1I
1V
05
0D
1C
1X
1K
0W
#15310004
0)
#15311004
0+
#15314004
1)
0I
0E
0Z
0K
0V
0F
0X
0C
#15316004
1+
#15318004
0)
#15321004
0+
#15322004
1)
#15326004
0)
1+
#15330004
1)
1J
1W
1}
b101010101010101010101010 U
b1000000001000 @
b111 Y
1Z
1D
15
1F
b10000000010 A
#15331004
0+
#15334004
0)
#15336004
1+
#15338004
1)
1E
0J
1C
1I
0}
0W
1X
1K
05
0D
1V
#15341004
0+
#15342004
0)
#15346004
1)
1+
0V
0E
0I
0C
0F
0Z
0X
0K
#15350004
0)
#15351004
0+
#15354004
1)
#15356004
1+
#15358004
0)
#15361004
0+
#15362004
1)
b1000000000011 @
1}
b10000000000 A
b0 U
1J
1D
1W
b1000 Y
1Z
15
1F
#15366004
0)
1+
#15370004
1)
1I
1K
1E
0}
1V
05
0D
1X
1C
0J
0W
#15371004
0+
#15374004
0)
#15376004
1+
#15378004
1)
0F
0E
0K
0I
0X
0V
0C
0Z
#15381004
0+
#15382004
0)
#15386004
1)
1+
#15390004
0)
#15391004
0+
#15394004
1)
1W
b110000001000000001 U
1}
b1000000000100 @
1Z
b10000000001 A
1F
1J
15
1D
b111 Y
#15396004
1+
#15398004
0)
#15401004
0+
#15402004
1)
1K
0W
0}
1E
0D
0J
1C
1I
05
1X
1V
#15406004
0)
1+
#15410004
1)
0V
0Z
0K
0X
0E
0F
0C
0I
#15411004
0+
#15414004
0)
#15416004
1+
#15418004
1)
#15421004
0+
#15422004
0)
#15426004
1)
1+
b10000000000 :
1/
1?
1R
b1000000000010 9
17
13
1=
#15430004
0)
#15431004
0+
#15434004
1)
0=
b101010101010101010101010 N
1>
b101010101010101010101010 L
1<
1T
0R
10
1Q
03
07
#15436004
1+
#15438004
0)
#15441004
0+
#15442004
1)
1S
0>
0<
0T
0?
b101010101010101010101010 M
0Q
#15446004
0)
1+
#15450004
1)
0S
#15451004
0+
#15454004
0)
#15456004
1+
#15458004
1)
17
1?
1=
b1000000000100 9
b10000000001 :
1R
13
#15461004
0+
#15462004
0)
#15466004
1)
1+
03
1Q
b10101010000000110000001000000001 L
0=
07
b10101010000000110000001000000001 N
1T
1<
1>
0R
#15470004
0)
#15471004
0+
#15474004
1)
0<
0?
0Q
0T
1S
0>
b10101010000000110000001000000001 M
#15476004
1+
#15478004
0)
#15481004
0+
#15482004
1)
0S
#15486004
1+
0)
#15490004
1)
1Z
1}
b1111111111 A
b10101010101010101010101010101010 U
0/
b1111 Y
1W
b111111111100 @
1J
1D
15
1F
#15491004
0+
#15494004
0)
#15496004
1+
#15498004
1)
0W
00
0}
1I
1V
05
1X
1K
0D
0J
1C
1E
#15501004
0+
#15502004
0)
#15506004
1)
1+
0E
0I
0Z
0C
0F
0V
0K
0X
#15510004
0)
#15511004
0+
#15514004
1)
#15516004
1+
#15518004
0)
#15521004
0+
#15522004
1)
1W
b10000000000 A
1}
15
b1000000000000 @
1Z
1F
1J
1D
#15526004
0)
1+
#15530004
1)
0D
1X
1I
1E
0W
0J
05
1K
1C
0}
1V
#15531004
0+
#15534004
0)
#15536004
1+
#15538004
1)
0V
0X
0E
0I
0K
0C
0F
0Z
#15541004
0+
#15542004
0)
#15546004
1)
1+
#15550004
0)
#15551004
0+
#15554004
1)
1Z
1D
b10000000001 A
1F
1}
1J
1W
15
b1000000000100 @
#15556004
1+
#15558004
0)
#15561004
0+
#15562004
1)
1V
0D
1E
1X
05
0J
0}
0W
1C
1K
1I
#15566004
0)
1+
#15570004
1)
0I
0E
0V
0Z
0K
0F
0X
0C
#15571004
0+
#15574004
0)
#15576004
1+
#15578004
1)
#15581004
0+
#15582004
0)
#15586004
1)
1+
b1000000001000 @
b10101010 U
1D
b1 Y
15
b10000000010 A
1Z
1F
1W
1}
1J
#15590004
0)
#15591004
0+
#15594004
1)
0J
1C
0D
1V
1E
1I
0}
05
1X
1K
0W
#15596004
1+
#15598004
0)
#15601004
0+
#15602004
1)
0V
0E
0C
0K
0I
0X
0F
0Z
#15606004
0)
1+
#15610004
1)
#15611004
0+
#15614004
0)
#15616004
1+
#15618004
1)
1Z
1W
1D
1J
b11000000100000000100000000 U
b1000000000000 @
1F
15
1}
b1111 Y
b10000000000 A
#15621004
0+
#15622004
0)
#15626004
1)
1+
0W
1E
1V
0J
0D
05
1C
0}
1X
1I
1K
#15630004
0)
#15631004
0+
#15634004
1)
0K
0Z
0V
0E
0I
0F
0X
0C
#15636004
1+
#15638004
0)
#15641004
0+
#15642004
1)
#15646004
0)
1+
#15650004
1)
b10000000001 A
1J
1W
b100 U
1Z
b1 Y
b1000000000100 @
1D
1F
1}
15
#15651004
0+
#15654004
0)
#15656004
1+
#15658004
1)
05
1C
0J
1V
0W
1K
0}
1X
1E
0D
1I
#15661004
0+
#15662004
0)
#15666004
1)
1+
0I
0C
0V
0K
0Z
0E
0X
0F
#15670004
0)
#15671004
0+
#15674004
1)
#15676004
1+
#15678004
0)
#15681004
0+
#15682004
1)
1R
1=
b1111111111 :
13
1?
1/
b111111111111 9
17
#15686004
1+
0)
#15690004
1)
07
0=
1T
b10101010101010101010101010101010 L
0R
1<
1Q
10
03
b10101010101010101010101010101010 N
1>
#15691004
0+
#15694004
0)
#15696004
1+
#15698004
1)
0>
b10101010101010101010101010101010 M
0T
1S
0Q
0?
0<
#15701004
0+
#15702004
0)
#15706004
1)
1+
0S
#15710004
0)
#15711004
0+
#15714004
1)
1?
b1000000000000 9
13
1=
17
b10000000000 :
1R
#15716004
1+
#15718004
0)
#15721004
0+
#15722004
1)
0R
b11000000100000000100000000 L
1>
1<
03
07
0=
1Q
1T
b11000000100000000100000000 N
#15726004
1+
0)
#15730004
1)
0>
b11000000100000000100000000 M
0Q
0?
0<
1S
0T
#15731004
0+
#15734004
0)
#15736004
1+
#15738004
1)
0S
#15741004
0+
#15742004
0)
#15746004
1)
b1000000000100 9
b10000000001 :
1R
1?
17
1=
13
1+
#15750004
0)
#15751004
0+
#15754004
1)
0=
b10101010101010101010101000000100 N
1T
b10101010101010101010101000000100 L
1<
1>
07
1Q
0R
03
#15756004
1+
#15758004
0)
#15761004
0+
#15762004
1)
b10101010101010101010101000000100 M
0Q
0T
1S
0>
0?
0<
#15766004
1+
0)
#15770004
1)
0S
#15771004
0+
#15774004
0)
#15776004
1+
#15778004
1)
1F
1W
15
b10101010101010101010101000000000 U
b1111111111 A
0/
1J
1}
b1110 Y
1D
1Z
b111111111101 @
#15781004
0+
#15782004
0)
#15786004
1)
1+
1C
05
0W
1I
00
0}
1V
0J
0D
1E
1X
1K
#15790004
0)
#15791004
0+
#15794004
1)
0K
0I
0C
0F
0X
0Z
0E
0V
#15796004
1+
#15798004
0)
#15801004
0+
#15802004
1)
#15806004
0)
1+
#15810004
1)
b1000000000000 @
1W
b10000000000 A
b10101010101010101010101010101010 U
15
1F
1}
1Z
1D
1J
b1111 Y
#15811004
0+
#15814004
0)
#15816004
1+
#15818004
1)
1V
1C
1I
1K
0W
0J
05
1E
0D
1X
0}
#15821004
0+
#15822004
0)
#15826004
1)
1+
0K
0C
0V
0I
0X
0E
0Z
0F
#15830004
0)
#15831004
0+
#15834004
1)
#15836004
1+
#15838004
0)
#15841004
0+
#15842004
1)
1F
1}
b10000000001 A
b1000000000100 @
1Z
1J
1W
15
1D
#15846004
0)
1+
#15850004
1)
0D
1V
1K
0}
1C
05
0W
1E
0J
1X
1I
#15851004
0+
#15854004
0)
#15856004
1+
#15858004
1)
0I
0K
0V
0F
0X
0Z
0C
0E
#15861004
0+
#15862004
0)
#15866004
1)
1+
#15870004
0)
#15871004
0+
#15874004
1)
b1010101010101010 U
1}
1D
b10000000010 A
b11 Y
1F
b1000000001000 @
1Z
1J
1W
15
#15876004
1+
#15878004
0)
#15881004
0+
#15882004
1)
05
1V
0}
0D
1K
1I
1E
0W
1C
0J
1X
#15886004
1+
0)
#15890004
1)
0X
0I
0K
0V
0E
0C
0F
0Z
#15891004
0+
#15894004
0)
#15896004
1+
#15898004
1)
#15901004
0+
#15902004
0)
#15906004
1)
1+
1Z
15
b10000000000 A
b10000000010000000000000000 U
1}
1D
1F
1J
b1110 Y
1W
b1000000000001 @
#15910004
0)
#15911004
0+
#15914004
1)
05
0}
1K
1I
1X
0W
0D
1V
0J
1C
1E
#15916004
1+
#15918004
0)
#15921004
0+
#15922004
1)
0E
0I
0Z
0K
0C
0X
0F
0V
#15926004
0)
1+
#15930004
1)
#15931004
0+
#15934004
0)
#15936004
1+
#15938004
1)
b1000000000100 @
1Z
15
1}
b10000000011 U
b10000000001 A
1F
b11 Y
1J
1D
1W
#15941004
0+
#15942004
0)
#15946004
1)
1+
0W
1V
1E
0}
1I
05
0D
1C
1K
0J
1X
#15950004
0)
#15951004
0+
#15954004
1)
0X
0I
0V
0Z
0E
0K
0C
0F
#15956004
1+
#15958004
0)
#15961004
0+
#15962004
1)
#15966004
0)
1+
#15970004
1)
13
1?
b1000000000000 9
1=
1/
17
b10000000000 :
1R
#15971004
0+
#15974004
0)
#15976004
1+
#15978004
1)
0R
1<
b10000000010000000010101010 L
07
03
b10000000010000000010101010 N
1Q
0=
1>
1T
10
#15981004
0+
#15982004
0)
#15986004
1)
1+
0>
b10000000010000000010101010 M
0?
0<
1S
0Q
0T
#15990004
0)
#15991004
0+
#15994004
1)
0S
#15996004
1+
#15998004
0)
#16001004
0+
#16002004
1)
13
b1000000000100 9
17
1R
1=
1?
b10000000001 :
#16006004
1+
0)
#16010004
1)
0=
03
1>
1T
b10101010101010100000010000000011 L
0R
1<
07
b10101010101010100000010000000011 N
1Q
#16011004
0+
#16014004
0)
#16016004
1+
#16018004
1)
0Q
1S
0>
b10101010101010100000010000000011 M
0<
0T
0?
#16021004
0+
#16022004
0)
#16026004
1)
1+
0S
#16030004
0)
#16031004
0+
#16034004
1)
1F
1W
1Z
b10101010101010100000000000000000 U
b111111111110 @
1}
0/
1D
15
1J
b1100 Y
b1111111111 A
#16036004
1+
#16038004
0)
#16041004
0+
#16042004
1)
00
0}
0W
1X
1I
1V
1C
0J
1K
05
0D
1E
#16046004
0)
1+
#16050004
1)
0E
0Z
0I
0F
0X
0V
0K
0C
#16051004
0+
#16054004
0)
#16056004
1+
#16058004
1)
#16061004
0+
#16062004
0)
#16066004
1)
1+
1Z
b10000000000 A
1F
b1000000000000 @
1W
b10101010101010101010101010101010 U
1}
b1111 Y
15
1D
1J
#16070004
0)
#16071004
0+
#16074004
1)
0J
1C
1E
0W
1I
0D
1K
05
1V
0}
1X
#16076004
1+
#16078004
0)
#16081004
0+
#16082004
1)
0X
0Z
0E
0C
0F
0I
0V
0K
#16086004
0)
1+
#16090004
1)
#16091004
0+
#16094004
0)
#16096004
1+
#16098004
1)
1J
1W
1Z
b10000000001 A
b1000000000100 @
1}
1D
1F
15
#16101004
0+
#16102004
0)
#16106004
1)
1+
05
1K
1C
1X
0W
1E
0J
1V
0D
1I
0}
#16110004
0)
#16111004
0+
#16114004
1)
0E
0Z
0X
0K
0C
0I
0F
0V
#16116004
1+
#16118004
0)
#16121004
0+
#16122004
1)
#16126004
0)
1+
#16130004
1)
1}
15
b10000000010 A
b101010101010101010101010 U
1W
1Z
1F
1J
1D
b1000000001000 @
b111 Y
#16131004
0+
#16134004
0)
#16136004
1+
#16138004
1)
05
1K
0W
0}
1V
1X
1E
1C
0D
1I
0J
#16141004
0+
#16142004
0)
#16146004
1)
1+
0K
0X
0V
0I
0E
0C
0F
0Z
#16150004
0)
#16151004
0+
#16154004
1)
#16156004
1+
#16158004
0)
#16161004
0+
#16162004
1)
1Z
1J
b1100 Y
15
b1000000000000000000000000 U
1}
b10000000000 A
1W
1F
b1000000000010 @
1D
#16166004
0)
1+
#16170004
1)
0D
0J
1X
0}
1K
05
0W
1C
1E
1I
1V
#16171004
0+
#16174004
0)
#16176004
1+
#16178004
1)
0V
0K
0Z
0X
0I
0E
0F
0C
#16181004
0+
#16182004
0)
#16186004
1)
1+
#16190004
0)
#16191004
0+
#16194004
1)
1D
b10000000001 A
1Z
1J
1}
b111 Y
b1000000001100000010 U
1F
b1000000000100 @
1W
15
#16196004
1+
#16198004
0)
#16201004
0+
#16202004
1)
05
0D
1C
1V
0}
1K
0J
0W
1X
1E
1I
#16206004
0)
1+
#16210004
1)
0I
0K
0C
0V
0Z
0E
0X
0F
#16211004
0+
#16214004
0)
#16216004
1+
#16218004
1)
#16221004
0+
#16222004
0)
#16226004
1)
1+
1?
17
b10000000000 :
13
1=
b1000000000001 9
1R
1/
#16230004
0)
#16231004
0+
#16234004
1)
03
1<
07
10
1Q
0=
1>
b1000000001010101010101010 L
0R
1T
b1000000001010101010101010 N
#16236004
1+
#16238004
0)
#16241004
0+
#16242004
1)
1S
0>
0<
0?
b1000000001010101010101010 M
0Q
0T
#16246004
0)
1+
#16250004
1)
0S
#16251004
0+
#16254004
0)
#16256004
1+
#16258004
1)
b1000000000100 9
b10000000001 :
17
13
1?
1=
1R
#16261004
0+
#16262004
0)
#16266004
1)
1+
0R
b10101010000001000000001100000010 N
1T
1>
03
07
1<
0=
1Q
b10101010000001000000001100000010 L
#16270004
0)
#16271004
0+
#16274004
1)
0?
1S
b10101010000001000000001100000010 M
0T
0>
0Q
0<
#16276004
1+
#16278004
0)
#16281004
0+
#16282004
1)
0S
#16286004
0)
1+
#16290004
1)
1D
1F
0/
15
b1000 Y
1}
b1111111111 A
b10101010000000000000000000000000 U
b111111111111 @
1Z
1W
1J
#16291004
0+
#16294004
0)
#16296004
1+
#16298004
1)
0J
1V
0}
0D
00
05
1K
1C
1I
0W
1X
1E
#16301004
0+
#16302004
0)
#16306004
1)
1+
0E
0V
0C
0F
0K
0X
0I
0Z
#16310004
0)
#16311004
0+
#16314004
1)
#16316004
1+
#16318004
0)
#16321004
0+
#16322004
1)
1Z
1F
1J
b1111 Y
15
1}
1D
1W
b1000000000000 @
b10101010101010101010101010101010 U
b10000000000 A
#16326004
0)
1+
#16330004
1)
1V
0}
1E
05
1C
0J
1K
1X
0W
0D
1I
#16331004
0+
#16334004
0)
#16336004
1+
#16338004
1)
0I
0C
0V
0Z
0E
0F
0X
0K
#16341004
0+
#16342004
0)
#16346004
1)
1+
#16350004
0)
#16351004
0+
#16354004
1)
b10000000001 A
1Z
1}
15
1F
b1000000000100 @
1D
1W
1J
#16356004
1+
#16358004
0)
#16361004
0+
#16362004
1)
0}
1K
1E
1I
1C
0J
1V
0W
0D
1X
05
#16366004
1+
0)
#16370004
1)
0E
0K
0C
0Z
0I
0X
0V
0F
#16371004
0+
#16374004
0)
#16376004
1+
#16378004
1)
#16381004
0+
#16382004
0)
#16386004
1)
1+
1F
15
1Z
1J
1}
b10000000010 A
1D
1W
b1000000001000 @
#16390004
0)
#16391004
0+
#16394004
1)
0}
05
0J
1E
1C
1K
0W
0D
1X
1V
1I
#16396004
1+
#16398004
0)
#16401004
0+
#16402004
1)
0I
0Z
0C
0F
0E
0V
0X
0K
#16406004
1+
0)
#16410004
1)
#16411004
0+
#16414004
0)
#16416004
1+
#16418004
1)
1Z
1F
b1000000000011 @
1}
1J
15
b1000 Y
b0 U
1D
1W
b10000000000 A
#16421004
0+
#16422004
0)
#16426004
1)
1+
1K
05
1I
0J
1C
0}
0W
1X
0D
1E
1V
#16430004
0)
#16431004
0+
#16434004
1)
0V
0C
0Z
0K
0I
0F
0E
0X
#16436004
1+
#16438004
0)
#16441004
0+
#16442004
1)
#16446004
0)
1+
#16450004
1)
b10000000001 A
15
1Z
1J
b1000000000100 @
1}
1F
1W
1D
b100000000110000001000000001 U
b1111 Y
#16451004
0+
#16454004
0)
#16456004
1+
#16458004
1)
0J
1X
1I
1V
1C
1K
05
1E
0D
0W
0}
#16461004
0+
#16462004
0)
#16466004
1)
1+
0I
0K
0X
0C
0V
0Z
0E
0F
#16470004
0)
#16471004
0+
#16474004
1)
#16476004
1+
#16478004
0)
#16481004
0+
#16482004
1)
1/
17
1?
1R
b1000000000010 9
b10000000000 :
13
1=
#16486004
1+
0)
#16490004
1)
0=
b101010101010101010101010 N
1<
1T
b101010101010101010101010 L
0R
07
10
03
1Q
1>
#16491004
0+
#16494004
0)
#16496004
1+
#16498004
1)
0>
0T
0<
0?
1S
b101010101010101010101010 M
0Q
#16501004
0+
#16502004
0)
#16506004
1)
1+
0S
#16510004
0)
#16511004
0+
#16514004
1)
17
1=
b10000000001 :
1?
1R
b1000000000100 9
13
#16516004
1+
#16518004
0)
#16521004
0+
#16522004
1)
03
b100000000110000001000000001 L
0R
07
1Q
1T
1>
b100000000110000001000000001 N
0=
1<
#16526004
1+
0)
#16530004
1)
0<
0T
1S
0Q
0?
0>
b100000000110000001000000001 M
#16531004
0+
#16534004
0)
#16536004
1+
#16538004
1)
0S
#16541004
0+
#16542004
0)
#16546004
1)
1+
1?
1=
13
17
1R
b10000000010 :
b1000000001000 9
#16550004
0)
#16551004
0+
#16554004
1)
1T
0R
0=
1<
03
b10101010101010101010101010101010 L
07
b10101010101010101010101010101010 N
1Q
1>
#16556004
1+
#16558004
0)
#16561004
0+
#16562004
1)
0>
b10101010101010101010101010101010 M
0<
0T
0?
1S
0Q
#16566004
1+
0)
#16570004
1)
0S
#16571004
0+
#16574004
0)
#16576004
1+
#16578004
1F
1}
1J
0/
b1111111111 A
1)
b10101010101010101010101010101010 U
1Z
b111111111100 @
1W
1D
15
#16581004
0+
#16582004
0)
#16586004
1)
05
0}
1V
1I
0J
1C
1K
1X
1+
1E
00
0D
0W
#16590004
0)
#16591004
0+
#16594004
0K
0F
0C
0V
0I
1)
0X
0E
0Z
#16596004
1+
#16598004
0)
#16601004
0+
#16602004
1)
#16606004
0)
1+
#16610004
1Z
1W
15
1}
1F
1J
1)
b10000000000 A
1D
b1000000000000 @
#16611004
0+
#16614004
0)
#16616004
1+
#16618004
0W
1V
0}
1K
05
1C
1)
0D
1I
0J
1E
1X
#16621004
0+
#16622004
0)
#16626004
1)
0X
0F
0Z
0K
0V
1+
0E
0C
0I
#16630004
0)
#16631004
0+
#16634004
1)
#16636004
1+
#16638004
0)
#16641004
0+
#16642004
b1000000000100 @
15
1Z
1W
1F
1}
1)
1D
1J
b10000000001 A
#16646004
1+
0)
#16650004
1)
1I
1X
1K
0W
05
0}
1V
1C
0J
0D
1E
#16651004
0+
#16654004
0)
#16656004
1+
#16658004
1)
0I
0F
0K
0X
0Z
0E
0C
0V
#16661004
0+
#16662004
0)
#16666004
1)
1+
#16670004
0)
#16671004
0+
#16674004
1)
1W
b10000000010 A
b1000000001000 @
b11 Y
1F
1D
1}
15
1Z
1J
b1010101010101010 U
#16676004
1+
#16678004
0)
#16681004
0+
#16682004
1)
1X
1V
0W
1K
1I
0J
0D
1C
05
0}
1E
#16686004
0)
1+
#16690004
1)
0E
0K
0X
0V
0I
0F
0C
0Z
#16691004
0+
#16694004
0)
#16696004
1+
#16698004
1)
#16701004
0+
#16702004
0)
#16706004
1)
1+
1Z
b1111 Y
b11000000100000000100000000 U
1W
b1000000000000 @
b10000000000 A
1J
1}
1F
15
1D
#16710004
0)
#16711004
0+
#16714004
1)
0D
1X
0W
1K
1E
05
1V
1C
0}
0J
1I
#16716004
1+
#16718004
0)
#16721004
0+
#16722004
1)
0I
0K
0Z
0X
0E
0C
0V
0F
#16726004
0)
1+
#16730004
1)
#16731004
0+
#16734004
0)
#16736004
1+
#16738004
1)
1F
1Z
b1000000000100 @
1D
b11 Y
1W
b10100000100 U
1J
b10000000001 A
15
1}
#16741004
0+
#16742004
0)
#16746004
1)
1+
0}
0W
1I
1K
0D
05
0J
1V
1C
1E
1X
#16750004
0)
#16751004
0+
#16754004
1)
0X
0K
0F
0I
0Z
0E
0C
0V
#16756004
1+
#16758004
0)
#16761004
0+
#16762004
1)
#16766004
0)
1+
#16770004
1)
b111111111111 9
1=
1/
1?
1R
13
17
b1111111111 :
#16771004
0+
#16774004
0)
#16776004
1+
#16778004
1)
1Q
1<
03
0=
1>
0R
1T
07
10
#16781004
0+
#16782004
0)
#16786004
1)
1+
1S
0<
0Q
0>
0?
0T
#16790004
0)
#16791004
0+
#16794004
1)
0S
#16796004
1+
#16798004
0)
#16801004
0+
#16802004
1)
b10000000000 :
13
1R
b1000000000000 9
1=
1?
17
#16806004
1+
0)
#16810004
1)
07
03
1T
b11000000100000000100000000 N
1>
0R
1Q
1<
b11000000100000000100000000 L
0=
#16811004
0+
#16814004
0)
#16816004
1+
#16818004
1)
0T
1S
0<
b11000000100000000100000000 M
0Q
0>
0?
#16821004
0+
#16822004
0)
#16826004
1)
1+
0S
#16830004
0)
#16831004
0+
#16834004
1)
1?
1=
13
b1000000000100 9
17
b10000000001 :
1R
#16836004
1+
#16838004
0)
#16841004
0+
#16842004
1)
0R
03
1Q
0=
1T
07
1<
b10101010101010100000010100000100 N
1>
b10101010101010100000010100000100 L
#16846004
1+
0)
#16850004
1)
1S
0<
0Q
0?
0T
b10101010101010100000010100000100 M
0>
#16851004
0+
#16854004
0)
#16856004
1+
#16858004
1)
0S
#16861004
0+
#16862004
0)
#16866004
1)
1+
0/
1}
1F
b1110 Y
1W
b111111111101 @
15
1D
b10101010101010101010101000000000 U
1Z
1J
b1111111111 A
#16870004
0)
#16871004
0+
#16874004
1)
00
1V
0W
1X
1I
1K
0}
0J
05
1C
1E
0D
#16876004
1+
#16878004
0)
#16881004
0+
#16882004
1)
0K
0V
0I
0X
0F
0E
0C
0Z
#16886004
0)
1+
#16890004
1)
#16891004
0+
#16894004
0)
#16896004
1+
#16898004
1)
1Z
1W
b10000000000 A
1D
b1111 Y
1J
1}
b1000000000000 @
1F
15
b10101010101010101010101010101010 U
#16901004
0+
#16902004
0)
#16906004
1)
1+
0D
0W
1X
1I
1V
1K
05
0J
1C
1E
0}
#16910004
0)
#16911004
0+
#16914004
1)
0V
0Z
0I
0X
0E
0K
0C
0F
#16916004
1+
#16918004
0)
#16921004
0+
#16922004
1)
#16926004
0)
1+
#16930004
1)
1F
1D
1}
1Z
b10000000001 A
1W
15
1J
b1000000000100 @
#16931004
0+
#16934004
0)
#16936004
1+
#16938004
1)
1I
0D
0}
1V
0J
1C
1X
05
1E
0W
1K
#16941004
0+
#16942004
0)
#16946004
1)
1+
0F
0K
0Z
0I
0V
0E
0C
0X
#16950004
0)
#16951004
0+
#16954004
1)
#16956004
1+
#16958004
0)
#16961004
0+
#16962004
1)
1Z
1}
b101010101010101010101010 U
b1000000001000 @
b10000000010 A
1F
1D
1W
1J
b111 Y
15
#16966004
0)
1+
#16970004
1)
05
0}
1K
1X
0W
1C
0D
0J
1I
1E
1V
#16971004
0+
#16974004
0)
#16976004
1+
#16978004
1)
0V
0F
0K
0Z
0E
0X
0I
0C
#16981004
0+
#16982004
0)
#16986004
1)
1+
#16990004
0)
#16991004
0+
#16994004
1)
1F
b10000000010000000000000000 U
1}
b10000000000 A
15
b1000000000001 @
1Z
b1110 Y
1W
1J
1D
#16996004
1+
#16998004
0)
#17001004
0+
#17002004
1)
0D
05
1C
1K
1V
0}
0J
1I
0W
1E
1X
#17006004
0)
1+
#17010004
1)
0X
0V
0C
0K
0F
0E
0Z
0I
#17011004
0+
#17014004
0)
#17016004
1+
#17018004
1)
#17021004
0+
#17022004
0)
#17026004
1)
1+
15
1D
b10000000001 A
b1010000010000000011 U
1Z
1F
1}
b1000000000100 @
1J
1W
b111 Y
#17030004
0)
#17031004
0+
#17034004
1)
1K
1X
1I
0D
1V
05
1C
0W
0J
1E
0}
#17036004
1+
#17038004
0)
#17041004
0+
#17042004
1)
0K
0V
0X
0I
0E
0F
0Z
0C
#17046004
1+
0)
#17050004
1)
#17051004
0+
#17054004
0)
#17056004
1+
#17058004
1)
b1000000000000 9
13
b10000000000 :
1R
1/
1?
17
1=
#17061004
0+
#17062004
0)
#17066004
1)
1+
0=
b10000000010000000010101010 L
07
10
03
1>
1<
1T
0R
1Q
b10000000010000000010101010 N
#17070004
0)
#17071004
0+
#17074004
1)
0>
1S
0T
0<
0?
0Q
b10000000010000000010101010 M
#17076004
1+
#17078004
0)
#17081004
0+
#17082004
1)
0S
#17086004
0)
1+
#17090004
1)
13
b1000000000100 9
1R
17
1=
b10000000001 :
1?
#17091004
0+
#17094004
0)
#17096004
1+
#17098004
1)
b10101010000001010000010000000011 N
0=
1<
0R
03
b10101010000001010000010000000011 L
07
1T
1>
1Q
#17101004
0+
#17102004
0)
#17106004
1)
1+
0Q
0?
0T
0<
b10101010000001010000010000000011 M
1S
0>
#17110004
0)
#17111004
0+
#17114004
1)
0S
#17116004
1+
#17118004
0)
#17121004
0+
#17122004
b1100 Y
1}
15
b1111111111 A
0/
1D
1)
b10101010101010100000000000000000 U
1Z
1J
1F
1W
b111111111110 @
#17126004
1+
0)
#17130004
1)
1X
0}
00
1V
1C
05
1K
0D
1E
1I
0W
0J
#17131004
0+
#17134004
0)
#17136004
1+
#17138004
1)
0X
0C
0V
0K
0I
0F
0E
0Z
#17141004
0+
#17142004
0)
#17146004
1)
1+
#17150004
0)
#17151004
0+
#17154004
1)
15
b1111 Y
b1000000000000 @
1Z
1}
b10000000000 A
1J
1D
1W
1F
b10101010101010101010101010101010 U
#17156004
1+
#17158004
0)
#17161004
0+
#17162004
1)
0}
1C
05
1X
0J
1E
0W
1V
0D
1I
1K
#17166004
0)
1+
#17170004
1)
0K
0C
0Z
0I
0X
0F
0V
0E
#17171004
0+
#17174004
0)
#17176004
1+
#17178004
1)
#17181004
0+
#17182004
0)
#17186004
1)
1+
15
1}
b1000000000100 @
1Z
b10000000001 A
1F
1J
1D
1W
#17190004
0)
#17191004
0+
#17194004
1)
0W
0}
1C
05
1E
1K
0D
1I
1V
0J
1X
#17196004
1+
#17198004
0)
#17201004
0+
#17202004
1)
0X
0E
0C
0K
0V
0Z
0I
0F
#17206004
0)
1+
#17210004
1)
#17211004
0+
#17214004
0)
#17216004
1+
#17218004
1)
1F
1W
1}
15
1J
b1000000001000 @
1D
1Z
b10000000010 A
#17221004
0+
#17222004
0)
#17226004
1)
1+
0}
1E
0W
1X
0J
1I
05
0D
1C
1V
1K
#17230004
0)
#17231004
0+
#17234004
1)
0K
0E
0F
0V
0Z
0X
0C
0I
#17236004
1+
#17238004
0)
#17241004
0+
#17242004
1)
#17246004
0)
1+
#17250004
1)
1W
b1000000000000000000000000 U
b10000000000 A
1}
b1100 Y
1J
1F
1Z
1D
15
b1000000000010 @
#17251004
0+
#17254004
0)
#17256004
1+
#17258004
1)
0}
1E
0W
1I
1K
05
1V
1C
0D
1X
0J
#17261004
0+
#17262004
0)
#17266004
1)
1+
0I
0E
0X
0K
0V
0C
0Z
0F
#17270004
0)
#17271004
0+
#17274004
1)
#17276004
1+
#17278004
0)
#17281004
0+
#17282004
1)
1J
b1000000000100 @
1}
1F
b10000000001 A
b101000001000000001100000010 U
1W
1Z
b1111 Y
15
1D
#17286004
0)
1+
#17290004
1)
0D
1I
0J
0}
05
1E
0W
1C
1V
1K
1X
#17291004
0+
#17294004
0)
#17296004
1+
#17298004
1)
0X
0I
0F
0K
0Z
0V
0C
0E
#17301004
0+
#17302004
0)
#17306004
1)
1+
#17310004
0)
#17311004
0+
#17314004
1)
1/
1?
1R
1=
b1000000000001 9
17
13
b10000000000 :
#17316004
1+
#17318004
0)
#17321004
0+
#17322004
1)
1T
1>
07
1Q
0R
b1000000001010101010101010 N
0=
10
b1000000001010101010101010 L
1<
03
#17326004
1+
0)
#17330004
1)
0Q
1S
b1000000001010101010101010 M
0>
0T
0?
0<
#17331004
0+
#17334004
0)
#17336004
1+
#17338004
1)
0S
#17341004
0+
#17342004
0)
#17346004
1)
1+
13
b10000000001 :
17
1=
1R
b1000000000100 9
1?
#17350004
0)
#17351004
0+
#17354004
1)
03
1>
0R
1<
b101000001000000001100000010 L
1T
1Q
0=
07
b101000001000000001100000010 N
#17356004
1+
#17358004
0)
#17361004
0+
#17362004
1)
0?
1S
0<
0>
b101000001000000001100000010 M
0Q
0T
#17366004
1+
0)
#17370004
1)
0S
#17371004
0+
#17374004
0)
#17376004
1+
#17378004
1)
17
13
1?
1R
b10000000010 :
1=
b1000000001000 9
#17381004
0+
#17382004
0)
#17386004
1)
1+
1<
b10101010101010101010101010101010 L
b10101010101010101010101010101010 N
1T
03
07
1Q
0R
1>
0=
#17390004
0)
#17391004
0+
#17394004
1)
0T
1S
0<
0Q
0?
b10101010101010101010101010101010 M
0>
#17396004
1+
#17398004
0)
#17401004
0+
#17402004
1)
0S
#17406004
0)
1+
#17410004
1)
b10101010000000000000000000000000 U
1J
1D
0/
b1111111111 A
b111111111111 @
1F
15
1}
b1000 Y
1Z
1W
#17411004
0+
#17414004
0)
#17416004
1+
#17418004
1)
0W
1I
0J
0D
1E
00
1X
1C
1V
0}
05
1K
#17421004
0+
#17422004
0)
#17426004
1)
1+
0K
0E
0I
0Z
0F
0V
0C
0X
#17430004
0)
#17431004
0+
#17434004
1)
#17436004
1+
#17438004
0)
#17441004
0+
#17442004
1)
1W
b10000000000 A
b10101010101010101010101010101010 U
1D
1J
15
b1000000000000 @
b1111 Y
1F
1Z
1}
#17446004
0)
1+
#17450004
1)
0}
1E
0D
0W
1K
1X
0J
1I
1C
1V
05
#17451004
0+
#17454004
0)
#17456004
1+
#17458004
1)
0E
0K
0V
0Z
0X
0C
0F
0I
#17461004
0+
#17462004
0)
#17466004
1)
1+
#17470004
0)
#17471004
0+
#17474004
1)
15
1}
1W
1D
b10000000001 A
1F
1J
1Z
b1000000000100 @
#17476004
1+
#17478004
0)
#17481004
0+
#17482004
1)
1I
0D
1E
0W
0}
05
1V
1K
0J
1C
1X
#17486004
0)
1+
#17490004
1)
0X
0I
0E
0C
0Z
0V
0K
0F
#17491004
0+
#17494004
0)
#17496004
1+
#17498004
1)
#17501004
0+
#17502004
0)
#17506004
1)
1+
1F
b1000000001000 @
1}
1W
1D
b10000000010 A
15
1J
1Z
#17510004
0)
#17511004
0+
#17514004
1)
0W
1I
0}
1X
0J
0D
1E
1K
05
1V
1C
#17516004
1+
#17518004
0)
#17521004
0+
#17522004
1)
0C
0F
0Z
0I
0V
0X
0E
0K
#17526004
1+
0)
#17530004
1)
#17531004
0+
#17534004
0)
#17536004
1+
#17538004
1)
1Z
1}
1F
b10101010 U
1W
b1000000001100 @
1D
1J
15
b10000000011 A
b1 Y
#17541004
0+
#17542004
0)
#17546004
1)
1+
1C
0W
1K
0}
1I
1E
05
1X
0J
0D
1V
#17550004
0)
#17551004
0+
#17554004
1)
0V
0K
0C
0Z
0F
0I
0X
0E
#17556004
1+
#17558004
0)
#17561004
0+
#17562004
1)
#17566004
0)
1+
#17570004
1)
b1000 Y
1Z
1W
b0 U
1}
b1000000000011 @
b10000000000 A
1J
1F
1D
15
#17571004
0+
#17574004
0)
#17576004
1+
#17578004
1)
05
1E
0W
1V
1C
1K
0D
0}
1X
1I
0J
#17581004
0+
#17582004
0)
#17586004
1)
1+
0E
0C
0V
0Z
0I
0K
0X
0F
#17590004
0)
#17591004
0+
#17594004
1)
#17596004
1+
#17598004
0)
#17601004
0+
#17602004
1)
1F
1J
15
1W
b1111 Y
1Z
1D
b100000000110000001000000001 U
1}
b10000000001 A
b1000000000100 @
#17606004
1+
0)
#17610004
1)
0W
1V
05
1E
0J
1C
1X
0}
1I
0D
1K
#17611004
0+
#17614004
0)
#17616004
1+
#17618004
1)
0K
0F
0E
0V
0Z
0I
0C
0X
#17621004
0+
#17622004
0)
#17626004
1)
1+
#17630004
0)
#17631004
0+
#17634004
1)
1J
b1000000001000 @
1F
1W
15
1D
b10000000010 A
b1 Y
1Z
1}
b101 U
#17636004
1+
#17638004
0)
#17641004
0+
#17642004
1)
1E
0W
1X
0J
1K
0}
0D
1C
05
1V
1I
#17646004
0)
1+
#17650004
1)
0I
0E
0X
0F
0V
0K
0Z
0C
#17651004
0+
#17654004
0)
#17656004
1+
#17658004
1)
#17661004
0+
#17662004
0)
#17666004
1)
1+
1R
b1000000000010 9
13
1=
b10000000000 :
1?
1/
17
#17670004
0)
#17671004
0+
#17674004
1)
07
0=
03
1>
0R
1T
10
b101010101010101010101010 N
b101010101010101010101010 L
1Q
1<
#17676004
1+
#17678004
0)
#17681004
0+
#17682004
1)
0<
0Q
0T
0>
1S
0?
b101010101010101010101010 M
#17686004
1+
0)
#17690004
1)
0S
#17691004
0+
#17694004
0)
#17696004
1+
#17698004
1)
b1000000000100 9
17
1R
1=
13
b10000000001 :
1?
#17701004
0+
#17702004
0)
#17706004
1)
1+
03
1<
0R
07
1Q
0=
b100000000110000001000000001 L
1>
1T
b100000000110000001000000001 N
#17710004
0)
#17711004
0+
#17714004
1)
0T
0?
1S
b100000000110000001000000001 M
0<
0>
0Q
#17716004
1+
#17718004
0)
#17721004
0+
#17722004
1)
0S
#17726004
0)
1+
#17730004
1)
1?
1R
13
b1000000001000 9
17
1=
b10000000010 :
#17731004
0+
#17734004
0)
#17736004
1+
#17738004
1)
07
1Q
b10101010101010101010101000000101 N
1>
0R
1T
1<
03
b10101010101010101010101000000101 L
0=
#17741004
0+
#17742004
0)
#17746004
1)
1+
0>
0Q
0?
1S
0<
0T
b10101010101010101010101000000101 M
#17750004
0)
#17751004
0+
#17754004
1)
0S
#17756004
1+
#17758004
0)
#17761004
0+
#17762004
1)
b10101010101010101010101010101010 U
0/
1J
1W
b111111111100 @
1Z
1F
1D
1}
15
b1111 Y
b1111111111 A
#17766004
1+
0)
#17770004
1)
00
1C
0W
1X
0J
1I
1E
05
1K
0}
0D
1V
#17771004
0+
#17774004
0)
#17776004
1+
#17778004
1)
0V
0C
0I
0X
0F
0Z
0K
0E
#17781004
0+
#17782004
0)
#17786004
1)
1+
#17790004
0)
#17791004
0+
#17794004
1)
b10000000000 A
1J
1W
b1000000000000 @
1D
1Z
1F
1}
15
#17796004
1+
#17798004
0)
#17801004
0+
#17802004
1)
0J
1E
1V
1I
05
1C
0}
0W
1X
1K
0D
#17806004
0)
1+
#17810004
1)
0E
0I
0V
0K
0C
0X
0F
0Z
#17811004
0+
#17814004
0)
#17816004
1+
#17818004
1)
#17821004
0+
#17822004
0)
#17826004
1)
1+
1D
15
1J
1Z
b10000000001 A
1F
1W
1}
b1000000000100 @
#17830004
0)
#17831004
0+
#17834004
1)
0D
1I
0J
05
1E
0}
1V
0W
1X
1C
1K
#17836004
1+
#17838004
0)
#17841004
0+
#17842004
1)
0K
0Z
0I
0C
0E
0F
0X
0V
#17846004
0)
1+
#17850004
1)
#17851004
0+
#17854004
0)
#17856004
1+
#17858004
1)
15
b1000000001000 @
b101010101010101010101010 U
1Z
1J
1D
b10000000010 A
1F
b111 Y
1W
1}
#17861004
0+
#17862004
0)
#17866004
1)
1+
0}
0J
1V
05
1K
0W
1X
1I
1C
0D
1E
#17870004
0)
#17871004
0+
#17874004
1)
0E
0V
0Z
0X
0K
0C
0I
0F
#17876004
1+
#17878004
0)
#17881004
0+
#17882004
1)
#17886004
0)
1+
#17890004
1)
15
1J
b1000000000000 @
1}
1F
b11000000100000000100000000 U
1Z
1D
1W
b1111 Y
b10000000000 A
#17891004
0+
#17894004
0)
#17896004
1+
#17898004
1)
0J
1V
05
0}
1E
1I
0W
1C
0D
1K
1X
#17901004
0+
#17902004
0)
#17906004
1)
1+
0X
0F
0V
0K
0Z
0E
0C
0I
#17910004
0)
#17911004
0+
#17914004
1)
#17916004
1+
#17918004
0)
#17921004
0+
#17922004
1)
1F
1J
b10000000001 A
1}
15
b1000000000100 @
b111 Y
b1100000010100000100 U
1D
1Z
1W
#17926004
0)
1+
#17930004
1)
0W
05
0J
1I
0}
1X
1V
1C
0D
1E
1K
#17931004
0+
#17934004
0)
#17936004
1+
#17938004
1)
0K
0F
0I
0E
0X
0Z
0V
0C
#17941004
0+
#17942004
0)
#17946004
1)
1+
#17950004
0)
#17951004
0+
#17954004
1)
13
b1111111111 :
17
1=
b111111111111 9
1/
1R
1?
#17956004
1+
#17958004
0)
#17961004
0+
#17962004
1)
0R
10
b10101010101010101010101010101010 N
1Q
03
1>
1T
07
1<
0=
b10101010101010101010101010101010 L
#17966004
1+
0)
#17970004
1)
b10101010101010101010101010101010 M
0<
0Q
0?
0T
0>
1S
#17971004
0+
#17974004
0)
#17976004
1+
#17978004
1)
0S
#17981004
0+
#17982004
0)
#17986004
1)
1+
13
b10000000000 :
1R
1?
b1000000000000 9
17
1=
#17990004
0)
#17991004
0+
#17994004
1)
0=
b11000000100000000100000000 L
1<
03
1>
b11000000100000000100000000 N
0R
1T
1Q
07
#17996004
1+
#17998004
0)
#18001004
0+
#18002004
1)
0T
b11000000100000000100000000 M
0<
1S
0?
0>
0Q
#18006004
0)
1+
#18010004
1)
0S
#18011004
0+
#18014004
0)
#18016004
1+
#18018004
1)
13
1?
17
b1000000000100 9
1=
1R
b10000000001 :
#18021004
0+
#18022004
0)
#18026004
1)
1+
1Q
0R
07
03
b10101010000001100000010100000100 L
1T
0=
b10101010000001100000010100000100 N
1<
1>
#18030004
0)
#18031004
0+
#18034004
1)
0>
0?
0Q
b10101010000001100000010100000100 M
0T
1S
0<
#18036004
1+
#18038004
0)
#18041004
0+
#18042004
1)
0S
#18046004
1+
0)
#18050004
1)
15
1W
1}
1F
1J
b1111111111 A
0/
b111111111101 @
1Z
1D
b10101010101010101010101000000000 U
b1110 Y
#18051004
0+
#18054004
0)
#18056004
1+
#18058004
1)
0W
05
1C
00
0J
0}
1K
1V
1E
1I
0D
1X
#18061004
0+
#18062004
0)
#18066004
1)
1+
0X
0C
0F
0V
0K
0I
0E
0Z
#18070004
0)
#18071004
0+
#18074004
1)
#18076004
1+
#18078004
0)
#18081004
0+
#18082004
1)
b10000000000 A
1}
1W
15
1Z
1J
1F
b1111 Y
b10101010101010101010101010101010 U
1D
b1000000000000 @
#18086004
1+
0)
#18090004
1)
1C
0}
05
0W
1X
0D
0J
1E
1I
1K
1V
#18091004
0+
#18094004
0)
#18096004
1+
#18098004
1)
0V
0Z
0C
0K
0X
0F
0I
0E
#18101004
0+
#18102004
0)
#18106004
1)
1+
#18110004
0)
#18111004
0+
#18114004
1)
b1000000000100 @
1Z
b10000000001 A
1W
15
1}
1D
1F
1J
#18116004
1+
#18118004
0)
#18121004
0+
#18122004
1)
0J
1E
05
0W
1V
1I
1K
1C
0D
0}
1X
#18126004
1+
0)
#18130004
1)
0X
0Z
0E
0I
0F
0V
0C
0K
#18131004
0+
#18134004
0)
#18136004
1+
#18138004
1)
#18141004
0+
#18142004
0)
#18146004
1)
1+
1J
1Z
b1000000001000 @
1W
15
b10000000010 A
1}
1F
1D
#18150004
0)
#18151004
0+
#18154004
1)
0D
1K
05
0J
0W
1X
1C
1I
1E
0}
1V
#18156004
1+
#18158004
0)
#18161004
0+
#18162004
1)
0V
0K
0Z
0C
0F
0X
0E
0I
#18166004
1+
0)
#18170004
1)
#18171004
0+
#18174004
0)
#18176004
1+
#18178004
1)
1D
1W
1J
15
b1000000000001 @
1}
b1110 Y
1Z
1F
b10000000000 A
b10000000010000000000000000 U
#18181004
0+
#18182004
0)
#18186004
1)
1+
1V
05
1K
1I
0J
0D
0W
0}
1E
1C
1X
#18190004
0)
#18191004
0+
#18194004
1)
0X
0V
0K
0I
0C
0E
0F
0Z
#18196004
1+
#18198004
0)
#18201004
0+
#18202004
1)
#18206004
0)
1+
#18210004
1)
1Z
b110000001010000010000000011 U
1D
15
1J
1F
1}
1W
b10000000001 A
b1000000000100 @
b1111 Y
#18211004
0+
#18214004
0)
#18216004
1+
#18218004
1)
05
1K
0D
1V
1X
0W
0J
0}
1E
1C
1I
#18221004
0+
#18222004
0)
#18226004
1)
1+
0I
0V
0Z
0K
0C
0F
0X
0E
#18230004
0)
#18231004
0+
#18234004
1)
#18236004
1+
#18238004
0)
#18241004
0+
#18242004
1)
b10000000000 :
17
1R
1?
13
b1000000000000 9
1=
1/
#18246004
0)
1+
#18250004
1)
1<
1T
b10000000010000000010101010 N
0R
07
1>
03
10
1Q
b10000000010000000010101010 L
0=
#18251004
0+
#18254004
0)
#18256004
1+
#18258004
1)
1S
0Q
0T
0<
b10000000010000000010101010 M
0?
0>
#18261004
0+
#18262004
0)
#18266004
1)
1+
0S
#18270004
0)
#18271004
0+
#18274004
1)
1=
b1000000000100 9
1?
1R
b10000000001 :
17
13
#18276004
1+
#18278004
0)
#18281004
0+
#18282004
1)
03
07
1>
b110000001010000010000000011 N
1Q
0=
0R
1<
1T
b110000001010000010000000011 L
#18286004
0)
1+
#18290004
1)
1S
0<
0>
0?
b110000001010000010000000011 M
0Q
0T
#18291004
0+
#18294004
0)
#18296004
1+
#18298004
1)
0S
#18301004
0+
#18302004
0)
#18306004
1)
1+
17
b1000000001000 9
13
1?
1R
b10000000010 :
1=
#18310004
0)
#18311004
0+
#18314004
1)
0=
b10101010101010101010101010101010 L
b10101010101010101010101010101010 N
07
1<
1T
0R
1>
03
1Q
#18316004
1+
#18318004
0)
#18321004
0+
#18322004
1)
0Q
0>
b10101010101010101010101010101010 M
1S
0T
0?
0<
#18326004
1+
0)
#18330004
1)
0S
#18331004
0+
#18334004
0)
#18336004
1+
#18338004
1)
b10101010101010100000000000000000 U
0/
1Z
b1100 Y
15
1D
1W
b111111111110 @
1F
1}
1J
b1111111111 A
#18341004
0+
#18342004
0)
#18346004
1)
1+
1E
05
1I
00
1V
0J
0D
1C
1K
0}
1X
0W
#18350004
0)
#18351004
0+
#18354004
1)
0E
0I
0Z
0X
0V
0C
0K
0F
#18356004
1+
#18358004
0)
#18361004
0+
#18362004
1)
#18366004
0)
1+
#18370004
1)
b10000000000 A
1W
b10101010101010101010101010101010 U
1F
b1111 Y
15
1Z
1D
1J
1}
b1000000000000 @
#18371004
0+
#18374004
0)
#18376004
1+
#18378004
1)
1I
0W
1E
0}
1K
05
0J
1C
0D
1V
1X
#18381004
0+
#18382004
0)
#18386004
1)
1+
0X
0F
0I
0V
0Z
0E
0K
0C
#18390004
0)
#18391004
0+
#18394004
1)
#18396004
1+
#18398004
0)
#18401004
0+
#18402004
1)
1W
b1000000000100 @
b10000000001 A
1F
1}
1D
1Z
1J
15
#18406004
1+
0)
#18410004
1)
05
0W
1X
1C
0J
1K
1V
1I
1E
0D
0}
#18411004
0+
#18414004
0)
#18416004
1+
#18418004
1)
0X
0K
0C
0E
0Z
0I
0V
0F
#18421004
0+
#18422004
0)
#18426004
1)
1+
#18430004
0)
#18431004
0+
#18434004
1)
1F
1}
b10000000010 A
1W
b1000000001000 @
15
1D
1J
1Z
#18436004
1+
#18438004
0)
#18441004
0+
#18442004
1)
0W
0}
0J
05
1X
1V
0D
1K
1I
1E
1C
#18446004
0)
1+
#18450004
1)
0Z
0F
0C
0E
0I
0X
0K
0V
#18451004
0+
#18454004
0)
#18456004
1+
#18458004
1)
#18461004
0+
#18462004
0)
#18466004
1)
1+
1F
b1000000001100 @
b1 Y
1Z
1W
b10000000011 A
b10101010 U
15
1}
1J
1D
#18470004
0)
#18471004
0+
#18474004
1)
0D
1V
0W
0J
05
1K
0}
1C
1X
1I
1E
#18476004
1+
#18478004
0)
#18481004
0+
#18482004
1)
0E
0V
0F
0Z
0I
0X
0C
0K
#18486004
1+
0)
#18490004
1)
#18491004
0+
#18494004
0)
#18496004
1+
#18498004
1)
1F
b10000000000 A
b1000000000010 @
1D
b1100 Y
1J
1W
b1000000000000000000000000 U
15
1Z
1}
#18501004
0+
#18502004
0)
#18506004
1)
1+
0}
1E
0D
1K
1V
0J
1C
05
1X
0W
1I
#18510004
0)
#18511004
0+
#18514004
1)
0I
0E
0K
0F
0V
0Z
0X
0C
#18516004
1+
#18518004
0)
#18521004
0+
#18522004
1)
#18526004
0)
1+
#18530004
1)
1}
b1000000000100 @
1D
b10000000001 A
1F
1W
b1111 Y
1Z
1J
15
b101000001000000001100000010 U
#18531004
0+
#18534004
0)
#18536004
1+
#18538004
1)
0D
1I
1C
1K
1E
0}
05
1X
0J
0W
1V
#18541004
0+
#18542004
0)
#18546004
1)
1+
0V
0I
0E
0K
0C
0F
0X
0Z
#18550004
0)
#18551004
0+
#18554004
1)
#18556004
1+
#18558004
0)
#18561004
0+
#18562004
1)
1Z
1D
b110 U
b1000000001000 @
1W
1}
b10000000010 A
1F
15
1J
b1 Y
#18566004
0)
1+
#18570004
1)
1V
1K
0D
1E
1I
0J
0W
1X
05
0}
1C
#18571004
0+
#18574004
0)
#18576004
1+
#18578004
1)
0C
0E
0V
0K
0Z
0I
0X
0F
#18581004
0+
#18582004
0)
#18586004
1)
1+
#18590004
0)
#18591004
0+
#18594004
1)
1/
17
b10000000000 :
1?
1=
b1000000000001 9
1R
13
#18596004
1+
#18598004
0)
#18601004
0+
#18602004
1)
03
1<
07
1Q
1>
10
b1000000001010101010101010 L
b1000000001010101010101010 N
0=
1T
0R
#18606004
1+
0)
#18610004
1)
0>
0Q
0<
1S
0?
b1000000001010101010101010 M
0T
#18611004
0+
#18614004
0)
#18616004
1+
#18618004
1)
0S
#18621004
0+
#18622004
0)
#18626004
1)
1+
b10000000001 :
1?
1=
b1000000000100 9
1R
13
17
#18630004
0)
#18631004
0+
#18634004
1)
07
1T
03
0R
0=
1>
b101000001000000001100000010 N
1<
b101000001000000001100000010 L
1Q
#18636004
1+
#18638004
0)
#18641004
0+
#18642004
1)
0Q
0T
0?
0<
1S
0>
b101000001000000001100000010 M
#18646004
0)
1+
#18650004
1)
0S
#18651004
0+
#18654004
0)
#18656004
1+
#18658004
1)
1R
13
b1000000001000 9
17
b10000000010 :
1?
1=
#18661004
0+
#18662004
0)
#18666004
1)
1+
0=
03
0R
b10101010101010101010101000000110 L
1Q
1T
07
1<
b10101010101010101010101000000110 N
1>
#18670004
0)
#18671004
0+
#18674004
1)
0>
1S
0<
0?
b10101010101010101010101000000110 M
0T
0Q
#18676004
1+
#18678004
0)
#18681004
0+
#18682004
1)
0S
#18686004
0)
1+
#18690004
1)
1F
b1000 Y
b10101010000000000000000000000000 U
0/
1D
1}
1J
b111111111111 @
1W
1Z
15
b1111111111 A
#18691004
0+
#18694004
0)
#18696004
1+
#18698004
1)
00
1K
1V
1E
1C
05
0}
1X
0D
1I
0W
0J
#18701004
0+
#18702004
0)
#18706004
1)
1+
0E
0F
0V
0K
0C
0I
0Z
0X
#18710004
0)
#18711004
0+
#18714004
1)
#18716004
1+
#18718004
0)
#18721004
0+
#18722004
1)
b10000000000 A
b1111 Y
1J
1F
b10101010101010101010101010101010 U
1Z
1W
1}
15
1D
b1000000000000 @
#18726004
1+
0)
#18730004
1)
1X
1V
0J
1E
0D
0W
05
1K
0}
1I
1C
#18731004
0+
#18734004
0)
#18736004
1+
#18738004
1)
0C
0F
0V
0X
0I
0E
0Z
0K
#18741004
0+
#18742004
0)
#18746004
1)
1+
#18750004
0)
#18751004
0+
#18754004
1)
b1000000000100 @
b10000000001 A
1J
1F
1Z
1D
1}
15
1W
#18756004
1+
#18758004
0)
#18761004
0+
#18762004
1)
0W
1K
0J
1V
1C
05
1I
1X
0}
1E
0D
#18766004
1+
0)
#18770004
1)
0K
0V
0E
0C
0I
0X
0Z
0F
#18771004
0+
#18774004
0)
#18776004
1+
#18778004
1)
#18781004
0+
#18782004
0)
#18786004
1)
1+
1F
1D
b1000000001000 @
1W
1J
b10000000010 A
1Z
15
1}
#18790004
0)
#18791004
0+
#18794004
1)
0}
0J
0D
1K
0W
05
1V
1X
1I
1C
1E
#18796004
1+
#18798004
0)
#18801004
0+
#18802004
1)
0E
0K
0F
0C
0I
0Z
0X
0V
#18806004
1+
0)
#18810004
1)
#18811004
0+
#18814004
0)
#18816004
1+
#18818004
1)
1J
1}
1D
b11 Y
b1000000001100 @
1W
b1010101010101010 U
b10000000011 A
1Z
1F
15
#18821004
0+
#18822004
0)
#18826004
1)
1+
05
1V
1E
1K
0D
0J
0}
0W
1X
1I
1C
#18830004
0)
#18831004
0+
#18834004
1)
0C
0V
0E
0K
0I
0F
0X
0Z
#18836004
1+
#18838004
0)
#18841004
0+
#18842004
1)
#18846004
0)
1+
#18850004
1)
1Z
1J
15
b1000 Y
1D
1}
b1000000000011 @
1F
b0 U
1W
b10000000000 A
#18851004
0+
#18854004
0)
#18856004
1+
#18858004
1)
0J
1E
05
1V
1C
0W
0D
1K
1X
0}
1I
#18861004
0+
#18862004
0)
#18866004
1)
1+
0I
0V
0Z
0E
0C
0X
0K
0F
#18870004
0)
#18871004
0+
#18874004
1)
#18876004
1+
#18878004
0)
#18881004
0+
#18882004
1)
1F
b10000000001 A
1Z
b1111 Y
1J
15
1}
1D
1W
b100000000110000001000000001 U
b1000000000100 @
#18886004
1+
0)
#18890004
1)
1I
0J
1V
0}
1K
05
0W
1X
0D
1C
1E
#18891004
0+
#18894004
0)
#18896004
1+
#18898004
1)
0E
0F
0I
0Z
0C
0V
0K
0X
#18901004
0+
#18902004
0)
#18906004
1)
1+
#18910004
0)
#18911004
0+
#18914004
1)
b1000000001000 @
b10000000010 A
1J
1F
b11 Y
1Z
b11000000101 U
1}
1D
1W
15
#18916004
1+
#18918004
0)
#18921004
0+
#18922004
1)
05
1X
1I
0J
1E
0W
1K
0D
1V
0}
1C
#18926004
1+
0)
#18930004
1)
0C
0F
0I
0X
0E
0Z
0V
0K
#18931004
0+
#18934004
0)
#18936004
1+
#18938004
1)
#18941004
0+
#18942004
0)
#18946004
1)
1+
1/
1R
13
b1000000000010 9
1=
b10000000000 :
1?
17
#18950004
0)
#18951004
0+
#18954004
1)
07
1<
1T
1>
1Q
03
0R
0=
b101010101010101010101010 L
10
b101010101010101010101010 N
#18956004
1+
#18958004
0)
#18961004
0+
#18962004
1)
0Q
1S
0>
0?
0T
0<
b101010101010101010101010 M
#18966004
1+
0)
#18970004
1)
0S
#18971004
0+
#18974004
0)
#18976004
1+
#18978004
1)
1?
17
1=
1R
b10000000001 :
13
b1000000000100 9
#18981004
0+
#18982004
0)
#18986004
1)
1+
b100000000110000001000000001 N
03
b100000000110000001000000001 L
1>
1<
1Q
1T
0R
0=
07
#18990004
0)
#18991004
0+
#18994004
1)
1S
0>
b100000000110000001000000001 M
0T
0?
0Q
0<
#18996004
1+
#18998004
0)
#19001004
0+
#19002004
1)
0S
#19006004
0)
1+
#19010004
1)
17
b1000000001000 9
1=
13
1?
b10000000010 :
1R
#19011004
0+
#19014004
0)
#19016004
1+
#19018004
1)
0R
1<
1Q
b10101010101010100000011000000101 L
07
b10101010101010100000011000000101 N
0=
03
1T
1>
#19021004
0+
#19022004
0)
#19026004
1)
1+
0>
1S
0T
0Q
0<
0?
b10101010101010100000011000000101 M
#19030004
0)
#19031004
0+
#19034004
1)
0S
#19036004
1+
#19038004
0)
#19041004
0+
#19042004
1)
#19042005
1+
bx 9
0G
bx @
bx B
bx :
bx A
bx ;
bx Y
0O
bx U
#19046005
0)
#19047005
0+
#19050005
1)
1G
1O
#19052005
1+
#19054005
0)
#19057005
0+
#19058005
1)
0O
0q
1*
1,
0G
0i
#19062005
1+
0)
#19066005
1)
0/
00
#19067005
0+
#19070005
0)
#19072005
1+
#19074005
1)
0*
#19077005
0+
#19078005
0)
#19082005
1)
1+
1O
1G
0,
#19086005
0)
#19087005
0+
#19090005
1)
#19092005
1+
1i
1q
#19094005
0)
#19097005
0+
#19098005
1)
#19102005
0)
1+
#19106005
1)
#19107005
0+
#19110005
0)
#19112005
1+
#19114005
1)
#19117005
0+
#19118005
0)
#19122005
1)
1+
1f
1~
b1111111111 c
16
b1111 {
b10 d
1h
1l
b111111111100 b
b10101010101010101010101010101010 w
1y
1|
#19126005
0)
#19127005
0+
#19130005
1)
#19132005
1+
1z
1m
0f
1g
1k
1e
0~
06
0y
1x
0l
#19134005
0)
#19137005
0+
#19138005
1)
#19142005
0)
1+
0|
0h
0e
0m
0z
0k
0g
0x
#19146005
1)
#19147005
0+
#19150005
0)
#19152005
1+
#19154005
1)
#19157005
0+
#19158005
0)
#19162005
1)
1+
1l
1~
1h
1|
1f
b10000000000 c
16
1y
b1000000000000 b
#19166005
0)
#19167005
0+
#19170005
1)
#19172005
1+
0f
1x
1k
0~
0l
1z
1m
1e
0y
1g
06
#19174005
0)
#19177005
0+
#19178005
1)
#19182005
0)
1+
0m
0z
0k
0x
0|
0h
0g
0e
#19186005
1)
#19187005
0+
#19190005
0)
#19192005
1+
#19194005
1)
#19197005
0+
#19198005
0)
#19202005
1)
1+
1|
1f
b1000000000100 b
16
b1 {
1l
1~
1h
1y
b10000000001 c
b10101010 w
#19206005
0)
#19207005
0+
#19210005
1)
#19212005
1+
0l
0f
1x
1z
1m
06
1k
1e
1g
0y
0~
#19214005
0)
#19217005
0+
#19218005
1)
#19222005
0)
1+
0k
0|
0m
0x
0z
0g
0e
0h
#19226005
1)
#19227005
0+
#19230005
0)
#19232005
1+
1h
1~
b0 w
1f
1l
1|
16
b1000000000000 b
b10000000000 c
1y
#19234005
1)
#19237005
0+
#19238005
0)
#19242005
1)
1+
0y
06
1x
0~
1m
0l
0f
1k
1e
1g
1z
#19246005
0)
#19247005
0+
#19250005
1)
#19252005
1+
0z
0h
0|
0m
0x
0g
0e
0k
#19254005
0)
#19257005
0+
#19258005
1)
#19262005
0)
1+
#19266005
1)
#19267005
0+
#19270005
0)
#19272005
1+
1_
b111111111111 [
18
1a
1t
14
b1111111111 \
11
b10 ]
#19274005
1)
#19277005
0+
#19278005
0)
#19282005
1)
1+
1s
04
0_
0t
1^
b10101010101010101010101010101010 p
1`
08
b10101010101010101010101010101010 n
12
1v
#19286005
0)
#19287005
0+
#19290005
1)
#19292005
1+
0v
1u
0`
0s
0^
0a
b10101010101010101010101010101010 o
#19294005
0)
#19297005
0+
#19298005
1)
#19302005
0)
1+
0u
#19306005
1)
#19307005
0+
#19310005
0)
#19312005
1+
1_
14
b1000000000000 [
1t
1a
b10000000000 \
18
#19314005
1)
#19317005
0+
#19318005
0)
#19322005
1)
1+
1^
1v
08
04
1s
1`
b101010101010101000000000 p
0_
0t
b101010101010101000000000 n
#19326005
0)
#19327005
0+
#19330005
1)
#19332005
1+
b101010101010101000000000 o
1u
0`
0v
0^
0s
0a
#19334005
0)
#19337005
0+
#19338005
1)
#19342005
0)
1+
0u
#19346005
1)
#19347005
0+
#19350005
0)
#19352005
1+
1y
1f
1|
1l
16
b1110 {
1h
b10101010101010101010101000000000 w
1~
b1111111111 c
01
b111111111101 b
#19354005
1)
#19357005
0+
#19358005
0)
#19362005
1)
1+
1m
1k
0f
0y
0l
06
1z
1e
02
1g
0~
1x
#19366005
0)
#19367005
0+
#19370005
1)
#19372005
1+
0x
0m
0h
0|
0k
0g
0z
0e
#19374005
0)
#19377005
0+
#19378005
1)
#19382005
0)
1+
#19386005
1)
#19387005
0+
#19390005
0)
#19392005
1+
1|
16
b1000000000000 b
b10101010101010101010101010101010 w
1h
1l
b1111 {
1y
1f
1~
b10000000000 c
#19394005
1)
#19397005
0+
#19398005
0)
#19402005
1)
1+
0y
06
1e
1x
0l
1m
0~
0f
1z
1g
1k
#19406005
0)
#19407005
0+
#19410005
1)
#19412005
1+
0k
0|
0x
0e
0h
0g
0z
0m
#19414005
0)
#19417005
0+
#19418005
1)
#19422005
0)
1+
#19426005
1)
#19427005
0+
#19430005
0)
#19432005
1+
1l
b10000000001 c
1y
b11 {
b1000000000100 b
1|
16
b1010101010101010 w
1h
1~
1f
#19434005
1)
#19437005
0+
#19438005
0)
#19442005
1)
1+
0f
06
1m
1e
0l
1x
0y
1k
0~
1z
1g
#19446005
0)
#19447005
0+
#19450005
1)
#19452005
1+
0g
0x
0m
0|
0e
0z
0k
0h
#19454005
0)
#19457005
0+
#19458005
1)
#19462005
0)
1+
#19466005
1)
#19467005
0+
#19470005
0)
#19472005
1+
1|
1y
16
1f
1h
b10000000000 c
b1000000000001 b
1l
b10 {
1~
b0 w
#19474005
1)
#19477005
0+
#19478005
0)
#19482005
1)
1+
0l
0y
06
1m
1g
1x
0f
0~
1z
1e
1k
#19486005
0)
#19487005
0+
#19490005
1)
#19492005
1+
0k
0x
0|
0g
0m
0h
0e
0z
#19494005
0)
#19497005
0+
#19498005
1)
#19502005
0)
1+
#19506005
1)
#19507005
0+
#19510005
0)
#19512005
1+
1a
18
14
11
1_
1t
#19514005
1)
#19517005
0+
#19518005
0)
#19522005
1)
1+
08
1^
0t
1v
1`
0_
1s
04
12
#19526005
0)
#19527005
0+
#19530005
1)
#19532005
1+
0v
1u
0^
0a
0`
0s
#19532006
bx ]
bx w
0i
bx d
0q
bx b
bx c
bx [
0O
bx \
0G
bx {
#19536006
0)
#19537006
0+
#19540006
1)
1G
1O
#19542006
1+
1i
1q
#19544006
0)
#19547006
0+
#19548006
1)
1*
1,
0i
0O
0q
0G
#19552006
0)
1+
02
0u
01
#19556006
1)
#19557006
0+
#19560006
0)
#19562006
1+
#19564006
1)
0*
#19567006
0+
#19568006
0)
#19572006
1)
1+
1G
0,
1O
#19576006
0)
#19577006
0+
#19580006
1)
#19582006
1+
1i
1q
#19584006
0)
#19587006
0+
#19588006
1)
0G
0O
#19592006
1+
0q
0)
0i
#19596006
1)
#19597006
0+
#19600006
0)
#19602006
1+
#19604006
1)
b1111111111 A
15
b111111111100 @
1J
b10101010101010101010101010101010 U
b10 B
1F
1}
1W
b1111 Y
1Z
1D
#19607006
0+
#19608006
0)
#19612006
1)
1+
0D
1O
05
1I
1G
1K
0J
1q
1C
1i
1X
1V
0W
0}
1E
#19616006
0)
#19617006
0+
#19620006
1)
0E
0I
0O
0G
0K
0Z
0C
0V
0F
0X
#19622006
1+
0q
0i
#19624006
0)
#19627006
0+
#19628006
1)
#19632006
0)
1+
#19636006
1)
b1000000000000 @
15
1D
b10000000000 A
1J
1F
1}
1W
1Z
#19637006
0+
#19640006
0)
#19642006
1+
#19644006
1)
1E
1X
05
1G
0D
1O
1I
0W
0J
1K
0}
1C
1V
#19647006
0+
#19648006
0)
#19652006
1)
1+
0V
0Z
1i
0O
0X
0E
0G
0C
0I
1q
0K
0F
#19656006
0)
#19657006
0+
#19660006
1)
#19662006
1+
0i
0q
#19664006
0)
#19667006
0+
#19668006
1)
1F
b10000000001 A
1Z
b1000000000100 @
15
b10101010 U
1D
1W
1}
1J
b1 Y
#19672006
0)
1+
#19676006
1)
1E
1O
1V
05
1X
0J
1C
1G
0}
0W
1I
0D
1K
#19677006
0+
#19680006
0)
#19682006
1+
#19684006
1)
0K
0E
0F
0V
0O
0Z
0X
0I
0C
0G
#19687006
0+
#19688006
0)
#19692006
1)
1+
1q
1i
#19696006
0)
#19697006
0+
#19700006
1)
15
b0 U
b10000000000 A
1F
b1000000000000 @
1D
1J
1W
1Z
1}
#19702006
1+
0i
0q
#19704006
0)
#19707006
0+
#19708006
1)
1K
0}
1O
05
1G
1V
1E
1C
0W
0J
1X
0D
1I
#19712006
1+
0)
#19716006
1)
0I
0V
0O
0K
0F
0G
0Z
0X
0E
0C
#19717006
0+
#19720006
0)
#19722006
1+
#19724006
1)
#19727006
0+
#19728006
0)
#19732006
1)
1+
1q
b111111111111 9
1?
1R
13
b1111111111 :
17
1=
1i
b10 ;
1/
#19736006
0)
#19737006
0+
#19740006
1)
1T
07
b10101010101010101010101010101010 L
10
1>
1O
1<
03
1Q
0R
b10101010101010101010101010101010 N
0=
1G
#19742006
1+
0q
0i
#19744006
0)
#19747006
0+
#19748006
1)
1S
0G
b10101010101010101010101010101010 M
0T
0Q
0?
0>
0<
0O
#19752006
1+
0)
#19756006
1)
#19757006
0+
#19760006
0)
#19762006
1+
#19764006
1)
b1000000000000 9
17
1R
b10000000000 :
1?
13
1=
#19767006
0+
#19768006
0)
#19772006
1)
1+
0=
1O
1i
b10101010101010101010101000000000 L
1G
1<
1>
0R
07
1Q
1T
03
1q
b10101010101010101010101000000000 N
#19776006
0)
#19777006
0+
#19780006
1)
0Q
0?
0O
b10101010101010101010101000000000 M
0G
0>
0<
0T
#19782006
0i
1+
0q
#19784006
0)
#19787006
0+
#19788006
1)
#19792006
0)
1+
#19796006
0/
b1110 Y
1}
1F
15
b1111111111 A
b10101010101010101010101000000000 U
1)
1D
b111111111101 @
1J
1Z
1W
#19797006
0+
#19800006
0)
#19802006
1+
#19804006
0W
1C
00
1I
1V
05
0}
1G
1K
1O
1)
1E
0J
1X
0D
#19807006
0+
#19808006
0)
#19812006
1)
0K
1q
1i
0S
0C
0G
0V
0I
0F
1+
0O
0Z
0X
0E
#19816006
0)
#19817006
0+
#19820006
1)
#19822006
0i
0q
1+
#19824006
0)
#19827006
0+
#19828006
1)
1D
b10000000000 A
1W
b1111 Y
15
1}
1F
b10101010101010101010101010101010 U
1Z
b1000000000000 @
1J
#19832006
1+
0)
#19836006
1)
0J
1I
05
0D
1E
1K
1V
1C
0W
1G
0}
1X
1O
#19837006
0+
#19840006
0)
#19842006
1+
#19844006
1)
0O
0I
0C
0E
0V
0K
0X
0G
0Z
0F
#19847006
0+
#19848006
0)
#19852006
1)
1+
1i
1q
#19856006
0)
#19857006
0+
#19860006
1)
1F
1D
b10000000001 A
1W
15
1J
b11 Y
1Z
b1000000000100 @
b1010101010101010 U
1}
#19862006
1+
0q
0i
#19864006
0)
#19867006
0+
#19868006
1)
0}
0J
0W
0D
1V
05
1E
1O
1C
1I
1K
1X
1G
#19872006
0)
1+
#19876006
1)
0G
0C
0F
0O
0V
0E
0X
0K
0I
0Z
#19877006
0+
#19880006
0)
#19882006
1+
#19884006
1)
#19887006
0+
#19888006
0)
#19892006
1)
1+
1Z
1W
1i
1J
1}
b10000000000 A
1D
1F
15
1q
b10 Y
b0 U
b1000000000001 @
#19896006
0)
#19897006
0+
#19900006
1)
0J
1G
0W
1V
0D
1O
1C
0}
1I
05
1K
1E
1X
#19902006
1+
0i
0q
#19904006
0)
#19907006
0+
#19908006
1)
0G
0F
0X
0C
0Z
0O
0V
0E
0K
0I
#19912006
1+
0)
#19916006
1)
#19917006
0+
#19920006
0)
#19922006
1+
#19924006
1)
1/
1=
17
1R
1?
13
#19927006
0+
#19928006
0)
#19932006
1)
1+
03
b10101010101010100000000010101010 N
b10101010101010100000000010101010 L
1q
0R
1O
1>
10
1T
1Q
1G
07
0=
1i
1<
#19936006
0)
#19937006
0+
#19940006
1)
0<
0T
0>
0O
0G
1S
0Q
b10101010101010100000000010101010 M
0?
#19942006
1+
0q
0i
#19944006
0)
#19947006
0+
#19948006
1)
#19952006
0)
1+
#19956006
1)
b111111111110 @
1F
1J
1Z
1W
1D
0/
b1111111111 A
1}
b10101010101010100000000000000000 U
b1100 Y
15
#19957006
0+
#19960006
0)
#19962006
1+
#19964006
1)
05
1X
1I
00
0D
1C
0W
1G
1O
0J
0}
1E
1K
1V
#19967006
0+
#19968006
0)
#19972006
1)
1+
0V
0X
1i
0O
0G
0I
0F
0S
0C
0Z
0K
1q
0E
#19976006
0)
#19977006
0+
#19980006
1)
#19982006
1+
0i
0q
#19984006
0)
#19987006
0+
#19988006
1)
15
b1000000000000 @
1F
1D
1W
1Z
b10000000000 A
1}
b10101010101010101010101010101010 U
1J
b1111 Y
#19992006
0)
1+
#19996006
1)
1C
1X
0D
1E
1V
1G
1O
05
1I
0J
0W
0}
1K
#19997006
0+
#20000006
0)
#20002006
1+
#20004006
1)
0K
0X
0C
0O
0E
0F
0G
0V
0I
0Z
#20007006
0+
#20008006
0)
#20012006
1)
1+
1q
1i
#20016006
0)
#20017006
0+
#20020006
1)
1Z
1D
b111 Y
15
1F
b1000000000100 @
1}
1W
b101010101010101010101010 U
1J
b10000000001 A
#20022006
1+
0i
0q
#20024006
0)
#20027006
0+
#20028006
1)
0D
1G
1K
1C
1X
05
1E
1O
0J
1I
0W
1V
0}
#20032006
0)
1+
#20036006
1)
0F
0E
0Z
0G
0X
0K
0C
0V
0O
0I
#20037006
0+
#20040006
0)
#20042006
1+
#20044006
1)
#20047006
0+
#20048006
0)
#20052006
1)
1+
1}
1q
1F
1D
15
b10000000000 A
1Z
b100 Y
1i
1W
b0 U
1J
b1000000000010 @
#20056006
0)
#20057006
0+
#20060006
1)
1I
0}
1K
1X
05
1E
0D
1G
0J
1O
1C
0W
1V
#20062006
0q
1+
0i
#20064006
0)
#20067006
0+
#20068006
0I
0V
0Z
0E
0F
0X
0K
1)
0G
0C
0O
#20072006
1+
0)
#20076006
1)
#20077006
0+
#20080006
0)
#20082006
1+
#20084006
13
17
1R
b1000000000001 9
1/
1?
1)
1=
#20087006
0+
#20088006
0)
#20092006
1)
0=
1O
1q
1T
b10101010000000001010101010101010 N
1<
b10101010000000001010101010101010 L
0R
1i
07
03
1Q
1>
10
1+
1G
#20096006
0)
#20097006
0+
#20100006
0G
0>
0O
0T
0<
0Q
1S
1)
0?
b10101010000000001010101010101010 M
#20102006
0i
0q
1+
#20104006
0)
#20107006
0+
#20108006
1)
#20112006
0)
1+
#20116006
0/
b111111111111 @
1D
1F
b1111111111 A
1}
1Z
15
1)
1J
b10101010000000000000000000000000 U
1W
b1000 Y
#20117006
0+
#20120006
0)
#20122006
1+
#20124006
1X
1O
1I
1G
0}
1V
1E
0D
1)
05
1K
0W
1C
0J
00
#20127006
0+
#20128006
0)
#20132006
1)
0E
0Z
1i
1q
0O
0X
0V
0I
0G
0F
1+
0S
0C
0K
#20136006
0)
#20137006
0+
#20140006
1)
#20142006
0q
0i
1+
#20144006
0)
#20147006
0+
#20148006
1)
b1111 Y
1Z
b1000000000000 @
b10000000000 A
1}
1F
1J
1D
b10101010101010101010101010101010 U
1W
15
#20152006
0)
1+
#20156006
1)
05
1G
1E
1K
1I
1O
1V
1X
0W
0}
0D
0J
1C
#20157006
0+
#20160006
0)
#20162006
1+
#20164006
1)
0C
0V
0G
0O
0E
0I
0Z
0K
0X
0F
#20167006
0+
#20168006
0)
#20172006
1)
1+
1q
1i
#20176006
0)
#20177006
0+
#20180006
1)
1Z
1F
b10000000001 A
15
b1000000000100 @
1J
1D
1}
1W
#20182006
0i
1+
0q
#20184006
0)
#20187006
0+
#20188006
1C
0W
05
1I
1V
1E
1G
1O
1)
0}
1X
1K
0D
0J
#20192006
1+
0)
#20196006
1)
0G
0F
0C
0Z
0E
0V
0I
0O
0K
0X
#20197006
0+
#20200006
0)
#20202006
1+
#20204006
1)
#20207006
0+
#20208006
0)
#20212006
1)
1+
1J
1i
1F
1q
1W
b10000000000 A
1Z
15
b1000 Y
1D
1}
b1000000000011 @
b0 U
#20216006
0)
#20217006
0+
#20220006
1)
1V
05
1G
0J
1E
0W
1C
1X
1K
0}
0D
1O
1I
#20222006
0i
1+
0q
#20224006
0)
#20227006
0+
#20228006
1)
0I
0V
0Z
0F
0E
0G
0O
0C
0K
0X
#20232006
0)
1+
#20236006
1)
#20237006
0+
#20240006
0)
#20242006
1+
#20244006
1)
17
1=
1/
b1000000000010 9
1R
13
1?
#20247006
0+
#20248006
0)
#20252006
1)
1+
10
0R
0=
1q
1>
07
1Q
b101010101010101010101010 N
b101010101010101010101010 L
1T
1i
1<
03
1G
1O
#20256006
0)
#20257006
0+
#20260006
1)
0O
0?
0Q
0>
b101010101010101010101010 M
0T
0G
0<
1S
#20262006
1+
0i
0q
#20264006
0)
#20267006
0+
#20268006
1)
#20272006
0)
1+
#20276006
1)
1?
17
1R
1=
b1000000000100 9
b10000000001 :
13
#20277006
0+
#20280006
0)
#20282006
1+
#20284006
1)
03
1Q
07
1O
0=
0R
1>
b10101010101010101010101010101010 N
b10101010101010101010101010101010 L
1T
1<
1G
#20287006
0+
#20288006
0)
#20292006
1)
1+
0G
0Q
1q
1i
0?
b10101010101010101010101010101010 M
0>
0O
0<
0T
#20296006
0)
#20297006
0+
#20300006
1)
#20302006
1+
0i
0q
#20304006
0)
#20307006
0+
#20308006
1)
0/
15
b10101010101010101010101010101010 U
1W
1F
1Z
1J
b1111111111 A
b111111111100 @
b1111 Y
1D
1}
#20312006
0)
1+
#20316006
1)
0}
0J
05
1X
00
1E
1G
1I
0W
1V
0D
1K
1C
1O
#20317006
0+
#20320006
0)
#20322006
1+
#20324006
1)
0O
0X
0S
0I
0Z
0G
0E
0F
0C
0V
0K
#20327006
0+
#20328006
0)
#20332006
1)
1+
1q
1i
#20336006
0)
#20337006
0+
#20340006
1)
1W
1}
1J
15
1Z
1F
b10000000000 A
1D
b1000000000000 @
#20342006
1+
0i
0q
#20344006
0)
#20347006
0+
#20348006
1)
05
1K
0}
0W
1E
1O
0J
1X
1G
1I
0D
1V
1C
#20352006
0)
1+
#20356006
1)
0C
0G
0K
0X
0E
0O
0V
0I
0Z
0F
#20357006
0+
#20360006
0)
#20362006
1+
#20364006
1)
#20367006
0+
#20368006
0)
#20372006
1)
1+
1F
1q
1W
1i
1}
b1000000000100 @
15
b1010101010101010 U
1J
1Z
1D
b10000000001 A
b11 Y
#20376006
0)
#20377006
0+
#20380006
1)
1C
0}
1E
0W
05
1G
1K
1X
1V
1O
0D
1I
0J
#20382006
1+
0i
0q
#20384006
0)
#20387006
0+
#20388006
1)
0C
0F
0K
0G
0E
0I
0X
0O
0Z
0V
#20392006
0)
1+
#20396006
1)
#20397006
0+
#20400006
0)
#20402006
1+
#20404006
1)
1}
b100000000 U
1J
1F
15
b1000000000000 @
1W
1Z
b10000000000 A
1D
#20407006
0+
#20408006
0)
#20412006
1)
1+
0D
0}
1V
1i
1G
1C
1q
05
1K
0J
0W
1E
1O
1X
1I
#20416006
0)
#20417006
0+
#20420006
1)
0I
0K
0G
0V
0C
0F
0X
0O
0E
0Z
#20422006
1+
0i
0q
#20424006
0)
#20427006
0+
#20428006
1)
#20432006
0)
1+
#20436006
1)
1/
b111111111111 9
13
1?
1R
17
1=
b1111111111 :
#20437006
0+
#20440006
0)
#20442006
1+
#20444006
1)
1T
10
07
1>
1Q
0R
03
1G
0=
1<
1O
#20447006
0+
#20448006
0)
#20452006
1)
1+
0O
0T
1i
0>
0?
1q
0Q
1S
0<
0G
#20456006
0)
#20457006
0+
#20460006
1)
#20462006
1+
0q
0i
#20464006
0)
#20467006
0+
#20468006
1)
17
b10000000000 :
13
1R
b1000000000000 9
1?
1=
#20472006
1+
0)
#20476006
1)
0=
07
1G
b10101010101010100000000100000000 N
1Q
1O
0R
1T
03
1>
1<
b10101010101010100000000100000000 L
#20477006
0+
#20480006
0)
#20482006
1+
#20484006
1)
0G
0T
0Q
b10101010101010100000000100000000 M
0O
0<
0>
0?
#20487006
0+
#20488006
0)
#20492006
1)
1+
1i
1q
#20496006
0)
#20497006
0+
#20500006
1)
1Z
b1110 Y
b111111111101 @
0/
1D
1}
15
b10101010101010101010101000000000 U
1J
b1111111111 A
1F
1W
#20502006
1+
0q
0i
#20504006
0)
#20507006
0+
#20508006
1)
1K
05
1C
00
1I
0W
0}
0D
1G
1V
1E
0J
1O
1X
#20512006
0)
1+
#20516006
1)
0X
0G
0C
0K
0Z
0I
0O
0F
0S
0E
0V
#20517006
0+
#20520006
0)
#20522006
1+
#20524006
1)
#20527006
0+
#20528006
0)
#20532006
1)
1+
1q
1Z
15
b1111 Y
b1000000000000 @
1i
1D
1}
1W
b10101010101010101010101010101010 U
1F
b10000000000 A
1J
#20536006
0)
#20537006
0+
#20540006
1)
0J
1V
0}
1G
05
1C
1X
0D
1K
1E
1O
1I
0W
#20542006
1+
0q
0i
#20544006
0)
#20547006
0+
#20548006
1)
0Z
0G
0V
0C
0X
0I
0E
0K
0O
0F
#20552006
0)
1+
#20556006
1)
#20557006
0+
#20560006
0)
#20562006
1+
#20564006
1)
1F
15
1W
1D
1Z
1J
1}
b1000000000100 @
b111 Y
b10000000001 A
b101010101010101010101010 U
#20567006
0+
#20568006
0)
#20572006
1)
1+
0D
1C
0W
05
1q
0}
1i
0J
1V
1G
1O
1I
1X
1K
1E
#20576006
0)
#20577006
0+
#20580006
1)
0E
0Z
0V
0F
0C
0K
0O
0G
0X
0I
#20582006
1+
0i
0q
#20584006
0)
#20587006
0+
#20588006
1)
#20592006
0)
1+
#20596006
1)
1F
b10000000000000000 U
b1000000000001 @
1Z
1W
1D
15
1J
1}
b10000000000 A
b110 Y
#20597006
0+
#20600006
0)
#20602006
1+
#20604006
1)
1V
0J
1E
05
0D
0W
1I
1X
1K
1C
0}
1G
1O
#20607006
0+
#20608006
0)
#20612006
1)
1+
0O
1i
0V
0Z
0F
1q
0E
0G
0X
0I
0C
0K
#20616006
0)
#20617006
0+
#20620006
1)
#20622006
1+
0q
0i
#20624006
0)
#20627006
0+
#20628006
1)
1/
13
17
1=
1?
1R
#20632006
1+
0)
#20636006
1)
0R
03
b10101010000000010000000010101010 N
b10101010000000010000000010101010 L
1O
0=
10
1Q
07
1T
1G
1>
1<
#20637006
0+
#20640006
0)
#20642006
1+
#20644006
1)
0<
b10101010000000010000000010101010 M
0?
0Q
0O
0>
0T
0G
1S
#20647006
0+
#20648006
0)
#20652006
1)
1+
1i
1q
#20656006
0)
#20657006
0+
#20660006
1)
b1100 Y
1W
b111111111110 @
b10101010101010100000000000000000 U
0/
1F
1D
1Z
15
1J
b1111111111 A
1}
#20662006
0q
1+
0i
#20664006
0)
#20667006
0+
#20668006
1)
05
0W
0}
1K
1V
0D
00
1G
1O
1E
1C
0J
1I
1X
#20672006
1+
0)
#20676006
1)
0X
0S
0V
0K
0Z
0F
0I
0O
0G
0C
0E
#20677006
0+
#20680006
0)
#20682006
1+
#20684006
1)
#20687006
0+
#20688006
0)
#20692006
1)
1+
1Z
b1000000000000 @
1D
1i
1q
1}
15
1W
b1111 Y
b10101010101010101010101010101010 U
b10000000000 A
1F
1J
#20696006
0)
#20697006
0+
#20700006
1)
0J
05
1E
0}
0D
0W
1K
1V
1X
1I
1C
1G
1O
#20702006
1+
0q
0i
#20704006
0)
#20707006
0+
#20708006
1)
0E
0O
0Z
0V
0K
0G
0X
0F
0C
0I
#20712006
1+
0)
#20716006
1)
#20717006
0+
#20720006
0)
#20722006
1+
#20724006
1)
b1000000000100 @
15
1J
1Z
1}
1W
1D
1F
b10000000001 A
#20727006
0+
#20728006
0)
#20732006
1)
1+
1i
1q
0W
1E
1O
1I
1V
0}
05
0J
1G
1K
0D
1C
1X
#20736006
0)
#20737006
0+
#20740006
1)
0X
0O
0E
0I
0V
0Z
0C
0F
0K
0G
#20742006
1+
0q
0i
#20744006
0)
#20747006
0+
#20748006
1)
#20752006
0)
1+
#20756006
1)
b10000000000 A
15
b1100 Y
b1000000000010 @
1W
1}
1Z
b1000000000000000000000000 U
1J
1F
1D
#20757006
0+
#20760006
0)
#20762006
1+
#20764006
1)
0D
1X
0W
05
1G
1V
1I
1E
1O
1K
0}
0J
1C
#20767006
0+
#20768006
0)
#20772006
1)
1+
0C
1i
0E
1q
0X
0I
0V
0G
0O
0Z
0F
0K
#20776006
0)
#20777006
0+
#20780006
1)
#20782006
1+
0i
0q
#20784006
0)
#20787006
0+
#20788006
1)
17
13
b1000000000001 9
1R
1?
1=
1/
#20792006
1+
0)
#20796006
1)
1<
b1000000001010101010101010 N
0=
07
03
1Q
b1000000001010101010101010 L
0R
1O
10
1G
1T
1>
#20797006
0+
#20800006
0)
#20802006
1+
#20804006
1)
0>
0<
0Q
0?
b1000000001010101010101010 M
1S
0T
0O
0G
#20807006
0+
#20808006
0)
#20812006
1)
1+
1i
1q
#20816006
0)
#20817006
0+
#20820006
1)
17
1=
1?
b10000000001 :
13
b1000000000100 9
1R
#20822006
0i
1+
0q
#20824006
0)
#20827006
0+
#20828006
1)
0R
1G
03
b10101010101010101010101010101010 L
b10101010101010101010101010101010 N
1>
07
1<
0=
1Q
1O
1T
#20832006
1+
0)
#20836006
1)
0T
b10101010101010101010101010101010 M
0G
0<
0>
0?
0O
0Q
#20837006
0+
#20840006
0)
#20842006
1+
#20844006
1)
#20847006
0+
#20848006
0)
#20852006
1)
1+
1q
15
0/
1W
b1000 Y
b1111111111 A
1D
1i
b111111111111 @
1F
1J
1}
1Z
b10101010000000000000000000000000 U
#20856006
0)
#20857006
0+
#20860006
1)
1E
0W
1V
1K
05
1C
0D
1G
1I
1X
1O
0}
0J
00
#20862006
0i
1+
0q
#20864006
0)
#20867006
0+
#20868006
1)
0K
0V
0I
0E
0G
0C
0Z
0S
0O
0X
0F
#20872006
0)
1+
#20876006
1)
#20877006
0+
#20880006
0)
#20882006
1+
#20884006
1)
1F
b10101010101010101010101010101010 U
b1111 Y
1W
b10000000000 A
1D
15
b1000000000000 @
1J
1}
1Z
#20887006
0+
#20888006
0)
#20892006
1)
1+
0D
1q
1i
1G
1V
1K
1E
0W
1I
0}
05
1C
1X
0J
1O
#20896006
0)
#20897006
0+
#20900006
1)
0O
0G
0Z
0F
0E
0K
0V
0I
0X
0C
#20902006
1+
0i
0q
#20904006
0)
#20907006
0+
#20908006
1)
#20912006
0)
1+
#20916006
1)
1W
1D
b10000000001 A
1F
1Z
1J
15
1}
b1000000000100 @
#20917006
0+
#20920006
0)
#20922006
1+
#20924006
1)
1G
1C
1K
1O
1E
0D
0W
0}
0J
1X
05
1I
1V
#20927006
0+
#20928006
0)
#20932006
1)
1+
0V
1i
0F
0C
0G
1q
0E
0O
0K
0I
0Z
0X
#20936006
0)
#20937006
0+
#20940006
1)
#20942006
1+
0i
0q
#20944006
0)
#20947006
0+
#20948006
1)
b1000000001000 @
b10101010 U
1D
1F
b10000000010 A
b1 Y
1Z
1W
1}
15
1J
#20952006
1+
0)
#20956006
1)
0J
1C
1X
1O
1V
0D
1E
1G
05
1K
0}
0W
1I
#20957006
0+
#20960006
0)
#20962006
1+
#20964006
1)
0I
0X
0E
0C
0V
0O
0F
0G
0Z
0K
#20967006
0+
#20968006
0)
#20972006
1)
1+
1i
1q
#20976006
0)
#20977006
0+
#20980006
1)
b0 U
b10000000000 A
1J
b1000000000011 @
1D
1Z
1F
1W
b1000 Y
1}
15
#20982006
0i
1+
0q
#20984006
0)
#20987006
0+
#20988006
1)
1K
1X
05
1O
1I
1V
0J
1C
1E
0}
0D
0W
1G
#20992006
1+
0)
#20996006
1)
0G
0C
0X
0K
0V
0I
0O
0E
0F
0Z
#20997006
0+
#21000006
0)
#21002006
1+
#21004006
1)
#21007006
0+
#21008006
0)
#21012006
1)
1+
1Z
15
1q
b10000000001 A
b1000000000100 @
b1 U
1i
1J
1F
1W
1D
1}
b1 Y
#21016006
0)
#21017006
0+
#21020006
1)
1G
05
1I
1C
1V
1K
1X
0}
0J
1E
1O
0D
0W
#21022006
0i
0q
1+
#21024006
0)
#21027006
0+
#21028006
1)
0Z
0G
0K
0V
0C
0I
0X
0O
0E
0F
#21032006
0)
1+
#21036006
1)
#21037006
0+
#21040006
0)
#21042006
1+
#21044006
1)
13
1=
1R
1/
b10000000000 :
17
b1000000000010 9
1?
#21047006
0+
#21048006
0)
#21052006
1)
1+
1q
1Q
1>
1i
10
0=
1T
03
1<
b101010101010101010101010 L
b101010101010101010101010 N
0R
1G
07
1O
#21056006
0)
#21057006
0+
#21060006
1)
0O
0?
0Q
0>
0T
0<
b101010101010101010101010 M
0G
1S
#21062006
1+
0q
0i
#21064006
0)
#21067006
0+
#21068006
1)
#21072006
0)
1+
#21076006
1)
1?
1=
b10000000001 :
1R
13
17
b1000000000100 9
#21077006
0+
#21080006
0)
#21082006
1+
#21084006
1)
0=
0R
1O
1<
1T
b10101010101010101010101000000001 N
1>
b10101010101010101010101000000001 L
1Q
07
03
1G
#21087006
0+
#21088006
0)
#21092006
1)
1+
0G
1i
1q
0?
0>
0O
0<
0T
0Q
b10101010101010101010101000000001 M
#21096006
0)
#21097006
0+
#21100006
1)
#21102006
1+
0i
0q
#21104006
0)
#21107006
0+
#21108006
1)
1F
15
b1111111111 A
1Z
1W
b1111 Y
b10101010101010101010101010101010 U
0/
b111111111100 @
1D
1J
1}
#21112006
0)
1+
#21116006
1)
0}
1C
00
05
1G
0W
1O
1V
1K
0J
0D
1E
1X
1I
#21117006
0+
#21120006
0)
#21122006
1+
#21124006
1)
0I
0Z
0V
0C
0F
0S
0O
0G
0X
0K
0E
#21127006
0+
#21128006
0)
#21132006
1)
1+
1i
1q
#21136006
0)
#21137006
0+
#21140006
1)
b10000000000 A
1Z
1}
1F
15
1W
1J
b1000000000000 @
1D
#21142006
1+
0i
0q
#21144006
0)
#21147006
0+
#21148006
1)
1E
1C
0D
1O
1V
05
1I
0}
0W
1G
1K
0J
1X
#21152006
1+
0)
#21156006
1)
0X
0V
0I
0O
0E
0C
0F
0Z
0K
0G
#21157006
0+
#21160006
0)
#21162006
1+
#21164006
1)
#21167006
0+
#21168006
0)
#21172006
1)
1+
1i
1F
b10000000001 A
1D
b101010101010101010101010 U
15
1q
b111 Y
1W
b1000000000100 @
1}
1Z
1J
#21176006
0)
#21177006
0+
#21180006
1)
0J
1G
1O
1I
1X
1V
05
1E
1C
0D
0W
1K
0}
#21182006
1+
0q
0i
#21184006
0)
#21187006
0+
#21188006
1)
0I
0O
0C
0F
0G
0E
0V
0X
0K
0Z
#21192006
1+
0)
#21196006
1)
#21197006
0+
#21200006
0)
#21202006
1+
#21204006
1)
1Z
1}
1J
b10000000000 A
1F
15
b100000000100000000 U
1D
1W
b1000000000000 @
#21207006
0+
#21208006
0)
#21212006
1)
1+
1i
1q
05
1V
1C
1I
1O
0}
1G
1E
0J
0W
1K
1X
0D
#21216006
0)
#21217006
0+
#21220006
1)
0C
0E
0V
0Z
0G
0O
0F
0I
0X
0K
#21222006
1+
0i
0q
#21224006
0)
#21227006
0+
#21228006
1)
#21232006
0)
1+
#21236006
1)
b111111111111 9
1/
1=
1R
b1111111111 :
1?
17
13
#21237006
0+
#21240006
0)
#21242006
1+
#21244006
1)
03
b10101010101010101010101010101010 L
10
1<
0R
1O
1G
0=
1>
b10101010101010101010101010101010 N
07
1Q
1T
#21247006
0+
#21248006
0)
#21252006
1)
1+
0T
b10101010101010101010101010101010 M
1q
0>
1i
0<
1S
0G
0O
0Q
0?
#21256006
0)
#21257006
0+
#21260006
1)
#21262006
1+
0q
0i
#21264006
0)
#21267006
0+
#21268006
1)
1?
b10000000000 :
13
b1000000000000 9
1=
1R
17
#21272006
0)
1+
#21276006
1)
07
1G
0=
1T
b10101010000000100000000100000000 L
1>
03
1<
0R
b10101010000000100000000100000000 N
1Q
1O
#21277006
0+
#21280006
0)
#21282006
1+
#21284006
1)
0O
0G
b10101010000000100000000100000000 M
0?
0>
0T
0Q
0<
#21287006
0+
#21288006
0)
#21292006
1)
1+
1q
1i
#21296006
0)
#21297006
0+
#21300006
1)
0/
1D
b111111111101 @
1F
15
1Z
1}
b1111111111 A
1W
1J
b1110 Y
b10101010101010101010101000000000 U
#21302006
0q
1+
0i
#21304006
0)
#21307006
0+
#21308006
1)
0}
0D
1O
1K
1C
1G
1E
1V
00
05
0W
0J
1X
1I
#21312006
0)
1+
#21316006
1)
0I
0C
0K
0O
0V
0G
0Z
0E
0S
0F
0X
#21317006
0+
#21320006
0)
#21322006
1+
#21324006
1)
#21327006
0+
#21328006
0)
#21332006
1)
1+
1i
b10101010101010101010101010101010 U
b1000000000000 @
1}
1D
1q
1Z
1F
b1111 Y
b10000000000 A
1J
1W
15
#21336006
0)
#21337006
0+
#21340006
1)
05
1X
1I
1C
0D
1E
1K
1O
0}
1V
1G
0W
0J
#21342006
1+
0q
0i
#21344006
0)
#21347006
0+
#21348006
1)
0V
0X
0I
0C
0O
0E
0K
0F
0Z
0G
#21352006
0)
1+
#21356006
1)
#21357006
0+
#21360006
0)
#21362006
1+
#21364006
1)
b1000000000100 @
1J
15
1D
1}
1Z
1W
1F
b10000000001 A
#21367006
0+
#21368006
0)
#21372006
1)
1+
1G
1i
1E
0D
1q
05
0J
1V
1O
1C
1X
1I
0}
1K
0W
#21376006
0)
#21377006
0+
#21380006
1)
0X
0E
0G
0C
0O
0V
0K
0I
0F
0Z
#21382006
1+
0i
0q
#21384006
0)
#21387006
0+
#21388006
1)
#21392006
0)
1+
#21396006
1)
b10000000000 A
1W
1Z
b10000000010000000000000000 U
b1000000000001 @
1D
15
1J
1F
1}
b1110 Y
#21397006
0+
#21400006
0)
#21402006
1+
#21404006
1)
1X
05
0W
1O
0D
1C
1G
1E
0}
1K
1V
0J
1I
#21407006
0+
#21408006
0)
#21412006
1)
1+
0I
0Z
1i
0G
0X
0C
1q
0O
0E
0V
0K
0F
#21416006
0)
#21417006
0+
#21420006
1)
#21422006
1+
0q
0i
#21424006
0)
#21427006
0+
#21428006
1)
1=
13
1/
17
1?
1R
#21432006
0)
1+
#21436006
1)
0R
1<
07
10
03
1>
0=
1G
b10000000010000000010101010 L
1Q
1T
1O
b10000000010000000010101010 N
#21437006
0+
#21440006
0)
#21442006
1+
#21444006
1)
0G
1S
0<
0>
b10000000010000000010101010 M
0O
0?
0T
0Q
#21447006
0+
#21448006
0)
#21452006
1)
1+
1i
1q
#21456006
0)
#21457006
0+
#21460006
1)
13
1R
17
b10000000001 :
b1000000000100 9
1=
1?
#21462006
0q
0i
1+
#21464006
0)
#21467006
0+
#21468006
1)
0R
1Q
b10101010101010101010101010101010 N
1G
03
1>
1<
07
0=
b10101010101010101010101010101010 L
1T
1O
#21472006
1+
0)
#21476006
1)
0O
0G
0<
0?
0Q
0>
0T
b10101010101010101010101010101010 M
#21477006
0+
#21480006
0)
#21482006
1+
#21484006
1)
#21487006
0+
#21488006
0)
#21492006
1)
1+
b1100 Y
1i
1F
1q
1Z
15
b1111111111 A
b10101010101010100000000000000000 U
0/
1W
b111111111110 @
1D
1J
1}
#21496006
0)
#21497006
0+
#21500006
1)
0}
1I
00
1G
1O
0W
05
1C
1X
0J
0D
1E
1K
1V
#21502006
1+
0q
0i
#21504006
0)
#21507006
0+
#21508006
1)
0Z
0I
0V
0F
0C
0O
0G
0S
0K
0X
0E
#21512006
1+
0)
#21516006
1)
#21517006
0+
#21520006
0)
#21522006
1+
#21524006
1)
b1000000000000 @
b1111 Y
1Z
1}
1F
15
b10000000000 A
1W
b10101010101010101010101010101010 U
1D
1J
#21527006
0+
#21528006
0)
#21532006
1)
1+
0J
1E
1i
0W
1G
1q
1V
1I
0}
1O
05
1C
0D
1X
1K
#21536006
0)
#21537006
0+
#21540006
1)
0K
0G
0E
0O
0V
0Z
0I
0F
0X
0C
#21542006
0q
1+
0i
#21544006
0)
#21547006
0+
#21548006
1)
#21552006
0)
1+
#21556006
1)
15
1J
1W
b1000000000100 @
1Z
b10000000001 A
1}
1F
1D
#21557006
0+
#21560006
0)
#21562006
1+
#21564006
1)
0D
1K
1C
0J
05
1I
0W
1E
1G
1V
1O
0}
1X
#21567006
0+
#21568006
0)
#21572006
1)
1+
0X
1i
0V
1q
0C
0K
0G
0I
0Z
0E
0O
0F
#21576006
0)
#21577006
0+
#21580006
1)
#21582006
1+
0q
0i
#21584006
0)
#21587006
0+
#21588006
1)
1F
1J
b10000000010 A
1Z
b1 Y
1D
15
1W
b1000000001000 @
1}
b10101010 U
#21592006
1+
0)
#21596006
1)
0W
1V
0J
1X
05
1I
1K
1C
0D
1G
0}
1O
1E
#21597006
0+
#21600006
0)
#21602006
1+
#21604006
1)
0E
0Z
0V
0F
0C
0X
0K
0I
0O
0G
#21607006
0+
#21608006
0)
#21612006
1)
1+
1i
1q
#21616006
0)
#21617006
0+
#21620006
1)
1Z
b1000000000000000000000000 U
b10000000000 A
1D
1W
15
1J
1F
b1100 Y
1}
b1000000000010 @
#21622006
0q
0i
1+
#21624006
0)
#21627006
0+
#21628006
1)
1G
1K
1E
0J
0D
1X
1V
05
0W
1C
0}
1O
1I
#21632006
0)
1+
#21636006
1)
0I
0G
0F
0Z
0E
0K
0V
0X
0O
0C
#21637006
0+
#21640006
0)
#21642006
1+
#21644006
1)
#21647006
0+
#21648006
0)
#21652006
1)
1+
1i
b10000000001 A
1q
b10 U
b1000000000100 @
1W
1F
15
1J
1Z
1D
1}
b1 Y
#21656006
0)
#21657006
0+
#21660006
1)
1C
1V
1G
1I
0J
0W
1K
05
1E
0}
0D
1O
1X
#21662006
0q
1+
0i
#21664006
0)
#21667006
0+
#21668006
1)
0C
0Z
0X
0V
0K
0I
0G
0F
0O
0E
#21672006
0)
1+
#21676006
1)
#21677006
0+
#21680006
0)
#21682006
1+
#21684006
1)
b1000000000001 9
1R
b10000000000 :
1?
1/
13
17
1=
#21687006
0+
#21688006
0)
#21692006
1)
1+
0=
1<
1i
1q
10
1Q
1G
b1000000001010101010101010 N
0R
07
1O
1>
1T
03
b1000000001010101010101010 L
#21696006
0)
#21697006
0+
#21700006
1)
0Q
b1000000001010101010101010 M
0<
0G
0?
0O
1S
0T
0>
#21702006
1+
0q
0i
#21704006
0)
#21707006
0+
#21708006
1)
#21712006
0)
1+
#21716006
1)
1=
b1000000000100 9
b10000000001 :
1?
13
1R
17
#21717006
0+
#21720006
0)
#21722006
1+
#21724006
1)
1Q
b10101010101010101010101000000010 L
b10101010101010101010101000000010 N
1>
1G
07
1<
0=
0R
03
1T
1O
#21727006
0+
#21728006
0)
#21732006
1)
1+
0O
0<
1i
1q
0Q
0>
0G
b10101010101010101010101000000010 M
0T
0?
#21736006
0)
#21737006
0+
#21740006
1)
#21742006
1+
0i
0q
#21744006
0)
#21747006
0+
#21748006
1)
b1000 Y
b10101010000000000000000000000000 U
0/
b1111111111 A
1Z
15
b111111111111 @
1W
1J
1D
1F
1}
#21752006
1+
0)
#21756006
1)
0}
1E
0W
1G
00
1O
1C
1V
1X
1I
05
1K
0D
0J
#21757006
0+
#21760006
0)
#21762006
1+
#21764006
1)
0G
0E
0I
0C
0O
0X
0V
0Z
0K
0F
0S
#21767006
0+
#21768006
0)
#21772006
1)
1+
1i
1q
#21776006
0)
#21777006
0+
#21780006
1)
b10000000000 A
15
1}
1J
1W
b1111 Y
b10101010101010101010101010101010 U
b1000000000000 @
1F
1Z
1D
#21782006
0i
1+
0q
#21784006
0)
#21787006
0+
#21788006
1)
0W
0D
0J
1V
0}
05
1E
1X
1G
1O
1I
1C
1K
#21792006
0)
1+
#21796006
1)
0K
0I
0V
0O
0G
0E
0X
0C
0Z
0F
#21797006
0+
#21800006
0)
#21802006
1+
#21804006
1)
#21807006
0+
#21808006
0)
#21812006
1)
1+
1F
1q
1J
1D
1W
b10000000001 A
15
1}
1i
1Z
b1000000000100 @
#21816006
0)
#21817006
0+
#21820006
1)
0D
0}
1E
1K
0J
05
0W
1G
1O
1I
1V
1C
1X
#21822006
1+
0q
0i
#21824006
0)
#21827006
0+
#21828006
1)
0X
0I
0E
0F
0O
0K
0G
0C
0V
0Z
#21832006
0)
1+
#21836006
1)
#21837006
0+
#21840006
0)
#21842006
1+
#21844006
1)
1Z
b1000000001000 @
1}
b1010101010101010 U
1D
b11 Y
1J
b10000000010 A
1F
15
1W
#21847006
0+
#21848006
0)
#21852006
1)
1+
0W
0}
05
1K
1i
1X
1I
0D
1E
1O
0J
1V
1C
1G
1q
#21856006
0)
#21857006
0+
#21860006
1)
0O
0K
0Z
0E
0I
0F
0X
0G
0C
0V
#21862006
0i
0q
1+
#21864006
0)
#21867006
0+
#21868006
1)
#21872006
0)
1+
#21876006
1)
1W
1F
15
1}
b1000000000011 @
1Z
b0 U
1D
b1000 Y
b10000000000 A
1J
#21877006
0+
#21880006
0)
#21882006
1+
#21884006
1)
0J
1O
1V
05
0W
0D
0}
1K
1I
1E
1C
1G
1X
#21887006
0+
#21888006
0)
#21892006
1)
1+
0X
0V
0I
1i
0O
1q
0F
0K
0Z
0G
0C
0E
#21896006
0)
#21897006
0+
#21900006
1)
#21902006
1+
0i
0q
#21904006
0)
#21907006
0+
#21908006
1)
b11 Y
1J
1}
15
1D
1W
1F
b1000000000100 @
b1000000001 U
1Z
b10000000001 A
#21912006
0)
1+
#21916006
1)
1O
1E
1K
1I
1V
1X
0}
0J
0W
05
0D
1C
1G
#21917006
0+
#21920006
0)
#21922006
1+
#21924006
1)
0G
0K
0I
0E
0O
0V
0F
0X
0C
0Z
#21927006
0+
#21928006
0)
#21932006
1)
1+
1i
1q
#21936006
0)
#21937006
0+
#21940006
1)
b1000000000010 9
1?
1/
17
1=
b10000000000 :
1R
13
#21942006
0i
1+
0q
#21944006
0)
#21947006
0+
#21948006
1)
b101010101010101010101010 N
10
03
1<
b101010101010101010101010 L
1G
1O
1Q
1>
0R
0=
07
1T
#21952006
1+
0)
#21956006
1)
0T
0<
1S
0Q
0O
0?
0G
b101010101010101010101010 M
0>
#21957006
0+
#21960006
0)
#21962006
1+
#21964006
1)
#21967006
0+
#21968006
0)
#21972006
1)
1+
1?
b1000000000100 9
1q
13
1i
1R
17
1=
b10000000001 :
#21976006
0)
#21977006
0+
#21980006
1)
03
1>
1<
1T
b10101010101010100000001000000001 N
1O
1Q
b10101010101010100000001000000001 L
0=
1G
07
0R
#21982006
1+
0q
0i
#21984006
0)
#21987006
0+
#21988006
1)
0Q
0<
0>
0?
0O
0T
b10101010101010100000001000000001 M
0G
#21992006
1+
0)
#21996006
1)
#21997006
0+
#22000006
0)
#22002006
1+
#22004006
1)
b1111111111 A
15
1Z
b111111111100 @
0/
1F
1W
b1111 Y
1J
1}
b10101010101010101010101010101010 U
1D
#22007006
0+
#22008006
0)
#22012006
1)
1+
0D
1G
1i
0J
1O
05
00
1K
1I
1E
1V
0W
1q
1C
0}
1X
#22016006
0)
#22017006
0+
#22020006
1)
0X
0V
0Z
0O
0G
0E
0K
0S
0I
0F
0C
#22022006
1+
0i
0q
#22024006
0)
#22027006
0+
#22028006
1)
#22032006
0)
1+
#22036006
1)
1Z
15
1D
b1000000000000 @
b10000000000 A
1J
1W
1F
1}
#22037006
0+
#22040006
0)
#22042006
1+
#22044006
1)
0}
0D
1C
05
1I
1V
1X
1G
1O
1K
1E
0W
0J
#22047006
0+
#22048006
0)
#22052006
1)
1+
1q
0K
0I
0C
0Z
0O
0V
0G
0X
1i
0E
0F
#22056006
0)
#22057006
0+
#22060006
1)
#22062006
1+
0q
0i
#22064006
0)
#22067006
0+
#22068006
1)
1J
1F
15
b10000000001 A
b1000000000100 @
1D
1}
1Z
1W
#22072006
0)
1+
#22076006
1)
0W
0}
0J
05
1I
1K
1G
0D
1C
1V
1O
1E
1X
#22077006
0+
#22080006
0)
#22082006
1+
#22084006
1)
0X
0V
0I
0F
0C
0K
0G
0E
0O
0Z
#22087006
0+
#22088006
0)
#22092006
1)
1+
1i
1q
#22096006
0)
#22097006
0+
#22100006
1)
1Z
15
b1000000000000 @
b10000000000 A
1J
1}
1W
1F
1D
b11000000100000000100000000 U
#22102006
0q
1+
0i
#22104006
0)
#22107006
0+
#22108006
0J
1K
1V
05
1X
0W
1I
0}
1C
1)
0D
1O
1E
1G
#22112006
1+
0)
#22116006
1)
0G
0V
0F
0K
0Z
0I
0X
0E
0C
0O
#22117006
0+
#22120006
0)
#22122006
1+
#22124006
1)
#22127006
0+
#22128006
0)
#22132006
1)
1+
1q
b1111111111 :
b111111111111 9
13
1i
1/
1?
1R
17
1=
#22136006
0)
#22137006
0+
#22140006
1)
0=
10
1<
1Q
1G
03
1>
b10101010101010101010101010101010 N
07
1O
b10101010101010101010101010101010 L
0R
1T
#22142006
1+
0q
0i
#22144006
0)
#22147006
0+
#22148006
1)
0T
0?
0<
0>
1S
0G
0Q
0O
b10101010101010101010101010101010 M
#22152006
0)
1+
#22156006
1)
#22157006
0+
#22160006
0)
#22162006
1+
#22164006
1)
1?
b1000000000000 9
b10000000000 :
1=
13
17
1R
#22167006
0+
#22168006
0)
#22172006
1)
1+
0R
1q
1G
0=
1T
1i
1>
1<
07
1O
b11000000100000000100000000 N
03
1Q
b11000000100000000100000000 L
#22176006
0)
#22177006
0+
#22180006
1)
0>
0G
b11000000100000000100000000 M
0?
0T
0Q
0<
0O
#22182006
1+
0q
0i
#22184006
0)
#22187006
0+
#22188006
1)
#22192006
0)
1+
#22196006
1)
b1000000000100 9
1?
1R
b10000000001 :
1=
17
13
#22197006
0+
#22200006
0)
#22202006
1+
#22204006
1)
03
1O
1G
b10101010101010101010101010101010 L
1>
0R
07
1<
1T
0=
1Q
b10101010101010101010101010101010 N
#22207006
0+
#22208006
0)
#22212006
1)
1+
0>
1q
0G
0O
1i
0?
b10101010101010101010101010101010 M
0Q
0T
0<
#22216006
0)
#22217006
0+
#22220006
1)
#22222006
1+
0q
0i
#22224006
0)
#22227006
0+
#22228006
1)
1}
b10101010101010101010101000000000 U
b1111111111 A
b111111111101 @
1F
1J
15
0/
1Z
b1110 Y
1W
1D
#22232006
1+
0)
#22236006
1)
0D
1I
1V
00
0}
05
0J
1G
1O
1K
0W
1X
1C
1E
#22237006
0+
#22240006
0)
#22242006
1+
#22244006
1)
0E
0V
0O
0I
0G
0Z
0F
0S
0C
0K
0X
#22247006
0+
#22248006
0)
#22252006
1)
1+
1q
1i
#22256006
0)
#22257006
0+
#22260006
1)
1F
b10000000000 A
b1000000000000 @
1D
b10101010101010101010101010101010 U
b1111 Y
1Z
1J
15
1}
1W
#22262006
0q
1+
0i
#22264006
0)
#22267006
0+
#22268006
1)
1V
0W
1X
05
1E
0D
0J
1I
1O
1G
0}
1K
1C
#22272006
1+
0)
#22276006
1)
0C
0O
0X
0V
0F
0I
0E
0Z
0K
0G
#22277006
0+
#22280006
0)
#22282006
1+
#22284006
1)
#22287006
0+
#22288006
0)
#22292006
1)
1+
1i
b1000000000100 @
1W
15
b10000000001 A
1D
1q
1F
1J
1Z
1}
#22296006
0)
#22297006
0+
#22300006
1)
0}
1G
1E
1O
0W
1X
1C
05
1I
1V
0D
1K
0J
#22302006
1+
0i
0q
#22304006
0)
#22307006
0+
#22308006
1)
0V
0F
0O
0E
0G
0I
0C
0X
0K
0Z
#22312006
0)
1+
#22316006
1)
#22317006
0+
#22320006
0)
#22322006
1+
#22324006
1)
1Z
1W
1J
1}
1F
b1000000001000 @
15
b10000000010 A
b1 Y
b10101010 U
1D
#22327006
0+
#22328006
0)
#22332006
1)
1+
0D
0}
1C
1i
0J
1O
0W
1V
1G
1E
1q
05
1I
1X
1K
#22336006
0)
#22337006
0+
#22340006
1)
0K
0O
0C
0Z
0V
0E
0G
0F
0X
0I
#22342006
1+
0i
0q
#22344006
0)
#22347006
0+
#22348006
1)
#22352006
0)
1+
#22356006
1)
1J
b1110 Y
1D
15
1}
1W
b10000000000 A
1Z
b1000000000001 @
b10000000010000000000000000 U
1F
#22357006
0+
#22360006
0)
#22362006
1+
#22364006
1)
1O
1I
0D
1G
1K
0J
05
1E
0W
1C
0}
1V
1X
#22367006
0+
#22368006
0)
#22372006
1)
1+
0X
0F
0Z
1i
0G
0I
0O
0C
0K
1q
0E
0V
#22376006
0)
#22377006
0+
#22380006
1)
#22382006
1+
0q
0i
#22384006
0)
#22387006
0+
#22388006
1)
1}
1Z
1F
b1 Y
1D
b10000000001 A
1J
1W
15
b11 U
b1000000000100 @
#22392006
0)
1+
#22396006
1)
1G
0W
1V
1X
0}
0J
1K
1O
1I
1C
0D
1E
05
#22397006
0+
#22400006
0)
#22402006
1+
#22404006
1)
0C
0V
0F
0G
0Z
0I
0X
0O
0K
0E
#22407006
0+
#22408006
0)
#22412006
1)
1+
1q
1i
#22416006
0)
#22417006
0+
#22420006
1)
1?
13
b1000000000000 9
b10000000000 :
1/
17
1R
1=
#22422006
1+
0i
0q
#22424006
0)
#22427006
0+
#22428006
1)
1<
b10000000010000000010101010 N
03
1O
1>
0=
1G
b10000000010000000010101010 L
10
0R
07
1T
1Q
#22432006
0)
1+
#22436006
1)
0Q
0O
0<
0?
0G
0>
0T
1S
b10000000010000000010101010 M
#22437006
0+
#22440006
0)
#22442006
1+
#22444006
1)
#22447006
0+
#22448006
0)
#22452006
1)
1+
1q
b10000000001 :
13
1i
1?
b1000000000100 9
1=
17
1R
#22456006
0)
#22457006
0+
#22460006
1)
0R
1O
b10101010101010101010101000000011 L
1Q
1G
b10101010101010101010101000000011 N
1<
03
07
1>
0=
1T
#22462006
1+
0q
0i
#22464006
0)
#22467006
0+
#22468006
1)
0T
b10101010101010101010101000000011 M
0Q
0<
0O
0G
0?
0>
#22472006
0)
1+
#22476006
1)
#22477006
0+
#22480006
0)
#22482006
1+
#22484006
1)
b111111111110 @
1W
15
1F
1}
1J
b1111111111 A
1Z
b1100 Y
b10101010101010100000000000000000 U
0/
1D
#22487006
0+
#22488006
0)
#22492006
1)
1+
0D
1q
1G
0W
1E
1V
1C
05
1O
1i
0J
1X
1I
0}
1K
00
#22496006
0)
#22497006
0+
#22500006
1)
0I
0E
0G
0Z
0X
0C
0V
0O
0F
0K
0S
#22502006
1+
0q
0i
#22504006
0)
#22507006
0+
#22508006
1)
#22512006
0)
1+
#22516006
1)
1W
b1000000000000 @
1D
1Z
b10000000000 A
1J
15
b1111 Y
1F
1}
b10101010101010101010101010101010 U
#22517006
0+
#22520006
0)
#22522006
1+
#22524006
1)
1E
0J
0W
1O
1I
1G
0D
1V
1C
1X
0}
1K
05
#22527006
0+
#22528006
0)
#22532006
1)
1+
0C
0E
1q
0V
1i
0O
0Z
0G
0I
0K
0X
0F
#22536006
0)
#22537006
0+
#22540006
1)
#22542006
1+
0q
0i
#22544006
0)
#22547006
0+
#22548006
1)
1F
1W
15
1J
b10000000001 A
b1000000000100 @
1D
1Z
1}
#22552006
0)
1+
#22556006
1)
0}
0D
0W
1C
1G
05
1E
1O
0J
1V
1I
1X
1K
#22557006
0+
#22560006
0)
#22562006
1+
#22564006
1)
0K
0F
0O
0C
0E
0G
0X
0Z
0I
0V
#22567006
0+
#22568006
0)
#22572006
1)
1+
1i
1q
#22576006
0)
#22577006
0+
#22580006
1)
b1010101010101010 U
1J
1}
1W
1D
b1000000001000 @
b10000000010 A
1F
15
1Z
b11 Y
#22582006
1+
0q
0i
#22584006
0)
#22587006
0+
#22588006
1)
1V
0}
1E
0J
1C
1K
1O
0D
0W
1G
05
1I
1X
#22592006
0)
1+
#22596006
1)
0X
0F
0V
0O
0E
0K
0C
0I
0Z
0G
#22597006
0+
#22600006
0)
#22602006
1+
#22604006
1)
#22607006
0+
#22608006
0)
#22612006
1)
1+
1q
1}
1D
b1000000000000000000000000 U
1F
1i
b10000000000 A
b1100 Y
b1000000000010 @
1J
1Z
15
1W
#22616006
0)
#22617006
0+
#22620006
1)
0W
1G
0}
1X
1K
0D
1E
1O
1V
05
1C
0J
1I
#22622006
1+
0q
0i
#22624006
0)
#22627006
0+
#22628006
1)
0I
0O
0G
0X
0E
0F
0K
0V
0C
0Z
#22632006
0)
1+
#22636006
1)
#22637006
0+
#22640006
0)
#22642006
1+
#22644006
1)
1Z
1}
1F
b1000000000100 @
1W
b11 Y
b1100000010 U
b10000000001 A
1D
1J
15
#22647006
0+
#22648006
0)
#22652006
1)
1+
05
0}
1I
1q
1E
1i
1X
1O
0W
1G
0J
1C
0D
1V
1K
#22656006
0)
#22657006
0+
#22660006
1)
0K
0F
0Z
0O
0I
0X
0E
0V
0G
0C
#22662006
1+
0q
0i
#22664006
0)
#22667006
0+
#22668006
1)
#22672006
0)
1+
#22676006
1)
b10000000000 :
1R
b1000000000001 9
1/
13
1?
1=
17
#22677006
0+
#22680006
0)
#22682006
1+
#22684006
1)
07
1>
10
1Q
0R
b1000000001010101010101010 L
1T
b1000000001010101010101010 N
1<
1O
0=
1G
03
#22687006
0+
#22688006
0)
#22692006
1)
1+
0<
1q
0Q
0>
b1000000001010101010101010 M
1S
1i
0T
0G
0O
0?
#22696006
0)
#22697006
0+
#22700006
1)
#22702006
1+
0i
0q
#22704006
0)
#22707006
0+
#22708006
1)
13
1R
17
b10000000001 :
1?
b1000000000100 9
1=
#22712006
0)
1+
#22716006
1)
0=
1>
07
0R
1<
1Q
03
b10101010101010100000001100000010 N
b10101010101010100000001100000010 L
1O
1T
1G
#22717006
0+
#22720006
0)
#22722006
1+
#22724006
1)
0G
0<
0>
0Q
b10101010101010100000001100000010 M
0T
0O
0?
#22727006
0+
#22728006
0)
#22732006
1)
1+
1q
1i
#22736006
0)
#22737006
0+
#22740006
1)
1W
b1111111111 A
15
1}
1F
b111111111111 @
b10101010000000000000000000000000 U
b1000 Y
1Z
0/
1J
1D
#22742006
0q
1+
0i
#22744006
0)
#22747006
0+
#22748006
1)
1K
1G
1X
0D
00
0W
0}
05
1C
1I
0J
1O
1E
1V
#22752006
1+
0)
#22756006
1)
0V
0C
0X
0G
0K
0S
0F
0E
0I
0O
0Z
#22757006
0+
#22760006
0)
#22762006
1+
#22764006
1)
#22767006
0+
#22768006
0)
#22772006
1)
1+
1Z
1D
1i
1q
b1111 Y
b10000000000 A
15
b10101010101010101010101010101010 U
b1000000000000 @
1}
1W
1F
1J
#22776006
0)
#22777006
0+
#22780006
1)
0J
0}
0D
1X
1C
1V
1K
1G
05
0W
1O
1I
1E
#22782006
1+
0q
0i
#22784006
0)
#22787006
0+
#22788006
1)
0G
0X
0E
0Z
0K
0V
0C
0I
0F
0O
#22792006
1+
0)
#22796006
1)
#22797006
0+
#22800006
0)
#22802006
1+
#22804006
1)
1}
1D
1J
b1000000000100 @
1Z
b10000000001 A
1F
15
1W
#22807006
0+
#22808006
0)
#22812006
1)
1+
0W
1X
1i
0}
1G
1O
1q
1V
1K
0J
0D
1E
05
1C
1I
#22816006
0)
#22817006
0+
#22820006
1)
0I
0O
0G
0Z
0X
0K
0V
0C
0E
0F
#22822006
1+
0i
0q
#22824006
0)
#22827006
0+
#22828006
1)
#22832006
0)
1+
#22836006
1)
1D
1F
1}
1W
b1000000001000 @
b111 Y
b101010101010101010101010 U
1Z
1J
b10000000010 A
15
#22837006
0+
#22840006
0)
#22842006
1+
#22844006
1)
05
1G
1K
0D
1O
1I
0}
1X
0W
1E
1V
0J
1C
#22847006
0+
#22848006
0)
#22852006
1)
1+
0C
1i
0X
0K
0F
0G
0Z
1q
0I
0O
0V
0E
#22856006
0)
#22857006
0+
#22860006
1)
#22862006
1+
0i
0q
#22864006
0)
#22867006
0+
#22868006
1)
1F
1D
15
1}
b0 U
1Z
b1000 Y
b1000000000011 @
1W
b10000000000 A
1J
#22872006
1+
0)
#22876006
1)
0J
1E
1X
1I
1C
1K
0D
05
0}
1G
1V
0W
1O
#22877006
0+
#22880006
0)
#22882006
1+
#22884006
1)
0O
0F
0I
0X
0E
0Z
0K
0C
0V
0G
#22887006
0+
#22888006
0)
#22892006
1)
1+
1i
1q
#22896006
0)
#22897006
0+
#22900006
1)
1F
b111 Y
1J
1}
1Z
15
b110000001000000001 U
1D
b10000000001 A
b1000000000100 @
1W
#22902006
1+
0i
0q
#22904006
0)
#22907006
0+
#22908006
1)
1G
1I
0W
1K
1O
05
0J
1E
0}
1X
0D
1V
1C
#22912006
1+
0)
#22916006
1)
0C
0I
0G
0F
0E
0K
0Z
0O
0V
0X
#22917006
0+
#22920006
0)
#22922006
1+
#22924006
1)
#22927006
0+
#22928006
0)
#22932006
1)
1+
1?
b10000000000 :
1i
1R
1=
17
13
1q
b1000000000010 9
1/
#22936006
0)
#22937006
0+
#22940006
1)
03
0R
b101010101010101010101010 N
1Q
07
0=
1G
10
1>
1<
b101010101010101010101010 L
1O
1T
#22942006
1+
0i
0q
#22944006
0)
#22947006
0+
#22948006
1)
0T
0>
1S
0?
0Q
0G
0<
0O
b101010101010101010101010 M
#22952006
0)
1+
#22956006
1)
#22957006
0+
#22960006
0)
#22962006
1+
#22964006
1)
1R
13
b10000000001 :
1?
1=
17
b1000000000100 9
#22967006
0+
#22968006
0)
#22972006
1)
1+
1q
0=
1Q
1>
1T
0R
b10101010000000110000001000000001 N
03
07
1O
1i
1<
1G
b10101010000000110000001000000001 L
#22976006
0)
#22977006
0+
#22980006
1)
b10101010000000110000001000000001 M
0>
0Q
0T
0?
0G
0<
0O
#22982006
1+
0q
0i
#22984006
0)
#22987006
0+
#22988006
1)
#22992006
0)
1+
#22996006
1)
1W
0/
1Z
b10101010101010101010101010101010 U
b1111 Y
1}
1J
1F
15
b111111111100 @
1D
b1111111111 A
#22997006
0+
#23000006
0)
#23002006
1+
#23004006
1)
1X
1O
1I
1C
0W
0J
1K
00
0}
1E
0D
1V
05
1G
#23007006
0+
#23008006
0)
#23012006
1)
1+
0G
1i
0F
0I
0Z
0O
0X
0C
0K
0S
0E
1q
0V
#23016006
0)
#23017006
0+
#23020006
1)
#23022006
1+
0i
0q
#23024006
0)
#23027006
0+
#23028006
1)
1Z
b10000000000 A
1}
1F
1W
1J
15
1D
b1000000000000 @
#23032006
1+
0)
#23036006
1)
0W
1V
1K
1I
1G
1C
0}
1X
1O
0D
05
0J
1E
#23037006
0+
#23040006
0)
#23042006
1+
#23044006
1)
0E
0X
0K
0Z
0V
0F
0C
0G
0I
0O
#23047006
0+
#23048006
0)
#23052006
1)
1+
1q
1i
#23056006
0)
#23057006
0+
#23060006
1)
b10000000001 A
b1000000000100 @
1W
1}
1F
1Z
1J
15
1D
#23062006
0i
1+
0q
#23064006
0)
#23067006
0+
#23068006
1O
0D
1G
1E
1K
1X
0}
1C
0W
1V
1)
1I
05
0J
#23072006
1+
0)
#23076006
1)
0E
0G
0F
0O
0C
0K
0X
0V
0I
0Z
#23077006
0+
#23080006
0)
#23082006
1+
#23084006
1)
#23087006
0+
#23088006
0)
#23092006
1)
1+
1i
b10101010 U
b10000000010 A
1q
1W
1J
1D
1F
1}
b1000000001000 @
b1 Y
1Z
15
#23096006
0)
#23097006
0+
#23100006
1)
05
1K
0W
1G
1E
0}
1C
0J
1O
0D
1I
1V
1X
#23102006
1+
0q
0i
#23104006
0)
#23107006
0+
#23108006
1)
0X
0K
0O
0G
0C
0E
0F
0V
0Z
0I
#23112006
0)
1+
#23116006
1)
#23117006
0+
#23120006
0)
#23122006
1+
#23124006
1)
b1000000000000 @
1W
b10000000000 A
15
b11000000100000000100000000 U
1J
1}
1Z
1F
1D
b1111 Y
#23127006
0+
#23128006
0)
#23132006
1)
1+
1q
1I
0J
1i
0W
1X
1E
1C
05
1O
1K
1G
0D
0}
1V
#23136006
0)
#23137006
0+
#23140006
1)
0V
0K
0I
0O
0E
0X
0C
0G
0F
0Z
#23142006
0i
1+
0q
#23144006
0)
#23147006
0+
#23148006
1)
#23152006
0)
1+
#23156006
1)
1W
b10000000001 A
b1 Y
1Z
1J
b1000000000100 @
b100 U
15
1F
1}
1D
#23157006
0+
#23160006
0)
#23162006
1+
#23164006
1)
0D
1V
0W
1X
1E
0J
1O
1K
1I
0}
05
1G
1C
#23167006
0+
#23168006
0)
#23172006
1)
1+
0C
1q
0Z
0K
1i
0V
0O
0X
0E
0G
0I
0F
#23176006
0)
#23177006
0+
#23180006
1)
#23182006
1+
0q
0i
#23184006
0)
#23187006
0+
#23188006
1)
b111111111111 9
1=
1/
b1111111111 :
1R
17
13
1?
#23192006
0)
1+
#23196006
1)
b10101010101010101010101010101010 L
1T
b10101010101010101010101010101010 N
0=
10
1>
1O
1Q
03
0R
07
1G
1<
#23197006
0+
#23200006
0)
#23202006
1+
#23204006
1)
0<
0?
0O
b10101010101010101010101010101010 M
0>
0T
0G
0Q
1S
#23207006
0+
#23208006
0)
#23212006
1)
1+
1q
1i
#23216006
0)
#23217006
0+
#23220006
1)
1?
b10000000000 :
b1000000000000 9
1=
17
1R
13
#23222006
0q
1+
0i
#23224006
0)
#23227006
0+
#23228006
1)
03
1>
b11000000100000000100000000 L
1<
1O
b11000000100000000100000000 N
0R
1G
1T
07
0=
1Q
#23232006
0)
1+
#23236006
1)
0Q
0?
0O
0>
0<
b11000000100000000100000000 M
0T
0G
#23237006
0+
#23240006
0)
#23242006
1+
#23244006
1)
#23247006
0+
#23248006
0)
#23252006
1)
1+
1?
1i
13
b1000000000100 9
1q
b10000000001 :
1R
1=
17
#23256006
0)
#23257006
0+
#23260006
1)
07
1G
1Q
1<
1>
1O
b10101010101010101010101000000100 L
03
0=
1T
b10101010101010101010101000000100 N
0R
#23262006
1+
0q
0i
#23264006
0)
#23267006
0+
#23268006
1)
0G
0?
0O
0<
0Q
0>
0T
b10101010101010101010101000000100 M
#23272006
0)
1+
#23276006
1)
#23277006
0+
#23280006
0)
#23282006
1+
#23284006
1)
b10101010101010101010101000000000 U
1Z
b1111111111 A
1F
1D
b1110 Y
b111111111101 @
0/
1J
1W
15
1}
#23287006
0+
#23288006
0)
#23292006
1)
1+
0}
1i
1X
1K
0J
1q
1C
0D
1G
1O
00
1V
05
1E
1I
0W
#23296006
0)
#23297006
0+
#23300006
1)
0S
0K
0X
0F
0Z
0O
0G
0C
0I
0V
0E
#23302006
1+
0i
0q
#23304006
0)
#23307006
0+
#23308006
1)
#23312006
0)
1+
#23316006
1)
1W
1J
1}
b10101010101010101010101010101010 U
b10000000000 A
1Z
b1000000000000 @
b1111 Y
1F
1D
15
#23317006
0+
#23320006
0)
#23322006
1+
#23324006
1)
05
0}
0J
1X
1K
0W
1E
1G
1O
0D
1V
1C
1I
#23327006
0+
#23328006
0)
#23332006
1)
1+
0I
0F
1i
0G
0K
0X
0E
1q
0Z
0C
0O
0V
#23336006
0)
#23337006
0+
#23340006
1)
#23342006
1+
0q
0i
#23344006
0)
#23347006
0+
#23348006
1)
1W
15
1F
1J
1}
b1000000000100 @
b10000000001 A
1Z
1D
#23352006
0)
1+
#23356006
1)
0D
1V
1G
1I
05
0W
0}
0J
1X
1E
1K
1O
1C
#23357006
0+
#23360006
0)
#23362006
1+
#23364006
1)
0C
0E
0I
0G
0V
0F
0X
0O
0Z
0K
#23367006
0+
#23368006
0)
#23372006
1)
1+
1i
1q
#23376006
0)
#23377006
0+
#23380006
1)
1F
b1000000001000 @
1D
b11 Y
1J
15
b1010101010101010 U
1}
1W
1Z
b10000000010 A
#23382006
0q
0i
1+
#23384006
0)
#23387006
0+
#23388006
1)
1K
1G
1I
0}
1E
1C
1V
05
0D
0J
0W
1X
1O
#23392006
1+
0)
#23396006
1)
0O
0F
0I
0G
0K
0V
0E
0C
0X
0Z
#23397006
0+
#23400006
0)
#23402006
1+
#23404006
1)
#23407006
0+
#23408006
0)
#23412006
1)
1+
1Z
1}
1i
1q
b10000000000 A
1F
1D
b10000000010000000000000000 U
15
b1000000000001 @
b1110 Y
1J
1W
#23416006
0)
#23417006
0+
#23420006
1)
0W
1I
1E
0}
1O
05
1V
1K
0D
1G
0J
1X
1C
#23422006
1+
0q
0i
#23424006
0)
#23427006
0+
#23428006
1)
0E
0I
0Z
0C
0K
0V
0F
0O
0X
0G
#23432006
1+
0)
#23436006
1)
#23437006
0+
#23440006
0)
#23442006
1+
#23444006
1)
b1000000000100 @
b10000000001 A
1F
1D
1W
1}
1Z
b10000000011 U
15
1J
b11 Y
#23447006
0+
#23448006
0)
#23452006
1)
1+
1G
1i
1E
1q
1I
1V
0}
0D
1K
0W
1C
0J
1X
1O
05
#23456006
0)
#23457006
0+
#23460006
1)
0E
0F
0G
0K
0Z
0I
0V
0O
0C
0X
#23462006
1+
0i
0q
#23464006
0)
#23467006
0+
#23468006
1)
#23472006
0)
1+
#23476006
1)
1R
17
1?
1/
b1000000000000 9
1=
13
b10000000000 :
#23477006
0+
#23480006
0)
#23482006
1+
#23484006
1)
10
1Q
b10000000010000000010101010 L
07
0R
1<
1G
03
0=
1O
b10000000010000000010101010 N
1T
1>
#23487006
0+
#23488006
0)
#23492006
1)
1+
0>
b10000000010000000010101010 M
0<
1i
1S
0Q
1q
0?
0T
0O
0G
#23496006
0)
#23497006
0+
#23500006
1)
#23502006
1+
0q
0i
#23504006
0)
#23507006
0+
#23508006
1)
b10000000001 :
1R
17
b1000000000100 9
1?
1=
13
#23512006
1+
0)
#23516006
1)
0R
1<
1G
1>
03
1Q
b10101010101010100000010000000011 L
0=
1O
b10101010101010100000010000000011 N
07
1T
#23517006
0+
#23520006
0)
#23522006
1+
#23524006
1)
0T
0<
0Q
b10101010101010100000010000000011 M
0>
0G
0O
0?
#23527006
0+
#23528006
0)
#23532006
1)
1+
1q
1i
#23536006
0)
#23537006
0+
#23540006
1)
15
b1100 Y
b10101010101010100000000000000000 U
0/
1W
b1111111111 A
b111111111110 @
1F
1D
1Z
1}
1J
#23542006
1+
0q
0i
#23544006
0)
#23547006
0+
#23548006
1)
1E
0W
0J
1I
1X
00
05
0D
1K
0}
1O
1C
1V
1G
#23552006
1+
0)
#23556006
1)
0G
0X
0Z
0I
0E
0S
0F
0V
0O
0K
0C
#23557006
0+
#23560006
0)
#23562006
1+
#23564006
1)
#23567006
0+
#23568006
0)
#23572006
1)
1+
1Z
1q
1D
1J
b10101010101010101010101010101010 U
1W
b1111 Y
15
1i
b1000000000000 @
b10000000000 A
1F
1}
#23576006
0)
#23577006
0+
#23580006
1)
0}
1C
1X
1G
0J
0D
0W
1E
05
1I
1K
1V
1O
#23582006
1+
0q
0i
#23584006
0)
#23587006
0+
#23588006
1)
0G
0O
0X
0C
0Z
0E
0V
0I
0F
0K
#23592006
0)
1+
#23596006
1)
#23597006
0+
#23600006
0)
#23602006
1+
#23604006
1)
1Z
15
b1000000000100 @
1}
1J
1W
1D
1F
b10000000001 A
#23607006
0+
#23608006
0)
#23612006
1)
1+
1q
0W
1K
05
1X
1O
1G
0J
1C
1i
0}
0D
1V
1E
1I
#23616006
0)
#23617006
0+
#23620006
1)
0I
0Z
0X
0K
0C
0G
0O
0E
0F
0V
#23622006
0i
1+
0q
#23624006
0)
#23627006
0+
#23628006
1)
#23632006
0)
1+
#23636006
1)
b10000000010 A
b101010101010101010101010 U
15
1Z
1W
1J
b1000000001000 @
b111 Y
1F
1D
1}
#23637006
0+
#23640006
0)
#23642006
1+
#23644006
1)
0}
05
1I
1G
1V
0J
1K
1X
0W
1C
0D
1O
1E
#23647006
0+
#23648006
0)
#23652006
1)
1+
0E
0I
1q
1i
0X
0V
0G
0K
0Z
0O
0C
0F
#23656006
0)
#23657006
0+
#23660006
1)
#23662006
1+
0i
0q
#23664006
0)
#23667006
0+
#23668006
1)
1F
1W
b1000000000010 @
15
b1000000000000000000000000 U
1}
b10000000000 A
1J
1Z
b1100 Y
1D
#23672006
1+
0)
#23676006
1)
0D
1K
1I
05
1E
0W
0}
1G
1V
1X
0J
1C
1O
#23677006
0+
#23680006
0)
#23682006
1+
#23684006
1)
0O
0V
0I
0K
0F
0G
0E
0C
0X
0Z
#23687006
0+
#23688006
0)
#23692006
1)
1+
1i
1q
#23696006
0)
#23697006
0+
#23700006
1)
1Z
15
1D
b10000000001 A
b1000000000100 @
b1000000001100000010 U
1F
1}
1W
1J
b111 Y
#23702006
1+
0q
0i
#23704006
0)
#23707006
0+
#23708006
1)
1I
0}
0D
1G
05
1V
1O
1K
0J
0W
1X
1E
1C
#23712006
0)
1+
#23716006
1)
0C
0O
0G
0I
0Z
0V
0F
0E
0K
0X
#23717006
0+
#23720006
0)
#23722006
1+
#23724006
1)
#23727006
0+
#23728006
0)
#23732006
1)
1+
1q
1?
1R
1/
1i
13
b10000000000 :
17
b1000000000001 9
1=
#23736006
0)
#23737006
0+
#23740006
1)
0=
1<
03
1O
1>
1T
1G
0R
1Q
10
b1000000001010101010101010 L
07
b1000000001010101010101010 N
#23742006
1+
0q
0i
#23744006
0)
#23747006
0+
#23748006
1)
0>
0?
1S
0Q
0<
0O
b1000000001010101010101010 M
0T
0G
#23752006
0)
1+
#23756006
1)
#23757006
0+
#23760006
0)
#23762006
1+
#23764006
1)
1=
1?
13
1R
17
b1000000000100 9
b10000000001 :
#23767006
0+
#23768006
0)
#23772006
1)
1+
1T
1Q
1q
03
b10101010000001000000001100000010 N
1>
0=
1G
1<
1i
1O
0R
07
b10101010000001000000001100000010 L
#23776006
0)
#23777006
0+
#23780006
1)
0>
0Q
0T
0<
b10101010000001000000001100000010 M
0?
0G
0O
#23782006
0i
1+
0q
#23784006
0)
#23787006
0+
#23788006
1)
#23792006
0)
1+
#23796006
1)
b1111111111 A
15
1D
1}
1Z
0/
b1000 Y
b10101010000000000000000000000000 U
b111111111111 @
1W
1J
1F
#23797006
0+
#23800006
0)
#23802006
1+
#23804006
1)
1X
1O
05
1V
1C
1I
0D
0}
0J
0W
1G
1E
00
1K
#23807006
0+
#23808006
0)
#23812006
1)
1+
0K
0F
1q
0S
1i
0O
0X
0I
0C
0V
0Z
0E
0G
#23816006
0)
#23817006
0+
#23820006
1)
#23822006
1+
0i
0q
#23824006
0)
#23827006
0+
#23828006
1)
b10101010101010101010101010101010 U
1D
1F
b10000000000 A
15
b1111 Y
1J
1}
b1000000000000 @
1Z
1W
#23832006
0)
1+
#23836006
1)
0W
1G
1V
05
1K
0D
1C
1I
1X
1O
0J
1E
0}
#23837006
0+
#23840006
0)
#23842006
1+
#23844006
1)
0X
0V
0G
0F
0I
0C
0K
0E
0O
0Z
#23847006
0+
#23848006
0)
#23852006
1)
1+
1q
1i
#23856006
0)
#23857006
0+
#23860006
1)
1}
15
1Z
1W
b10000000001 A
1F
1D
1J
b1000000000100 @
#23862006
1+
0i
0q
#23864006
0)
#23867006
0+
#23868006
1)
05
0}
1C
1V
1X
1I
0W
1G
0J
1E
1K
0D
1O
#23872006
1+
0)
#23876006
1)
0O
0F
0C
0I
0X
0V
0Z
0G
0K
0E
#23877006
0+
#23880006
0)
#23882006
1+
#23884006
1)
#23887006
0+
#23888006
0)
#23892006
1)
1+
1q
1}
b1000000001000 @
1i
1W
15
b10000000010 A
1F
1D
1J
1Z
#23896006
0)
#23897006
0+
#23900006
1)
1E
1O
1V
0}
05
1X
0W
1I
1C
0J
1K
0D
1G
#23902006
1+
0i
0q
#23904006
0)
#23907006
0+
#23908006
1)
0O
0Z
0E
0G
0I
0V
0X
0C
0F
0K
#23912006
1+
0)
#23916006
1)
#23917006
0+
#23920006
0)
#23922006
1+
#23924006
1)
b10000000000 A
b1000000000011 @
1Z
b0 U
1W
15
1}
1F
1D
b1000 Y
1J
#23927006
0+
#23928006
0)
#23932006
1)
1+
0J
1E
1q
05
1K
1i
1V
1O
0W
1I
1G
1X
0}
0D
1C
#23936006
0)
#23937006
0+
#23940006
1)
0C
0I
0K
0E
0V
0O
0Z
0G
0F
0X
#23942006
1+
0i
0q
#23944006
0)
#23947006
0+
#23948006
1)
#23952006
0)
1+
#23956006
1)
1J
15
b1000000000100 @
b10000000001 A
1W
b100000000110000001000000001 U
1F
1Z
1D
b1111 Y
1}
#23957006
0+
#23960006
0)
#23962006
1+
#23964006
1)
0}
1O
1I
0W
1X
1C
05
0J
1V
1E
1K
0D
1G
#23967006
0+
#23968006
0)
#23972006
1)
1+
0G
0E
0C
0X
0O
1i
0I
1q
0V
0Z
0F
0K
#23976006
0)
#23977006
0+
#23980006
1)
#23982006
1+
0q
0i
#23984006
0)
#23987006
0+
#23988006
1)
b10000000000 :
1?
13
1=
1/
b1000000000010 9
1R
17
#23992006
0)
1+
#23996006
1)
07
b101010101010101010101010 L
1>
0=
1G
b101010101010101010101010 N
1O
03
1T
1Q
1<
0R
10
#23997006
0+
#24000006
0)
#24002006
1+
#24004006
1)
0Q
0G
0>
1S
0T
0O
b101010101010101010101010 M
0?
0<
#24007006
0+
#24008006
0)
#24012006
1)
1+
1i
1q
#24016006
0)
#24017006
0+
#24020006
1)
17
b10000000001 :
1=
13
1?
1R
b1000000000100 9
#24022006
0i
1+
0q
#24024006
0)
#24027006
0+
#24028006
1)
07
1<
1G
b100000000110000001000000001 L
1Q
0=
1>
b100000000110000001000000001 N
1O
1T
0R
03
#24032006
0)
1+
#24036006
1)
0O
0G
b100000000110000001000000001 M
0<
0Q
0>
0T
0?
#24037006
0+
#24040006
0)
#24042006
1+
#24044006
1)
#24047006
0+
#24048006
0)
#24052006
1)
1+
1?
13
1q
1i
b1000000001000 9
17
b10000000010 :
1=
1R
#24056006
0)
#24057006
0+
#24060006
1)
0R
b10101010101010101010101010101010 L
1Q
1O
03
1G
07
1<
b10101010101010101010101010101010 N
0=
1T
1>
#24062006
1+
0i
0q
#24064006
0)
#24067006
0+
#24068006
1)
0<
0O
0>
0Q
0?
0G
b10101010101010101010101010101010 M
0T
#24072006
1+
0)
#24076006
1)
#24077006
0+
#24080006
0)
#24082006
1+
#24084006
1)
1}
1W
b1111111111 A
1J
15
b111111111100 @
1F
b10101010101010101010101010101010 U
1D
0/
1Z
#24087006
0+
#24088006
0)
#24092006
1)
1+
1q
00
1K
05
1G
1E
1O
1i
1X
1C
0J
1I
0W
0}
1V
0D
#24096006
0)
#24097006
0+
#24100006
1)
0Z
0O
0K
0E
0G
0I
0X
0S
0C
0V
0F
#24102006
0i
1+
0q
#24104006
0)
#24107006
0+
#24108006
1)
#24112006
0)
1+
#24116006
1)
1D
1W
15
1F
1Z
1J
b10000000000 A
b1000000000000 @
1}
#24117006
0+
#24120006
0)
#24122006
1+
#24124006
1)
0}
05
1K
0J
1O
0W
0D
1G
1E
1X
1I
1V
1C
#24127006
0+
#24128006
0)
#24132006
1)
1+
0C
0X
0O
1q
1i
0K
0E
0Z
0G
0F
0V
0I
#24136006
0)
#24137006
0+
#24140006
1)
#24142006
1+
0q
0i
#24144006
0)
#24147006
0+
#24148006
1)
1J
1}
15
1Z
1W
1D
1F
b1000000000100 @
b10000000001 A
#24152006
0)
1+
#24156006
1)
1I
1G
1C
0W
1O
0J
1X
0}
05
1E
1K
0D
1V
#24157006
0+
#24160006
0)
#24162006
1+
#24164006
1)
0V
0E
0O
0I
0C
0G
0Z
0X
0K
0F
#24167006
0+
#24168006
0)
#24172006
1)
1+
1q
1i
#24176006
0)
#24177006
0+
#24180006
1)
1Z
b10000000010 A
1F
1W
15
1}
1J
1D
b1000000001000 @
b1010101010101010 U
b11 Y
#24182006
1+
0q
0i
#24184006
0)
#24187006
0+
#24188006
1)
0}
1I
1O
1E
1V
05
1G
0W
1C
0J
1K
0D
1X
#24192006
1+
0)
#24196006
1)
0X
0O
0Z
0I
0G
0E
0V
0F
0C
0K
#24197006
0+
#24200006
0)
#24202006
1+
#24204006
1)
#24207006
0+
#24208006
0)
#24212006
1)
1+
1q
b10000000000 A
1W
b1111 Y
1}
1Z
1i
15
1D
b11000000100000000100000000 U
1F
1J
b1000000000000 @
#24216006
0)
#24217006
0+
#24220006
1)
0W
1K
1O
1V
1X
1E
0}
1G
1I
0J
05
1C
0D
#24222006
1+
0i
0q
#24224006
0)
#24227006
0+
#24228006
1)
0O
0K
0G
0Z
0E
0X
0V
0C
0I
0F
#24232006
0)
1+
#24236006
1)
#24237006
0+
#24240006
0)
#24242006
1+
#24244006
1)
1F
b1000000000100 @
1D
b10000000001 A
1W
1}
b11 Y
1Z
1J
15
b10100000100 U
#24247006
0+
#24248006
0)
#24252006
1)
1+
0D
1q
1i
1X
1O
0}
1E
0W
1G
1K
05
1I
1V
0J
1C
#24256006
0)
#24257006
0+
#24260006
1)
0C
0G
0F
0X
0E
0O
0K
0V
0I
0Z
#24262006
1+
0i
0q
#24264006
0)
#24267006
0+
#24268006
1)
#24272006
0)
1+
#24276006
1)
b1111111111 :
1R
17
1?
13
b111111111111 9
1/
1=
#24277006
0+
#24280006
0)
#24282006
1+
#24284006
1)
0=
1>
03
10
1T
1<
0R
07
1Q
1G
1O
#24287006
0+
#24288006
0)
#24292006
1)
1+
0O
1q
0Q
1S
0>
1i
0?
0T
0<
0G
#24296006
0)
#24297006
0+
#24300006
1)
#24302006
1+
0q
0i
#24304006
0)
#24307006
0+
#24308006
1)
13
1=
17
b10000000000 :
1?
1R
b1000000000000 9
#24312006
0)
1+
#24316006
1)
1G
1Q
1O
1T
b11000000100000000100000000 L
03
07
0=
1>
0R
1<
b11000000100000000100000000 N
#24317006
0+
#24320006
0)
#24322006
1+
#24324006
1)
0?
0O
0Q
0G
0T
0<
b11000000100000000100000000 M
0>
#24327006
0+
#24328006
0)
#24332006
1)
1+
1q
1i
#24336006
0)
#24337006
0+
#24340006
1)
1=
b1000000000100 9
1?
b10000000001 :
17
13
1R
#24342006
0q
1+
0i
#24344006
0)
#24347006
0+
#24348006
1)
0R
07
1>
0=
1O
1G
b10101010101010100000010100000100 N
1Q
b10101010101010100000010100000100 L
03
1T
1<
#24352006
1+
0)
#24356006
1)
0<
0Q
0O
0>
0G
0?
0T
b10101010101010100000010100000100 M
#24357006
0+
#24360006
0)
#24362006
1+
#24364006
1)
#24367006
0+
#24368006
0)
#24372006
1)
1+
b10101010101010101010101000000000 U
b111111111101 @
1i
b1110 Y
1Z
1D
1q
1W
b1111111111 A
1F
1}
1J
15
0/
#24376006
0)
#24377006
0+
#24380006
1)
00
1E
1C
1G
0D
1X
0W
1O
05
0}
1I
0J
1V
1K
#24382006
1+
0i
0q
#24384006
0)
#24387006
0+
#24388006
1)
0K
0E
0S
0F
0C
0Z
0X
0G
0V
0O
0I
#24392006
0)
1+
#24396006
1)
#24397006
0+
#24400006
0)
#24402006
1+
#24404006
1)
1W
b1111 Y
b1000000000000 @
b10101010101010101010101010101010 U
1Z
b10000000000 A
1F
1D
15
1J
1}
#24407006
0+
#24408006
0)
#24412006
1)
1+
0}
1X
1E
1i
1I
1K
0W
1q
1C
0J
1O
1G
05
0D
1V
#24416006
0)
#24417006
0+
#24420006
1)
0V
0I
0X
0F
0E
0K
0Z
0C
0G
0O
#24422006
1+
0q
0i
#24424006
0)
#24427006
0+
#24428006
1)
#24432006
0)
1+
#24436006
1)
1}
b10000000001 A
b1000000000100 @
1F
1W
1D
1J
1Z
15
#24437006
0+
#24440006
0)
#24442006
1+
#24444006
1)
1K
1X
1O
1I
1V
05
1E
0}
0W
1G
0J
0D
1C
#24447006
0+
#24448006
0)
#24452006
1)
1+
0C
0O
0F
1i
0E
0X
1q
0K
0I
0V
0Z
0G
#24456006
0)
#24457006
0+
#24460006
1)
#24462006
1+
0i
0q
#24464006
0)
#24467006
0+
#24468006
1)
1F
b111 Y
15
b1000000001000 @
b10000000010 A
b101010101010101010101010 U
1Z
1D
1}
1J
1W
#24472006
0)
1+
#24476006
1)
0W
1I
1X
1C
1G
1O
1E
05
1K
0J
0}
0D
1V
#24477006
0+
#24480006
0)
#24482006
1+
#24484006
1)
0V
0G
0C
0I
0X
0E
0F
0O
0Z
0K
#24487006
0+
#24488006
0)
#24492006
1)
1+
1i
1q
#24496006
0)
#24497006
0+
#24500006
1)
15
1W
b10000000000 A
1F
b1000000000001 @
b1110 Y
1Z
1D
b10000000010000000000000000 U
1}
1J
#24502006
1+
0i
0q
#24504006
0)
#24507006
0+
#24508006
1)
0W
1C
0J
1K
1G
05
1V
1E
1I
1X
0}
0D
1O
#24512006
1+
0)
#24516006
1)
0O
0G
0I
0K
0C
0E
0V
0F
0Z
0X
#24517006
0+
#24520006
0)
#24522006
1+
#24524006
1)
#24527006
0+
#24528006
0)
#24532006
1)
1+
1i
b1000000000100 @
1W
1J
15
1q
b10000000001 A
1Z
1D
b111 Y
1F
1}
b1010000010000000011 U
#24536006
0)
#24537006
0+
#24540006
1)
1X
1I
1V
1G
1O
05
0W
1E
0J
1K
1C
0}
0D
#24542006
1+
0q
0i
#24544006
0)
#24547006
0+
#24548006
1)
0V
0I
0K
0X
0O
0G
0E
0Z
0C
0F
#24552006
0)
1+
#24556006
1)
#24557006
0+
#24560006
0)
#24562006
1+
#24564006
1)
1/
1=
17
1R
b10000000000 :
b1000000000000 9
1?
13
#24567006
0+
#24568006
0)
#24572006
1)
1+
03
1i
1G
1q
10
0=
1Q
1<
0R
1O
1>
07
b10000000010000000010101010 N
b10000000010000000010101010 L
1T
#24576006
0)
#24577006
0+
#24580006
1)
0T
b10000000010000000010101010 M
0G
0>
0<
0Q
1S
0O
0?
#24582006
1+
0q
0i
#24584006
0)
#24587006
0+
#24588006
1)
#24592006
0)
1+
#24596006
1)
1=
b10000000001 :
13
1?
17
1R
b1000000000100 9
#24597006
0+
#24600006
0)
#24602006
1+
#24604006
1)
1T
07
03
0=
1>
1G
1Q
1<
0R
b10101010000001010000010000000011 L
b10101010000001010000010000000011 N
1O
#24607006
0+
#24608006
0)
#24612006
1)
1+
0O
1i
0Q
1q
0T
0G
b10101010000001010000010000000011 M
0?
0>
0<
#24616006
0)
#24617006
0+
#24620006
1)
#24622006
1+
0i
0q
#24624006
0)
#24627006
0+
#24628006
1)
1F
b10101010101010100000000000000000 U
b111111111110 @
1D
0/
1J
15
1W
1}
b1111111111 A
1Z
b1100 Y
#24632006
0)
1+
#24636006
1)
05
00
1O
1V
1I
0J
1K
1G
1X
0D
0W
0}
1E
1C
#24637006
0+
#24640006
0)
#24642006
1+
#24644006
1)
0C
0X
0O
0S
0F
0G
0V
0K
0I
0E
0Z
#24647006
0+
#24648006
0)
#24652006
1)
1+
1i
1q
#24656006
0)
#24657006
0+
#24660006
1)
1Z
b1111 Y
b1000000000000 @
b10101010101010101010101010101010 U
15
1F
1J
1}
1W
b10000000000 A
1D
#24662006
1+
0i
0q
#24664006
0)
#24667006
0+
#24668006
1)
0D
1K
1C
1O
1X
1V
05
1G
1I
0W
0}
1E
0J
#24672006
0)
1+
#24676006
1)
0F
0C
0Z
0K
0V
0X
0O
0E
0G
0I
#24677006
0+
#24680006
0)
#24682006
1+
#24684006
1)
#24687006
0+
#24688006
0)
#24692006
1)
1+
1J
1i
b1000000000100 @
15
1F
1D
1q
1Z
b10000000001 A
1W
1}
#24696006
0)
#24697006
0+
#24700006
1)
0}
05
1I
1C
0J
1X
0D
1V
1K
0W
1G
1O
1E
#24702006
1+
0q
0i
#24704006
0)
#24707006
0+
#24708006
1)
0V
0C
0E
0I
0X
0F
0O
0K
0G
0Z
#24712006
1+
0)
#24716006
1)
#24717006
0+
#24720006
0)
#24722006
1+
#24724006
1)
1Z
15
1}
b1000000001000 @
1J
1D
1F
1W
b10000000010 A
#24727006
0+
#24728006
0)
#24732006
1)
1+
1C
1i
1q
0J
05
1V
1X
1I
0}
1E
0W
1G
0D
1O
1K
#24736006
0)
#24737006
0+
#24740006
1)
0K
0C
0Z
0I
0X
0V
0O
0E
0G
0F
#24742006
1+
0q
0i
#24744006
0)
#24747006
0+
#24748006
1)
#24752006
0)
1+
#24756006
1)
1}
15
b10000000000 A
b1100 Y
1F
1J
b1000000000010 @
1Z
b1000000000000000000000000 U
1D
1W
#24757006
0+
#24760006
0)
#24762006
1+
#24764006
1)
0W
05
1X
0}
1K
1I
0J
1C
0D
1V
1G
1O
1E
#24767006
0+
#24768006
0)
#24772006
1)
1+
0E
0Z
1i
1q
0X
0I
0K
0F
0O
0C
0G
0V
#24776006
0)
#24777006
0+
#24780006
1)
#24782006
1+
0i
0q
#24784006
0)
#24787006
0+
#24788006
1)
b1111 Y
1Z
1J
b10000000001 A
15
1W
b1000000000100 @
1}
1F
b101000001000000001100000010 U
1D
#24792006
1+
0)
#24796006
1)
0D
1V
1K
0J
1E
0W
05
1I
1X
1G
0}
1O
1C
#24797006
0+
#24800006
0)
#24802006
1+
#24804006
1)
0C
0I
0K
0V
0Z
0E
0O
0G
0F
0X
#24807006
0+
#24808006
0)
#24812006
1)
1+
1i
1q
#24816006
0)
#24817006
0+
#24820006
1)
b1000000000001 9
1?
b10000000000 :
17
13
1/
1=
1R
#24822006
0i
1+
0q
#24824006
0)
#24827006
0+
#24828006
1)
1Q
0R
1<
10
03
1T
07
0=
1>
b1000000001010101010101010 N
1G
1O
b1000000001010101010101010 L
#24832006
1+
0)
#24836006
1)
0?
0T
0Q
0<
1S
b1000000001010101010101010 M
0O
0G
0>
#24837006
0+
#24840006
0)
#24842006
1+
#24844006
1)
#24847006
0+
#24848006
0)
#24852006
1)
1+
1q
1?
b1000000000100 9
1R
1i
13
b10000000001 :
1=
17
#24856006
0)
#24857006
0+
#24860006
1)
07
1>
b101000001000000001100000010 L
03
1<
1T
1Q
0R
0=
1G
1O
b101000001000000001100000010 N
#24862006
1+
0q
0i
#24864006
0)
#24867006
0+
#24868006
1)
0>
0Q
0?
0T
0<
0O
0G
b101000001000000001100000010 M
#24872006
0)
1+
#24876006
1)
#24877006
0+
#24880006
0)
#24882006
1+
#24884006
1)
17
1?
13
b1000000001000 9
1R
b10000000010 :
1=
#24887006
0+
#24888006
0)
#24892006
1)
1+
03
1q
b10101010101010101010101010101010 N
1T
1>
0=
07
1i
b10101010101010101010101010101010 L
1Q
1G
0R
1O
1<
#24896006
0)
#24897006
0+
#24900006
1)
0<
b10101010101010101010101010101010 M
0>
0?
0T
0O
0G
0Q
#24902006
1+
0q
0i
#24904006
0)
#24907006
0+
#24908006
1)
#24912006
0)
1+
#24916006
1)
1Z
b111111111111 @
b1111111111 A
0/
1D
b1000 Y
15
1J
1W
1F
b10101010000000000000000000000000 U
1}
#24917006
0+
#24920006
0)
#24922006
1+
#24924006
1)
0}
1X
1K
0J
1I
1C
05
1V
0D
00
0W
1G
1O
1E
#24927006
0+
#24928006
0)
#24932006
1)
1+
0E
1q
0K
0S
0X
0Z
0V
0I
1i
0C
0O
0G
0F
#24936006
0)
#24937006
0+
#24940006
1)
#24942006
1+
0i
0q
#24944006
0)
#24947006
0+
#24948006
1)
1D
1J
1}
1F
b10000000000 A
b1000000000000 @
15
1Z
b1111 Y
b10101010101010101010101010101010 U
1W
#24952006
1+
0)
#24956006
1)
0W
1K
0}
0J
1E
0D
05
1X
1V
1I
1G
1O
1C
#24957006
0+
#24960006
0)
#24962006
1+
#24964006
1)
0C
0F
0V
0Z
0K
0X
0E
0O
0G
0I
#24967006
0+
#24968006
0)
#24972006
1)
1+
1q
1i
#24976006
0)
#24977006
0+
#24980006
1)
1F
1J
1W
1}
1Z
15
b1000000000100 @
1D
b10000000001 A
#24982006
0q
1+
0i
#24984006
0)
#24987006
0+
#24988006
1)
1I
1V
1X
0D
1C
0J
1K
05
0W
0}
1G
1O
1E
#24992006
1+
0)
#24996006
1)
0E
0F
0X
0V
0I
0K
0C
0Z
0O
0G
#24997006
0+
#25000006
0)
#25002006
1+
#25004006
1)
#25007006
0+
#25008006
0)
#25012006
1)
1+
1D
1i
1W
1q
1F
b10000000010 A
b1000000001000 @
15
1J
1Z
1}
#25016006
0)
#25017006
0+
#25020006
1)
0}
1G
05
0W
1C
0D
1X
1E
1K
1I
1V
0J
1O
#25022006
1+
0q
0i
#25024006
0)
#25027006
0+
#25028006
1)
0I
0O
0C
0G
0K
0E
0X
0F
0V
0Z
#25032006
0)
1+
#25036006
1)
#25037006
0+
#25040006
0)
#25042006
1+
#25044006
1)
1Z
1D
1}
15
1W
b1000000001100 @
b10000000011 A
b10101010 U
1F
1J
b1 Y
#25047006
0+
#25048006
0)
#25052006
1)
1+
0}
1i
1X
1q
0D
1I
1O
0W
1E
05
1K
1G
1C
0J
1V
#25056006
0)
#25057006
0+
#25060006
1)
0V
0G
0X
0Z
0K
0I
0O
0E
0C
0F
#25062006
0q
1+
0i
#25064006
0)
#25067006
0+
#25068006
1)
#25072006
0)
1+
#25076006
1)
1D
b1000 Y
b1000000000011 @
1F
1}
15
1Z
1W
1J
b0 U
b10000000000 A
#25077006
0+
#25080006
0)
#25082006
1+
#25084006
1)
1V
0D
1G
1O
05
1X
0}
1K
1I
1C
0J
0W
1E
#25087006
0+
#25088006
0)
#25092006
1)
1+
0E
1i
0K
0Z
1q
0V
0G
0X
0O
0F
0C
0I
#25096006
0)
#25097006
0+
#25100006
1)
#25102006
1+
0i
0q
#25104006
0)
#25107006
0+
#25108006
1)
1Z
b1000000000100 @
1D
b1111 Y
b10000000001 A
1}
15
b100000000110000001000000001 U
1F
1W
1J
#25112006
1+
0)
#25116006
1)
0J
0D
0}
1K
1E
1O
1I
1G
1X
1V
0W
1C
05
#25117006
0+
#25120006
0)
#25122006
1+
#25124006
1)
0E
0X
0K
0Z
0G
0I
0O
0C
0V
0F
#25127006
0+
#25128006
0)
#25132006
1)
1+
1i
1q
#25136006
0)
#25137006
0+
#25140006
1)
1F
15
1J
1}
1D
b1000000001000 @
1Z
b1 Y
b10000000010 A
1W
b101 U
#25142006
1+
0i
0q
#25144006
0)
#25147006
0+
#25148006
1)
0}
1I
1E
0J
05
1X
1G
0D
1K
0W
1O
1V
1C
#25152006
1+
0)
#25156006
1)
0C
0E
0I
0F
0G
0X
0Z
0V
0K
0O
#25157006
0+
#25160006
0)
#25162006
1+
#25164006
1)
#25167006
0+
#25168006
0)
#25172006
1)
1+
1i
1?
1/
13
1q
1=
17
b10000000000 :
b1000000000010 9
1R
#25176006
0)
#25177006
0+
#25180006
1)
0R
1O
b101010101010101010101010 N
b101010101010101010101010 L
0=
1Q
1>
1G
1<
03
07
10
1T
#25182006
1+
0i
0q
#25184006
0)
#25187006
0+
#25188006
1)
0T
1S
0<
0O
0?
0G
0Q
b101010101010101010101010 M
0>
#25192006
1+
0)
#25196006
1)
#25197006
0+
#25200006
0)
#25202006
1+
#25204006
1)
1R
1?
1=
13
b1000000000100 9
17
b10000000001 :
#25207006
0+
#25208006
0)
#25212006
1)
1+
1>
1<
1i
b100000000110000001000000001 L
1T
b100000000110000001000000001 N
0R
1Q
1q
1O
1G
07
0=
03
#25216006
0)
#25217006
0+
#25220006
1)
0O
0>
0?
0<
b100000000110000001000000001 M
0T
0Q
0G
#25222006
1+
0i
0q
#25224006
0)
#25227006
0+
#25228006
1)
#25232006
0)
1+
#25236006
1)
1?
13
1R
b10000000010 :
1=
17
b1000000001000 9
#25237006
0+
#25240006
0)
#25242006
1+
#25244006
1)
0R
1G
b10101010101010101010101000000101 L
1T
1>
1O
03
b10101010101010101010101000000101 N
1<
07
1Q
0=
#25247006
0+
#25248006
0)
#25252006
1)
1+
1i
0T
0G
0>
0?
b10101010101010101010101000000101 M
1q
0O
0Q
0<
#25256006
0)
#25257006
0+
#25260006
1)
#25262006
1+
0i
0q
#25264006
0)
#25267006
0+
#25268006
1)
b1111 Y
b10101010101010101010101010101010 U
1D
1}
1J
0/
1F
b111111111100 @
15
1Z
1W
b1111111111 A
#25272006
1+
0)
#25276006
1)
1X
0D
1E
1C
1G
0}
0J
1I
0W
1O
1K
00
05
1V
#25277006
0+
#25280006
0)
#25282006
1+
#25284006
1)
0V
0S
0X
0F
0G
0C
0E
0O
0I
0K
0Z
#25287006
0+
#25288006
0)
#25292006
1)
1+
1q
1i
#25296006
0)
#25297006
0+
#25300006
1)
1Z
b1000000000000 @
1J
b10000000000 A
1D
1}
1F
15
1W
#25302006
0i
1+
0q
#25304006
0)
#25307006
0+
#25308006
1)
0J
0}
1C
0W
1V
0D
1G
1X
05
1E
1K
1I
1O
#25312006
1+
0)
#25316006
1)
0O
0G
0C
0Z
0V
0I
0F
0X
0K
0E
#25317006
0+
#25320006
0)
#25322006
1+
#25324006
1)
#25327006
0+
#25328006
0)
#25332006
1)
1+
1q
1Z
1}
1i
b1000000000100 @
1J
1W
1D
b10000000001 A
15
1F
#25336006
0)
#25337006
0+
#25340006
1)
1E
0D
0}
1G
1O
0W
1C
0J
05
1K
1I
1V
1X
#25342006
1+
0q
0i
#25344006
0)
#25347006
0+
#25348006
1)
0F
0C
0X
0Z
0E
0G
0O
0V
0K
0I
#25352006
1+
0)
#25356006
1)
#25357006
0+
#25360006
0)
#25362006
1+
#25364006
1)
1D
1}
b101010101010101010101010 U
1F
b111 Y
1W
1Z
b1000000001000 @
1J
15
b10000000010 A
#25367006
0+
#25368006
0)
#25372006
1)
1+
1i
0}
1q
1I
1G
1X
0D
1C
0W
1E
05
1O
1K
0J
1V
#25376006
0)
#25377006
0+
#25380006
1)
0V
0X
0Z
0G
0I
0C
0F
0E
0K
0O
#25382006
1+
0i
0q
#25384006
0)
#25387006
0+
#25388006
1)
#25392006
0)
1+
#25396006
1)
b10000000000 A
1W
1Z
b11000000100000000100000000 U
1}
1D
b1111 Y
1J
b1000000000000 @
15
1F
#25397006
0+
#25400006
0)
#25402006
1+
#25404006
1)
0D
0W
1O
1X
1C
1V
0}
1I
1G
05
0J
1K
1E
#25407006
0+
#25408006
0)
#25412006
1)
1+
0E
1q
0I
0X
0F
0O
1i
0Z
0C
0V
0K
0G
#25416006
0)
#25417006
0+
#25420006
1)
#25422006
1+
0q
0i
#25424006
0)
#25427006
0+
#25428006
1)
1F
1W
1D
b10000000001 A
1}
1Z
b1100000010100000100 U
15
b111 Y
1J
b1000000000100 @
#25432006
0)
1+
#25436006
1)
1O
1G
1I
1C
1E
0W
1X
0}
0D
0J
1V
1K
05
#25437006
0+
#25440006
0)
#25442006
1+
#25444006
1)
0E
0Z
0C
0O
0I
0G
0F
0X
0K
0V
#25447006
0+
#25448006
0)
#25452006
1)
1+
1q
1i
#25456006
0)
#25457006
0+
#25460006
1)
b111111111111 9
1=
1R
13
1/
1?
17
b1111111111 :
#25462006
1+
0q
0i
#25464006
0)
#25467006
0+
#25468006
1)
b10101010101010101010101010101010 N
1<
1O
b10101010101010101010101010101010 L
03
1>
1G
1T
0R
0=
07
1Q
10
#25472006
1+
0)
#25476006
1)
0<
0T
b10101010101010101010101010101010 M
0O
0G
0>
1S
0Q
0?
#25477006
0+
#25480006
0)
#25482006
1+
#25484006
1)
#25487006
0+
#25488006
0)
#25492006
1)
1+
1q
b1000000000000 9
1R
b10000000000 :
1?
1i
13
1=
17
#25496006
0)
#25497006
0+
#25500006
1)
07
1>
b11000000100000000100000000 N
1G
0R
b11000000100000000100000000 L
1<
1O
1T
0=
1Q
03
#25502006
1+
0q
0i
#25504006
0)
#25507006
0+
#25508006
1)
0O
0<
0G
0?
0>
b11000000100000000100000000 M
0Q
0T
#25512006
1+
0)
#25516006
1)
#25517006
0+
#25520006
0)
#25522006
1+
#25524006
1)
17
b1000000000100 9
13
1?
b10000000001 :
1R
1=
#25527006
0+
#25528006
0)
#25532006
1)
1+
0=
07
1>
1i
1q
1T
1<
b10101010000001100000010100000100 N
1O
03
1G
b10101010000001100000010100000100 L
0R
1Q
#25536006
0)
#25537006
0+
#25540006
1)
0Q
0G
0>
0T
0?
0O
0<
b10101010000001100000010100000100 M
#25542006
1+
0q
0i
#25544006
0)
#25547006
0+
#25548006
1)
#25552006
0)
1+
#25556006
1)
0/
b111111111101 @
1}
15
1F
1Z
1W
b1111111111 A
1J
b10101010101010101010101000000000 U
1D
b1110 Y
#25557006
0+
#25560006
0)
#25562006
1+
#25564006
1)
05
1O
00
0W
0}
1I
1E
1V
1C
1G
0D
0J
1K
1X
#25567006
0+
#25568006
0)
#25572006
1)
1+
0X
0C
1q
0E
0I
0O
0V
0Z
0F
1i
0K
0G
0S
#25576006
0)
#25577006
0+
#25580006
1)
#25582006
1+
0q
0i
#25584006
0)
#25587006
0+
#25588006
1)
1F
b1111 Y
15
1}
b1000000000000 @
1W
1Z
b10000000000 A
1J
1D
b10101010101010101010101010101010 U
#25592006
1+
0)
#25596006
1)
0}
1X
1E
0W
1C
05
1I
1V
1O
0D
1G
0J
1K
#25597006
0+
#25600006
0)
#25602006
1+
#25604006
1)
0K
0V
0E
0X
0F
0I
0C
0O
0G
0Z
#25607006
0+
#25608006
0)
#25612006
1)
1+
1i
1q
#25616006
0)
#25617006
0+
#25620006
1)
1Z
1W
1}
1F
b1000000000100 @
15
1J
1D
b10000000001 A
#25622006
1+
0q
0i
#25624006
0)
#25627006
0+
#25628006
1)
1E
1I
1V
1K
0W
0}
1X
0D
1G
0J
05
1O
1C
#25632006
0)
1+
#25636006
1)
0C
0Z
0I
0E
0F
0K
0V
0O
0X
0G
#25637006
0+
#25640006
0)
#25642006
1+
#25644006
1)
#25647006
0+
#25648006
0)
#25652006
1)
1+
1Z
b1000000001000 @
1i
b10000000010 A
1}
1F
1W
1q
15
1J
1D
#25656006
0)
#25657006
0+
#25660006
1)
0D
1G
1K
1C
0}
1E
1I
0J
1X
1V
05
0W
1O
#25662006
1+
0i
0q
#25664006
0)
#25667006
0+
#25668006
1)
0E
0F
0G
0O
0Z
0C
0K
0I
0V
0X
#25672006
0)
1+
#25676006
1)
#25677006
0+
#25680006
0)
#25682006
1+
#25684006
1)
b10000000010000000000000000 U
1F
b1000000000001 @
b1110 Y
1D
1Z
b10000000000 A
1}
1J
1W
15
#25687006
0+
#25688006
0)
#25692006
1)
1+
05
1X
1C
1q
1G
1E
0D
1O
0W
1V
1i
0J
0}
1I
1K
#25696006
0)
#25697006
0+
#25700006
1)
0K
0X
0C
0F
0E
0G
0Z
0I
0O
0V
#25702006
1+
0q
0i
#25704006
0)
#25707006
0+
#25708006
1)
#25712006
0)
1+
#25716006
1)
1D
15
b10000000001 A
b1000000000100 @
b110000001010000010000000011 U
b1111 Y
1F
1Z
1W
1}
1J
#25717006
0+
#25720006
0)
#25722006
1+
#25724006
1)
0J
1G
1X
1K
05
1V
0D
1E
1C
0}
0W
1O
1I
#25727006
0+
#25728006
0)
#25732006
1)
1+
0I
0E
1i
0K
0X
0G
0V
0O
0F
1q
0C
0Z
#25736006
0)
#25737006
0+
#25740006
1)
#25742006
1+
0i
0q
#25744006
0)
#25747006
0+
#25748006
1)
b10000000000 :
17
1=
1/
b1000000000000 9
13
1?
1R
#25752006
0)
1+
#25756006
1)
0R
1G
1Q
03
07
10
0=
1T
1>
b10000000010000000010101010 N
1O
1<
b10000000010000000010101010 L
#25757006
0+
#25760006
0)
#25762006
1+
#25764006
1)
0>
0Q
1S
0G
0T
b10000000010000000010101010 M
0<
0?
0O
#25767006
0+
#25768006
0)
#25772006
1)
1+
1q
1i
#25776006
0)
#25777006
0+
#25780006
1)
13
1R
b10000000001 :
b1000000000100 9
1=
17
1?
#25782006
0i
1+
0q
#25784006
0)
#25787006
0+
#25788006
03
b110000001010000010000000011 L
1T
1>
0=
1O
1Q
1G
0R
1)
07
b110000001010000010000000011 N
1<
#25792006
1+
0)
#25796006
1)
0<
0G
0>
0?
0T
0Q
0O
b110000001010000010000000011 M
#25797006
0+
#25800006
0)
#25802006
1+
#25804006
1)
#25807006
0+
#25808006
0)
#25812006
1)
1+
1q
1i
1=
13
b1000000001000 9
1?
b10000000010 :
1R
17
#25816006
0)
#25817006
0+
#25820006
1)
07
1Q
1>
1G
1<
b10101010101010101010101010101010 L
1T
03
0=
0R
1O
b10101010101010101010101010101010 N
#25822006
1+
0i
0q
#25824006
0)
#25827006
0+
#25828006
1)
0G
0?
0>
0Q
0T
0<
0O
b10101010101010101010101010101010 M
#25832006
0)
1+
#25836006
1)
#25837006
0+
#25840006
0)
#25842006
1+
#25844006
1)
15
b1111111111 A
b1100 Y
1Z
1J
b10101010101010100000000000000000 U
0/
1D
b111111111110 @
1F
1W
1}
#25847006
0+
#25848006
0)
#25852006
1)
1+
0}
1q
1K
0D
1i
05
1E
1G
1I
1X
0J
00
0W
1V
1C
1O
#25856006
0)
#25857006
0+
#25860006
1)
0O
0E
0K
0X
0Z
0S
0I
0G
0C
0V
0F
#25862006
1+
0q
0i
#25864006
0)
#25867006
0+
#25868006
1)
#25872006
0)
1+
#25876006
1)
b1111 Y
1J
1}
b10000000000 A
1F
15
1D
1Z
b10101010101010101010101010101010 U
b1000000000000 @
1W
#25877006
0+
#25880006
0)
#25882006
1+
#25884006
1)
0W
1O
0}
0J
1I
0D
1K
1E
05
1X
1V
1G
1C
#25887006
0+
#25888006
0)
#25892006
1)
1+
0C
0F
1i
1q
0O
0Z
0E
0I
0K
0G
0V
0X
#25896006
0)
#25897006
0+
#25900006
1)
#25902006
1+
0q
0i
#25904006
0)
#25907006
0+
#25908006
1)
1}
15
b10000000001 A
1F
1W
1J
1Z
1D
b1000000000100 @
#25912006
1+
0)
#25916006
1)
1X
1I
05
0}
1C
0J
1E
1O
0W
0D
1V
1G
1K
#25917006
0+
#25920006
0)
#25922006
1+
#25924006
1)
0K
0O
0Z
0I
0X
0E
0C
0F
0G
0V
#25927006
0+
#25928006
0)
#25932006
1)
1+
1i
1q
#25936006
0)
#25937006
0+
#25940006
1)
15
b1000000001000 @
1Z
b10000000010 A
1}
1J
1F
1D
1W
#25942006
1+
0q
0i
#25944006
0)
#25947006
0+
#25948006
1)
0}
1V
1C
1O
0W
05
1K
1E
1I
1X
0D
0J
1G
#25952006
1+
0)
#25956006
1)
0G
0I
0O
0C
0V
0E
0K
0Z
0X
0F
#25957006
0+
#25960006
0)
#25962006
1+
#25964006
1)
#25967006
0+
#25968006
0)
#25972006
1)
1+
1F
1W
1i
b1000000001100 @
1q
b1 Y
1}
15
b10000000011 A
1Z
1J
b10101010 U
1D
#25976006
0)
#25977006
0+
#25980006
1)
0D
05
1K
1I
1O
0W
1G
0}
1E
1V
1C
0J
1X
#25982006
1+
0q
0i
#25984006
0)
#25987006
0+
#25988006
1)
0V
0F
0O
0X
0I
0K
0E
0G
0C
0Z
#25992006
0)
1+
#25996006
1)
#25997006
0+
#26000006
0)
#26002006
1+
#26004006
1)
1Z
b1000000000010 @
1F
15
1D
1W
b1100 Y
1}
1J
b1000000000000000000000000 U
b10000000000 A
#26007006
0+
#26008006
0)
#26012006
1)
1+
1E
1i
1X
1O
1q
1V
0W
05
1K
0D
1I
0J
0}
1G
1C
#26016006
0)
#26017006
0+
#26020006
1)
0C
0O
0X
0E
0F
0Z
0K
0V
0G
0I
#26022006
1+
0i
0q
#26024006
0)
#26027006
0+
#26028006
1)
#26032006
0)
1+
#26036006
1)
b10000000001 A
1D
b1111 Y
b1000000000100 @
1Z
1F
15
1W
1}
b101000001000000001100000010 U
1J
#26037006
0+
#26040006
0)
#26042006
1+
#26044006
1)
0J
0D
1E
05
1I
1K
1O
1X
1C
0}
0W
1V
1G
#26047006
0+
#26048006
0)
#26052006
1)
1+
0G
0X
0O
1i
0K
0I
0E
0F
1q
0Z
0V
0C
#26056006
0)
#26057006
0+
#26060006
1)
#26062006
1+
0q
0i
#26064006
0)
#26067006
0+
#26068006
1)
1D
1J
b10000000010 A
15
1F
b1 Y
b1000000001000 @
1Z
1W
b110 U
1}
#26072006
0)
1+
#26076006
1)
0}
1C
1G
1K
0J
1O
0D
1X
1I
05
1E
0W
1V
#26077006
0+
#26080006
0)
#26082006
1+
#26084006
1)
0V
0O
0K
0G
0C
0I
0F
0X
0E
0Z
#26087006
0+
#26088006
0)
#26092006
1)
1+
1i
1q
#26096006
0)
#26097006
0+
#26100006
1)
13
1?
17
b1000000000001 9
1/
1R
1=
b10000000000 :
#26102006
0q
1+
0i
#26104006
0)
#26107006
0+
#26108006
1)
03
1T
b1000000001010101010101010 N
1O
07
1G
1Q
1>
b1000000001010101010101010 L
0=
10
1<
0R
#26112006
1+
0)
#26116006
1)
b1000000001010101010101010 M
0>
0T
0Q
0O
0?
0G
1S
0<
#26117006
0+
#26120006
0)
#26122006
1+
#26124006
1)
#26127006
0+
#26128006
0)
#26132006
1)
1+
1R
1i
13
1q
b10000000001 :
b1000000000100 9
1?
17
1=
#26136006
0)
#26137006
0+
#26140006
1)
0=
1<
03
1G
0R
1T
1>
b101000001000000001100000010 N
1O
1Q
07
b101000001000000001100000010 L
#26142006
1+
0q
0i
#26144006
0)
#26147006
0+
#26148006
1)
0O
0?
0<
b101000001000000001100000010 M
0G
0>
0T
0Q
#26152006
0)
1+
#26156006
1)
#26157006
0+
#26160006
0)
#26162006
1+
#26164006
1)
13
1?
1=
b1000000001000 9
1R
b10000000010 :
17
#26167006
0+
#26168006
0)
#26172006
1)
1+
07
1Q
1i
0R
1q
b10101010101010101010101000000110 L
03
1O
1>
b10101010101010101010101000000110 N
1G
0=
1<
1T
#26176006
0)
#26177006
0+
#26180006
1)
0T
0Q
0G
0O
0?
b10101010101010101010101000000110 M
0>
0<
#26182006
1+
0q
0i
#26184006
0)
#26187006
0+
#26188006
1)
#26192006
0)
1+
#26196006
1)
1}
15
1F
1Z
b1000 Y
1J
b1111111111 A
1D
0/
b10101010000000000000000000000000 U
1W
b111111111111 @
#26197006
0+
#26200006
0)
#26202006
1+
#26204006
1)
1K
05
0}
1V
0J
1I
1C
1O
1G
0W
1E
1X
0D
00
#26207006
0+
#26208006
0)
#26212006
1)
1+
0Z
1i
0O
0F
1q
0K
0C
0I
0V
0G
0S
0X
0E
#26216006
0)
#26217006
0+
#26220006
1)
#26222006
1+
0i
0q
#26224006
0)
#26227006
0+
#26228006
1)
1F
b1000000000000 @
1Z
15
b10000000000 A
1}
b1111 Y
1J
1D
1W
b10101010101010101010101010101010 U
#26232006
1+
0)
#26236006
1)
1E
1O
1I
0}
1C
05
1K
0W
1X
1V
0D
0J
1G
#26237006
0+
#26240006
0)
#26242006
1+
#26244006
1)
0G
0Z
0E
0F
0C
0I
0O
0K
0V
0X
#26247006
0+
#26248006
0)
#26252006
1)
1+
1i
1q
#26256006
0)
#26257006
0+
#26260006
1)
1Z
15
b1000000000100 @
1F
b10000000001 A
1}
1J
1W
1D
#26262006
0i
1+
0q
#26264006
0)
#26267006
0+
#26268006
1)
1X
0D
1I
1G
1C
05
1E
0W
0}
1V
0J
1K
1O
#26272006
0)
1+
#26276006
1)
0O
0Z
0X
0C
0G
0I
0F
0K
0E
0V
#26277006
0+
#26280006
0)
#26282006
1+
#26284006
1)
#26287006
0+
#26288006
0)
#26292006
1)
1+
1q
15
1D
b10000000010 A
1i
b1000000001000 @
1Z
1F
1W
1J
1}
#26296006
0)
#26297006
0+
#26300006
1)
0}
1V
1O
05
1I
1G
1C
0D
1X
0J
1E
0W
1K
#26302006
1+
0q
0i
#26304006
0)
#26307006
0+
#26308006
1)
0K
0O
0V
0C
0G
0I
0X
0Z
0E
0F
#26312006
1+
0)
#26316006
1)
#26317006
0+
#26320006
0)
#26322006
1+
#26324006
1)
1F
b1010101010101010 U
b11 Y
1D
1}
b1000000001100 @
b10000000011 A
15
1W
1Z
1J
#26327006
0+
#26328006
0)
#26332006
1)
1+
0J
1K
1q
1G
0D
1i
0}
1V
1C
1O
1E
1I
0W
05
1X
#26336006
0)
#26337006
0+
#26340006
1)
0X
0C
0K
0F
0V
0G
0O
0Z
0I
0E
#26342006
1+
0q
0i
#26344006
0)
#26347006
0+
#26348006
1)
#26352006
0)
1+
#26356006
1)
b10000000000 A
b1000 Y
1J
b0 U
b1000000000011 @
1F
1}
1D
15
1Z
1W
#26357006
0+
#26360006
0)
#26362006
1+
#26364006
1)
0W
1V
1C
0}
1E
1X
0J
1K
1I
1G
05
0D
1O
#26367006
0+
#26368006
0)
#26372006
1)
1+
0O
0C
1q
0V
0X
1i
0E
0F
0K
0Z
0G
0I
#26376006
0)
#26377006
0+
#26380006
1)
#26382006
1+
0i
0q
#26384006
0)
#26387006
0+
#26388006
1)
1J
1}
1W
b1111 Y
b10000000001 A
b1000000000100 @
b100000000110000001000000001 U
1F
1D
1Z
15
#26392006
1+
0)
#26396006
1)
05
0W
1I
1E
1O
0}
0J
1C
1X
1V
1G
0D
1K
#26397006
0+
#26400006
0)
#26402006
1+
#26404006
1)
0K
0X
0O
0E
0I
0C
0Z
0G
0V
0F
#26407006
0+
#26408006
0)
#26412006
1)
1+
1i
1q
#26416006
0)
#26417006
0+
#26420006
1)
1F
1}
15
b1000000001000 @
1W
b11 Y
1J
b10000000010 A
1D
b11000000101 U
1Z
#26422006
1+
0i
0q
#26424006
0)
#26427006
0+
#26428006
1)
05
1O
0J
0}
1I
1X
1K
1E
0W
1V
0D
1G
1C
#26432006
1+
0)
#26436006
1)
0C
0I
0E
0O
0F
0K
0X
0Z
0G
0V
#26437006
0+
#26440006
0)
#26442006
1+
#26444006
1)
#26447006
0+
#26448006
0)
#26452006
1)
1+
1=
13
1i
17
1R
1q
1?
b1000000000010 9
b10000000000 :
1/
#26456006
0)
#26457006
0+
#26460006
1)
10
03
b101010101010101010101010 L
0=
1<
0R
1T
07
1Q
1O
b101010101010101010101010 N
1G
1>
#26462006
0i
1+
0q
#26464006
0)
#26467006
0+
#26468006
1)
0?
0>
0O
b101010101010101010101010 M
0Q
0<
0T
0G
1S
#26472006
0)
1+
#26476006
1)
#26477006
0+
#26480006
0)
#26482006
1+
#26484006
1)
13
1?
1R
1=
17
b10000000001 :
b1000000000100 9
#26487006
0+
#26488006
0)
#26492006
1)
1+
1q
b100000000110000001000000001 L
0=
1<
1>
0R
03
1O
1Q
1i
1G
b100000000110000001000000001 N
07
1T
#26496006
0)
#26497006
0+
#26500006
1)
0T
0Q
0O
0<
0>
0?
b100000000110000001000000001 M
0G
#26502006
1+
0q
0i
#26504006
0)
#26507006
0+
#26508006
1)
#26512006
0)
1+
#26516006
1)
1=
b1000000001000 9
1?
13
1R
b10000000010 :
17
#26517006
0+
#26520006
0)
#26522006
1+
#26524006
1)
07
0=
03
b10101010101010100000011000000101 L
1G
1Q
1>
1T
1<
1O
0R
b10101010101010100000011000000101 N
#26527006
0+
#26528006
0)
#26532006
1)
1+
1i
0<
0T
0G
0?
0>
0Q
1q
b10101010101010100000011000000101 M
0O
#26536006
0)
#26537006
0+
#26540006
1)
#26542006
1+
0i
0q
#26544006
0)
#26547006
0+
#26548006
1)
#26548007
1+
bx B
1q
bx 9
bx Y
bx @
1i
bx U
bx A
bx ;
bx :
#26552007
0)
#26553007
0+
#26556007
1)
1O
1G
#26558007
1+
#26560007
0)
#26563007
0+
#26564007
1)
0O
0S
0G
1*
0q
0i
1,
#26568007
0)
1+
#26572007
1)
0/
00
#26573007
0+
#26576007
0)
#26578007
1+
#26580007
1)
0*
#26583007
0+
#26584007
0)
#26588007
1)
1+
0,
1G
1O
#26592007
0)
#26593007
0+
#26596007
1)
#26598007
1+
1i
1q
#26600007
0)
#26603007
0+
#26604007
0G
0O
1)
#26608007
0)
0q
1+
0i
#26612007
1)
#26613007
0+
#26616007
0)
#26618007
1+
#26620007
1)
#26623007
0+
#26624007
0)
#26628007
1)
1i
1G
b1111111111 c
1q
1y
1l
b10101010101010101010101010101010 w
b1111 {
b111111111100 b
b10 d
1|
16
1+
1O
1h
1f
1~
#26632007
0)
#26633007
0+
#26636007
0G
1)
0O
#26638007
1+
0i
1z
1k
1m
0~
0y
0q
1g
1x
1e
06
0f
#26640007
0)
#26643007
0+
#26644007
1)
#26648007
0)
1+
0g
0z
0|
0e
0h
0x
#26652007
1)
#26653007
0+
#26656007
0)
#26658007
1+
#26660007
1)
1O
1G
#26663007
0+
#26664007
0)
#26668007
1)
1+
0G
1i
1q
b10000000000 c
1y
1~
b1000000000000 b
0O
16
1h
1f
1|
#26672007
0)
#26673007
0+
#26676007
1)
#26678007
1+
1x
1z
1g
0~
0y
0q
0i
0f
1e
06
#26680007
0)
#26683007
0+
#26684007
1)
#26688007
0)
1+
0z
0|
0x
0g
0e
0h
#26692007
1)
1G
1O
#26693007
0+
#26696007
0)
#26698007
1+
#26700007
1)
0O
0G
#26703007
0+
#26704007
0)
#26708007
1)
1+
16
1q
1h
1|
1y
b10101010 w
1~
b10000000001 c
b1 {
b1000000000100 b
1f
1i
#26712007
0)
#26713007
0+
#26716007
1)
#26718007
1+
0i
1z
1x
0~
06
0q
0y
0f
1e
1g
#26720007
0)
#26723007
0+
#26724007
1)
1G
1O
#26728007
0)
1+
0g
0z
0x
0|
0h
0e
#26732007
1)
0O
0G
#26733007
0+
#26736007
0)
#26738007
1+
#26740007
1)
#26743007
0+
#26744007
0)
#26748007
1)
1+
1i
1q
0l
#26752007
0)
#26753007
0+
#26756007
1)
1G
1O
#26758007
0q
1+
0m
0k
0i
#26760007
0)
#26763007
0+
#26764007
1)
0O
0G
#26768007
0)
1+
#26772007
1)
#26773007
0+
#26776007
0)
#26778007
1+
1|
b10000000000 c
1l
16
b0 w
1~
1h
1f
1y
b1000000000000 b
#26780007
1)
#26783007
0+
#26784007
0)
#26788007
1)
1+
1k
1e
06
1G
1i
1q
0l
1m
1x
1z
1g
0y
1O
0f
0~
#26792007
0)
#26793007
0+
#26796007
1)
0G
0O
#26798007
0z
0|
1+
0e
0k
0x
0m
0i
0q
0g
0h
#26800007
0)
#26803007
0+
#26804007
1)
#26808007
0)
1+
#26812007
1)
#26813007
0+
#26816007
0)
#26818007
1+
b10 ]
1t
18
11
14
b111111111111 [
b1111111111 \
1a
1_
#26820007
1)
1O
1G
#26823007
0+
#26824007
0)
#26828007
1)
1+
0_
08
1i
1s
b10101010101010101010101010101010 n
1^
12
b10101010101010101010101010101010 p
0G
0t
1v
0O
1`
04
1q
#26832007
0)
#26833007
0+
#26836007
1)
#26838007
1+
0q
0^
0i
0s
b10101010101010101010101010101010 o
0v
0a
1u
0`
#26840007
0)
#26843007
0+
#26844007
1)
#26848007
0)
1+
#26852007
1)
1G
1O
#26853007
0+
#26856007
0)
#26858007
1+
1t
18
1_
14
1a
b10000000000 \
b1000000000000 [
#26860007
1)
0O
0G
#26863007
0+
#26864007
0)
#26868007
1)
1+
08
0t
1s
1^
1`
1q
b101010101010101000000000 n
1i
b101010101010101000000000 p
1v
0_
04
#26872007
0)
#26873007
0+
#26876007
1)
#26878007
1+
0i
0`
0^
0s
0q
b101010101010101000000000 o
0v
0a
#26880007
0)
#26883007
0+
#26884007
1)
1G
1O
#26888007
0)
1+
#26892007
1)
0O
0G
#26893007
0+
#26896007
0)
#26898007
1+
1~
b111111111101 b
b10101010101010101010101000000000 w
1h
1|
16
1l
b1111111111 c
01
1f
1y
b1110 {
#26900007
1)
#26903007
0+
#26904007
0)
#26908007
1)
1+
0~
0l
1i
06
1z
02
1e
1m
1x
1k
0y
1g
0f
1q
#26912007
0)
#26913007
0+
#26916007
1)
1G
1O
#26918007
1+
0q
0x
0m
0i
0e
0z
0|
0h
0k
0g
0u
#26920007
0)
#26923007
0+
#26924007
1)
0O
0G
#26928007
0)
1+
#26932007
1)
#26933007
0+
#26936007
0)
#26938007
1+
1|
b1111 {
1~
1l
b1000000000000 b
b10101010101010101010101010101010 w
16
1f
1h
b10000000000 c
1y
#26940007
1)
#26943007
0+
#26944007
0)
#26948007
1)
1+
0y
1G
0~
1q
1z
0l
1e
1m
1x
1i
1O
1g
0f
1k
06
#26952007
0)
#26953007
0+
#26956007
1)
0G
0O
#26958007
0x
0|
1+
0m
0e
0z
0q
0i
0k
0h
0g
#26960007
0)
#26963007
0+
#26964007
1)
#26968007
0)
1+
#26972007
1)
#26973007
0+
#26976007
0)
#26978007
1+
16
b1010101010101010 w
1y
b11 {
b1000000000100 b
1|
1~
1l
1h
b10000000001 c
1f
#26980007
1O
1)
1G
#26983007
0+
#26984007
0)
#26988007
1)
0G
0O
0f
1z
0~
06
1x
1g
0y
1e
1m
1+
0l
1k
1i
1q
#26992007
0)
#26993007
0+
#26996007
1)
#26998007
0q
0e
0z
0|
0g
0x
1+
0m
0i
0k
0h
#27000007
0)
#27003007
0+
#27004007
1)
#27008007
0)
1+
#27012007
1G
1O
1)
#27013007
0+
#27016007
0)
#27018007
1+
1f
1h
1|
1y
b0 w
1~
16
b1000000000001 b
b10 {
b10000000000 c
1l
#27020007
0G
1)
0O
#27023007
0+
#27024007
0)
#27028007
1)
0l
1g
06
1q
0f
0~
0y
1z
1e
1+
1x
1k
1m
1i
#27032007
0)
#27033007
0+
#27036007
1)
#27038007
0i
0z
0g
0h
0|
0q
1+
0e
0m
0k
0x
#27040007
0)
#27043007
0+
#27044007
1O
1G
1)
#27048007
0)
1+
#27052007
1)
0O
0G
#27053007
0+
#27056007
0)
#27058007
1+
1a
14
18
1t
1_
11
#27060007
1)
#27063007
0+
#27064007
0)
#27068007
1)
1+
08
04
1`
1s
1^
1i
12
0_
1q
1v
0t
#27072007
0)
#27073007
0+
#27076007
1)
1G
1O
#27078007
1+
0i
0a
1u
0^
0`
0s
0v
0q
#27078008
0O
bx b
bx [
bx d
bx ]
bx w
0G
bx \
bx c
bx {
#27082008
0)
#27083008
0+
#27086008
1)
1O
1G
#27088008
1q
1i
1+
#27090008
0)
#27093008
0+
#27094008
1)
0i
0G
1*
0q
1,
0O
#27098008
0)
1+
01
0u
02
#27102008
1)
#27103008
0+
#27106008
0)
#27108008
1+
#27110008
1)
0*
#27113008
0+
#27114008
0)
#27118008
1)
1+
1O
1G
0,
#27122008
0)
#27123008
0+
#27126008
1)
#27128008
1+
1i
1q
#27130008
0)
#27133008
0+
#27134008
1)
b1 Y
1}
15
1J
1F
b10 B
b1000000000000 @
b0 U
b10000000000 A
1D
1W
1Z
#27138008
1+
0)
#27142008
1)
1V
1E
1X
0}
1C
1I
0J
1K
05
0W
0D
#27143008
0+
#27146008
0)
#27148008
1+
#27150008
1)
0Z
0K
0F
0X
0E
0V
0C
0I
#27153008
0+
#27154008
0)
#27158008
1)
1+
13
1=
1/
17
b1000000000000 9
1?
b10000000000 :
1R
b10 ;
#27162008
0)
#27163008
0+
#27166008
1)
b101010101010101000000000 N
10
0=
03
1>
1<
b101010101010101000000000 L
07
1T
0R
1Q
#27168008
1+
#27170008
0)
#27173008
0+
#27174008
1)
0Q
0?
0<
0>
1S
0T
b101010101010101000000000 M
#27178008
0)
1+
#27182008
1)
1}
1D
b10 Y
1F
1Z
1J
0/
1W
0S
15
b1000000000001 @
#27183008
0+
#27186008
0)
#27188008
1+
#27190008
1)
1I
0J
0D
1C
0}
00
1X
1K
1V
1E
05
0W
#27193008
0+
#27194008
0)
#27198008
1)
1+
0V
0C
0I
0K
0Z
0F
0X
0E
#27202008
0)
#27203008
0+
#27206008
1)
17
1=
13
b1000000000001 9
1?
1R
1/
#27208008
1+
#27210008
0)
#27213008
0+
#27214008
1)
10
1>
b101010100000000000000000 N
03
07
1<
0=
1Q
b101010100000000000000000 L
0R
1T
#27218008
0)
1+
#27222008
1)
0T
b101010100000000000000000 M
0Q
0>
0<
0?
1S
#27223008
0+
#27226008
0)
#27228008
1+
#27230008
1)
0S
b100 Y
b1000000000010 @
0/
1F
1}
1W
1J
1D
1Z
15
#27233008
0+
#27234008
0)
#27238008
1)
1+
05
0D
0W
0}
1E
00
1V
0J
1I
1C
1K
1X
#27242008
0)
#27243008
0+
#27246008
1)
0X
0C
0E
0F
0I
0V
0K
0Z
#27248008
1+
#27250008
0)
#27253008
0+
#27254008
1)
b1000000000010 9
1/
1=
17
13
1?
1R
#27258008
0)
1+
#27262008
1)
0R
1T
07
1>
0=
10
1Q
b0 N
b0 L
03
1<
#27263008
0+
#27266008
0)
#27268008
1+
#27270008
1)
0<
0T
0Q
1S
0>
b0 M
0?
#27273008
0+
#27274008
0)
#27278008
1)
1+
b1000 Y
1Z
1W
b1000000000011 @
15
1}
1D
0S
1F
1J
0/
#27282008
0)
#27283008
0+
#27286008
1)
1I
1C
0J
1X
05
0W
0}
00
1E
0D
1V
1K
#27288008
1+
#27290008
0)
#27293008
0+
#27294008
1)
0K
0X
0E
0C
0I
0Z
0F
0V
#27298008
1+
0)
#27302008
1)
1/
1R
1?
17
1=
b1000000000011 9
13
#27303008
0+
#27306008
0)
#27308008
1+
#27310008
1)
03
1T
0=
1<
1>
07
0R
10
1Q
#27313008
0+
#27314008
0)
#27318008
1)
1+
0Q
0T
0>
0<
0?
1S
#27322008
0)
#27323008
0+
#27326008
1)
0S
1J
1Z
0/
b1000000000000 @
b11 Y
1W
15
1}
1F
1D
b100000000 U
#27328008
1+
#27330008
0)
#27333008
0+
#27334008
1)
1V
1C
05
00
0J
1X
1E
1K
0W
1I
0D
0}
#27338008
1+
0)
#27342008
1)
0X
0Z
0C
0V
0K
0E
0I
0F
#27343008
0+
#27346008
0)
#27348008
1+
#27350008
1)
1=
13
1?
1/
1R
17
b1000000000000 9
#27353008
0+
#27354008
0)
#27358008
1)
1+
0R
0=
03
10
1Q
1<
1>
1T
07
b100000000 L
b100000000 N
#27362008
0)
#27363008
0+
#27366008
1)
0>
1S
0<
0Q
0?
b100000000 M
0T
#27368008
1+
#27370008
0)
#27373008
0+
#27374008
1)
1F
1}
b10000000000000000 U
1J
1W
1Z
15
0/
b1000000000001 @
0S
b110 Y
1D
#27378008
0)
1+
#27382008
1)
0D
0W
0J
1K
1X
0}
1V
1C
05
00
1I
1E
#27383008
0+
#27386008
0)
#27388008
1+
#27390008
1)
0E
0K
0F
0C
0X
0Z
0V
0I
#27393008
0+
#27394008
0)
#27398008
1)
1+
b1000000000001 9
1R
1=
13
1/
1?
17
#27402008
0)
#27403008
0+
#27406008
1)
07
1T
03
1Q
b10000000000000000 N
0=
1<
0R
1>
b10000000000000000 L
10
#27408008
1+
#27410008
0)
#27413008
0+
#27414008
1)
1S
0T
0<
0Q
0?
0>
b10000000000000000 M
#27418008
0)
1+
#27422008
1)
1Z
15
1J
1W
b1000000000000000000000000 U
1D
0S
b1000000000010 @
1F
1}
b1100 Y
0/
#27423008
0+
#27426008
0)
#27428008
1+
#27430008
1)
00
1E
0J
0W
05
1I
0D
1K
1X
1C
0}
1V
#27433008
0+
#27434008
0)
#27438008
1)
1+
0V
0X
0F
0E
0Z
0K
0I
0C
#27442008
0)
#27443008
0+
#27446008
1)
1/
13
1R
b1000000000010 9
17
1=
1?
#27448008
1+
#27450008
0)
#27453008
0+
#27454008
1)
0R
07
1<
03
10
1T
b1000000000000000000000000 N
0=
1>
b1000000000000000000000000 L
1Q
#27458008
1+
0)
#27462008
1)
0Q
0?
0T
b1000000000000000000000000 M
0<
1S
0>
#27463008
0+
#27466008
0)
#27468008
1+
#27470008
1)
1W
0/
1J
1F
b1000000000011 @
15
b0 U
1Z
1D
0S
1}
b1000 Y
#27473008
0+
#27474008
0)
#27478008
1)
1+
1C
1K
1X
0W
1V
1E
0J
05
00
0}
0D
1I
#27482008
0)
#27483008
0+
#27486008
1)
0I
b1 Y
15
0K
0X
0C
1J
1W
b1 U
0E
0V
b1000000000100 @
1D
1}
b10000000001 A
#27488008
1+
#27490008
0)
#27493008
0+
#27494008
1)
1K
1V
05
1I
1E
1C
1X
0J
0W
0}
0D
#27498008
1+
0)
#27502008
1)
0K
0Z
0V
0X
0I
0F
0C
0E
#27503008
0+
#27506008
0)
#27508008
1+
#27510008
1)
17
1?
1/
1R
b1000000000011 9
13
1=
#27513008
0+
#27514008
0)
#27518008
1)
1+
0=
1T
1>
1Q
1<
07
0R
03
b0 N
10
b0 L
#27522008
0)
#27523008
0+
#27526008
1)
17
0Q
0>
0T
b1000000000100 9
1=
0<
b0 M
1R
b10000000001 :
13
1S
#27528008
1+
#27530008
0)
#27533008
0+
#27534008
1)
0S
1T
b100000000110000001000000001 L
1<
1>
1Q
07
0=
03
0R
b100000000110000001000000001 N
#27538008
0)
1+
#27542008
1)
0>
0<
1S
0?
0T
0Q
b100000000110000001000000001 M
#27543008
0+
#27546008
0)
#27548008
1+
#27550008
1)
b10000000000 A
1J
1D
0S
b111 Y
1Z
1F
15
0/
b100000000100000000 U
1}
b1000000000000 @
1W
#27553008
0+
#27554008
0)
#27558008
1)
1+
0W
0J
1C
1E
0D
1K
05
1V
1I
1X
00
0}
#27562008
0)
#27563008
0+
#27566008
1)
0I
0E
0C
0V
0F
0Z
0K
0X
#27568008
1+
#27570008
0)
#27573008
0+
#27574008
1)
17
1/
b1000000000000 9
1?
1R
13
b10000000000 :
1=
#27578008
0)
1+
#27582008
1)
0=
b100000000100000000 N
1T
1>
b100000000100000000 L
1<
07
1Q
03
0R
10
#27583008
0+
#27586008
0)
#27588008
1+
#27590008
1)
0>
b100000000100000000 M
0<
0T
1S
0Q
0?
#27593008
0+
#27594008
0)
#27598008
1)
1+
1Z
1}
1W
1J
1D
b1110 Y
0/
1F
15
b1000000000001 @
0S
b10000000010000000000000000 U
#27602008
0)
#27603008
0+
#27606008
1)
1X
00
1I
0}
0D
0J
0W
1V
1E
1C
1K
05
#27608008
1+
#27610008
0)
#27613008
0+
#27614008
1)
0E
0F
0X
0Z
0V
0I
0K
0C
#27618008
0)
1+
#27622008
1)
1?
b1000000000001 9
1=
1/
1R
13
17
#27623008
0+
#27626008
0)
#27628008
1+
#27630008
1)
07
10
0=
1T
b10000000010000000000000000 N
1>
1<
b10000000010000000000000000 L
03
1Q
0R
#27633008
0+
#27634008
0)
#27638008
1)
1+
0T
b10000000010000000000000000 M
0<
0?
0>
0Q
1S
#27642008
0)
#27643008
0+
#27646008
1)
0S
b1000000000000000000000000 U
15
1F
1Z
1}
1W
1D
b1100 Y
1J
0/
b1000000000010 @
#27648008
1+
#27650008
0)
#27653008
0+
#27654008
1)
1V
1C
00
1E
0D
05
1X
0W
0}
0J
1K
1I
#27658008
0)
1+
#27662008
1)
0I
b10 U
1W
b1000000000100 @
b1 Y
0C
0V
b10000000001 A
0X
0E
15
1D
0K
1J
1}
#27663008
0+
#27666008
0)
#27668008
1+
#27670008
1)
0}
1C
05
1I
0W
1E
1V
1X
0J
1K
0D
#27673008
0+
#27674008
0)
#27678008
1)
1+
0V
0C
0E
0I
0Z
0F
0K
0X
#27682008
0)
#27683008
0+
#27686008
1)
1R
1=
1?
17
b1000000000010 9
1/
13
#27688008
1+
#27690008
0)
#27693008
0+
#27694008
1)
03
07
0R
0=
1T
b1000000000000000000000000 N
10
1<
1>
b1000000000000000000000000 L
1Q
#27698008
1+
0)
#27702008
1)
0Q
b1000000000000000000000000 M
17
1R
1S
13
0T
1=
0<
b10000000001 :
0>
b1000000000100 9
#27703008
0+
#27706008
0)
#27708008
1+
#27710008
1)
0R
1T
07
1Q
03
0S
b100000000110000001000000010 N
1>
0=
b100000000110000001000000010 L
1<
#27713008
0+
#27714008
0)
#27718008
1)
1+
0<
1S
0T
b100000000110000001000000010 M
0Q
0?
0>
#27722008
0)
#27723008
0+
#27726008
1)
15
1Z
b1000 Y
1D
0S
1}
b0 U
b1000000000011 @
1W
b10000000000 A
0/
1J
1F
#27728008
1+
#27730008
0)
#27733008
0+
#27734008
1)
1X
0W
0}
00
0D
05
1I
1V
1E
1C
0J
1K
#27738008
0)
1+
#27742008
1)
0K
0E
1}
1W
0X
b11 Y
0V
1D
b1000000000100 @
0I
15
b1000000001 U
1J
0C
b10000000001 A
#27743008
0+
#27746008
0)
#27748008
1+
#27750008
1)
05
0}
0W
1E
1K
1I
1X
0D
1V
1C
0J
#27753008
0+
#27754008
0)
#27758008
1)
1+
0F
0Z
0X
0E
0I
0K
0C
0V
#27762008
0)
#27763008
0+
#27766008
1)
b1000000000011 9
1R
13
17
1?
1/
1=
b10000000000 :
#27768008
1+
#27770008
0)
#27773008
0+
#27774008
1)
1>
03
10
1Q
1<
0R
1T
0=
b0 L
b0 N
07
#27778008
0)
1+
#27782008
1)
17
b10000000001 :
1R
13
1S
0>
0<
0Q
b1000000000100 9
b0 M
1=
0T
#27783008
0+
#27786008
0)
#27788008
1+
#27790008
1)
1T
03
0R
07
1Q
1>
0S
1<
0=
b100000000110000001000000001 N
b100000000110000001000000001 L
#27793008
0+
#27794008
0)
#27798008
1)
1+
1S
0T
0>
0Q
0<
b100000000110000001000000001 M
0?
#27802008
0)
#27803008
0+
#27806008
1)
1J
b10000000000 A
1W
15
1D
1}
b1111 Y
1F
0S
1Z
b1000000000000 @
0/
b11000000100000000100000000 U
#27808008
1+
#27810008
0)
#27813008
0+
#27814008
1)
1V
00
05
1I
0W
0J
0D
1E
0}
1X
1C
1K
#27818008
1+
0)
#27822008
1)
0K
0Z
0I
0V
0E
0F
0C
0X
#27823008
0+
#27826008
0)
#27828008
1+
#27830008
1)
13
1?
b1000000000000 9
b10000000000 :
17
1R
1/
1=
#27833008
0+
#27834008
0)
#27838008
1)
1+
0=
07
b11000000100000000100000000 L
1>
03
10
1T
1Q
b11000000100000000100000000 N
0R
1<
#27842008
0)
#27843008
0+
#27846008
1)
0<
0?
0>
1S
0T
0Q
b11000000100000000100000000 M
#27848008
1+
#27850008
0)
#27853008
0+
#27854008
1)
b10000000010000000000000000 U
1}
1Z
15
1W
1D
b1110 Y
1J
0/
0S
1F
b1000000000001 @
#27858008
0)
1+
#27862008
1)
1X
00
1E
0}
1K
0D
1V
0W
1I
05
1C
0J
#27863008
0+
#27866008
0)
#27868008
1+
#27870008
1)
1J
b1000000000100 @
0I
b1 Y
0E
b10000000001 A
0X
b11 U
1W
1}
0V
0K
1D
0C
15
#27873008
0+
#27874008
0)
#27878008
1)
1+
05
1K
1E
0J
1I
1V
1X
0}
0W
1C
0D
#27882008
0)
#27883008
0+
#27886008
1)
0K
0E
0X
0V
0Z
0I
0C
0F
#27888008
1+
#27890008
0)
#27893008
0+
#27894008
1)
17
1=
1?
13
b1000000000001 9
1R
1/
#27898008
0)
1+
#27902008
1)
1<
03
10
b10000000010000000000000000 L
1>
0=
07
0R
1Q
b10000000010000000000000000 N
1T
#27903008
0+
#27906008
0)
#27908008
1+
#27910008
1)
0T
b10000000010000000000000000 M
1=
13
0<
0>
b10000000001 :
17
0Q
1R
b1000000000100 9
1S
#27913008
0+
#27914008
0)
#27918008
1)
1+
0S
0=
1>
1T
1<
03
b100000000110000001000000011 L
b100000000110000001000000011 N
0R
1Q
07
#27922008
0)
#27923008
0+
#27926008
1)
1S
b100000000110000001000000011 M
0<
0T
0>
0?
0Q
#27928008
1+
#27930008
0)
#27933008
0+
#27934008
1)
b10000000000 A
0/
1}
1F
1Z
b1100 Y
1D
15
b1000000000010 @
1J
0S
b1000000000000000000000000 U
1W
#27938008
1+
0)
#27942008
1)
0W
0D
00
0}
0J
05
1V
1X
1K
1E
1C
1I
#27943008
0+
#27946008
0)
#27948008
1+
#27950008
1)
0I
1D
0K
1W
b10000000001 A
b11 Y
0X
1}
0V
1J
b1000000000100 @
15
0C
0E
b1100000010 U
#27953008
0+
#27954008
0)
#27958008
1)
1+
0W
1K
0D
1I
0J
1V
1X
0}
1E
1C
05
#27962008
0)
#27963008
0+
#27966008
1)
0X
0K
0Z
0F
0V
0I
0C
0E
#27968008
1+
#27970008
0)
#27973008
0+
#27974008
1)
1=
13
17
1/
b1000000000010 9
1?
1R
b10000000000 :
#27978008
1+
0)
#27982008
1)
1Q
07
0=
1>
03
10
1<
1T
0R
b1000000000000000000000000 N
b1000000000000000000000000 L
#27983008
0+
#27986008
0)
#27988008
1+
#27990008
1)
b10000000001 :
0<
1=
17
1S
0Q
13
0>
b1000000000000000000000000 M
1R
0T
b1000000000100 9
#27993008
0+
#27994008
0)
#27998008
1)
1+
b100000000110000001100000010 L
1>
07
0=
1<
03
1Q
0S
1T
0R
b100000000110000001100000010 N
#28002008
0)
#28003008
0+
#28006008
1)
0Q
0>
0<
0T
1S
b100000000110000001100000010 M
0?
#28008008
1+
#28010008
0)
#28013008
0+
#28014008
1)
b0 U
15
b1000000000011 @
1W
1F
b10000000000 A
1Z
1D
b1000 Y
1J
1}
0S
0/
#28018008
0)
1+
#28022008
1)
1E
1V
05
1K
1X
0D
00
0W
1C
1I
0}
0J
#28023008
0+
#28026008
0)
#28028008
1+
#28030008
1)
1J
b111 Y
15
0E
0V
b110000001000000001 U
1D
0K
b1000000000100 @
0X
b10000000001 A
1}
1W
0I
0C
#28033008
0+
#28034008
0)
#28038008
1)
1+
1C
1X
1E
05
0J
1V
1K
0D
1I
0W
0}
#28042008
0)
#28043008
0+
#28046008
1)
0K
0E
0X
0C
0V
0Z
0F
0I
#28048008
1+
#28050008
0)
#28053008
0+
#28054008
1)
1/
b1000000000011 9
1?
17
b10000000000 :
13
1=
1R
#28058008
0)
1+
#28062008
1)
0R
03
b0 N
10
1>
b0 L
07
1Q
0=
1<
1T
#28063008
0+
#28066008
0)
#28068008
1+
#28070008
1)
0T
17
b1000000000100 9
13
1R
0>
b10000000001 :
0<
1S
b0 M
1=
0Q
#28073008
0+
#28074008
0)
#28078008
1)
1+
1Q
1>
07
b100000000110000001000000001 N
1T
0R
03
b100000000110000001000000001 L
0=
1<
0S
#28082008
0)
#28083008
0+
#28086008
1)
1S
0?
0>
0Q
0T
0<
b100000000110000001000000001 M
#28088008
1+
#28090008
0)
#28093008
0+
#28094008
1)
1Z
0/
0S
b1111 Y
1}
b1000000000000 @
b11000000100000000100000000 U
1J
15
b10000000000 A
1F
1D
1W
#28098008
1+
0)
#28102008
1)
0W
1I
00
0J
1E
1K
1V
1C
1X
0}
0D
05
#28103008
0+
#28106008
0)
#28108008
1+
#28110008
1)
15
0X
1J
0I
1W
0C
b100 U
b1 Y
0V
0E
b1000000000100 @
0K
1D
1}
b10000000001 A
#28113008
0+
#28114008
0)
#28118008
1)
1+
0J
1X
05
1E
0W
1I
1V
1C
0}
0D
1K
#28122008
0)
#28123008
0+
#28126008
1)
0K
0V
0Z
0I
0X
0E
0C
0F
#28128008
1+
#28130008
0)
#28133008
0+
#28134008
1)
1?
17
13
b1000000000000 9
1/
1R
b10000000000 :
1=
#28138008
1+
0)
#28142008
1)
0=
07
1Q
03
10
b11000000100000000100000000 N
1>
1<
b11000000100000000100000000 L
0R
1T
#28143008
0+
#28146008
0)
#28148008
1+
#28150008
1)
0T
17
b11000000100000000100000000 M
0Q
1S
1=
13
b1000000000100 9
1R
0>
b10000000001 :
0<
#28153008
0+
#28154008
0)
#28158008
1)
1+
1<
03
b100000000110000001000000100 N
1Q
07
1T
0=
0S
0R
1>
b100000000110000001000000100 L
#28162008
0)
#28163008
0+
#28166008
1)
b100000000110000001000000100 M
0Q
0<
0?
0T
0>
1S
#28168008
1+
#28170008
0)
#28173008
0+
#28174008
1)
0S
1F
b10000000000 A
b1000000000001 @
0/
1J
15
1Z
1W
b10000000010000000000000000 U
b1110 Y
1}
1D
#28178008
1+
0)
#28182008
1)
0D
1X
1K
0W
1I
1V
00
0J
05
0}
1C
1E
#28183008
0+
#28186008
0)
#28188008
1+
#28190008
1)
0E
b10000000011 U
b1000000000100 @
1J
b10000000001 A
1D
1W
0X
0K
0V
0I
0C
15
1}
b11 Y
#28193008
0+
#28194008
0)
#28198008
1)
1+
1V
0J
1E
1K
0D
1X
0W
0}
1I
05
1C
#28202008
0)
#28203008
0+
#28206008
1)
0C
0V
0X
0F
0K
0Z
0E
0I
#28208008
1+
#28210008
0)
#28213008
0+
#28214008
1)
1?
1=
13
17
1/
b10000000000 :
b1000000000001 9
1R
#28218008
0)
1+
#28222008
1)
0R
07
b10000000010000000000000000 N
1Q
b10000000010000000000000000 L
03
10
1<
0=
1T
1>
#28223008
0+
#28226008
0)
#28228008
1+
#28230008
1)
0>
1S
0<
17
1R
b10000000010000000000000000 M
0Q
13
0T
1=
b1000000000100 9
b10000000001 :
#28233008
0+
#28234008
0)
#28238008
1)
1+
07
1Q
1<
0S
1>
b100000000110000010000000011 N
b100000000110000010000000011 L
0R
0=
1T
03
#28242008
0)
#28243008
0+
#28246008
1)
0<
1S
0?
0Q
b100000000110000010000000011 M
0>
0T
#28248008
1+
#28250008
0)
#28253008
0+
#28254008
1)
b1100 Y
b1000000000010 @
1Z
0S
b1000000000000000000000000 U
1J
b10000000000 A
1F
1D
0/
1W
1}
15
#28258008
1+
0)
#28262008
1)
05
1V
1I
1C
00
1K
0J
1X
0}
0D
1E
0W
#28263008
0+
#28266008
0)
#28268008
1+
#28270008
1)
1W
0V
1J
b1000000000100 @
15
b111 Y
0K
0I
b10000000001 A
b1000000001100000010 U
0C
0E
1}
0X
1D
#28273008
0+
#28274008
0)
#28278008
1)
1+
0D
0J
1V
0W
05
1I
1K
1X
1E
1C
0}
#28282008
0)
#28283008
0+
#28286008
1)
0I
0F
0Z
0V
0C
0X
0K
0E
#28288008
1+
#28290008
0)
#28293008
0+
#28294008
1)
b10000000000 :
13
17
1?
1/
1=
b1000000000010 9
1R
#28298008
0)
1+
#28302008
1)
0R
1T
07
b1000000000000000000000000 L
1<
03
1Q
b1000000000000000000000000 N
10
1>
0=
#28303008
0+
#28306008
0)
#28308008
1+
#28310008
1)
1=
17
0T
b1000000000000000000000000 M
1R
b10000000001 :
0Q
0<
1S
13
0>
b1000000000100 9
#28313008
0+
#28314008
0)
#28318008
1)
1+
0S
1T
b100000001000000001100000010 N
07
0=
1<
0R
b100000001000000001100000010 L
1Q
1>
03
#28322008
0)
#28323008
0+
#28326008
1)
b100000001000000001100000010 M
0T
1S
0<
0>
0Q
0?
#28328008
1+
#28330008
0)
#28333008
0+
#28334008
1)
b1000000000011 @
0S
1}
b0 U
1J
1D
1Z
b1000 Y
b10000000000 A
1F
15
1W
0/
#28338008
0)
1+
#28342008
1)
1E
05
0J
0}
1I
0D
0W
1C
1V
00
1X
1K
#28343008
0+
#28346008
0)
#28348008
1+
#28350008
1)
0K
0I
15
b100000000110000001000000001 U
1J
0E
b1000000000100 @
1}
b10000000001 A
b1111 Y
0X
1W
1D
0V
0C
#28353008
0+
#28354008
0)
#28358008
1)
1+
1C
0J
05
1I
1K
0}
1E
1V
1X
0D
0W
#28362008
0)
#28363008
0+
#28366008
1)
0C
0K
0F
0I
0Z
0E
0X
0V
#28368008
1+
#28370008
0)
#28373008
0+
#28374008
1)
1/
1?
13
b1000000000011 9
1=
b10000000000 :
17
1R
#28378008
0)
1+
#28382008
1)
0R
07
b0 L
b0 N
03
1T
0=
1<
10
1>
1Q
#28383008
0+
#28386008
0)
#28388008
1+
#28390008
1)
0Q
17
0T
1R
b0 M
1S
13
b10000000001 :
b1000000000100 9
0>
0<
1=
#28393008
0+
#28394008
0)
#28398008
1)
1+
0=
0R
1T
07
1Q
03
0S
b100000000110000001000000001 L
b100000000110000001000000001 N
1<
1>
#28402008
0)
#28403008
0+
#28406008
1)
0>
0T
0?
1S
0Q
b100000000110000001000000001 M
0<
#28408008
1+
#28410008
0)
#28413008
0+
#28414008
1)
0/
1W
b11000000100000000100000000 U
b10000000000 A
1J
15
1}
0S
1F
b1000000000000 @
1D
1Z
#28418008
0)
1+
#28422008
1)
1I
0J
0W
05
1V
0}
1K
1C
0D
1X
00
1E
#28423008
0+
#28426008
0)
#28428008
1+
#28430008
1)
0E
0K
b10000000001 A
0I
b10100000100 U
1}
1J
0V
15
1W
0C
b11 Y
0X
1D
b1000000000100 @
#28433008
0+
#28434008
0)
#28438008
1)
1+
05
1K
1E
1V
1I
0J
0}
0D
0W
1X
1C
#28442008
0)
#28443008
0+
#28446008
1)
0C
0Z
0F
0I
0K
0V
0E
0X
#28448008
1+
#28450008
0)
#28453008
0+
#28454008
1)
1/
b10000000000 :
1R
1=
1?
17
13
b1000000000000 9
#28458008
0)
1+
#28462008
1)
1Q
1>
07
b11000000100000000100000000 L
1<
0R
1T
0=
03
10
b11000000100000000100000000 N
#28463008
0+
#28466008
0)
#28468008
1+
#28470008
1)
17
b1000000000100 9
0T
0>
0Q
b10000000001 :
1R
1S
0<
1=
b11000000100000000100000000 M
13
#28473008
0+
#28474008
0)
#28478008
1)
1+
03
1>
b100000000110000010100000100 N
0S
1T
07
0R
1Q
b100000000110000010100000100 L
1<
0=
#28482008
0)
#28483008
0+
#28486008
1)
0Q
1S
0>
0T
0?
0<
b100000000110000010100000100 M
#28488008
1+
#28490008
0)
#28493008
0+
#28494008
1)
b1000000000001 @
1J
15
0/
b10000000000 A
0S
1Z
1F
b10000000010000000000000000 U
1}
1W
b1110 Y
1D
#28498008
0)
1+
#28502008
1)
0D
1C
05
1X
1V
0J
1K
1I
00
0W
0}
1E
#28503008
0+
#28506008
0)
#28508008
1+
#28510008
1)
0E
0X
0K
15
0C
1D
b1000000000100 @
1J
0V
b10000000001 A
1}
b111 Y
1W
0I
b1010000010000000011 U
#28513008
0+
#28514008
0)
#28518008
1)
1+
1C
1V
05
1K
1X
1E
0J
0D
1I
0W
0}
#28522008
0)
#28523008
0+
#28526008
1)
0K
0V
0F
0C
0E
0Z
0X
0I
#28528008
1+
#28530008
0)
#28533008
0+
#28534008
1)
1=
13
b1000000000001 9
17
1/
1R
b10000000000 :
1?
#28538008
0)
1+
#28542008
1)
1Q
0R
1T
b10000000010000000000000000 N
0=
1>
03
07
1<
10
b10000000010000000000000000 L
#28543008
0+
#28546008
0)
#28548008
1+
#28550008
1)
13
0T
1R
b10000000010000000000000000 M
0Q
0>
b1000000000100 9
1=
1S
b10000000001 :
0<
17
#28553008
0+
#28554008
0)
#28558008
1)
1+
07
0=
0R
1T
b100000001010000010000000011 L
03
b100000001010000010000000011 N
1>
1Q
1<
0S
#28562008
0)
#28563008
0+
#28566008
1)
1S
0?
0>
0T
b100000001010000010000000011 M
0<
0Q
#28568008
1+
#28570008
0)
#28573008
0+
#28574008
1)
b1000000000000000000000000 U
0S
1Z
1}
1J
15
1F
0/
b1000000000010 @
b10000000000 A
1W
b1100 Y
1D
#28578008
1+
0)
#28582008
1)
0D
1I
0}
1V
1K
0J
1E
05
1C
00
1X
0W
#28583008
0+
#28586008
0)
#28588008
1+
#28590008
1)
1W
1}
15
0I
1D
b101000001000000001100000010 U
0E
0V
1J
0K
0X
0C
b1111 Y
b10000000001 A
b1000000000100 @
#28593008
0+
#28594008
0)
#28598008
1)
1+
1I
0J
05
0}
0W
1V
0D
1E
1X
1K
1C
#28602008
0)
#28603008
0+
#28606008
1)
0C
0Z
0I
0V
0F
0K
0E
0X
#28608008
1+
#28610008
0)
#28613008
0+
#28614008
1)
1?
17
1R
1/
1=
b1000000000010 9
13
b10000000000 :
#28618008
1+
0)
#28622008
1)
1Q
07
1T
0R
0=
b1000000000000000000000000 N
1>
b1000000000000000000000000 L
03
1<
10
#28623008
0+
#28626008
0)
#28628008
1+
#28630008
1)
b10000000001 :
0>
0Q
b1000000000100 9
17
1S
1R
0T
1=
0<
13
b1000000000000000000000000 M
#28633008
0+
#28634008
0)
#28638008
1)
1+
1T
1Q
1>
0R
07
b101000001000000001100000010 N
0S
03
b101000001000000001100000010 L
1<
0=
#28642008
0)
#28643008
0+
#28646008
1)
b101000001000000001100000010 M
0T
0?
0>
0Q
0<
1S
#28648008
1+
#28650008
0)
#28653008
0+
#28654008
1)
0S
b1000000000011 @
1D
15
1J
1Z
1}
1W
b0 U
0/
1F
b10000000000 A
b1000 Y
#28658008
1+
0)
#28662008
1)
0D
1X
00
1V
1C
0W
05
1I
0}
0J
1E
1K
#28663008
0+
#28666008
0)
#28668008
1+
#28670008
1)
0K
1}
b1111 Y
0X
b100000000110000001000000001 U
1D
b1000000000100 @
0I
0C
0V
15
1W
0E
1J
b10000000001 A
#28673008
0+
#28674008
0)
#28678008
1)
1+
05
1X
1K
0}
1V
0D
1C
1I
0J
1E
0W
#28682008
0)
#28683008
0+
#28686008
1)
1W
b10000000010 A
b101 U
0C
15
0X
b1 Y
1D
0K
b1000000001000 @
0V
1}
0E
1J
0I
#28688008
1+
#28690008
0)
#28693008
0+
#28694008
1)
1I
1V
05
1C
0W
1X
1K
0D
0J
1E
0}
#28698008
0)
1+
#28702008
1)
0K
0V
0I
0X
0C
0Z
0E
0F
#28703008
0+
#28706008
0)
#28708008
1+
#28710008
1)
b1000000000011 9
b10000000000 :
1=
1?
17
1R
1/
13
#28713008
0+
#28714008
0)
#28718008
1)
1+
03
10
07
b0 N
1>
1T
0=
1<
1Q
0R
b0 L
#28722008
0)
#28723008
0+
#28726008
1)
17
0T
13
b1000000000100 9
1S
b0 M
0>
b10000000001 :
1R
1=
0Q
0<
#28728008
1+
#28730008
0)
#28733008
0+
#28734008
1)
1<
b100000000110000001000000001 L
1>
03
1T
07
0S
b100000000110000001000000001 N
1Q
0=
0R
#28738008
1+
0)
#28742008
1)
1R
13
1S
0>
0<
b1000000001000 9
17
b100000000110000001000000001 M
0T
1=
b10000000010 :
0Q
#28743008
0+
#28746008
0)
#28748008
1+
#28750008
1)
1Q
1>
0S
03
0R
b10101010101010100000011000000101 L
07
1<
1T
0=
b10101010101010100000011000000101 N
#28753008
0+
#28754008
0)
#28758008
1)
1+
b10101010101010100000011000000101 M
1S
0>
0Q
0?
0T
0<
#28762008
0)
#28763008
0+
#28766008
1)
15
1}
0S
1F
b10000000000 A
b11000000100000000100000000 U
b1111 Y
b1000000000000 @
1W
0/
1Z
1D
1J
#28768008
1+
#28770008
0)
#28773008
0+
#28774008
1)
0J
00
1K
1C
0}
05
1X
1I
1V
0D
1E
0W
#28778008
0)
1+
#28782008
1)
1W
0I
0C
0K
b1000000000100 @
1J
0X
b111 Y
b10000000001 A
15
b1100000010100000100 U
1}
0E
0V
1D
#28783008
0+
#28786008
0)
#28788008
1+
#28790008
1)
0D
1K
1C
0W
1I
05
0J
1X
1V
0}
1E
#28793008
0+
#28794008
0)
#28798008
1)
1+
0E
0F
0C
0K
0I
0X
0V
0Z
#28802008
0)
#28803008
0+
#28806008
1)
13
17
1R
b1000000000000 9
b10000000000 :
1/
1=
1?
#28808008
1+
#28810008
0)
#28813008
0+
#28814008
1)
1<
0R
10
1Q
b11000000100000000100000000 N
07
b11000000100000000100000000 L
1>
03
0=
1T
#28818008
1+
0)
#28822008
1)
0T
0>
0<
1S
1R
b11000000100000000100000000 M
0Q
17
1=
13
b10000000001 :
b1000000000100 9
#28823008
0+
#28826008
0)
#28828008
1+
#28830008
1)
1Q
0S
1>
1<
1T
b100000001100000010100000100 L
b100000001100000010100000100 N
0R
07
03
0=
#28833008
0+
#28834008
0)
#28838008
1)
1+
0?
0>
1S
0Q
0<
b100000001100000010100000100 M
0T
#28842008
0)
#28843008
0+
#28846008
1)
1F
1Z
1J
b10000000010000000000000000 U
1D
0S
1W
b1000000000001 @
15
b10000000000 A
b1110 Y
1}
0/
#28848008
1+
#28850008
0)
#28853008
0+
#28854008
1)
0J
1E
1K
00
05
0D
1C
0W
0}
1V
1I
1X
#28858008
1+
0)
#28862008
1)
0X
0C
1J
b10000000001 A
0E
1D
0K
b110000001010000010000000011 U
15
b1000000000100 @
0I
1W
0V
1}
b1111 Y
#28863008
0+
#28866008
0)
#28868008
1+
#28870008
1)
05
0J
1C
1X
1E
1K
0D
0}
1V
0W
1I
#28873008
0+
#28874008
0)
#28878008
1)
1+
0I
0K
0Z
0F
0E
0X
0C
0V
#28882008
0)
#28883008
0+
#28886008
1)
1/
1=
b1000000000001 9
1?
13
b10000000000 :
1R
17
#28888008
1+
#28890008
0)
#28893008
0+
#28894008
1)
07
0=
1T
1>
b10000000010000000000000000 N
10
1<
b10000000010000000000000000 L
1Q
0R
03
#28898008
0)
1+
#28902008
1)
13
0T
1=
b10000000010000000000000000 M
17
b1000000000100 9
0<
0>
1S
1R
0Q
b10000000001 :
#28903008
0+
#28906008
0)
#28908008
1+
#28910008
1)
b110000001010000010000000011 L
1>
0=
1T
03
1<
07
b110000001010000010000000011 N
1Q
0R
0S
#28913008
0+
#28914008
0)
#28918008
1)
1+
1S
b110000001010000010000000011 M
0>
0<
0T
0?
0Q
#28922008
0)
#28923008
0+
#28926008
1)
0S
15
b1100 Y
0/
1J
b1000000000000000000000000 U
b10000000000 A
1F
1Z
b1000000000010 @
1W
1D
1}
#28928008
1+
#28930008
0)
#28933008
0+
#28934008
1)
0}
1V
05
1I
1K
1X
1E
00
0J
0D
1C
0W
#28938008
1+
0)
#28942008
1)
1W
0I
15
0V
b1111 Y
1}
0E
b10000000001 A
0X
b101000001000000001100000010 U
0K
0C
1J
1D
b1000000000100 @
#28943008
0+
#28946008
0)
#28948008
1+
#28950008
1)
1V
05
1I
0W
1X
0}
1E
0D
1K
0J
1C
#28953008
0+
#28954008
0)
#28958008
1)
1+
0C
b1000000001000 @
1}
15
b110 U
0V
0X
b1 Y
1W
b10000000010 A
0I
1J
0E
0K
1D
#28962008
0)
#28963008
0+
#28966008
1)
0D
05
0}
1C
0W
1V
1X
1K
1I
1E
0J
#28968008
1+
#28970008
0)
#28973008
0+
#28974008
1)
0V
0F
0C
0E
0X
0I
0K
0Z
#28978008
0)
1+
#28982008
1)
b10000000000 :
17
1=
1/
13
b1000000000010 9
1?
1R
#28983008
0+
#28986008
0)
#28988008
1+
#28990008
1)
0R
1Q
03
1<
10
b1000000000000000000000000 L
07
1>
0=
b1000000000000000000000000 N
1T
#28993008
0+
#28994008
0)
#28998008
1)
1+
0T
0<
0>
13
1R
0Q
1S
b10000000001 :
17
b1000000000000000000000000 M
b1000000000100 9
1=
#29002008
0)
#29003008
0+
#29006008
1)
0=
1Q
07
0R
1T
03
1<
1>
0S
b101000001000000001100000010 L
b101000001000000001100000010 N
#29008008
1+
#29010008
0)
#29013008
0+
#29014008
1)
13
1S
0T
1=
1R
0Q
17
0>
b10000000010 :
0<
b1000000001000 9
b101000001000000001100000010 M
#29018008
0)
1+
#29022008
1)
b10101010101010100000011000000110 N
0R
0=
1T
03
0S
1>
1Q
07
b10101010101010100000011000000110 L
1<
#29023008
0+
#29026008
0)
#29028008
1+
#29030008
1)
0<
b10101010101010100000011000000110 M
0Q
0T
0>
1S
0?
#29033008
0+
#29034008
0)
#29038008
1)
1+
1Z
15
1J
1F
b1000000000011 @
1D
b10000000000 A
b0 U
0/
1W
b1000 Y
1}
0S
#29042008
0)
#29043008
0+
#29046008
1)
0J
05
0W
0D
00
1V
0}
1K
1C
1I
1E
1X
#29048008
1+
#29050008
0)
#29053008
0+
#29054008
1)
0X
b1000000000100 @
b1111 Y
1D
1W
1J
15
b10000000001 A
b100000000110000001000000001 U
0E
1}
0V
0I
0C
0K
#29058008
1+
0)
#29062008
1)
1K
1X
05
0D
0J
0W
1C
1E
1I
1V
0}
#29063008
0+
#29066008
0)
#29068008
1+
#29070008
1)
1}
1J
b10000000010 A
1D
0K
b1000000001000 @
b11 Y
15
0X
0V
1W
b11000000101 U
0I
0E
0C
#29073008
0+
#29074008
0)
#29078008
1)
1+
1C
0}
05
0D
0J
1K
1E
1V
1X
1I
0W
#29082008
0)
#29083008
0+
#29086008
1)
0C
0F
0Z
0I
0E
0K
0X
0V
#29088008
1+
#29090008
0)
#29093008
0+
#29094008
1)
1?
b10000000000 :
1=
1R
13
1/
b1000000000011 9
17
#29098008
1+
0)
#29102008
1)
07
03
1>
10
1<
b0 N
0R
1T
0=
1Q
b0 L
#29103008
0+
#29106008
0)
#29108008
1+
#29110008
1)
b0 M
1=
0>
13
b10000000001 :
17
1S
0T
0<
1R
0Q
b1000000000100 9
#29113008
0+
#29114008
0)
#29118008
1)
1+
b100000000110000001000000001 L
1<
03
1>
0=
1T
07
0S
b100000000110000001000000001 N
1Q
0R
#29122008
0)
#29123008
0+
#29126008
1)
1R
b1000000001000 9
1S
0<
13
b10000000010 :
b100000000110000001000000001 M
17
0>
0T
1=
0Q
#29128008
1+
#29130008
0)
#29133008
0+
#29134008
1)
1Q
03
1T
1<
0S
0R
b10101010101010100000011000000101 L
1>
07
0=
b10101010101010100000011000000101 N
#29138008
1+
0)
#29142008
1)
1S
0>
0<
0?
0T
0Q
b10101010101010100000011000000101 M
#29143008
0+
#29146008
0)
#29148008
1+
#29150008
1)
0S
#29153008
0+
#29154008
0)
#29158008
1)
1+
#29158009
0q
bx ;
0i
0O
bx 9
bx :
bx Y
bx A
bx @
bx B
0G
bx U
#29162009
0)
#29163009
0+
#29166009
1)
1O
1G
#29168009
1i
1q
1+
#29170009
0)
#29173009
0+
#29174009
1)
0q
0G
0i
1*
1,
0O
#29178009
0)
1+
#29182009
1)
00
0/
#29183009
0+
#29186009
0)
#29188009
1+
#29190009
1)
0*
#29193009
0+
#29194009
0)
#29198009
1)
1+
1O
1G
0,
#29202009
0)
#29203009
0+
#29206009
1)
#29208009
1+
1|
b1 {
1q
b10 d
1l
1h
1y
1i
1~
1f
16
b1000000000000 b
b10000000000 c
b0 w
#29210009
0)
#29213009
0+
#29214009
1)
#29218009
0)
1+
06
1x
0f
1z
0~
0y
0l
1g
1m
1e
1k
#29222009
1)
#29223009
0+
#29226009
0)
#29228009
1+
0k
0|
0x
0h
0z
0e
0m
0g
#29230009
1)
#29233009
0+
#29234009
0)
#29238009
1)
1+
11
14
1t
b10 ]
18
1a
b1000000000000 [
1_
b10000000000 \
#29242009
0)
#29243009
0+
#29246009
1)
#29248009
1+
0t
04
1`
08
1^
12
b0 n
0_
1v
1s
b0 p
#29250009
0)
#29253009
0+
#29254009
1)
#29258009
0)
1+
0a
0^
0`
0s
1u
0v
b0 o
#29262009
1)
#29263009
0+
#29266009
0)
#29268009
1+
1l
1h
01
1y
16
b10 {
1|
1~
1f
b1000000000001 b
0u
#29270009
1)
#29273009
0+
#29274009
0)
#29278009
1)
1+
0l
0~
02
1g
06
1x
0y
1k
1m
0f
1e
1z
#29282009
0)
#29283009
0+
#29286009
1)
#29288009
1+
0z
0x
0|
0h
0g
0e
0k
0m
#29290009
0)
#29293009
0+
#29294009
1)
#29298009
0)
1+
1t
14
11
1a
18
b1000000000001 [
1_
#29302009
1)
#29303009
0+
#29306009
0)
#29308009
1+
1^
0_
04
12
0t
1v
1`
08
1s
#29310009
1)
#29313009
0+
#29314009
0)
#29318009
1)
1+
0a
1u
0s
0^
0`
0v
#29322009
0)
#29323009
0+
#29326009
1)
#29328009
1+
1h
1y
1l
0u
01
1|
b100 {
1~
16
b1000000000010 b
1f
#29330009
0)
#29333009
0+
#29334009
1)
#29338009
0)
1+
0f
02
0~
0l
0y
1m
1z
1x
06
1e
1k
1g
#29342009
1)
#29343009
0+
#29346009
0)
#29348009
1+
0g
0z
0h
0m
0|
0k
0e
0x
#29350009
1)
#29353009
0+
#29354009
0)
#29358009
1)
1+
1_
1a
11
14
1t
b1000000000010 [
18
#29362009
0)
#29363009
0+
#29366009
1)
#29368009
1+
1s
1v
08
12
0_
04
1`
0t
1^
#29370009
0)
#29373009
0+
#29374009
1)
#29378009
0)
1+
0^
0s
0v
1u
0a
0`
#29382009
1)
#29383009
0+
#29386009
0)
#29388009
1+
0u
1f
b1000 {
1l
1~
1y
1h
01
b1000000000011 b
1|
16
#29390009
1)
#29393009
0+
#29394009
0)
#29398009
1)
1+
06
1x
02
1m
1g
0y
0f
0~
1z
0l
1e
1k
#29402009
0)
#29403009
0+
#29406009
1)
#29408009
1+
0k
0h
0z
0x
0m
0g
0e
0|
#29410009
0)
#29413009
0+
#29414009
1)
#29418009
0)
1+
18
1_
b1000000000011 [
1t
14
11
1a
#29422009
1)
#29423009
0+
#29426009
0)
#29428009
1+
12
1`
1s
1v
1^
08
04
0_
0t
#29430009
1)
#29433009
0+
#29434009
0)
#29438009
1)
1+
0v
0a
1u
0s
0`
0^
#29442009
0)
#29443009
0+
#29446009
1)
#29448009
1+
1|
b100000000 w
1h
16
0u
1~
1f
b11 {
1y
01
1l
b1000000000000 b
#29450009
0)
#29453009
0+
#29454009
1)
#29458009
0)
1+
1k
1m
0f
1x
0~
06
1z
02
0l
1e
1g
0y
#29462009
1)
#29463009
0+
#29466009
0)
#29468009
1+
0z
0|
0k
0h
0m
0x
0g
0e
#29470009
1)
#29473009
0+
#29474009
0)
#29478009
1)
1+
1t
1a
11
1_
14
18
b1000000000000 [
#29482009
0)
#29483009
0+
#29486009
1)
#29488009
1+
1s
b1 p
1^
0t
1v
08
12
1`
b1 n
04
0_
#29490009
0)
#29493009
0+
#29494009
1)
#29498009
0)
1+
0^
b1 o
0s
1u
0v
0a
0`
#29498010
bx {
bx w
bx \
bx b
1)
bx d
bx [
0q
bx ]
0i
bx c
#29502010
0)
#29503010
0+
#29506010
1)
0O
1*
1,
0G
#29508010
1+
02
0u
01
#29510010
0)
#29513010
0+
#29514010
1)
#29518010
0)
1+
#29522010
0*
1)
#29523010
0+
#29526010
0)
#29528010
1+
0,
#29530010
1)
1G
1O
#29533010
0+
#29534010
0)
#29538010
1)
1+
1q
1i
#29542010
0)
#29543010
0+
#29546010
1)
b0 U
1W
b10000000000 A
1F
1J
0G
1}
b1 Y
1D
15
0O
b1000000000000 @
1Z
b10 B
#29548010
1+
0i
0q
#29550010
0)
#29553010
0+
#29554010
1)
0D
1V
0W
1C
0}
05
1X
1I
1K
1E
#29558010
1+
0)
#29562010
1)
0E
0V
0C
0F
0Z
0X
#29563010
0+
#29566010
0)
#29568010
1+
#29570010
1)
1G
0J
1O
#29573010
0+
#29574010
0)
#29578010
1)
1+
1q
0O
0G
0K
1i
0I
#29582010
0)
#29583010
0+
#29586010
1)
1/
1?
b10 ;
13
b1000000000000 9
1R
b10000000000 :
1=
17
#29588010
1+
0q
0i
#29590010
0)
#29593010
0+
#29594010
1)
b0 N
1<
1>
1Q
07
1T
03
b0 L
0=
10
#29598010
0)
1+
#29602010
1)
1O
1S
0R
0<
0?
b0 M
0>
1G
#29603010
0+
#29606010
0)
#29608010
1+
#29610010
1)
0G
0O
0T
0Q
#29613010
0+
#29614010
0)
#29618010
1)
1+
1i
0/
1D
1W
b10 Y
1J
15
1Z
1}
1q
1F
b1000000000001 @
#29622010
0)
#29623010
0+
#29626010
1)
1E
00
1X
0W
1C
0D
1V
1I
05
0}
1K
#29628010
1+
0i
0q
#29630010
0)
#29633010
0+
#29634010
1)
0X
0V
0E
0C
1O
1G
0F
0J
0Z
#29638010
0)
1+
#29642010
1)
0K
0O
0S
0G
0I
#29643010
0+
#29646010
0)
#29648010
1+
#29650010
1)
13
1R
1?
b1000000000001 9
1/
17
1=
#29653010
0+
#29654010
0)
#29658010
1)
1+
0=
1q
1<
1Q
10
1T
03
07
1i
1>
#29662010
0)
#29663010
0+
#29666010
1)
0>
0<
1O
0R
0?
1G
1S
#29668010
1+
0q
0i
#29670010
0)
#29673010
0+
#29674010
1)
0T
0Q
0O
0G
#29678010
0)
1+
#29682010
1)
1Z
b1000000000010 @
0/
1W
1D
1J
b100 Y
1F
1}
15
#29683010
0+
#29686010
0)
#29688010
1+
#29690010
1)
05
0W
1X
1I
1K
1C
1V
00
1E
0}
0D
#29693010
0+
#29694010
0)
#29698010
1)
1+
0Z
1G
1i
0X
0V
0C
0E
1O
1q
0J
0F
#29702010
0)
#29703010
0+
#29706010
1)
0G
0S
0K
0I
0O
#29708010
1+
0i
0q
#29710010
0)
#29713010
0+
#29714010
1)
1=
1R
1/
b1000000000010 9
17
13
1?
#29718010
0)
1+
#29722010
1)
1Q
10
1>
0=
1T
1<
03
07
#29723010
0+
#29726010
0)
#29728010
1+
#29730010
1)
0?
1G
0R
1O
0>
1S
0<
#29733010
0+
#29734010
0)
#29738010
1)
1+
1q
0T
0Q
0O
0G
1i
#29742010
0)
#29743010
0+
#29746010
1)
1D
1F
1W
1Z
15
0/
b1000000000011 @
1J
1}
b1000 Y
#29748010
1+
0i
0q
#29750010
0)
#29753010
0+
#29754010
1)
1V
1K
0W
0D
05
00
1X
0}
1C
1E
1I
#29758010
0)
1+
#29762010
1)
0Z
1O
0F
0V
0E
1G
0X
0C
0J
#29763010
0+
#29766010
0)
#29768010
1+
#29770010
1)
0I
0O
0K
0S
0G
#29773010
0+
#29774010
0)
#29778010
1)
1+
1q
17
1/
1i
1?
1=
1R
b1000000000011 9
13
#29782010
0)
#29783010
0+
#29786010
1)
03
0=
07
1>
10
1Q
1<
1T
#29788010
1+
0q
0i
#29790010
0)
#29793010
0+
#29794010
1)
1G
0<
1O
0>
0?
1S
0R
#29798010
0)
1+
#29802010
1)
0T
0G
0O
0Q
#29803010
0+
#29806010
0)
#29808010
1+
#29810010
1)
1J
b100000000 U
1F
b11 Y
1Z
0/
15
1W
1D
b1000000000000 @
1}
#29813010
0+
#29814010
0)
#29818010
1)
1+
0}
1q
0W
1I
05
1i
00
0D
1C
1E
1V
1K
1X
#29822010
0)
#29823010
0+
#29826010
1)
0X
1O
0F
0J
0Z
1G
0C
0V
0E
#29828010
0q
0i
1+
#29830010
0)
#29833010
0+
#29834010
1)
0O
0I
0K
0S
0G
#29838010
1+
0)
#29842010
1)
1R
17
13
1=
1/
b1000000000000 9
1?
#29843010
0+
#29846010
0)
#29848010
1+
#29850010
1)
0=
07
1Q
1>
b100000000 N
03
1<
1T
10
b100000000 L
#29853010
0+
#29854010
0)
#29858010
1)
1+
0<
0?
1O
1i
0R
1q
b100000000 M
0>
1G
1S
#29862010
0)
#29863010
0+
#29866010
1)
0Q
0O
0G
0T
#29868010
1+
0i
0q
#29870010
0)
#29873010
0+
#29874010
1)
1Z
1}
b10000000000000000 U
1F
15
1W
b110 Y
1J
b1000000000001 @
1D
0/
#29878010
0)
1+
#29882010
1)
1X
1E
0W
0}
05
0D
00
1I
1V
1K
1C
#29883010
0+
#29886010
0)
#29888010
1+
#29890010
1)
0C
0Z
0X
0F
0E
0J
1G
0V
1O
#29893010
0+
#29894010
0)
#29898010
1)
1+
0O
0S
1i
1q
0K
0G
0I
#29902010
0)
#29903010
0+
#29906010
1)
1R
1?
17
1=
1/
13
b1000000000001 9
#29908010
1+
0i
0q
#29910010
0)
#29913010
0+
#29914010
1)
1>
1<
b10000000000000000 L
07
1T
1Q
0=
b10000000000000000 N
10
03
#29918010
0)
1+
#29922010
1)
1O
0?
0<
0>
0R
1S
b10000000000000000 M
1G
#29923010
0+
#29926010
0)
#29928010
1+
#29930010
1)
0G
0O
0Q
0T
#29933010
0+
#29934010
0)
#29938010
1)
1+
1q
b1100 Y
0/
1}
1F
1W
b1000000000000000000000000 U
1Z
1i
1D
15
1J
b1000000000010 @
#29942010
0)
#29943010
0+
#29946010
1)
1I
0W
0}
1X
1C
00
1V
1E
05
0D
1K
#29948010
1+
0q
0i
#29950010
0)
#29953010
0+
#29954010
1)
0X
1O
0F
1G
0Z
0J
0C
0E
0V
#29958010
1+
0)
#29962010
1)
0K
0S
0I
0O
0G
#29963010
0+
#29966010
0)
#29968010
1+
#29970010
1)
17
13
1=
b1000000000010 9
1/
1?
1R
#29973010
0+
#29974010
0)
#29978010
1)
1+
1T
0=
b1000000000000000000000000 L
1Q
03
1<
07
1>
1i
1q
10
b1000000000000000000000000 N
#29982010
0)
#29983010
0+
#29986010
1)
0R
0?
1G
0>
0<
1S
1O
b1000000000000000000000000 M
#29988010
1+
0i
0q
#29990010
0)
#29993010
0+
#29994010
0Q
0T
0G
1)
0O
#29998010
1+
0)
#30002010
1)
b1000000000011 @
b0 U
1F
b1000 Y
1W
0/
1}
1D
1Z
1J
15
#30003010
0+
#30006010
0)
#30008010
1+
#30010010
1)
1I
0W
1V
1K
1X
05
1E
00
0}
0D
1C
#30013010
0+
#30014010
0)
#30018010
1)
1+
b10000000001 A
b1 U
b1000000000100 @
1O
1q
0C
0V
b1 Y
1W
1D
0E
0X
1G
15
1}
1i
#30022010
0)
#30023010
0+
#30026010
1)
1V
0O
1C
0}
1X
0D
0W
0S
1E
05
0G
#30028010
0i
1+
0q
#30030010
0)
#30033010
0+
#30034010
1)
0V
0F
0X
0C
0E
0Z
#30038010
0)
1+
#30042010
1)
#30043010
0+
#30046010
0)
#30048010
1+
#30050010
1)
1O
1G
0J
#30053010
0+
#30054010
0)
#30058010
1)
1+
0O
0K
1q
1i
0I
0G
#30062010
0)
#30063010
0+
#30066010
1)
b1000000000011 9
1?
1/
1R
13
1=
17
#30068010
1+
0i
0q
#30070010
0)
#30073010
0+
#30074010
1)
0=
1<
b0 N
1T
07
b0 L
03
1>
1Q
10
#30078010
1+
0)
#30082010
1)
0>
1=
1G
b1000000000100 9
0<
b0 M
13
17
1O
b10000000001 :
1S
#30083010
0+
#30086010
0)
#30088010
1+
#30090010
1)
07
0G
b100000000110000001000000001 N
0=
1>
03
1<
b100000000110000001000000001 L
0O
#30093010
0+
#30094010
0)
#30098010
1)
1+
1i
0<
0?
0>
1q
#30102010
0)
#30103010
0+
#30106010
1)
#30108010
1+
0q
0i
#30110010
0)
#30113010
0+
#30114010
1)
1O
0R
1G
#30118010
1+
0)
#30122010
1)
0G
0O
0T
b100000000110000001000000001 M
0Q
#30123010
0+
#30126010
0)
#30128010
1+
#30130010
1)
b111 Y
0/
b1000000000000 @
b100000000100000000 U
b10000000000 A
1J
1Z
1F
1W
15
1}
1D
#30133010
0+
#30134010
0)
#30138010
1)
1+
0D
1i
00
1q
1V
1K
0}
05
1E
0W
1I
1C
1X
#30142010
0)
#30143010
0+
#30146010
1)
0X
0V
1G
0J
1O
0C
0F
0Z
0E
#30148010
0i
1+
0q
#30150010
0)
#30153010
0+
#30154010
1)
0S
0G
0O
0K
0I
#30158010
1+
0)
#30162010
1)
b1000000000000 9
1R
17
1/
13
1=
1?
b10000000000 :
#30163010
0+
#30166010
0)
#30168010
1+
#30170010
1)
1T
0=
1Q
b100000000100000000 N
1>
03
07
1<
10
b100000000100000000 L
#30173010
0+
#30174010
0)
#30178010
1)
1+
1S
1q
0<
0R
0>
1i
1G
b100000000100000000 M
0?
1O
#30182010
0)
#30183010
0+
#30186010
1)
0O
0Q
0T
0G
#30188010
0q
1+
0i
#30190010
0)
#30193010
0+
#30194010
1J
1D
b1000000000001 @
b1110 Y
b10000000010000000000000000 U
0/
1)
1Z
15
1}
1F
1W
#30198010
1+
0)
#30202010
1)
0W
1E
1V
0D
1X
1I
1C
00
0}
1K
05
#30203010
0+
#30206010
0)
#30208010
1+
#30210010
1)
0X
0V
1O
0E
1G
0J
0F
0Z
0C
#30213010
0+
#30214010
0)
#30218010
1)
1+
0G
1q
0O
0S
1i
0K
0I
#30222010
0)
#30223010
0+
#30226010
1)
1=
b1000000000001 9
17
1R
13
1/
1?
#30228010
1+
0q
0i
#30230010
0)
#30233010
0+
#30234010
1)
b10000000010000000000000000 L
1Q
1>
07
0=
b10000000010000000000000000 N
1<
1T
03
10
#30238010
0)
1+
#30242010
1)
1O
1S
0R
0?
1G
0>
0<
b10000000010000000000000000 M
#30243010
0+
#30246010
0)
#30248010
1+
#30250010
1)
0G
0O
0Q
0T
#30253010
0+
#30254010
0)
#30258010
1)
1+
1i
b1000000000000000000000000 U
1W
b1100 Y
1D
b1000000000010 @
1q
0/
1Z
1J
15
1}
1F
#30262010
0)
#30263010
0+
#30266010
1)
00
1C
1E
0D
1X
1V
1I
0W
0}
1K
05
#30268010
1+
0i
0q
#30270010
0)
#30273010
0+
#30274010
1)
15
0X
1D
1O
0E
0C
0V
b10 U
1G
b10000000001 A
b1 Y
1W
b1000000000100 @
1}
#30278010
1+
0)
#30282010
1)
0}
0O
0D
1X
05
0S
0G
1V
1C
1E
0W
#30283010
0+
#30286010
0)
#30288010
1+
#30290010
1)
0X
0F
0C
0V
0E
0Z
#30293010
0+
#30294010
0)
#30298010
1)
1+
1q
1i
#30302010
0)
#30303010
0+
#30306010
1)
1O
1G
0J
#30308010
1+
0i
0q
#30310010
0)
#30313010
0+
#30314010
1)
0I
0O
0K
0G
#30318010
0)
1+
#30322010
1)
1R
1?
1=
17
b1000000000010 9
1/
13
#30323010
0+
#30326010
0)
#30328010
1+
#30330010
1)
07
1T
b1000000000000000000000000 N
10
b1000000000000000000000000 L
03
0=
1Q
1<
1>
#30333010
0+
#30334010
0)
#30338010
1)
1+
0>
b10000000001 :
13
1G
17
b1000000000000000000000000 M
1q
1S
0<
1i
b1000000000100 9
1=
1O
#30342010
0)
#30343010
0+
#30346010
1)
0O
0G
b100000000110000001000000010 N
03
1>
07
b100000000110000001000000010 L
0=
1<
#30348010
1+
0q
0i
#30350010
0)
#30353010
0+
#30354010
1)
0<
0>
0?
#30358010
1+
0)
#30362010
1)
#30363010
0+
#30366010
0)
#30368010
1+
#30370010
1)
1G
1O
0R
#30373010
0+
#30374010
0)
#30378010
1)
1+
1i
0O
0T
0G
b100000000110000001000000010 M
1q
0Q
#30382010
0)
#30383010
0+
#30386010
1)
1Z
1W
1J
b10000000000 A
1}
1D
1F
15
b0 U
b1000 Y
0/
b1000000000011 @
#30388010
1+
0i
0q
#30390010
0)
#30393010
0+
#30394010
1)
1X
05
0W
1I
1C
0}
00
0D
1E
1K
1V
#30398010
1+
0)
#30402010
1)
0V
b1000000000100 @
b10000000001 A
1G
1W
0X
15
1}
1O
0C
0E
1D
b1000000001 U
b11 Y
#30403010
0+
#30406010
0)
#30408010
1+
#30410010
1)
0O
0W
0G
1V
0}
1X
05
1E
0S
1C
0D
#30413010
0+
#30414010
0)
#30418010
1)
1+
1q
0X
0Z
0F
0V
0C
0E
1i
#30422010
0)
#30423010
0+
#30426010
1)
#30428010
1+
0i
0q
#30430010
0)
#30433010
0+
#30434010
1)
0J
1O
1G
#30438010
0)
1+
#30442010
1)
0G
0O
0I
0K
#30443010
0+
#30446010
0)
#30448010
1+
#30450010
1)
1R
17
b10000000000 :
1?
13
1/
1=
b1000000000011 9
#30453010
0+
#30454010
0)
#30458010
1)
1+
1Q
b0 N
10
1i
1q
1>
07
1T
1<
0=
03
b0 L
#30462010
0)
#30463010
0+
#30466010
1)
b1000000000100 9
1O
17
b10000000001 :
1G
0>
13
1=
1S
0<
b0 M
#30468010
0i
1+
0q
#30470010
0)
#30473010
0+
#30474010
1)
b100000000110000001000000001 L
0G
b100000000110000001000000001 N
0O
07
1<
1>
0=
03
#30478010
0)
1+
#30482010
1)
0?
0>
0<
#30483010
0+
#30486010
0)
#30488010
1+
#30490010
1)
#30493010
0+
#30494010
0)
#30498010
1)
1+
1q
1O
0R
1i
1G
#30502010
0)
#30503010
0+
#30506010
1)
0G
b100000000110000001000000001 M
0T
0Q
0O
#30508010
1+
0i
0q
#30510010
0)
#30513010
0+
#30514010
1)
1D
1W
b1111 Y
b10000000000 A
b1000000000000 @
1F
1Z
1}
1J
b11000000100000000100000000 U
15
0/
#30518010
0)
1+
#30522010
1)
0}
1K
00
0W
0D
1X
05
1I
1V
1E
1C
#30523010
0+
#30526010
0)
#30528010
1+
#30530010
1)
0C
1G
1O
0F
0Z
0E
0V
0J
0X
#30533010
0+
#30534010
0)
#30538010
1)
1+
1q
0K
1i
0O
0G
0I
0S
#30542010
0)
#30543010
0+
#30546010
1)
1/
13
b1000000000000 9
b10000000000 :
1R
1?
1=
17
#30548010
1+
0q
0i
#30550010
0)
#30553010
0+
#30554010
1)
1<
10
07
b11000000100000000100000000 L
1Q
1T
b11000000100000000100000000 N
03
0=
1>
#30558010
1+
0)
#30562010
1)
0>
1S
b11000000100000000100000000 M
1O
0<
0?
0R
1G
#30563010
0+
#30566010
0)
#30568010
1+
#30570010
1)
0G
0O
0T
0Q
#30573010
0+
#30574010
0)
#30578010
1)
1+
1q
b1110 Y
1D
1F
1}
1i
0/
b1000000000001 @
1W
1Z
15
1J
b10000000010000000000000000 U
#30582010
0)
#30583010
0+
#30586010
1)
1X
0D
1C
00
0}
1K
1E
1V
0W
05
1I
#30588010
1+
0q
0i
#30590010
0)
#30593010
0+
#30594010
1)
b11 U
b10000000001 A
b1 Y
1}
b1000000000100 @
1D
0X
1O
0C
1G
15
0E
1W
0V
#30598010
1+
0)
#30602010
1)
1V
1C
0S
0}
0O
1X
0D
0W
0G
1E
05
#30603010
0+
#30606010
0)
#30608010
1+
#30610010
1)
0X
0V
0C
0F
0E
0Z
#30613010
0+
#30614010
0)
#30618010
1)
1+
1q
1i
#30622010
0)
#30623010
0+
#30626010
1)
1O
0J
1G
#30628010
0q
1+
0i
#30630010
0)
#30633010
0+
#30634010
1)
0I
0G
0K
0O
#30638010
1+
0)
#30642010
1)
17
b1000000000001 9
1/
1R
13
1?
1=
#30643010
0+
#30646010
0)
#30648010
1+
#30650010
1)
1T
1Q
b10000000010000000000000000 N
1>
0=
07
b10000000010000000000000000 L
10
03
1<
#30653010
0+
#30654010
0)
#30658010
1)
1+
0<
b1000000000100 9
b10000000010000000000000000 M
1i
b10000000001 :
17
1=
1q
0>
1O
1S
13
1G
#30662010
0)
#30663010
0+
#30666010
1)
0G
0O
b100000000110000001000000011 L
1<
1>
0=
b100000000110000001000000011 N
07
03
#30668010
1+
0i
0q
#30670010
0)
#30673010
0+
#30674010
1)
0>
0<
0?
#30678010
0)
1+
#30682010
1)
#30683010
0+
#30686010
0)
#30688010
1+
#30690010
1)
1O
1G
0R
#30693010
0+
#30694010
0)
#30698010
1)
1+
1i
b100000000110000001000000011 M
0Q
0O
0T
1q
0G
#30702010
0)
#30703010
0+
#30706010
1)
1Z
b1000000000010 @
15
b1100 Y
b1000000000000000000000000 U
b10000000000 A
1}
0/
1F
1J
1D
1W
#30708010
1+
0i
0q
#30710010
0)
#30713010
0+
#30714010
1)
1I
0W
1C
05
1X
1V
0D
1K
0}
1E
00
#30718010
1+
0)
#30722010
1)
b11 Y
1G
0X
1W
0C
b1000000000100 @
b10000000001 A
15
b1100000010 U
1O
0E
0V
1D
1}
#30723010
0+
#30726010
0)
#30728010
1+
#30730010
1)
0}
1C
0W
1X
0G
05
0D
1E
0O
1V
0S
#30733010
0+
#30734010
0)
#30738010
1)
1+
1q
0C
0Z
0X
0V
0F
1i
0E
#30742010
0)
#30743010
0+
#30746010
1)
#30748010
1+
0q
0i
#30750010
0)
#30753010
0+
#30754010
1)
1G
0J
1O
#30758010
0)
1+
#30762010
1)
0O
0I
0K
0G
#30763010
0+
#30766010
0)
#30768010
1+
#30770010
1)
1R
b1000000000010 9
1=
1?
b10000000000 :
13
1/
17
#30773010
0+
#30774010
0)
#30778010
1)
1+
07
1Q
1T
10
1i
b1000000000000000000000000 N
b1000000000000000000000000 L
1>
0=
03
1q
1<
#30782010
0)
#30783010
0+
#30786010
1)
0<
0>
17
1S
1G
1O
b1000000000000000000000000 M
b10000000001 :
b1000000000100 9
13
1=
#30788010
1+
0i
0q
#30790010
0)
#30793010
0+
#30794010
1)
0O
1<
1>
0G
07
0=
b100000000110000001100000010 L
b100000000110000001100000010 N
03
#30798010
0)
1+
#30802010
1)
0>
0<
0?
#30803010
0+
#30806010
0)
#30808010
1+
#30810010
1)
#30813010
0+
#30814010
0)
#30818010
1)
1+
1q
1O
1G
0R
1i
#30822010
0)
#30823010
0+
#30826010
1)
0G
0T
0Q
0O
b100000000110000001100000010 M
#30828010
0i
1+
0q
#30830010
0)
#30833010
0+
#30834010
1)
1W
b0 U
b1000 Y
1Z
1}
b1000000000011 @
b10000000000 A
1J
1D
15
1F
0/
#30838010
0)
1+
#30842010
1)
00
1E
0W
0}
1C
1X
1K
1V
05
0D
1I
#30843010
0+
#30846010
0)
#30848010
1+
#30850010
1)
1}
1O
1G
b1000000000100 @
b110000001000000001 U
b111 Y
1W
0E
1D
0X
0C
b10000000001 A
15
0V
#30853010
0+
#30854010
0)
#30858010
1)
1+
1V
1q
0W
0S
0G
0}
0O
1i
05
1X
1E
0D
1C
#30862010
0)
#30863010
0+
#30866010
1)
0C
0V
0Z
0X
0F
0E
#30868010
1+
0q
0i
#30870010
0)
#30873010
0+
#30874010
1)
#30878010
0)
1+
#30882010
1)
1G
1O
0J
#30883010
0+
#30886010
0)
#30888010
1+
#30890010
1)
0G
0I
0O
0K
#30893010
0+
#30894010
0)
#30898010
1)
1+
1i
1?
b10000000000 :
13
1/
1=
17
1q
1R
b1000000000011 9
#30902010
0)
#30903010
0+
#30906010
1)
0=
b0 L
1<
10
1Q
1T
1>
03
07
b0 N
#30908010
1+
0i
0q
#30910010
0)
#30913010
0+
#30914010
1)
0>
b1000000000100 9
b10000000001 :
1G
b0 M
1=
1S
0<
1O
17
13
#30918010
0)
1+
#30922010
1)
03
b100000000110000001000000001 L
0G
1>
b100000000110000001000000001 N
0=
07
0O
1<
#30923010
0+
#30926010
0)
#30928010
1+
#30930010
1)
0<
0?
0>
#30933010
0+
#30934010
0)
#30938010
1)
1+
1q
1i
#30942010
0)
#30943010
0+
#30946010
1)
1G
1O
0R
#30948010
1+
0i
0q
#30950010
0)
#30953010
0+
#30954010
1)
b100000000110000001000000001 M
0T
0Q
0O
0G
#30958010
1+
0)
#30962010
1)
1J
b1000000000000 @
1W
0/
b11000000100000000100000000 U
b1111 Y
1}
1F
1Z
1D
15
b10000000000 A
#30963010
0+
#30966010
0)
#30968010
1+
#30970010
1)
1K
1E
1V
0W
1C
00
05
0}
0D
1I
1X
#30973010
0+
#30974010
0)
#30978010
1)
1+
0X
b10000000001 A
1q
0C
b1 Y
1W
0V
b100 U
0E
b1000000000100 @
1G
1i
1O
1D
1}
15
#30982010
0)
#30983010
0+
#30986010
1)
05
0S
1X
1E
1C
1V
0W
0}
0G
0D
0O
#30988010
1+
0q
0i
#30990010
0)
#30993010
0+
#30994010
1)
0V
0C
0E
0X
0Z
0F
#30998010
1+
0)
#31002010
1)
#31003010
0+
#31006010
0)
#31008010
1+
#31010010
1)
1O
0J
1G
#31013010
0+
#31014010
0)
#31018010
1)
1+
0G
1i
0O
0K
0I
1q
#31022010
0)
#31023010
0+
#31026010
1)
1R
1?
13
b10000000000 :
b1000000000000 9
1/
1=
17
#31028010
1+
0q
0i
#31030010
0)
#31033010
0+
#31034010
1)
07
03
1>
b11000000100000000100000000 L
b11000000100000000100000000 N
1T
1<
0=
10
1Q
#31038010
0)
1+
#31042010
1)
b1000000000100 9
0>
17
1O
13
1G
b10000000001 :
1S
b11000000100000000100000000 M
1=
0<
#31043010
0+
#31046010
0)
#31048010
1+
#31050010
1)
1<
b100000000110000001000000100 L
0O
07
1>
03
b100000000110000001000000100 N
0G
0=
#31053010
0+
#31054010
0)
#31058010
1)
1+
1i
1q
0<
0?
0>
#31062010
0)
#31063010
0+
#31066010
1)
#31068010
1+
0q
0i
#31070010
0)
#31073010
0+
#31074010
1)
1O
0R
1G
#31078010
0)
1+
#31082010
1)
0G
0Q
0T
0O
b100000000110000001000000100 M
#31083010
0+
#31086010
0)
#31088010
1+
#31090010
1)
15
b1000000000001 @
b10000000000 A
b10000000010000000000000000 U
b1110 Y
1F
1W
1J
0/
1Z
1D
1}
#31093010
0+
#31094010
0)
#31098010
1)
1+
0}
05
1i
1q
1E
1C
1V
0D
00
1K
1X
0W
1I
#31102010
0)
#31103010
0+
#31106010
1)
0C
15
1}
1G
b11 Y
0E
b1000000000100 @
b10000000011 U
b10000000001 A
1W
1D
0V
1O
0X
#31108010
0i
1+
0q
#31110010
0)
#31113010
0+
#31114010
1)
0}
1X
0S
1C
05
0G
1E
0O
0D
0W
1V
#31118010
1+
0)
#31122010
1)
0V
0X
0C
0F
0E
0Z
#31123010
0+
#31126010
0)
#31128010
1+
#31130010
1)
#31133010
0+
#31134010
0)
#31138010
1)
1+
1q
1G
1i
1O
0J
#31142010
0)
#31143010
0+
#31146010
1)
0I
0G
0O
0K
#31148010
1+
0q
0i
#31150010
0)
#31153010
0+
#31154010
1)
1=
b1000000000001 9
1?
17
b10000000000 :
13
1R
1/
#31158010
0)
1+
#31162010
1)
1Q
1T
b10000000010000000000000000 N
b10000000010000000000000000 L
0=
1>
07
1<
10
03
#31163010
0+
#31166010
0)
#31168010
1+
#31170010
1)
13
b10000000010000000000000000 M
17
b10000000001 :
1S
0>
1=
b1000000000100 9
0<
1O
1G
#31173010
0+
#31174010
0)
#31178010
1)
1+
0G
07
1i
b100000000110000010000000011 L
0=
b100000000110000010000000011 N
03
1>
0O
1q
1<
#31182010
0)
#31183010
0+
#31186010
1)
0<
0?
0>
#31188010
1+
0i
0q
#31190010
0)
#31193010
0+
#31194010
1)
#31198010
0)
1+
#31202010
1)
1G
0R
1O
#31203010
0+
#31206010
0)
#31208010
1+
#31210010
1)
0O
b100000000110000010000000011 M
0T
0Q
0G
#31213010
0+
#31214010
0)
#31218010
1)
1+
1J
0/
1Z
b1000000000000000000000000 U
1}
1q
b1100 Y
b1000000000010 @
15
1i
b10000000000 A
1W
1D
1F
#31222010
0)
#31223010
0+
#31226010
1)
1X
1I
0}
1V
1K
0D
1C
1E
05
0W
00
#31228010
1+
0q
0i
#31230010
0)
#31233010
0+
#31234010
1)
b1000000000100 @
1G
0V
1O
b111 Y
0X
b1000000001100000010 U
1}
1W
0C
1D
15
0E
b10000000001 A
#31238010
1+
0)
#31242010
1)
0G
1X
0O
0S
1V
1E
0W
0}
05
0D
1C
#31243010
0+
#31246010
0)
#31248010
1+
#31250010
1)
0Z
0F
0C
0X
0E
0V
#31253010
0+
#31254010
0)
#31258010
1)
1+
1i
1q
#31262010
0)
#31263010
0+
#31266010
1)
0J
1O
1G
#31268010
1+
0q
0i
#31270010
0)
#31273010
0+
#31274010
1)
0G
0O
0I
0K
#31278010
0)
1+
#31282010
1)
13
1=
1/
17
b10000000000 :
1?
1R
b1000000000010 9
#31283010
0+
#31286010
0)
#31288010
1+
#31290010
1)
0=
1>
07
03
1<
b1000000000000000000000000 L
1T
10
b1000000000000000000000000 N
1Q
#31293010
0+
#31294010
0)
#31298010
1)
1+
0<
b1000000000100 9
1S
13
1=
1O
17
b1000000000000000000000000 M
0>
1G
1i
1q
b10000000001 :
#31302010
0)
#31303010
0+
#31306010
1)
0G
07
0O
1<
0=
03
1>
b100000001000000001100000010 L
b100000001000000001100000010 N
#31308010
1+
0q
0i
#31310010
0)
#31313010
0+
#31314010
0<
0>
1)
0?
#31318010
1+
0)
#31322010
1)
#31323010
0+
#31326010
0)
#31328010
1+
#31330010
1O
1G
1)
0R
#31333010
0+
#31334010
0)
#31338010
1)
0O
0Q
1i
b100000001000000001100000010 M
0T
1+
0G
1q
#31342010
0)
#31343010
0+
#31346010
b10000000000 A
b1000000000011 @
b0 U
1J
1Z
1F
0/
b1000 Y
1)
1D
15
1}
1W
#31348010
1+
0q
0i
#31350010
0)
#31353010
0+
#31354010
1)
0W
1V
1K
00
1C
1I
1E
1X
0}
05
0D
#31358010
0)
1+
#31362010
1)
1D
0V
1W
b10000000001 A
1O
b100000000110000001000000001 U
b1000000000100 @
15
0C
b1111 Y
1}
1G
0X
0E
#31363010
0+
#31366010
0)
#31368010
1+
#31370010
1)
1E
0W
0D
0S
1V
0O
1X
05
0G
1C
0}
#31373010
0+
#31374010
0)
#31378010
1)
1+
0V
0E
1q
0F
0Z
0C
1i
0X
#31382010
0)
#31383010
0+
#31386010
1)
#31388010
1+
0q
0i
#31390010
0)
#31393010
0+
#31394010
1)
0J
1O
1G
#31398010
0)
1+
#31402010
1)
0K
0G
0O
0I
#31403010
0+
#31406010
0)
#31408010
1+
#31410010
1)
b10000000000 :
1R
1/
1?
b1000000000011 9
17
13
1=
#31413010
0+
#31414010
0)
#31418010
1)
1+
0=
b0 N
10
03
1<
07
1Q
1i
1q
b0 L
1T
1>
#31422010
0)
#31423010
0+
#31426010
1)
0>
b0 M
b10000000001 :
1=
17
0<
13
1S
b1000000000100 9
1O
1G
#31428010
1+
0q
0i
#31430010
0)
#31433010
0+
#31434010
0G
b100000000110000001000000001 N
1>
03
07
0=
1<
1)
0O
b100000000110000001000000001 L
#31438010
1+
0)
#31442010
1)
0?
0>
0<
#31443010
0+
#31446010
0)
#31448010
1+
#31450010
1)
#31453010
0+
#31454010
0)
#31458010
1)
1+
1G
1i
0R
1q
1O
#31462010
0)
#31463010
0+
#31466010
1)
0O
b100000000110000001000000001 M
0Q
0G
0T
#31468010
1+
0i
0q
#31470010
0)
#31473010
0+
#31474010
1)
1F
0/
1D
b11000000100000000100000000 U
1W
1}
b10000000000 A
1Z
b1000000000000 @
1J
15
#31478010
1+
0)
#31482010
1)
05
1K
1X
00
0}
0D
0W
1I
1V
1E
1C
#31483010
0+
#31486010
0)
#31488010
1+
#31490010
1)
0C
0V
15
0X
1O
b10100000100 U
1D
1}
1W
0E
b10000000001 A
1G
b1000000000100 @
b11 Y
#31493010
0+
#31494010
0)
#31498010
1)
1+
0}
1X
05
1q
0S
1V
1C
0D
0O
1E
0W
1i
0G
#31502010
0)
#31503010
0+
#31506010
1)
0X
0F
0C
0V
0E
0Z
#31508010
1+
0q
0i
#31510010
0)
#31513010
0+
#31514010
1)
#31518010
0)
1+
#31522010
1)
1G
1O
0J
#31523010
0+
#31526010
0)
#31528010
1+
#31530010
1)
0K
0I
0O
0G
#31533010
0+
#31534010
0)
#31538010
1)
1+
1=
1i
1/
1?
17
b10000000000 :
13
1q
b1000000000000 9
1R
#31542010
0)
#31543010
0+
#31546010
1)
1T
10
1Q
0=
b11000000100000000100000000 L
07
b11000000100000000100000000 N
03
1<
1>
#31548010
1+
0i
0q
#31550010
0)
#31553010
0+
#31554010
1)
1S
b11000000100000000100000000 M
17
b10000000001 :
0>
1=
1G
13
b1000000000100 9
1O
0<
#31558010
1+
0)
#31562010
1)
1<
0=
1>
07
b100000000110000010100000100 L
0O
03
0G
b100000000110000010100000100 N
#31563010
0+
#31566010
0)
#31568010
1+
#31570010
1)
0>
0<
0?
#31573010
0+
#31574010
0)
#31578010
1)
1+
1q
1i
#31582010
0)
#31583010
0+
#31586010
1)
0R
1G
1O
#31588010
1+
0i
0q
#31590010
0)
#31593010
0+
#31594010
1)
0O
b100000000110000010100000100 M
0Q
0T
0G
#31598010
0)
1+
#31602010
1)
b1110 Y
1}
1J
1Z
1D
15
1F
0/
b10000000010000000000000000 U
b1000000000001 @
1W
b10000000000 A
#31603010
0+
#31606010
0)
#31608010
1+
#31610010
1)
1K
1C
0}
00
0D
1X
05
0W
1E
1V
1I
#31613010
0+
#31614010
0)
#31618010
1)
1+
b10000000001 A
1G
1q
0X
1O
0C
b111 Y
1D
1}
0V
15
1i
0E
b1000000000100 @
1W
b1010000010000000011 U
#31622010
0)
#31623010
0+
#31626010
1)
0D
0O
1X
0S
0G
1C
0W
1V
0}
05
1E
#31628010
1+
0q
0i
#31630010
0)
#31633010
0+
#31634010
1)
0X
0E
0Z
0F
0C
0V
#31638010
0)
1+
#31642010
1)
#31643010
0+
#31646010
0)
#31648010
1+
#31650010
1)
1G
1O
0J
#31653010
0+
#31654010
0)
#31658010
1)
1+
1i
0I
0O
0G
0K
1q
#31662010
0)
#31663010
0+
#31666010
1)
1/
17
1?
b10000000000 :
1=
13
1R
b1000000000001 9
#31668010
1+
0q
0i
#31670010
0)
#31673010
0+
#31674010
1)
1Q
b10000000010000000000000000 N
07
1>
10
1<
0=
1T
b10000000010000000000000000 L
03
#31678010
0)
1+
#31682010
1)
13
1O
b10000000010000000000000000 M
1G
b1000000000100 9
b10000000001 :
0>
1S
17
1=
0<
#31683010
0+
#31686010
0)
#31688010
1+
#31690010
1)
1<
0G
0O
03
1>
b100000001010000010000000011 N
0=
07
b100000001010000010000000011 L
#31693010
0+
#31694010
0)
#31698010
1)
1+
1i
0>
1q
0<
0?
#31702010
0)
#31703010
0+
#31706010
1)
#31708010
1+
0i
0q
#31710010
0)
#31713010
0+
#31714010
1)
1G
1O
0R
#31718010
1+
0)
#31722010
1)
0G
b100000001010000010000000011 M
0Q
0O
0T
#31723010
0+
#31726010
0)
#31728010
1+
#31730010
1)
1J
b1000000000000000000000000 U
b10000000000 A
1Z
1D
b1100 Y
0/
1W
b1000000000010 @
1F
15
1}
#31733010
0+
#31734010
0)
#31738010
1)
1+
0}
00
1i
1I
1X
1V
0D
1E
1q
05
1C
1K
0W
#31742010
0)
#31743010
0+
#31746010
1)
1W
0E
b10000000001 A
b101000001000000001100000010 U
b1111 Y
1}
1D
0X
1G
0V
15
1O
0C
b1000000000100 @
#31748010
1+
0i
0q
#31750010
0)
#31753010
0+
#31754010
1)
0S
0G
1E
0W
1X
0}
0D
1C
1V
0O
05
#31758010
0)
1+
#31762010
1)
0X
0E
0Z
0V
0C
0F
#31763010
0+
#31766010
0)
#31768010
1+
#31770010
1)
#31773010
0+
#31774010
0)
#31778010
1)
1+
1q
1G
0J
1i
1O
#31782010
0)
#31783010
0+
#31786010
1)
0O
0I
0G
0K
#31788010
1+
0q
0i
#31790010
0)
#31793010
0+
#31794010
1)
1?
1R
b1000000000010 9
13
b10000000000 :
17
1=
1/
#31798010
1+
0)
#31802010
1)
03
1T
b1000000000000000000000000 L
1<
10
1>
0=
b1000000000000000000000000 N
07
1Q
#31803010
0+
#31806010
0)
#31808010
1+
#31810010
1)
1O
0<
b1000000000000000000000000 M
13
1S
b1000000000100 9
17
0>
b10000000001 :
1G
1=
#31813010
0+
#31814010
0)
#31818010
1)
1+
0=
b101000001000000001100000010 L
1i
1<
0O
03
0G
1>
07
1q
b101000001000000001100000010 N
#31822010
0)
#31823010
0+
#31826010
1)
0<
0?
0>
#31828010
0i
1+
0q
#31830010
0)
#31833010
0+
#31834010
1)
#31838010
0)
1+
#31842010
1O
0R
1)
1G
#31843010
0+
#31846010
0)
#31848010
1+
#31850010
0G
b101000001000000001100000010 M
0Q
0T
0O
1)
#31853010
0+
#31854010
0)
#31858010
1)
1+
15
b1000000000011 @
b0 U
1q
b10000000000 A
1}
1F
0/
b1000 Y
1i
1W
1D
1J
1Z
#31862010
0)
#31863010
0+
#31866010
1)
05
00
1K
1I
0}
1E
1X
1C
0D
0W
1V
#31868010
1+
0i
0q
#31870010
0)
#31873010
0+
#31874010
1)
0V
0E
1G
15
b1000000000100 @
b100000000110000001000000001 U
1}
b1111 Y
b10000000001 A
1W
1O
1D
0C
0X
#31878010
1+
0)
#31882010
1)
1X
05
0S
0G
1E
1V
0}
1C
0D
0O
0W
#31883010
0+
#31886010
0)
#31888010
1+
#31890010
1)
0V
b1 Y
0X
0E
b101 U
b1000000001000 @
b10000000010 A
0C
#31893010
0+
#31894010
0)
#31898010
1)
1+
1q
1i
#31902010
0)
#31903010
0+
#31906010
1)
1G
1W
15
1O
1D
1}
#31908010
0i
0q
1+
#31910010
0)
#31913010
0+
#31914010
1)
0G
1C
0}
0W
1V
1E
1X
0D
0O
05
#31918010
1+
0)
#31922010
1)
0Z
0E
0C
0V
0F
0X
#31923010
0+
#31926010
0)
#31928010
1+
#31930010
1)
#31933010
0+
#31934010
0)
#31938010
1)
1+
1q
1i
1G
0J
1O
#31942010
0)
#31943010
0+
#31946010
1)
0O
0I
0K
0G
#31948010
1+
0i
0q
#31950010
0)
#31953010
0+
#31954010
1)
1=
1/
1?
13
b1000000000011 9
1R
b10000000000 :
17
#31958010
1+
0)
#31962010
1)
0=
10
1T
b0 L
1<
b0 N
07
1>
1Q
03
#31963010
0+
#31966010
0)
#31968010
1+
#31970010
1)
13
0>
b0 M
1G
1=
1S
17
1O
0<
b10000000001 :
b1000000000100 9
#31973010
0+
#31974010
0)
#31978010
1)
1+
0O
0G
b100000000110000001000000001 L
1q
1>
03
07
b100000000110000001000000001 N
0=
1i
1<
#31982010
0)
#31983010
0+
#31986010
1)
0<
b1000000001000 9
0>
b10000000010 :
#31988010
1+
0q
0i
#31990010
0)
#31993010
0+
#31994010
1)
#31998010
0)
1+
#32002010
1)
1=
1G
1O
13
17
#32003010
0+
#32006010
0)
#32008010
1+
#32010010
1)
07
03
b100000000110000001000000001 M
0=
b10101010101010100000011000000101 L
0O
1<
b10101010101010100000011000000101 N
0G
1>
#32013010
0+
#32014010
0)
#32018010
1)
1+
0>
1i
0<
0?
1q
#32022010
0)
#32023010
0+
#32026010
1)
#32028010
1+
0q
0i
#32030010
0)
#32033010
0+
#32034010
1)
1O
1G
0R
#32038010
0)
1+
#32042010
1)
b10101010101010100000011000000101 M
0T
0G
0Q
0O
#32043010
0+
#32046010
0)
#32048010
1+
#32050010
1)
1}
15
b11000000100000000100000000 U
1Z
1W
b1111 Y
0/
b10000000000 A
1F
1J
1D
b1000000000000 @
#32053010
0+
#32054010
0)
#32058010
1)
1+
05
1q
1X
0W
1V
0}
1i
00
1I
1C
1E
0D
1K
#32062010
0)
#32063010
0+
#32066010
1)
0C
b1000000000100 @
1O
1}
15
0V
0X
1W
b1100000010100000100 U
1D
0E
b111 Y
1G
b10000000001 A
#32068010
0i
1+
0q
#32070010
0)
#32073010
0+
#32074010
1)
0W
1V
1C
05
0}
0O
1X
0S
0G
0D
1E
#32078010
1+
0)
#32082010
1)
0E
0X
0C
0V
0Z
0F
#32083010
0+
#32086010
0)
#32088010
1+
#32090010
1)
#32093010
0+
#32094010
0)
#32098010
1)
1+
1i
1q
1O
0J
1G
#32102010
0)
#32103010
0+
#32106010
1)
0G
0K
0I
0O
#32108010
1+
0q
0i
#32110010
0)
#32113010
0+
#32114010
1)
b10000000000 :
b1000000000000 9
13
17
1=
1R
1/
1?
#32118010
1+
0)
#32122010
1)
0=
b11000000100000000100000000 N
07
03
b11000000100000000100000000 L
10
1>
1T
1Q
1<
#32123010
0+
#32126010
0)
#32128010
1+
#32130010
1)
0<
b1000000000100 9
1O
b11000000100000000100000000 M
b10000000001 :
1=
1G
13
17
0>
1S
#32133010
0+
#32134010
0)
#32138010
1)
1+
03
0O
1q
1<
0G
b100000001100000010100000100 N
b100000001100000010100000100 L
1i
0=
1>
07
#32142010
0)
#32143010
0+
#32146010
1)
0?
0<
0>
#32148010
1+
0i
0q
#32150010
0)
#32153010
0+
#32154010
1)
#32158010
0)
1+
#32162010
1)
1O
1G
0R
#32163010
0+
#32166010
0)
#32168010
1+
#32170010
1)
0O
b100000001100000010100000100 M
0G
0Q
0T
#32173010
0+
#32174010
0)
#32178010
1)
1+
15
1F
b10000000000 A
b1000000000001 @
1W
1q
1i
1}
0/
b10000000010000000000000000 U
1D
1J
1Z
b1110 Y
#32182010
0)
#32183010
0+
#32186010
1)
1K
1V
00
1E
05
1X
0W
1C
0}
1I
0D
#32188010
1+
0i
0q
#32190010
0)
#32193010
0+
#32194010
1)
b1111 Y
b10000000001 A
1O
1D
0E
1W
0V
0X
15
b1000000000100 @
0C
1}
1G
b110000001010000010000000011 U
#32198010
0)
1+
#32202010
1)
05
0S
1E
0D
0O
1X
1V
0W
0G
0}
1C
#32203010
0+
#32206010
0)
#32208010
1+
#32210010
1)
0C
0V
0E
0F
0X
0Z
#32213010
0+
#32214010
0)
#32218010
1)
1+
1i
1q
#32222010
0)
#32223010
0+
#32226010
1)
1O
1G
0J
#32228010
0i
1+
0q
#32230010
0)
#32233010
0+
#32234010
1)
0K
0G
0I
0O
#32238010
0)
1+
#32242010
1)
1?
17
13
b1000000000001 9
1R
b10000000000 :
1=
1/
#32243010
0+
#32246010
0)
#32248010
1+
#32250010
1)
1>
10
07
1T
b10000000010000000000000000 L
03
b10000000010000000000000000 N
0=
1<
1Q
#32253010
0+
#32254010
0)
#32258010
1)
1+
1O
13
1q
0>
1S
b1000000000100 9
1i
17
0<
1=
b10000000010000000000000000 M
b10000000001 :
1G
#32262010
0)
#32263010
0+
#32266010
1)
0G
03
0O
1>
b110000001010000010000000011 L
1<
07
b110000001010000010000000011 N
0=
#32268010
0i
1+
0q
#32270010
0)
#32273010
0+
#32274010
1)
0>
0?
0<
#32278010
0)
1+
#32282010
1)
#32283010
0+
#32286010
0)
#32288010
1+
#32290010
1)
0R
1G
1O
#32293010
0+
#32294010
0)
#32298010
1)
1+
0O
0Q
0G
1q
1i
0T
b110000001010000010000000011 M
#32302010
0)
#32303010
0+
#32306010
1)
0/
1Z
1F
b1000000000000000000000000 U
b1100 Y
15
b10000000000 A
1J
1D
1}
b1000000000010 @
1W
#32308010
1+
0i
0q
#32310010
0)
#32313010
0+
#32314010
1)
0W
1V
1C
1E
05
00
1K
1I
0}
0D
1X
#32318010
1+
0)
#32322010
1)
0X
1W
b1111 Y
1G
15
b101000001000000001100000010 U
1O
0E
0C
b10000000001 A
0V
1D
b1000000000100 @
1}
#32323010
0+
#32326010
0)
#32328010
1+
#32330010
1)
0}
05
1X
0G
0W
1C
1E
0O
0S
1V
0D
#32333010
0+
#32334010
0)
#32338010
1)
1+
0X
b10000000010 A
1i
b1 Y
0E
b110 U
1q
0C
0V
b1000000001000 @
#32342010
0)
#32343010
0+
#32346010
1)
#32348010
1+
0q
0i
#32350010
0)
#32353010
0+
#32354010
1)
1D
1O
1}
15
1W
1G
#32358010
1+
0)
#32362010
1)
0G
0O
0W
1X
0D
05
0}
1E
1V
1C
#32363010
0+
#32366010
0)
#32368010
1+
#32370010
1)
0C
0F
0Z
0X
0V
0E
#32373010
0+
#32374010
0)
#32378010
1)
1+
1q
1i
#32382010
0)
#32383010
0+
#32386010
1)
1O
1G
0J
#32388010
1+
0q
0i
#32390010
0)
#32393010
0+
#32394010
1)
0G
0O
0I
0K
#32398010
0)
1+
#32402010
1)
1/
1=
13
b1000000000010 9
1R
b10000000000 :
1?
17
#32403010
0+
#32406010
0)
#32408010
1+
#32410010
1)
07
1>
1Q
1<
03
0=
b1000000000000000000000000 L
10
1T
b1000000000000000000000000 N
#32413010
0+
#32414010
0)
#32418010
1)
1+
b1000000000000000000000000 M
13
b1000000000100 9
1G
0>
1q
17
0<
1i
1=
b10000000001 :
1O
1S
#32422010
0)
#32423010
0+
#32426010
1)
b101000001000000001100000010 N
1<
1>
0G
03
07
0O
b101000001000000001100000010 L
0=
#32428010
1+
0q
0i
#32430010
0)
#32433010
0+
#32434010
1)
0>
0<
b1000000001000 9
b10000000010 :
#32438010
0)
1+
#32442010
1)
#32443010
0+
#32446010
0)
#32448010
1+
#32450010
1)
13
1=
1G
17
1O
#32453010
0+
#32454010
0)
#32458010
1)
1+
0=
1<
1i
1>
b101000001000000001100000010 M
b10101010101010100000011000000110 N
0O
03
07
0G
1q
b10101010101010100000011000000110 L
#32462010
0)
#32463010
0+
#32466010
1)
0>
0<
0?
#32468010
1+
0i
0q
#32470010
0)
#32473010
0+
#32474010
1)
#32478010
0)
1+
#32482010
1)
1O
1G
0R
#32483010
0+
#32486010
0)
#32488010
1+
#32490010
1)
b10101010101010100000011000000110 M
0Q
0G
0T
0O
#32493010
0+
#32494010
0)
#32498010
1)
1+
b1000000000011 @
1W
b10000000000 A
1q
1Z
1}
1J
1F
b0 U
0/
15
b1000 Y
1D
1i
#32502010
0)
#32503010
0+
#32506010
1)
1K
1E
1C
0W
05
0}
0D
1X
00
1I
1V
#32508010
1+
0i
0q
#32510010
0)
#32513010
0+
#32514010
1)
15
0E
b1111 Y
b1000000000100 @
0V
b10000000001 A
1W
0C
1O
b100000000110000001000000001 U
0X
1D
1}
1G
#32518010
0)
1+
#32522010
1)
0G
0O
0S
1E
05
1C
0W
1V
0}
1X
0D
#32523010
0+
#32526010
0)
#32528010
1+
#32530010
1)
b1000000001000 @
b11 Y
0C
0E
b10000000010 A
0X
0V
b11000000101 U
#32533010
0+
#32534010
0)
#32538010
1)
1+
1q
1i
#32542010
0)
#32543010
0+
#32546010
1)
1D
1W
1O
1G
15
1}
#32548010
1+
0i
0q
#32550010
0)
#32553010
0+
#32554010
1)
0G
0W
1E
0}
0D
0O
1C
05
1X
1V
#32558010
1+
0)
#32562010
1)
0V
0E
0Z
0F
0X
0C
#32563010
0+
#32566010
0)
#32568010
1+
#32570010
1)
#32573010
0+
#32574010
0)
#32578010
1)
1+
1q
1O
1i
1G
0J
#32582010
0)
#32583010
0+
#32586010
1)
0G
0O
0K
0I
#32588010
0q
1+
0i
#32590010
0)
#32593010
0+
#32594010
1)
1R
b10000000000 :
1=
1?
1/
b1000000000011 9
13
17
#32598010
0)
1+
#32602010
1)
07
1>
b0 L
0=
b0 N
03
1Q
1<
10
1T
#32603010
0+
#32606010
0)
#32608010
1+
#32610010
1)
1S
1=
1O
17
b10000000001 :
1G
0>
b0 M
13
0<
b1000000000100 9
#32613010
0+
#32614010
0)
#32618010
1)
1+
1i
1>
0O
07
0=
0G
b100000000110000001000000001 L
1q
1<
b100000000110000001000000001 N
03
#32622010
0)
#32623010
0+
#32626010
1)
b1000000001000 9
0>
b10000000010 :
0<
#32628010
1+
0i
0q
#32630010
0)
#32633010
0+
#32634010
1)
#32638010
0)
1+
#32642010
1)
13
1O
17
1G
1=
#32643010
0+
#32646010
0)
#32648010
1+
#32650010
1)
0=
0G
b10101010101010100000011000000101 L
1<
1>
07
0O
03
b10101010101010100000011000000101 N
b100000000110000001000000001 M
#32653010
0+
#32654010
0)
#32658010
1)
1+
1q
0?
0>
0<
1i
#32662010
0)
#32663010
0+
#32666010
1)
#32668010
1+
0i
0q
#32670010
0)
#32673010
0+
#32674010
1)
1O
1G
0R
#32678010
0)
1+
#32682010
1)
b10101010101010100000011000000101 M
0T
0G
0O
0Q
#32683010
0+
#32686010
0)
#32688010
1+
#32690010
1)
#32693010
0+
#32694010
0)
#32698010
1)
1+
1i
1q
#32698011
0q
0i
bx U
bx 9
bx Y
bx @
bx B
bx ;
bx :
bx A
#32702011
0)
#32703011
0+
#32706011
1)
1G
1O
#32708011
1+
1q
1i
#32710011
0)
#32713011
0+
#32714011
1)
0q
0O
1,
0S
0i
0G
1*
#32718011
0)
1+
#32722011
1)
00
0/
#32723011
0+
#32726011
0)
#32728011
1+
#32730011
0*
1)
#32733011
0+
#32734011
0)
#32738011
1)
1+
1O
0,
1G
#32742011
0)
#32743011
0+
#32746011
1)
#32748011
1+
b0 w
1q
b1 {
1y
1h
b10000000000 c
16
b1000000000000 b
1~
1f
b10 d
1|
1l
1i
#32750011
0)
#32753011
0+
#32754011
1)
0O
0G
#32758011
1+
0i
1e
0q
1m
0)
0f
0y
1z
0~
1k
06
1x
1g
#32762011
1)
#32763011
0+
#32766011
0)
#32768011
1+
0g
0e
0h
0z
0x
0|
#32770011
1)
#32773011
0+
#32774011
0)
#32778011
1)
1+
1G
1O
1i
1q
0l
#32782011
0)
#32783011
0+
#32786011
1)
0G
0O
#32788011
1+
0i
0k
0m
0q
#32790011
0)
#32793011
0+
#32794011
1)
#32798011
0)
1+
1t
1_
11
b10000000000 \
b10 ]
b1000000000000 [
14
18
1a
#32802011
1)
#32803011
0+
#32806011
0)
#32808011
1+
1`
1s
1^
b0 p
0_
08
04
b0 n
1v
12
#32810011
1)
1O
1G
#32813011
0+
#32814011
0)
#32818011
1)
1+
0G
0O
0a
0t
0^
1q
b0 o
1i
0`
1u
#32822011
0)
#32823011
0+
#32826011
1)
#32828011
1+
0i
0q
0s
0v
#32830011
0)
#32833011
0+
#32834011
1)
#32838011
0)
1+
1l
1|
1h
1~
b10 {
1f
01
1y
b1000000000001 b
16
#32842011
1)
1O
1G
#32843011
0+
#32846011
0)
#32848011
1+
06
0y
02
1k
1e
0f
1g
0~
1m
1z
1x
#32850011
1)
0G
0O
#32853011
0+
#32854011
0)
#32858011
1)
1+
0g
1q
0l
0x
0|
0e
0h
1i
0z
#32862011
0)
#32863011
0+
#32866011
1)
#32868011
1+
0u
0q
0k
0i
0m
#32870011
0)
#32873011
0+
#32874011
1)
1O
1G
#32878011
0)
1+
1a
1t
11
b1000000000001 [
18
1_
14
#32882011
0G
0O
1)
#32883011
0+
#32886011
0)
#32888011
1+
04
1^
1v
12
0_
08
1`
1s
#32890011
1)
#32893011
0+
#32894011
0)
#32898011
1)
1+
1q
0t
0^
0a
1u
0`
1i
#32902011
0)
#32903011
0+
#32906011
1)
1G
1O
#32908011
0i
0v
1+
0q
0s
#32910011
0)
#32913011
0+
#32914011
1)
0O
0G
#32918011
0)
1+
1h
16
1f
1y
1l
1|
b100 {
1~
b1000000000010 b
01
#32922011
1)
#32923011
0+
#32926011
0)
#32928011
1+
1m
1z
1g
0y
1x
1e
0f
06
0~
02
1k
#32930011
1)
#32933011
0+
#32934011
0)
#32938011
1)
1+
0|
1O
1G
0e
0h
1q
1i
0x
0z
0l
0g
#32942011
0)
#32943011
0+
#32946011
1)
0O
0G
#32948011
0k
0m
1+
0q
0i
0u
#32950011
0)
#32953011
0+
#32954011
1)
#32958011
0)
1+
11
1a
1t
14
18
1_
b1000000000010 [
#32962011
1)
#32963011
0+
#32966011
0)
#32968011
1+
1v
1s
1^
0_
12
1`
08
04
#32970011
1G
1O
1)
#32973011
0+
#32974011
0)
#32978011
1)
1+
0t
0O
0G
1q
0a
1u
0^
0`
1i
#32982011
0)
#32983011
0+
#32986011
1)
#32988011
1+
0s
0i
0q
0v
#32990011
0)
#32993011
0+
#32994011
1)
#32998011
0)
1+
1l
1|
1f
01
1h
1y
b1000 {
1~
16
b1000000000011 b
#33002011
1)
1G
1O
#33003011
0+
#33006011
0)
#33008011
1+
1g
1e
1z
0f
1x
1m
1k
06
0~
0y
02
#33010011
1)
0G
0O
#33013011
0+
#33014011
0)
#33018011
1)
1+
0l
1q
0h
1i
0x
0e
0g
0z
0|
#33022011
0)
#33023011
0+
#33026011
1)
#33028011
1+
0m
0q
0i
0k
0u
#33030011
0)
#33033011
0+
#33034011
1)
1G
1O
#33038011
1a
b1000000000011 [
14
0)
1+
11
1t
18
1_
#33042011
0G
0O
1)
#33043011
0+
#33046011
0)
#33048011
1+
0_
12
04
1s
1v
08
1`
1^
#33050011
1)
#33053011
0+
#33054011
0)
#33058011
1)
1+
0^
0a
1q
1u
0`
0t
1i
#33062011
0)
#33063011
0+
#33066011
1)
1O
1G
#33068011
0i
0q
0s
1+
0v
#33070011
0)
#33073011
0+
#33074011
0G
0O
1)
#33078011
0)
1+
1|
1l
01
b100000000 w
b1000000000000 b
1h
1f
1~
b11 {
1y
16
#33082011
1)
#33083011
0+
#33086011
0)
#33088011
1+
06
1z
1g
1m
02
1e
1x
0y
1k
0~
0f
#33090011
1)
#33093011
0+
#33094011
0)
#33098011
1)
1+
0l
1G
1i
0e
0|
0h
1q
0g
0z
0x
1O
#33102011
0)
#33103011
0+
#33106011
1)
0O
0G
#33108011
1+
0i
0q
0m
0u
0k
#33110011
0)
#33113011
0+
#33114011
1)
#33118011
0)
1+
1a
1_
14
b1000000000000 [
11
1t
18
#33122011
1)
#33123011
0+
#33126011
0)
#33128011
1+
1v
1^
b1 p
08
1s
04
12
0_
1`
b1 n
#33130011
1)
1G
1O
#33133011
0+
#33134011
0)
#33138011
1)
1+
0O
0G
1q
0^
0a
1i
b1 o
0`
1u
0t
#33142011
0)
#33143011
0+
#33146011
1)
#33148011
1+
0i
0v
0s
0q
#33148012
bx d
bx ]
bx [
bx b
bx c
bx \
bx w
bx {
#33152012
0)
#33153012
0+
#33156012
1)
1O
1G
#33158012
1+
1q
1i
#33160012
0)
#33163012
0+
#33164012
1)
0G
0O
0i
0q
1*
1,
#33168012
0)
1+
02
0u
01
#33172012
1)
#33173012
0+
#33176012
0)
#33178012
1+
#33180012
1)
0*
#33183012
0+
#33184012
0)
#33188012
1)
0,
1O
1G
1+
#33192012
0)
#33193012
0+
#33196012
1)
#33198012
1+
1i
1q
#33200012
0)
#33203012
0+
#33204012
1)
#33208012
0)
1+
#33212012
1)
#33213012
0+
#33216012
0)
#33218012
1+
#33220012
1)
1Z
b10 B
1W
1J
b0 U
b10000000000 A
1D
b1000000000000 @
1}
b1 Y
1F
15
#33223012
0+
#33224012
0)
#33228012
1)
1+
05
1C
1V
0}
1I
1E
0W
0J
0D
1K
1X
#33232012
0)
#33233012
0+
#33236012
1)
0X
0V
0C
0Z
0I
0E
0K
0F
#33238012
1+
#33240012
0)
#33243012
0+
#33244012
1)
#33248012
0)
1+
#33252012
1)
1R
1/
1=
1?
b1000000000000 9
17
b10 ;
b10000000000 :
13
#33253012
0+
#33256012
0)
#33258012
1+
#33260012
1)
03
0R
1T
1Q
1>
b0 L
0=
07
10
1<
b0 N
#33263012
0+
#33264012
0)
#33268012
1)
1+
0Q
1S
0T
b0 M
0>
0?
0<
#33272012
0)
#33273012
0+
#33276012
1)
0S
#33278012
1+
#33280012
0)
#33283012
0+
#33284012
1)
1F
1J
15
1W
1}
b1000000000001 @
0/
1Z
1D
b10 Y
#33288012
1+
0)
#33292012
1)
1V
1X
1I
05
0J
0}
1C
0W
0D
1K
1E
00
#33293012
0+
#33296012
0)
#33298012
1+
#33300012
1)
0F
0C
0V
0X
0I
0E
0K
0Z
#33303012
0+
#33304012
0)
#33308012
1)
1+
#33312012
0)
#33313012
0+
#33316012
1)
13
b1000000000001 9
1/
1R
1?
17
1=
#33318012
1+
#33320012
0)
#33323012
0+
#33324012
1)
0=
10
1<
1>
1Q
03
1T
07
0R
#33328012
0)
1+
#33332012
1)
0>
1S
0<
0Q
0T
0?
#33333012
0+
#33336012
0)
#33338012
1+
#33340012
1)
0S
#33343012
0+
#33344012
0)
#33348012
1)
1+
b100 Y
0/
1Z
1F
1}
b1000000000010 @
1J
15
1D
1W
#33352012
0)
#33353012
0+
#33356012
1)
0W
0J
1X
00
0}
1V
1C
0D
05
1K
1I
1E
#33358012
1+
#33360012
0)
#33363012
0+
#33364012
1)
0E
0V
0Z
0X
0F
0I
0C
0K
#33368012
0)
1+
#33372012
1)
#33373012
0+
#33376012
0)
#33378012
1+
#33380012
1)
1?
1R
13
b1000000000010 9
1/
1=
17
#33383012
0+
#33384012
0)
#33388012
1)
1+
07
1>
03
1<
0R
10
0=
1T
1Q
#33392012
0)
#33393012
0+
#33396012
1)
0Q
0>
0?
0<
1S
0T
#33398012
1+
#33400012
0)
#33403012
0+
#33404012
1)
0S
#33408012
1+
0)
#33412012
1)
0/
1W
b1000 Y
1J
1}
1Z
b1000000000011 @
1F
1D
15
#33413012
0+
#33416012
0)
#33418012
1+
#33420012
1)
1K
0W
1X
0}
0J
1V
1E
05
0D
00
1C
1I
#33423012
0+
#33424012
0)
#33428012
1)
1+
0I
0Z
0V
0K
0X
0C
0E
0F
#33432012
0)
#33433012
0+
#33436012
1)
#33438012
1+
#33440012
0)
#33443012
0+
#33444012
1)
13
b1000000000011 9
1R
1/
17
1?
1=
#33448012
1+
0)
#33452012
1)
0=
0R
1T
07
1<
1Q
03
1>
10
#33453012
0+
#33456012
0)
#33458012
1+
#33460012
1)
0<
1S
0T
0Q
0>
0?
#33463012
0+
#33464012
0)
#33468012
1)
1+
0S
#33472012
0)
#33473012
0+
#33476012
1)
1Z
1F
0/
b100000000 U
1J
b11 Y
1}
1W
15
b1000000000000 @
1D
#33478012
1+
#33480012
0)
#33483012
0+
#33484012
1)
0D
0}
00
1K
1I
1V
0J
0W
1X
05
1C
1E
#33488012
0)
1+
#33492012
1)
0E
0V
0I
0Z
0K
0F
0C
0X
#33493012
0+
#33496012
0)
#33498012
1+
#33500012
1)
#33503012
0+
#33504012
0)
#33508012
1)
1+
1?
13
17
1=
b1000000000000 9
1R
1/
#33512012
0)
#33513012
0+
#33516012
1)
0=
10
b100000000 L
b100000000 N
0R
07
1T
03
1<
1>
1Q
#33518012
1+
#33520012
0)
#33523012
0+
#33524012
1)
0Q
0T
0?
1S
b100000000 M
0>
0<
#33528012
1+
0)
#33532012
1)
0S
#33533012
0+
#33536012
0)
#33538012
1+
#33540012
1)
0/
1}
1D
b110 Y
1Z
b10000000000000000 U
1J
b1000000000001 @
1F
15
1W
#33543012
0+
#33544012
0)
#33548012
1)
1+
0W
1X
1K
00
1E
0D
1V
0}
1I
05
1C
0J
#33552012
0)
#33553012
0+
#33556012
1)
0X
0Z
0V
0K
0E
0C
0I
0F
#33558012
1+
#33560012
0)
#33563012
0+
#33564012
1)
#33568012
0)
1+
#33572012
1)
1=
13
1/
17
1R
1?
b1000000000001 9
#33573012
0+
#33576012
0)
#33578012
1+
#33580012
1)
1Q
1<
b10000000000000000 L
03
0=
b10000000000000000 N
0R
07
1T
10
1>
#33583012
0+
#33584012
0)
#33588012
1)
1+
0>
1S
0T
0?
0<
0Q
b10000000000000000 M
#33592012
0)
#33593012
0+
#33596012
1)
0S
#33598012
1+
#33600012
0)
#33603012
0+
#33604012
1)
0/
1J
1F
1}
1W
b1100 Y
1D
1Z
b1000000000000000000000000 U
15
b1000000000010 @
#33608012
0)
1+
#33612012
1)
0D
0J
1K
1V
0W
0}
1X
05
1I
1E
1C
00
#33613012
0+
#33616012
0)
#33618012
1+
#33620012
1)
0F
0V
0K
0C
0X
0E
0I
0Z
#33623012
0+
#33624012
0)
#33628012
1)
1+
#33632012
0)
#33633012
0+
#33636012
1)
1?
1/
b1000000000010 9
13
17
1=
1R
#33638012
1+
#33640012
0)
#33643012
0+
#33644012
1)
0R
0=
10
1T
b1000000000000000000000000 L
1<
1>
07
b1000000000000000000000000 N
03
1Q
#33648012
0)
1+
#33652012
1)
0Q
1S
0T
0?
b1000000000000000000000000 M
0<
0>
#33653012
0+
#33656012
0)
#33658012
1+
#33660012
1)
0S
#33663012
0+
#33664012
0)
#33668012
1)
1+
0/
b1000000000011 @
1}
1D
b1000 Y
1Z
1F
1W
1J
15
b0 U
#33672012
0)
#33673012
0+
#33676012
1)
1V
0W
00
0}
0D
05
1I
1K
0J
1E
1C
1X
#33678012
1+
#33680012
0)
#33683012
0+
#33684012
1)
0X
0V
0F
0Z
0C
0E
0I
0K
#33688012
0)
1+
#33692012
1)
#33693012
0+
#33696012
0)
#33698012
1+
#33700012
1)
b1 U
b1000000000100 @
1F
1}
b10000000001 A
1W
b1 Y
15
1D
1J
1Z
#33703012
0+
#33704012
0)
#33708012
1)
1+
1K
0W
1V
0}
1X
0J
1I
0D
05
1C
1E
#33712012
0)
#33713012
0+
#33716012
1)
0E
0Z
0V
0K
0F
0C
0X
0I
#33718012
1+
#33720012
0)
#33723012
0+
#33724012
1)
#33728012
0)
1+
#33732012
1)
1R
1/
1=
b1000000000011 9
17
1?
13
#33733012
0+
#33736012
0)
#33738012
1+
#33740012
1)
03
b0 N
b0 L
1T
07
1<
1Q
0R
1>
10
0=
#33743012
0+
#33744012
0)
#33748012
1)
1+
0Q
1S
0<
0T
0>
b0 M
0?
#33752012
0)
#33753012
0+
#33756012
1)
0S
#33758012
1+
#33760012
0)
#33763012
0+
#33764012
1)
1?
13
1=
17
b1000000000100 9
1R
b10000000001 :
#33768012
0)
1+
#33772012
1)
03
b100000000110000001000000001 L
b100000000110000001000000001 N
1>
1Q
07
1T
1<
0=
0R
#33773012
0+
#33776012
0)
#33778012
1+
#33780012
1)
1S
0<
0?
0T
0Q
0>
b100000000110000001000000001 M
#33783012
0+
#33784012
0)
#33788012
1)
1+
0S
#33792012
0)
#33793012
0+
#33796012
1)
b1000000000000 @
1}
b100000000100000000 U
0/
b10000000000 A
1Z
1W
1F
b111 Y
15
1J
1D
#33798012
1+
#33800012
0)
#33803012
0+
#33804012
1)
0D
1K
00
1I
0}
1V
1E
0J
0W
1X
05
1C
#33808012
0)
1+
#33812012
1)
0C
0V
0K
0Z
0I
0E
0X
0F
#33813012
0+
#33816012
0)
#33818012
1+
#33820012
1)
#33823012
0+
#33824012
0)
#33828012
1)
1+
b10000000000 :
1R
b1000000000000 9
13
1?
17
1/
1=
#33832012
0)
#33833012
0+
#33836012
1)
0=
07
0R
1Q
b100000000100000000 L
b100000000100000000 N
10
1T
1<
03
1>
#33838012
1+
#33840012
0)
#33843012
0+
#33844012
1)
0>
0<
1S
0Q
b100000000100000000 M
0T
0?
#33848012
1+
0)
#33852012
1)
0S
#33853012
0+
#33856012
0)
#33858012
1+
#33860012
1)
1Z
1F
1D
b1000000000001 @
1}
b10000000010000000000000000 U
0/
15
1J
b1110 Y
1W
#33863012
0+
#33864012
0)
#33868012
1)
1+
0W
1V
0}
1C
1K
0D
00
1X
0J
05
1I
1E
#33872012
0)
#33873012
0+
#33876012
1)
0E
0V
0F
0Z
0K
0C
0I
0X
#33878012
1+
#33880012
0)
#33883012
0+
#33884012
1)
#33888012
0)
1+
#33892012
1)
1?
1R
1=
17
b1000000000001 9
1/
13
#33893012
0+
#33896012
0)
#33898012
1+
#33900012
1)
03
1>
1T
07
0R
1<
0=
1Q
b10000000010000000000000000 N
b10000000010000000000000000 L
10
#33903012
0+
#33904012
0)
#33908012
1)
1+
1S
0T
0?
0>
0Q
0<
b10000000010000000000000000 M
#33912012
0)
#33913012
0+
#33916012
1)
0S
#33918012
1+
#33920012
0)
#33923012
0+
#33924012
1)
1W
1D
b1000000000010 @
1}
1Z
1F
b1000000000000000000000000 U
b1100 Y
0/
15
1J
#33928012
0)
1+
#33932012
1)
0J
00
1X
1K
1V
1E
0}
0D
0W
05
1I
1C
#33933012
0+
#33936012
0)
#33938012
1+
#33940012
1)
0C
0K
0X
0Z
0E
0V
0I
0F
#33943012
0+
#33944012
0)
#33948012
1)
1+
#33952012
0)
#33953012
0+
#33956012
1)
1F
1D
1J
1Z
b10000000001 A
1}
b1000000000100 @
1W
15
b1 Y
b10 U
#33958012
1+
#33960012
0)
#33963012
0+
#33964012
1)
0}
1K
1E
1C
0D
0J
1X
1I
1V
05
0W
#33968012
1+
0)
#33972012
1)
0K
0F
0C
0E
0Z
0X
0V
0I
#33973012
0+
#33976012
0)
#33978012
1+
#33980012
1)
#33983012
0+
#33984012
0)
#33988012
1)
1+
17
13
1?
1=
1R
b1000000000010 9
1/
#33992012
0)
#33993012
0+
#33996012
1)
10
b1000000000000000000000000 N
0=
1<
1T
03
07
1Q
1>
b1000000000000000000000000 L
0R
#33998012
1+
#34000012
0)
#34003012
0+
#34004012
1)
0Q
1S
b1000000000000000000000000 M
0T
0<
0?
0>
#34008012
0)
1+
#34012012
1)
0S
#34013012
0+
#34016012
0)
#34018012
1+
#34020012
1)
1=
b10000000001 :
1R
17
13
1?
b1000000000100 9
#34023012
0+
#34024012
0)
#34028012
1)
1+
1>
07
1<
b100000000110000001000000010 N
0=
1Q
0R
1T
03
b100000000110000001000000010 L
#34032012
0)
#34033012
0+
#34036012
1)
0<
0>
0Q
1S
b100000000110000001000000010 M
0?
0T
#34038012
1+
#34040012
0)
#34043012
0+
#34044012
1)
0S
#34048012
0)
1+
#34052012
1)
b0 U
0/
1W
1}
1J
b10000000000 A
1F
1D
15
b1000 Y
1Z
b1000000000011 @
#34053012
0+
#34056012
0)
#34058012
1+
#34060012
1)
1I
0W
1E
00
1C
0J
0}
1K
0D
1V
05
1X
#34063012
0+
#34064012
0)
#34068012
1)
1+
0X
0F
0I
0C
0E
0K
0Z
0V
#34072012
0)
#34073012
0+
#34076012
1)
#34078012
1+
#34080012
0)
#34083012
0+
#34084012
1)
1}
1W
b1000000000100 @
b1000000001 U
b10000000001 A
1F
1J
1Z
15
1D
b11 Y
#34088012
0)
1+
#34092012
1)
1X
0W
1V
0}
1C
1I
0D
0J
1E
05
1K
#34093012
0+
#34096012
0)
#34098012
1+
#34100012
1)
0K
0C
0F
0V
0X
0I
0E
0Z
#34103012
0+
#34104012
0)
#34108012
1)
1+
#34112012
0)
#34113012
0+
#34116012
1)
b1000000000011 9
1R
1/
17
1=
b10000000000 :
1?
13
#34118012
1+
#34120012
0)
#34123012
0+
#34124012
1)
03
0=
1T
b0 N
0R
b0 L
07
1>
1Q
1<
10
#34128012
0)
1+
#34132012
1)
1S
0<
0T
0Q
0>
0?
b0 M
#34133012
0+
#34136012
0)
#34138012
1+
#34140012
1)
0S
#34143012
0+
#34144012
0)
#34148012
1)
1+
1=
13
b1000000000100 9
17
1R
1?
b10000000001 :
#34152012
0)
#34153012
0+
#34156012
1)
07
1Q
b100000000110000001000000001 N
0=
03
1T
b100000000110000001000000001 L
1<
0R
1>
#34158012
1+
#34160012
0)
#34163012
0+
#34164012
1)
0>
0Q
b100000000110000001000000001 M
1S
0T
0?
0<
#34168012
0)
1+
#34172012
1)
0S
#34173012
0+
#34176012
0)
#34178012
1+
#34180012
1)
1Z
1F
b1111 Y
1W
1}
b10000000000 A
b11000000100000000100000000 U
0/
b1000000000000 @
1D
15
1J
#34183012
0+
#34184012
0)
#34188012
1)
1+
0J
1V
1K
00
1C
0}
0W
05
1E
0D
1I
1X
#34192012
0)
#34193012
0+
#34196012
1)
0X
0K
0F
0V
0Z
0C
0I
0E
#34198012
1+
#34200012
0)
#34203012
0+
#34204012
1)
#34208012
0)
1+
#34212012
1)
1/
17
b10000000000 :
1=
b1000000000000 9
13
1?
1R
#34213012
0+
#34216012
0)
#34218012
1+
#34220012
1)
0R
1<
b11000000100000000100000000 L
1Q
1>
0=
07
b11000000100000000100000000 N
10
03
1T
#34223012
0+
#34224012
0)
#34228012
1)
1+
0T
1S
0<
0>
0Q
b11000000100000000100000000 M
0?
#34232012
0)
#34233012
0+
#34236012
1)
0S
#34238012
1+
#34240012
0)
#34243012
0+
#34244012
1)
1Z
1J
1F
1}
0/
b1110 Y
b10000000010000000000000000 U
b1000000000001 @
1W
1D
15
#34248012
0)
1+
#34252012
1)
05
1E
0J
1K
1X
1V
0}
0D
1I
0W
1C
00
#34253012
0+
#34256012
0)
#34258012
1+
#34260012
1)
0F
0Z
0V
0E
0X
0K
0C
0I
#34263012
0+
#34264012
0)
#34268012
1)
1+
#34272012
0)
#34273012
0+
#34276012
1)
1Z
1J
b1 Y
1F
15
b10000000001 A
1}
b11 U
1W
b1000000000100 @
1D
#34278012
1+
#34280012
0)
#34283012
0+
#34284012
1)
0D
05
1I
0J
1X
1E
1V
1C
0W
1K
0}
#34288012
0)
1+
#34292012
1)
0E
0I
0Z
0X
0F
0K
0C
0V
#34293012
0+
#34296012
0)
#34298012
1+
#34300012
1)
#34303012
0+
#34304012
0)
#34308012
1)
1+
1?
b1000000000001 9
1R
1/
17
1=
13
#34312012
0)
#34313012
0+
#34316012
1)
03
1T
10
07
1Q
b10000000010000000000000000 N
b10000000010000000000000000 L
1>
1<
0R
0=
#34318012
1+
#34320012
0)
#34323012
0+
#34324012
1)
0<
0Q
0?
0T
0>
1S
b10000000010000000000000000 M
#34328012
1+
0)
#34332012
1)
0S
#34333012
0+
#34336012
0)
#34338012
1+
#34340012
1=
13
17
1?
b1000000000100 9
b10000000001 :
1)
1R
#34343012
0+
#34344012
0)
#34348012
1)
0R
1Q
0=
1>
1<
03
1T
b100000000110000001000000011 N
07
b100000000110000001000000011 L
1+
#34352012
0)
#34353012
0+
#34356012
1)
b100000000110000001000000011 M
0Q
1S
0<
0?
0>
0T
#34358012
1+
#34360012
0)
#34363012
0+
#34364012
1)
0S
#34368012
0)
1+
#34372012
1)
1}
b1100 Y
15
1D
1Z
0/
1J
b1000000000010 @
b10000000000 A
1F
b1000000000000000000000000 U
1W
#34373012
0+
#34376012
0)
#34378012
1+
#34380012
1)
0W
1V
1E
0}
00
1X
05
0D
1I
0J
1C
1K
#34383012
0+
#34384012
0)
#34388012
1)
1+
0K
0E
0V
0Z
0X
0C
0I
0F
#34392012
0)
#34393012
0+
#34396012
1)
#34398012
1+
#34400012
0)
#34403012
0+
#34404012
1)
1F
1D
1}
b11 Y
1Z
1W
15
b1100000010 U
1J
b10000000001 A
b1000000000100 @
#34408012
0)
1+
#34412012
1)
0W
0}
0D
1K
1V
1E
1I
1X
0J
1C
05
#34413012
0+
#34416012
0)
#34418012
1+
#34420012
1)
0F
0V
0K
0Z
0C
0E
0X
0I
#34423012
0+
#34424012
0)
#34428012
1)
1+
#34432012
0)
#34433012
0+
#34436012
1)
17
b1000000000010 9
1/
1=
1R
1?
13
b10000000000 :
#34438012
1+
#34440012
0)
#34443012
0+
#34444012
1)
1T
1>
07
0R
b1000000000000000000000000 N
1Q
0=
10
1<
03
b1000000000000000000000000 L
#34448012
0)
1+
#34452012
1)
0?
0T
b1000000000000000000000000 M
0>
1S
0Q
0<
#34453012
0+
#34456012
0)
#34458012
1+
#34460012
1)
0S
#34463012
0+
#34464012
0)
#34468012
1)
1+
b10000000001 :
b1000000000100 9
1?
1=
17
1R
13
#34472012
0)
#34473012
0+
#34476012
1)
03
07
1<
b100000000110000001100000010 L
0=
1>
1T
b100000000110000001100000010 N
0R
1Q
#34478012
1+
#34480012
0)
#34483012
0+
#34484012
1)
0Q
1S
0T
0>
0<
0?
b100000000110000001100000010 M
#34488012
1+
0)
#34492012
1)
0S
#34493012
0+
#34496012
0)
#34498012
1+
#34500012
1)
b1000000000011 @
b1000 Y
0/
15
1}
1W
1F
1D
1Z
b10000000000 A
b0 U
1J
#34503012
0+
#34504012
0)
#34508012
1)
1+
0J
05
1I
00
1K
0W
1V
0}
0D
1X
1C
1E
#34512012
0)
#34513012
0+
#34516012
1)
0E
0V
0I
0F
0K
0C
0X
0Z
#34518012
1+
#34520012
0)
#34523012
0+
#34524012
1)
#34528012
0)
1+
#34532012
1)
1Z
1F
b1000000000100 @
15
1J
b111 Y
1W
1}
b110000001000000001 U
1D
b10000000001 A
#34533012
0+
#34536012
0)
#34538012
1+
#34540012
1)
05
1V
1E
0J
1I
0D
0W
1X
0}
1K
1C
#34543012
0+
#34544012
0)
#34548012
1)
1+
0C
0Z
0F
0E
0V
0K
0I
0X
#34552012
0)
#34553012
0+
#34556012
1)
#34558012
1+
#34560012
0)
#34563012
0+
#34564012
1)
1/
13
b10000000000 :
1?
17
b1000000000011 9
1=
1R
#34568012
0)
1+
#34572012
1)
0R
1Q
03
07
10
b0 L
1<
1>
1T
0=
b0 N
#34573012
0+
#34576012
0)
#34578012
1+
#34580012
1)
b0 M
0>
0<
1S
0Q
0?
0T
#34583012
0+
#34584012
0)
#34588012
1)
1+
0S
#34592012
0)
#34593012
0+
#34596012
1)
1R
b1000000000100 9
b10000000001 :
17
13
1?
1=
#34598012
1+
#34600012
0)
#34603012
0+
#34604012
1)
0=
1T
b100000000110000001000000001 N
07
0R
1Q
1>
1<
b100000000110000001000000001 L
03
#34608012
0)
1+
#34612012
1)
0<
0T
0>
1S
b100000000110000001000000001 M
0Q
0?
#34613012
0+
#34616012
0)
#34618012
1+
#34620012
1)
0S
#34623012
0+
#34624012
0)
#34628012
1)
1+
1J
15
b10000000000 A
b1111 Y
b1000000000000 @
0/
1F
1Z
1D
1}
b11000000100000000100000000 U
1W
#34632012
0)
#34633012
0+
#34636012
1)
0W
0J
1X
1E
05
1C
00
1I
1V
0}
0D
1K
#34638012
1+
#34640012
0)
#34643012
0+
#34644012
1)
0K
0E
0F
0C
0X
0V
0I
0Z
#34648012
0)
1+
#34652012
1)
#34653012
0+
#34656012
0)
#34658012
1+
#34660012
1)
1Z
1F
b1 Y
b10000000001 A
1J
1W
15
b1000000000100 @
b100 U
1}
1D
#34663012
0+
#34664012
0)
#34668012
1)
1+
0D
05
1C
1E
1K
0W
0J
0}
1I
1X
1V
#34672012
0)
#34673012
0+
#34676012
1)
0V
0C
0F
0Z
0K
0E
0X
0I
#34678012
1+
#34680012
0)
#34683012
0+
#34684012
1)
#34688012
0)
1+
#34692012
1)
13
17
1?
1=
b1000000000000 9
b10000000000 :
1R
1/
#34693012
0+
#34696012
0)
#34698012
1+
#34700012
1)
0R
07
03
b11000000100000000100000000 N
1<
1T
0=
1>
10
b11000000100000000100000000 L
1Q
#34703012
0+
#34704012
0)
#34708012
1)
1+
0Q
b11000000100000000100000000 M
0T
1S
0?
0<
0>
#34712012
0)
#34713012
0+
#34716012
1)
0S
#34718012
1+
#34720012
0)
#34723012
0+
#34724012
1)
17
1?
1=
1R
13
b10000000001 :
b1000000000100 9
#34728012
1+
0)
#34732012
1)
1>
07
03
0=
1Q
0R
1T
b100000000110000001000000100 N
1<
b100000000110000001000000100 L
#34733012
0+
#34736012
0)
#34738012
1+
#34740012
1)
0T
0?
b100000000110000001000000100 M
0>
1S
0Q
0<
#34743012
0+
#34744012
0)
#34748012
1)
1+
0S
#34752012
0)
#34753012
0+
#34756012
1)
0/
1W
b10000000000 A
1D
b1110 Y
15
1Z
1F
1J
1}
b1000000000001 @
b10000000010000000000000000 U
#34758012
1+
#34760012
0)
#34763012
0+
#34764012
1)
1I
1C
0D
0W
1K
1V
05
00
1X
0}
0J
1E
#34768012
0)
1+
#34772012
1)
0E
0V
0Z
0C
0I
0K
0X
0F
#34773012
0+
#34776012
0)
#34778012
1+
#34780012
1)
#34783012
0+
#34784012
0)
#34788012
1)
1+
1F
1Z
b10000000011 U
1W
1D
b10000000001 A
b11 Y
15
b1000000000100 @
1J
1}
#34792012
0)
#34793012
0+
#34796012
1)
0}
1I
0W
1V
1E
0D
1C
0J
1X
05
1K
#34798012
1+
#34800012
0)
#34803012
0+
#34804012
1)
0K
0F
0I
0Z
0E
0V
0C
0X
#34808012
1+
0)
#34812012
1)
#34813012
0+
#34816012
0)
#34818012
1+
#34820012
1)
b1000000000001 9
1/
b10000000000 :
17
1?
1R
1=
13
#34823012
0+
#34824012
0)
#34828012
1)
1+
03
0=
1<
b10000000010000000000000000 L
0R
1>
1T
07
b10000000010000000000000000 N
1Q
10
#34832012
0)
#34833012
0+
#34836012
1)
1S
0T
0>
0<
b10000000010000000000000000 M
0?
0Q
#34838012
1+
#34840012
0)
#34843012
0+
#34844012
1)
0S
#34848012
0)
1+
#34852012
1)
13
b1000000000100 9
1=
b10000000001 :
1R
1?
17
#34853012
0+
#34856012
0)
#34858012
1+
#34860012
1)
07
1Q
03
0=
1<
b100000000110000010000000011 L
1>
1T
0R
b100000000110000010000000011 N
#34863012
0+
#34864012
0)
#34868012
1)
1+
0>
b100000000110000010000000011 M
1S
0Q
0<
0?
0T
#34872012
0)
#34873012
0+
#34876012
1)
0S
#34878012
1+
#34880012
0)
#34883012
0+
#34884012
1)
1D
b10000000000 A
1F
1W
1}
b1000000000000000000000000 U
0/
1Z
b1100 Y
15
1J
b1000000000010 @
#34888012
0)
1+
#34892012
1)
00
0W
0D
1X
1E
1K
0}
1I
0J
1C
05
1V
#34893012
0+
#34896012
0)
#34898012
1+
#34900012
1)
0V
0X
0F
0K
0E
0I
0Z
0C
#34903012
0+
#34904012
0)
#34908012
1)
1+
#34912012
0)
#34913012
0+
#34916012
1)
1}
b1000000000100 @
1D
1W
b10000000001 A
1F
b1000000001100000010 U
1Z
15
1J
b111 Y
#34918012
1+
#34920012
0)
#34923012
0+
#34924012
1)
0D
1C
1V
1K
0}
0W
1X
0J
1E
05
1I
#34928012
0)
1+
#34932012
1)
0I
0V
0C
0F
0K
0X
0E
0Z
#34933012
0+
#34936012
0)
#34938012
1+
#34940012
1)
#34943012
0+
#34944012
0)
#34948012
1)
1+
1/
b10000000000 :
17
13
b1000000000010 9
1=
1?
1R
#34952012
0)
#34953012
0+
#34956012
1)
0R
1T
10
b1000000000000000000000000 N
1Q
03
b1000000000000000000000000 L
1>
07
0=
1<
#34958012
1+
#34960012
0)
#34963012
0+
#34964012
1)
0<
0>
0T
0Q
1S
b1000000000000000000000000 M
0?
#34968012
1+
0)
#34972012
1)
0S
#34973012
0+
#34976012
0)
#34978012
1+
#34980012
1)
1?
b1000000000100 9
1R
13
b10000000001 :
1=
17
#34983012
0+
#34984012
0)
#34988012
1)
1+
07
1<
03
0R
1>
b100000001000000001100000010 L
b100000001000000001100000010 N
1Q
1T
0=
#34992012
0)
#34993012
0+
#34996012
1)
0Q
1S
0?
0<
0>
0T
b100000001000000001100000010 M
#34998012
1+
#35000012
0)
#35003012
0+
#35004012
1)
0S
#35008012
0)
1+
#35012012
1)
1Z
1W
b1000 Y
1F
b1000000000011 @
0/
1D
b10000000000 A
1}
b0 U
15
1J
#35013012
0+
#35016012
0)
#35018012
1+
#35020012
1)
0J
1V
00
1I
0W
0D
1C
05
0}
1E
1X
1K
#35023012
0+
#35024012
0)
#35028012
1)
1+
0K
0V
0F
0Z
0I
0X
0C
0E
#35032012
0)
#35033012
0+
#35036012
1)
#35038012
1+
#35040012
0)
#35043012
0+
#35044012
1)
1D
b10000000001 A
b1000000000100 @
1Z
1J
b1111 Y
1F
1W
15
1}
b100000000110000001000000001 U
#35048012
0)
1+
#35052012
1)
1E
1K
0D
1V
0J
0}
1C
1I
05
0W
1X
#35053012
0+
#35056012
0)
#35058012
1+
#35060012
1)
0X
0F
0Z
0V
0K
0E
0I
0C
#35063012
0+
#35064012
0)
#35068012
1)
1+
#35072012
0)
#35073012
0+
#35076012
1)
17
1=
13
1R
1/
1?
b1000000000011 9
b10000000000 :
#35078012
1+
#35080012
0)
#35083012
0+
#35084012
1)
10
1<
1Q
07
b0 N
0R
0=
03
b0 L
1T
1>
#35088012
0)
1+
#35092012
1)
0>
b0 M
0?
0<
1S
0Q
0T
#35093012
0+
#35096012
0)
#35098012
1+
#35100012
1)
0S
#35103012
0+
#35104012
0)
#35108012
1)
1+
b10000000001 :
13
1=
1?
1R
17
b1000000000100 9
#35112012
0)
#35113012
0+
#35116012
1)
1>
0R
1T
1<
0=
03
b100000000110000001000000001 N
07
1Q
b100000000110000001000000001 L
#35118012
1+
#35120012
0)
#35123012
0+
#35124012
1)
1S
0>
0?
b100000000110000001000000001 M
0<
0T
0Q
#35128012
0)
1+
#35132012
1)
0S
#35133012
0+
#35136012
0)
#35138012
1+
#35140012
1)
b11000000100000000100000000 U
1Z
b1000000000000 @
1F
b10000000000 A
0/
1D
1J
1}
1W
15
#35143012
0+
#35144012
0)
#35148012
1)
1+
05
1K
1C
1V
00
1X
0W
0D
0}
0J
1E
1I
#35152012
0)
#35153012
0+
#35156012
1)
0I
0V
0C
0Z
0K
0F
0E
0X
#35158012
1+
#35160012
0)
#35163012
0+
#35164012
1)
#35168012
0)
1+
#35172012
1)
15
b1000000000100 @
b10100000100 U
1Z
b10000000001 A
b11 Y
1F
1J
1}
1W
1D
#35173012
0+
#35176012
0)
#35178012
1+
#35180012
1)
0D
1X
1C
1V
05
1I
1K
0W
1E
0}
0J
#35183012
0+
#35184012
0)
#35188012
1)
1+
0I
0V
0C
0X
0Z
0K
0E
0F
#35192012
0)
#35193012
0+
#35196012
1)
#35198012
1+
#35200012
0)
#35203012
0+
#35204012
1)
b1000000000000 9
13
1/
1=
1?
b10000000000 :
1R
17
#35208012
0)
1+
#35212012
1)
07
1Q
b11000000100000000100000000 L
10
1<
0=
03
1>
0R
b11000000100000000100000000 N
1T
#35213012
0+
#35216012
0)
#35218012
1+
#35220012
1)
0T
0Q
b11000000100000000100000000 M
1S
0<
0?
0>
#35223012
0+
#35224012
0)
#35228012
1)
1+
0S
#35232012
0)
#35233012
0+
#35236012
1)
13
17
b10000000001 :
b1000000000100 9
1=
1?
1R
#35238012
1+
#35240012
0)
#35243012
0+
#35244012
1)
0R
07
1>
b100000000110000010100000100 L
1<
03
1T
1Q
0=
b100000000110000010100000100 N
#35248012
1+
0)
#35252012
1)
0T
0>
1S
0<
b100000000110000010100000100 M
0Q
0?
#35253012
0+
#35256012
0)
#35258012
1+
#35260012
1)
0S
#35263012
0+
#35264012
0)
#35268012
1)
1+
1F
1J
15
b10000000000 A
1D
b1000000000001 @
b10000000010000000000000000 U
0/
1}
1Z
b1110 Y
1W
#35272012
0)
#35273012
0+
#35276012
1)
0W
05
0J
1X
1V
1I
1C
0D
00
1E
0}
1K
#35278012
1+
#35280012
0)
#35283012
0+
#35284012
1)
0K
0X
0F
0C
0I
0V
0E
0Z
#35288012
1+
0)
#35292012
1)
#35293012
0+
#35296012
0)
#35298012
1+
#35300012
1)
1Z
b1010000010000000011 U
1J
1D
15
1W
b1000000000100 @
b10000000001 A
1F
b111 Y
1}
#35303012
0+
#35304012
0)
#35308012
1)
1+
0}
0D
1K
1I
0J
05
1C
0W
1X
1E
1V
#35312012
0)
#35313012
0+
#35316012
1)
0V
0K
0Z
0C
0I
0E
0X
0F
#35318012
1+
#35320012
0)
#35323012
0+
#35324012
1)
#35328012
0)
1+
#35332012
1)
1R
1?
b1000000000001 9
17
b10000000000 :
13
1=
1/
#35333012
0+
#35336012
0)
#35338012
1+
#35340012
1)
b10000000010000000000000000 N
b10000000010000000000000000 L
1<
0R
07
1T
1>
0=
1Q
03
10
#35343012
0+
#35344012
0)
#35348012
1)
1+
0?
0T
1S
0<
0>
b10000000010000000000000000 M
0Q
#35352012
0)
#35353012
0+
#35356012
1)
0S
#35358012
1+
#35360012
0)
#35363012
0+
#35364012
1)
b10000000001 :
17
b1000000000100 9
1?
1R
13
1=
#35368012
1+
0)
#35372012
1)
b100000001010000010000000011 L
1Q
b100000001010000010000000011 N
0=
1T
07
03
1<
0R
1>
#35373012
0+
#35376012
0)
#35378012
1+
#35380012
1)
0>
0?
0T
1S
0Q
b100000001010000010000000011 M
0<
#35383012
0+
#35384012
0)
#35388012
1)
1+
0S
#35392012
0)
#35393012
0+
#35396012
1)
0/
1F
1W
b10000000000 A
1D
1}
b1000000000000000000000000 U
b1000000000010 @
1Z
15
1J
b1100 Y
#35398012
1+
#35400012
0)
#35403012
0+
#35404012
1)
05
00
1V
0D
1C
0W
0}
1K
0J
1X
1E
1I
#35408012
1+
0)
#35412012
1)
0I
0V
0F
0C
0Z
0E
0K
0X
#35413012
0+
#35416012
0)
#35418012
1+
#35420012
1)
#35423012
0+
#35424012
0)
#35428012
1)
1+
1}
15
b1111 Y
1D
b10000000001 A
1F
1W
b1000000000100 @
b101000001000000001100000010 U
1Z
1J
#35432012
0)
#35433012
0+
#35436012
1)
0J
0}
1X
05
1C
1I
0W
0D
1V
1K
1E
#35438012
1+
#35440012
0)
#35443012
0+
#35444012
1)
0E
0X
0I
0C
0F
0K
0Z
0V
#35448012
0)
1+
#35452012
1)
#35453012
0+
#35456012
0)
#35458012
1+
#35460012
1)
1?
1/
1=
b1000000000010 9
b10000000000 :
17
1R
13
#35463012
0+
#35464012
0)
#35468012
1)
1+
03
1<
1>
b1000000000000000000000000 L
10
0=
1T
b1000000000000000000000000 N
0R
07
1Q
#35472012
0)
#35473012
0+
#35476012
1)
0Q
1S
0T
0<
0>
0?
b1000000000000000000000000 M
#35478012
1+
#35480012
0)
#35483012
0+
#35484012
1)
0S
#35488012
0)
1+
#35492012
1)
b1000000000100 9
13
1=
1?
17
b10000000001 :
1R
#35493012
0+
#35496012
0)
#35498012
1+
#35500012
1)
0R
1T
03
1>
1Q
1<
b101000001000000001100000010 L
0=
07
b101000001000000001100000010 N
#35503012
0+
#35504012
0)
#35508012
1)
1+
0<
0T
b101000001000000001100000010 M
1S
0Q
0>
0?
#35512012
0)
#35513012
0+
#35516012
1)
0S
#35518012
1+
#35520012
0)
#35523012
0+
#35524012
1)
15
b1000000000011 @
1D
b1000 Y
1J
1}
1W
0/
b10000000000 A
1Z
1F
b0 U
#35528012
0)
1+
#35532012
1)
05
1V
0D
1C
0W
1E
1I
0}
00
0J
1X
1K
#35533012
0+
#35536012
0)
#35538012
1+
#35540012
1)
0K
0V
0C
0I
0E
0X
0F
0Z
#35543012
0+
#35544012
0)
#35548012
1)
1+
#35552012
0)
#35553012
0+
#35556012
1)
1Z
b100000000110000001000000001 U
b1111 Y
1J
15
b1000000000100 @
1D
1W
1}
1F
b10000000001 A
#35558012
1+
#35560012
0)
#35563012
0+
#35564012
1)
0W
0J
1I
0D
1C
1V
05
1K
0}
1X
1E
#35568012
0)
1+
#35572012
1)
0E
0Z
0V
0C
0I
0X
0F
0K
#35573012
0+
#35576012
0)
#35578012
1+
#35580012
1)
#35583012
0+
#35584012
0)
#35588012
1)
1+
15
1W
b10000000010 A
b1 Y
b101 U
1J
1Z
b1000000001000 @
1D
1F
1}
#35592012
0)
#35593012
0+
#35596012
1)
0}
1K
0W
05
1C
1V
0J
1E
1I
0D
1X
#35598012
1+
#35600012
0)
#35603012
0+
#35604012
1)
0X
0K
0V
0Z
0C
0F
0I
0E
#35608012
0)
1+
#35612012
1)
#35613012
0+
#35616012
0)
#35618012
1+
#35620012
1)
1?
13
1/
1R
b1000000000011 9
b10000000000 :
17
1=
#35623012
0+
#35624012
0)
#35628012
1)
1+
0=
0R
03
1Q
1<
b0 N
1T
10
07
1>
b0 L
#35632012
0)
#35633012
0+
#35636012
1)
0T
0<
0Q
0?
1S
b0 M
0>
#35638012
1+
#35640012
0)
#35643012
0+
#35644012
1)
0S
#35648012
0)
1+
#35652012
1)
1R
1=
13
1?
b1000000000100 9
17
b10000000001 :
#35653012
0+
#35656012
0)
#35658012
1+
#35660012
1)
1<
b100000000110000001000000001 L
03
1>
1T
0R
0=
1Q
b100000000110000001000000001 N
07
#35663012
0+
#35664012
0)
#35668012
1)
1+
0>
0Q
0<
1S
0T
b100000000110000001000000001 M
0?
#35672012
0)
#35673012
0+
#35676012
1)
0S
#35678012
1+
#35680012
0)
#35683012
0+
#35684012
1)
17
b10000000010 :
1?
13
1=
1R
b1000000001000 9
#35688012
1+
0)
#35692012
1)
0=
07
1Q
1>
b10101010101010100000011000000101 L
03
1<
0R
b10101010101010100000011000000101 N
1T
#35693012
0+
#35696012
0)
#35698012
1+
#35700012
1)
0T
1S
0Q
0>
0?
0<
b10101010101010100000011000000101 M
#35703012
0+
#35704012
0)
#35708012
1)
1+
0S
#35712012
0)
#35713012
0+
#35716012
1)
1W
b1000000000000 @
b10000000000 A
1}
1Z
1J
0/
b1111 Y
15
b11000000100000000100000000 U
1D
1F
#35718012
1+
#35720012
0)
#35723012
0+
#35724012
1)
05
1E
0}
0W
1X
1V
1K
0J
0D
1I
00
1C
#35728012
0)
1+
#35732012
1)
0C
0K
0F
0E
0V
0X
0Z
0I
#35733012
0+
#35736012
0)
#35738012
1+
#35740012
1)
#35743012
0+
#35744012
0)
#35748012
1)
1+
15
b10000000001 A
b1000000000100 @
1}
b111 Y
1F
1W
1Z
1D
1J
b1100000010100000100 U
#35752012
0)
#35753012
0+
#35756012
1)
1X
1C
1K
05
1I
1V
0}
1E
0J
0W
0D
#35758012
1+
#35760012
0)
#35763012
0+
#35764012
1)
0K
0C
0X
0F
0V
0I
0E
0Z
#35768012
0)
1+
#35772012
1)
#35773012
0+
#35776012
0)
#35778012
1+
#35780012
1)
b10000000000 :
13
17
b1000000000000 9
1=
1/
1R
1?
#35783012
0+
#35784012
0)
#35788012
1)
1+
1T
0=
07
03
1>
1Q
b11000000100000000100000000 L
0R
b11000000100000000100000000 N
1<
10
#35792012
0)
#35793012
0+
#35796012
1)
0?
b11000000100000000100000000 M
0Q
0T
0>
1S
0<
#35798012
1+
#35800012
0)
#35803012
0+
#35804012
1)
0S
#35808012
1+
0)
#35812012
1)
17
1=
1?
b10000000001 :
13
b1000000000100 9
1R
#35813012
0+
#35816012
0)
#35818012
1+
#35820012
1)
03
0=
1<
1>
07
1T
1Q
0R
b100000001100000010100000100 L
b100000001100000010100000100 N
#35823012
0+
#35824012
0)
#35828012
1)
1+
b100000001100000010100000100 M
0T
0<
1S
0>
0?
0Q
#35832012
0)
#35833012
0+
#35836012
1)
0S
#35838012
1+
#35840012
0)
#35843012
0+
#35844012
1)
1Z
b10000000010000000000000000 U
1D
1}
b1110 Y
b10000000000 A
1F
15
b1000000000001 @
1W
0/
1J
#35848012
0)
1+
#35852012
1)
0J
05
00
1V
1C
1K
0D
1X
0}
1I
0W
1E
#35853012
0+
#35856012
0)
#35858012
1+
#35860012
1)
0E
0X
0V
0Z
0F
0K
0C
0I
#35863012
0+
#35864012
0)
#35868012
1)
1+
#35872012
0)
#35873012
0+
#35876012
1)
b110000001010000010000000011 U
15
1J
1F
1D
1Z
b10000000001 A
b1111 Y
1W
1}
b1000000000100 @
#35878012
1+
#35880012
0)
#35883012
0+
#35884012
1)
1I
1K
1X
1E
05
0D
0J
1V
0}
0W
1C
#35888012
0)
1+
#35892012
1)
0C
0K
0I
0Z
0X
0E
0F
0V
#35893012
0+
#35896012
0)
#35898012
1+
#35900012
1)
#35903012
0+
#35904012
0)
#35908012
1)
1+
1=
13
17
b10000000000 :
1/
1?
b1000000000001 9
1R
#35912012
0)
#35913012
0+
#35916012
1)
0R
1Q
b10000000010000000000000000 N
07
1>
1T
10
03
0=
1<
b10000000010000000000000000 L
#35918012
1+
#35920012
0)
#35923012
0+
#35924012
1)
0>
b10000000010000000000000000 M
0Q
0T
1S
0<
0?
#35928012
0)
1+
#35932012
1)
0S
#35933012
0+
#35936012
0)
#35938012
1+
#35940012
1?
1=
17
1R
13
1)
b1000000000100 9
b10000000001 :
#35943012
0+
#35944012
0)
#35948012
1)
0R
b110000001010000010000000011 L
0=
1T
1>
b110000001010000010000000011 N
07
1Q
1+
03
1<
#35952012
0)
#35953012
0+
#35956012
0<
1S
0T
0?
0>
b110000001010000010000000011 M
1)
0Q
#35958012
1+
#35960012
0)
#35963012
0+
#35964012
0S
1)
#35968012
0)
1+
#35972012
1)
1J
b1000000000010 @
b10000000000 A
b1000000000000000000000000 U
1D
1Z
15
1F
0/
1W
b1100 Y
1}
#35973012
0+
#35976012
0)
#35978012
1+
#35980012
1)
0}
1E
1C
0J
1V
0D
00
1X
1I
1K
05
0W
#35983012
0+
#35984012
0)
#35988012
1)
1+
0I
0C
0E
0Z
0X
0V
0K
0F
#35992012
0)
#35993012
0+
#35996012
1)
#35998012
1+
#36000012
0)
#36003012
0+
#36004012
1)
1F
b1000000000100 @
1W
1}
1Z
1J
b10000000001 A
1D
b101000001000000001100000010 U
b1111 Y
15
#36008012
0)
1+
#36012012
1)
05
0D
1C
1X
1I
0W
1E
0J
0}
1K
1V
#36013012
0+
#36016012
0)
#36018012
1+
#36020012
1)
0V
0C
0F
0E
0X
0I
0Z
0K
#36023012
0+
#36024012
0)
#36028012
1)
1+
#36032012
0)
#36033012
0+
#36036012
1)
1J
b1000000001000 @
1D
15
b10000000010 A
1F
1W
1Z
b1 Y
1}
b110 U
#36038012
1+
#36040012
0)
#36043012
0+
#36044012
1)
1V
1K
0J
1I
1X
1C
05
0D
1E
0}
0W
#36048012
1+
0)
#36052012
1)
0K
0V
0F
0C
0X
0I
0E
0Z
#36053012
0+
#36056012
0)
#36058012
1+
#36060012
1)
#36063012
0+
#36064012
0)
#36068012
1)
1+
b10000000000 :
17
1=
1R
1?
b1000000000010 9
13
1/
#36072012
0)
#36073012
0+
#36076012
1)
07
1Q
0R
1>
1<
b1000000000000000000000000 L
0=
1T
b1000000000000000000000000 N
10
03
#36078012
1+
#36080012
0)
#36083012
0+
#36084012
1)
0>
0Q
0T
0<
1S
b1000000000000000000000000 M
0?
#36088012
0)
1+
#36092012
1)
0S
#36093012
0+
#36096012
0)
#36098012
1+
#36100012
1?
13
1R
17
b10000000001 :
1=
1)
b1000000000100 9
#36103012
0+
#36104012
0)
#36108012
1)
0R
03
1T
b101000001000000001100000010 N
07
1>
b101000001000000001100000010 L
1Q
1+
1<
0=
#36112012
0)
#36113012
0+
#36116012
1S
0?
0>
0T
1)
0Q
0<
b101000001000000001100000010 M
#36118012
1+
#36120012
0)
#36123012
0+
#36124012
0S
1)
#36128012
0)
1+
#36132012
1)
1=
b1000000001000 9
b10000000010 :
13
1R
1?
17
#36133012
0+
#36136012
0)
#36138012
1+
#36140012
1)
07
b10101010101010100000011000000110 L
1>
0=
0R
b10101010101010100000011000000110 N
03
1T
1<
1Q
#36143012
0+
#36144012
0)
#36148012
1)
1+
0Q
0?
0>
b10101010101010100000011000000110 M
0<
1S
0T
#36152012
0)
#36153012
0+
#36156012
1)
0S
#36158012
1+
#36160012
0)
#36163012
0+
#36164012
1W
b1000000000011 @
0/
1Z
b0 U
1D
1J
b10000000000 A
1F
15
1)
1}
b1000 Y
#36168012
1+
0)
#36172012
1)
0W
1X
1K
1C
0J
0D
1V
05
00
1E
0}
1I
#36173012
0+
#36176012
0)
#36178012
1+
#36180012
1)
0F
0Z
0C
0K
0X
0I
0V
0E
#36183012
0+
#36184012
0)
#36188012
1)
1+
#36192012
0)
#36193012
0+
#36196012
1)
1D
b1000000000100 @
1W
b1111 Y
b10000000001 A
b100000000110000001000000001 U
1Z
1F
1J
1}
15
#36198012
1+
#36200012
0)
#36203012
0+
#36204012
1)
05
1E
1K
0D
0W
1C
0}
0J
1V
1X
1I
#36208012
0)
1+
#36212012
1)
0I
0E
0F
0K
0Z
0X
0C
0V
#36213012
0+
#36216012
0)
#36218012
1+
#36220012
1)
#36223012
0+
#36224012
0)
#36228012
1)
1+
1W
b1000000001000 @
15
1F
1D
b11000000101 U
b10000000010 A
b11 Y
1Z
1J
1}
#36232012
0)
#36233012
0+
#36236012
1)
0}
0W
1V
1I
1K
1E
0D
05
0J
1C
1X
#36238012
1+
#36240012
0)
#36243012
0+
#36244012
1)
0X
0V
0E
0K
0I
0F
0C
0Z
#36248012
0)
1+
#36252012
1)
#36253012
0+
#36256012
0)
#36258012
1+
#36260012
1)
1/
b1000000000011 9
17
b10000000000 :
1R
1?
1=
13
#36263012
0+
#36264012
0)
#36268012
1)
1+
03
1T
b0 L
b0 N
1>
0R
07
1Q
0=
10
1<
#36272012
0)
#36273012
0+
#36276012
1)
0<
1S
0T
0?
0>
b0 M
0Q
#36278012
1+
#36280012
0)
#36283012
0+
#36284012
1)
0S
#36288012
0)
1+
#36292012
1)
17
1?
13
b1000000000100 9
1R
b10000000001 :
1=
#36293012
0+
#36296012
0)
#36298012
1+
#36300012
1)
0=
b100000000110000001000000001 L
1Q
0R
1<
07
1T
b100000000110000001000000001 N
03
1>
#36303012
0+
#36304012
0)
#36308012
1)
1+
0>
1S
0Q
0?
0T
0<
b100000000110000001000000001 M
#36312012
0)
#36313012
0+
#36316012
1)
0S
#36318012
1+
#36320012
0)
#36323012
0+
#36324012
1)
1R
1=
1?
b1000000001000 9
17
13
b10000000010 :
#36328012
0)
1+
#36332012
1)
b10101010101010100000011000000101 N
1T
1>
b10101010101010100000011000000101 L
0R
1Q
0=
03
07
1<
#36333012
0+
#36336012
0)
#36338012
1+
#36340012
1)
0<
1S
b10101010101010100000011000000101 M
0Q
0T
0>
0?
#36343012
0+
#36344012
0)
#36348012
1)
1+
0S
#36352012
0)
#36353012
0+
#36356012
1)
#36356013
1+
bx :
bx 9
bx A
bx B
0O
bx @
bx U
bx Y
0G
bx ;
#36360013
0)
#36361013
0+
#36364013
1)
1O
1G
#36366013
1+
#36368013
0)
#36371013
0+
#36372013
1)
0q
1*
0G
1,
0O
0i
#36376013
0)
1+
#36380013
1)
0/
00
#36381013
0+
#36384013
0)
#36386013
1+
#36388013
1)
0*
#36391013
0+
#36392013
0)
#36396013
1)
1+
1G
1O
0,
#36400013
0)
#36401013
0+
#36404013
1)
#36406013
1+
1i
1q
#36408013
0)
#36411013
0+
#36412013
1)
#36416013
0)
1+
#36420013
1)
#36421013
0+
#36424013
0)
#36426013
1+
#36428013
1)
#36431013
0+
#36432013
0)
#36436013
1)
1+
1f
b1 {
1l
b10 d
b10000000000 c
16
b1000000000000 b
1|
1h
b0 w
1~
1y
#36440013
0)
#36441013
0+
#36444013
1)
#36446013
1+
0y
0f
1g
1e
1k
06
0l
0~
1x
1z
1m
#36448013
0)
#36451013
0+
#36452013
1)
#36456013
0)
1+
0m
0|
0k
0e
0g
0z
0h
0x
#36460013
1)
#36461013
0+
#36464013
0)
#36466013
1+
1t
b10000000000 \
11
14
18
b1000000000000 [
b10 ]
1a
1_
#36468013
1)
#36471013
0+
#36472013
0)
#36476013
1)
1+
0_
1s
b0 n
0t
1v
b0 p
08
1^
04
12
1`
#36480013
0)
#36481013
0+
#36484013
1)
#36486013
1+
0`
0^
0s
0v
b0 o
1u
0a
#36488013
0)
#36491013
0+
#36492013
1)
#36496013
0)
1+
0u
#36500013
1)
#36501013
0+
#36504013
0)
#36506013
1y
16
1f
b10 {
b1000000000001 b
01
1|
1+
1l
1h
1~
#36508013
1)
#36511013
0+
#36512013
0)
#36516013
1)
0~
0y
1x
1e
06
1k
0f
1m
1+
1g
02
0l
1z
#36520013
0)
#36521013
0+
#36524013
1)
#36526013
0z
0k
0x
0e
1+
0|
0m
0h
0g
#36528013
0)
#36531013
0+
#36532013
1)
#36536013
0)
1+
#36540013
1)
#36541013
0+
#36544013
0)
#36546013
11
1a
1_
b1000000000001 [
1t
18
1+
14
#36548013
1)
#36551013
0+
#36552013
0)
#36556013
1)
04
0t
1s
1`
1^
0_
1+
08
12
1v
#36560013
0)
#36561013
0+
#36564013
1)
#36566013
0v
0^
1u
0`
0s
0a
1+
#36568013
0)
#36571013
0+
#36572013
1)
#36576013
0)
1+
0u
#36580013
1)
#36581013
0+
#36584013
0)
#36586013
1+
1y
1f
1~
01
b1000000000010 b
16
b100 {
1h
1l
1|
#36588013
1)
#36591013
0+
#36592013
0)
#36596013
1)
1+
0f
1g
06
0y
1x
1k
0~
1z
0l
1e
1m
02
#36600013
0)
#36601013
0+
#36604013
1)
#36606013
1+
0g
0|
0k
0x
0m
0z
0e
0h
#36608013
0)
#36611013
0+
#36612013
1)
#36616013
0)
1+
#36620013
1)
#36621013
0+
#36624013
0)
#36626013
1+
1t
14
b1000000000010 [
11
1a
1_
18
#36628013
1)
#36631013
0+
#36632013
0)
#36636013
1)
1+
08
1v
12
1s
04
0t
1`
1^
0_
#36640013
0)
#36641013
0+
#36644013
1)
#36646013
1+
0`
0v
1u
0s
0^
0a
#36648013
0)
#36651013
0+
#36652013
1)
#36656013
0)
1+
0u
#36660013
1)
#36661013
0+
#36664013
0)
#36666013
1+
1~
1h
1f
1|
16
b1000000000011 b
1y
b1000 {
01
1l
#36668013
1)
#36671013
0+
#36672013
0)
#36676013
1)
1+
0l
1k
0~
06
0f
02
1g
1x
1e
1z
1m
0y
#36680013
0)
#36681013
0+
#36684013
1)
#36686013
1+
0k
0h
0|
0m
0g
0z
0x
0e
#36688013
0)
#36691013
0+
#36692013
1)
#36696013
0)
1+
#36700013
1)
#36701013
0+
#36704013
0)
#36706013
1+
1a
1_
18
b1000000000011 [
1t
14
11
#36708013
1)
#36711013
0+
#36712013
0)
#36716013
1)
1+
0t
0_
12
1v
08
1`
04
1^
1s
#36720013
0)
#36721013
0+
#36724013
1)
#36726013
1+
0s
0a
1u
0v
0^
0`
#36728013
0)
#36731013
0+
#36732013
1)
#36736013
0)
1+
0u
#36740013
1)
#36741013
0+
#36744013
0)
#36746013
1+
1l
01
1y
b1000000000000 b
1f
1h
1~
16
1|
b11 {
b100000000 w
#36748013
1)
#36751013
0+
#36752013
0)
#36756013
1)
1+
0~
0l
1e
1k
0f
02
0y
1x
06
1m
1z
1g
#36760013
0)
#36761013
0+
#36764013
1)
#36766013
1+
0g
0h
0k
0e
0z
0m
0|
0x
#36768013
0)
#36771013
0+
#36772013
1)
#36776013
0)
1+
#36780013
1)
#36781013
0+
#36784013
0)
#36786013
1+
1t
11
18
1a
b1000000000000 [
1_
14
#36788013
1)
#36791013
0+
#36792013
0)
#36796013
1)
1+
04
0t
12
1`
1s
b1 n
08
b1 p
0_
1^
1v
#36800013
0)
#36801013
0+
#36804013
1)
#36806013
1+
0v
1u
0a
0s
0`
0^
b1 o
#36806014
bx w
0i
bx [
bx ]
bx \
0q
bx b
bx c
bx d
bx {
0O
0G
#36810014
0)
#36811014
0+
#36814014
1)
1G
1O
#36816014
1+
1i
1q
#36818014
0)
#36821014
0+
#36822014
1)
0i
0O
1,
0q
1*
0G
#36826014
1+
02
0)
01
0u
#36830014
1)
#36831014
0+
#36834014
0)
#36836014
1+
#36838014
1)
0*
#36841014
0+
#36842014
0)
#36846014
1)
1G
0,
1O
1+
#36850014
0)
#36851014
0+
#36854014
1)
#36856014
1+
1q
1i
#36858014
0)
#36861014
0+
#36862014
1)
0G
0O
#36866014
0)
0i
0q
1+
#36870014
1)
#36871014
0+
#36874014
0)
#36876014
1+
#36878014
1)
1}
1D
1Z
1W
b1000000000000 @
b10 B
b10000000000 A
15
b0 U
1F
1J
b1 Y
#36881014
0+
#36882014
0)
#36886014
1)
1+
1I
1q
1O
0D
0}
0W
1i
1K
1E
1V
1X
0J
05
1G
1C
#36890014
0)
#36891014
0+
#36894014
1)
0C
0V
0Z
0O
0I
0E
0K
0G
0X
0F
#36896014
1+
0q
0i
#36898014
0)
#36901014
0+
#36902014
1)
#36906014
0)
1+
#36910014
1)
b10 ;
1?
b1000000000000 9
b10000000000 :
1R
1/
17
13
1=
#36911014
0+
#36914014
0)
#36916014
1+
#36918014
1)
0=
10
1>
1<
b0 N
1Q
1T
b0 L
1O
03
0R
07
1G
#36921014
0+
#36922014
0)
#36926014
1)
1+
0G
0>
1q
1S
b0 M
0?
0T
0<
1i
0Q
0O
#36930014
0)
#36931014
0+
#36934014
1)
#36936014
1+
0i
0q
#36938014
0)
#36941014
0+
#36942014
1)
1F
1Z
b10 Y
1}
b1000000000001 @
1D
1W
1J
0/
15
#36946014
0)
1+
#36950014
1)
05
0D
1O
1C
1G
1E
00
1V
0}
1I
1X
1K
0J
0W
#36951014
0+
#36954014
0)
#36956014
1+
#36958014
1)
0E
0S
0F
0G
0C
0O
0V
0Z
0I
0K
0X
#36961014
0+
#36962014
0)
#36966014
1)
1+
1q
1i
#36970014
0)
#36971014
0+
#36974014
1)
1=
1?
b1000000000001 9
1/
17
13
1R
#36976014
1+
0i
0q
#36978014
0)
#36981014
0+
#36982014
1)
1>
1G
0R
0=
1O
1<
10
1T
03
1Q
07
#36986014
1+
0)
#36990014
1)
0>
0?
1S
0<
0G
0O
0Q
0T
#36991014
0+
#36994014
0)
#36996014
1+
#36998014
1)
#37001014
0+
#37002014
0)
#37006014
1)
1+
1}
1D
1W
1q
15
1F
b100 Y
1i
b1000000000010 @
1J
0/
1Z
#37010014
0)
#37011014
0+
#37014014
1)
0D
1X
0}
1V
0W
1G
00
1E
05
1C
1O
1K
0J
1I
#37016014
0i
1+
0q
#37018014
0)
#37021014
0+
#37022014
1)
0Z
0I
0G
0X
0V
0E
0F
0S
0C
0K
0O
#37026014
0)
1+
#37030014
1)
#37031014
0+
#37034014
0)
#37036014
1+
#37038014
1)
17
1R
1?
1=
1/
b1000000000010 9
13
#37041014
0+
#37042014
0)
#37046014
1)
1+
1O
1i
1T
1G
1q
1>
03
0R
1<
10
07
0=
1Q
#37050014
0)
#37051014
0+
#37054014
1)
0Q
0?
0G
0O
0T
0<
0>
1S
#37056014
0i
1+
0q
#37058014
0)
#37061014
0+
#37062014
1)
#37066014
0)
1+
#37070014
1)
1F
1D
15
1W
1Z
1}
b1000 Y
1J
0/
b1000000000011 @
#37071014
0+
#37074014
0)
#37076014
1+
#37078014
1)
0}
00
0W
1G
05
0D
1I
1O
1E
1X
1V
1K
0J
1C
#37081014
0+
#37082014
0)
#37086014
1)
1+
0C
0X
0S
1q
0G
0F
0E
0Z
1i
0O
0I
0K
0V
#37090014
0)
#37091014
0+
#37094014
1)
#37096014
1+
0q
0i
#37098014
0)
#37101014
0+
#37102014
1)
1?
13
1R
1/
b1000000000011 9
17
1=
#37106014
1+
0)
#37110014
1)
03
1O
1Q
1<
10
0=
1T
1G
07
0R
1>
#37111014
0+
#37114014
0)
#37116014
1+
#37118014
1)
0>
0T
0Q
0O
1S
0<
0?
0G
#37121014
0+
#37122014
0)
#37126014
1)
1+
1q
1i
#37130014
0)
#37131014
0+
#37134014
1)
b1000000000000 @
15
1}
1W
1D
1F
1Z
0/
1J
b11 Y
b100000000 U
#37136014
1+
0q
0i
#37138014
0)
#37141014
0+
#37142014
1)
1V
1C
05
1G
1X
0D
0}
00
0W
1O
1E
1K
0J
1I
#37146014
0)
1+
#37150014
1)
0I
0O
0F
0C
0V
0X
0G
0S
0K
0E
0Z
#37151014
0+
#37154014
0)
#37156014
1+
#37158014
1)
#37161014
0+
#37162014
0)
#37166014
1)
1+
1q
13
1=
1i
1?
17
1R
b1000000000000 9
1/
#37170014
0)
#37171014
0+
#37174014
1)
0=
1G
1<
b100000000 L
1Q
1O
1>
1T
03
10
b100000000 N
0R
07
#37176014
1+
0q
0i
#37178014
0)
#37181014
0+
#37182014
1)
0O
0G
0Q
0<
b100000000 M
0T
0>
0?
1S
#37186014
1+
0)
#37190014
1)
#37191014
0+
#37194014
0)
#37196014
1+
#37198014
1)
0/
1Z
b10000000000000000 U
1F
15
b1000000000001 @
1W
1D
1}
b110 Y
1J
#37201014
0+
#37202014
0)
#37206014
1)
1+
0J
0D
1G
1i
00
1O
1I
0W
1V
1C
1X
05
1q
1E
0}
1K
#37210014
0)
#37211014
0+
#37214014
1)
0K
0X
0Z
0S
0F
0G
0C
0I
0O
0V
0E
#37216014
1+
0i
0q
#37218014
0)
#37221014
0+
#37222014
1)
#37226014
0)
1+
#37230014
1)
1/
1=
13
17
1R
1?
b1000000000001 9
#37231014
0+
#37234014
0)
#37236014
1+
#37238014
1)
03
10
1O
b10000000000000000 L
1T
0=
1G
1<
1Q
07
0R
1>
b10000000000000000 N
#37241014
0+
#37242014
0)
#37246014
1)
1+
0O
1S
1q
0<
0G
b10000000000000000 M
0T
0>
0?
1i
0Q
#37250014
0)
#37251014
0+
#37254014
1)
#37256014
1+
0q
0i
#37258014
0)
#37261014
0+
#37262014
1)
1J
1D
b1000000000000000000000000 U
1Z
0/
1F
1W
b1000000000010 @
b1100 Y
15
1}
#37266014
1+
0)
#37270014
1)
0}
0D
1X
1E
1K
0W
1O
0J
00
1G
1I
1C
05
1V
#37271014
0+
#37274014
0)
#37276014
1+
#37278014
1)
0V
0I
0O
0S
0X
0K
0E
0G
0Z
0F
0C
#37281014
0+
#37282014
0)
#37286014
1)
1+
1i
1q
#37290014
0)
#37291014
0+
#37294014
1)
b1000000000010 9
13
1/
1=
1R
17
1?
#37296014
1+
0q
0i
#37298014
0)
#37301014
0+
#37302014
1)
b1000000000000000000000000 N
1Q
1O
1G
b1000000000000000000000000 L
03
10
1<
1T
1>
07
0R
0=
#37306014
1+
0)
#37310014
1)
b1000000000000000000000000 M
1S
0Q
0?
0O
0G
0<
0>
0T
#37311014
0+
#37314014
0)
#37316014
1+
#37318014
1)
#37321014
0+
#37322014
0)
#37326014
1)
1+
1Z
1D
1i
1}
1W
0/
1J
b0 U
1q
b1000000000011 @
1F
15
b1000 Y
#37330014
0)
#37331014
0+
#37334014
1)
0J
1C
0}
1X
1V
1O
0D
1I
00
0W
1E
1K
05
1G
#37336014
1+
0i
0q
#37338014
0)
#37341014
0+
#37342014
1)
0G
0Z
0C
0E
0O
0V
0X
0I
0S
0K
0F
#37346014
0)
1+
#37350014
1)
#37351014
0+
#37354014
0)
#37356014
1+
#37358014
1)
1F
b1 Y
1D
1J
1}
1Z
1W
15
b1 U
b10000000001 A
b1000000000100 @
#37361014
0+
#37362014
0)
#37366014
1)
1+
1I
1q
0J
1O
0D
1G
1C
1E
0}
1X
1V
05
0W
1K
1i
#37370014
0)
#37371014
0+
#37374014
1)
0X
0Z
0G
0I
0F
0O
0C
0E
0K
0V
#37376014
0i
1+
0q
#37378014
0)
#37381014
0+
#37382014
1)
#37386014
0)
1+
#37390014
1)
1=
13
1?
1/
b1000000000011 9
1R
17
#37391014
0+
#37394014
0)
#37396014
1+
#37398014
1)
b0 N
1T
1G
07
0=
10
1O
03
b0 L
1Q
0R
1>
1<
#37401014
0+
#37402014
0)
#37406014
1)
1+
0<
1i
1q
b0 M
0G
0?
0T
0O
0>
0Q
1S
#37410014
0)
#37411014
0+
#37414014
1)
#37416014
1+
0q
0i
#37418014
0)
#37421014
0+
#37422014
1)
b10000000001 :
17
1?
13
1=
b1000000000100 9
1R
#37426014
1+
0)
#37430014
1)
03
1T
1<
b100000000110000001000000001 N
b100000000110000001000000001 L
0R
07
1G
1O
0=
1>
1Q
#37431014
0+
#37434014
0)
#37436014
1+
#37438014
1)
0Q
0<
0T
0?
b100000000110000001000000001 M
0>
0G
0O
#37441014
0+
#37442014
0)
#37446014
1)
1+
1q
1i
#37450014
0)
#37451014
0+
#37454014
1)
0/
1Z
b1000000000000 @
b111 Y
1D
1J
1}
1F
15
b10000000000 A
1W
b100000000100000000 U
#37456014
1+
0i
0q
#37458014
0)
#37461014
0+
#37462014
1)
0}
1O
1C
1I
1X
1V
0J
0D
00
0W
1G
1K
1E
05
#37466014
0)
1+
#37470014
1)
0I
0O
0C
0Z
0S
0V
0X
0E
0G
0F
0K
#37471014
0+
#37474014
0)
#37476014
1+
#37478014
1)
#37481014
0+
#37482014
0)
#37486014
1)
1+
1i
17
13
1/
1?
1q
1R
b10000000000 :
b1000000000000 9
1=
#37490014
0)
#37491014
0+
#37494014
1)
0=
0R
03
1Q
07
1O
1<
1T
b100000000100000000 N
b100000000100000000 L
10
1G
1>
#37496014
1+
0i
0q
#37498014
0)
#37501014
0+
#37502014
1)
0>
0Q
0T
0?
1S
0<
0O
0G
b100000000100000000 M
#37506014
0)
1+
#37510014
1)
#37511014
0+
#37514014
0)
#37516014
1+
#37518014
1)
b1110 Y
15
1D
1}
b1000000000001 @
b10000000010000000000000000 U
0/
1Z
1J
1F
1W
#37521014
0+
#37522014
0)
#37526014
1)
1+
0W
1C
1i
1K
0D
05
1I
1V
0}
1q
0J
1G
1E
1X
1O
00
#37530014
0)
#37531014
0+
#37534014
1)
0C
0Z
0K
0V
0I
0S
0O
0G
0F
0X
0E
#37536014
1+
0i
0q
#37538014
0)
#37541014
0+
#37542014
1)
#37546014
0)
1+
#37550014
1)
1=
13
1R
1/
17
1?
b1000000000001 9
#37551014
0+
#37554014
0)
#37556014
1+
#37558014
1)
10
1<
07
b10000000010000000000000000 N
0=
03
1Q
1>
0R
1T
1O
1G
b10000000010000000000000000 L
#37561014
0+
#37562014
0)
#37566014
1)
1+
1q
b10000000010000000000000000 M
0<
0>
0Q
0G
0?
1i
1S
0O
0T
#37570014
0)
#37571014
0+
#37574014
1)
#37576014
1+
0q
0i
#37578014
0)
#37581014
0+
#37582014
1)
1}
15
1W
b1100 Y
1D
0/
1Z
b1000000000000000000000000 U
b1000000000010 @
1J
1F
#37586014
0)
1+
#37590014
1)
1C
0W
0}
05
1I
00
1E
1K
1V
0D
0J
1X
1G
1O
#37591014
0+
#37594014
0)
#37596014
1+
#37598014
1)
0O
0V
0I
0F
0C
0K
0Z
0E
0G
0X
0S
#37601014
0+
#37602014
0)
#37606014
1)
1+
1i
1q
#37610014
0)
#37611014
0+
#37614014
1)
1Z
b10 U
15
1}
1W
1F
b1 Y
1J
1D
b1000000000100 @
b10000000001 A
#37616014
1+
0q
0i
#37618014
0)
#37621014
0+
#37622014
1)
05
1I
1O
1V
0W
0}
1K
1C
1X
0D
0J
1E
1G
#37626014
0)
1+
#37630014
1)
0G
0K
0F
0I
0Z
0V
0O
0E
0C
0X
#37631014
0+
#37634014
0)
#37636014
1+
#37638014
1)
#37641014
0+
#37642014
0)
#37646014
1)
1+
b1000000000010 9
17
1i
1R
1=
1/
13
1q
1?
#37650014
0)
#37651014
0+
#37654014
1)
1G
1T
07
b1000000000000000000000000 L
1>
0=
10
1<
b1000000000000000000000000 N
0R
03
1Q
1O
#37656014
1+
0i
0q
#37658014
0)
#37661014
0+
#37662014
1)
0?
1S
0G
0T
0O
0>
0<
b1000000000000000000000000 M
0Q
#37666014
0)
1+
#37670014
1)
#37671014
0+
#37674014
0)
#37676014
1+
#37678014
1)
17
1?
b1000000000100 9
1=
1R
13
b10000000001 :
#37681014
0+
#37682014
0)
#37686014
1)
1+
1Q
1q
b100000000110000001000000010 N
1<
07
1>
1G
b100000000110000001000000010 L
1O
1T
03
1i
0R
0=
#37690014
0)
#37691014
0+
#37694014
1)
0O
0Q
0<
0?
0G
0>
0T
b100000000110000001000000010 M
#37696014
1+
0q
0i
#37698014
0)
#37701014
0+
#37702014
1)
#37706014
0)
1+
#37710014
1)
0/
1F
15
b10000000000 A
b0 U
1}
1Z
1W
b1000000000011 @
b1000 Y
1D
1J
#37711014
0+
#37714014
0)
#37716014
1+
#37718014
1)
0J
05
1X
1V
1K
1G
0}
1O
1I
00
0D
0W
1C
1E
#37721014
0+
#37722014
0)
#37726014
1)
1+
0E
0I
0V
1i
0S
0X
0Z
0F
0O
0G
0K
0C
1q
#37730014
0)
#37731014
0+
#37734014
1)
#37736014
1+
0q
0i
#37738014
0)
#37741014
0+
#37742014
1)
1J
15
1F
1Z
b10000000001 A
1}
b1000000001 U
1D
1W
b11 Y
b1000000000100 @
#37746014
0)
1+
#37750014
1)
1G
1I
1X
1E
0}
1V
05
0J
1O
1C
1K
0W
0D
#37751014
0+
#37754014
0)
#37756014
1+
#37758014
1)
0E
0G
0X
0I
0V
0Z
0F
0O
0K
0C
#37761014
0+
#37762014
0)
#37766014
1)
1+
1i
1q
#37770014
0)
#37771014
0+
#37774014
1)
b10000000000 :
1=
b1000000000011 9
1/
1?
17
1R
13
#37776014
1+
0q
0i
#37778014
0)
#37781014
0+
#37782014
1)
0=
1G
b0 N
03
b0 L
1Q
1<
0R
10
1>
07
1O
1T
#37786014
0)
1+
#37790014
1)
0T
0Q
0?
b0 M
0G
1S
0O
0<
0>
#37791014
0+
#37794014
0)
#37796014
1+
#37798014
1)
#37801014
0+
#37802014
0)
#37806014
1)
1+
1i
1?
1=
1q
b10000000001 :
b1000000000100 9
13
1R
17
#37810014
0)
#37811014
0+
#37814014
1)
07
1>
1G
1Q
1T
0=
b100000000110000001000000001 L
b100000000110000001000000001 N
0R
1<
03
1O
#37816014
1+
0i
0q
#37818014
0)
#37821014
0+
#37822014
1)
0O
0Q
0>
b100000000110000001000000001 M
0G
0?
0T
0<
#37826014
0)
1+
#37830014
1)
#37831014
0+
#37834014
0)
#37836014
1+
#37838014
1)
b1000000000000 @
1D
1J
1Z
1}
b10000000000 A
0/
15
b1111 Y
1W
b11000000100000000100000000 U
1F
#37841014
0+
#37842014
0)
#37846014
1)
1+
1O
1i
1C
0D
1E
0}
1G
1V
0J
1q
1I
1X
05
1K
0W
00
#37850014
0)
#37851014
0+
#37854014
1)
0I
0O
0F
0C
0E
0Z
0G
0V
0X
0S
0K
#37856014
1+
0i
0q
#37858014
0)
#37861014
0+
#37862014
1)
#37866014
0)
1+
#37870014
1)
1/
1?
17
b1000000000000 9
b10000000000 :
1=
1R
13
#37871014
0+
#37874014
0)
#37876014
1+
#37878014
1)
03
10
1O
1<
1G
1Q
1>
b11000000100000000100000000 L
07
0R
1T
b11000000100000000100000000 N
0=
#37881014
0+
#37882014
0)
#37886014
1)
1+
1i
b11000000100000000100000000 M
0Q
0?
0G
0<
0O
0>
1q
0T
1S
#37890014
0)
#37891014
0+
#37894014
1)
#37896014
1+
0i
0q
#37898014
0)
#37901014
0+
#37902014
1)
b1000000000001 @
0/
1Z
1F
1}
1D
1J
b10000000010000000000000000 U
1W
15
b1110 Y
#37906014
0)
1+
#37910014
1)
1K
1I
1G
0D
00
0}
1O
1E
1C
05
0J
1V
0W
1X
#37911014
0+
#37914014
0)
#37916014
1+
#37918014
1)
0X
0E
0S
0G
0I
0K
0O
0Z
0F
0C
0V
#37921014
0+
#37922014
0)
#37926014
1)
1+
1q
1i
#37930014
0)
#37931014
0+
#37934014
1)
1Z
b1 Y
b10000000001 A
1D
b1000000000100 @
1}
1W
15
1F
1J
b11 U
#37936014
1+
0i
0q
#37938014
0)
#37941014
0+
#37942014
1)
1X
1G
1V
1E
0D
1I
1O
1K
0J
0}
1C
05
0W
#37946014
1+
0)
#37950014
1)
0G
0O
0X
0I
0E
0V
0Z
0K
0C
0F
#37951014
0+
#37954014
0)
#37956014
1+
#37958014
1)
#37961014
0+
#37962014
0)
#37966014
1)
1+
1=
1q
13
1?
1/
b1000000000001 9
17
1i
1R
#37970014
0)
#37971014
0+
#37974014
1)
0R
b10000000010000000000000000 L
1>
0=
1G
1Q
1<
1O
03
10
07
1T
b10000000010000000000000000 N
#37976014
1+
0q
0i
#37978014
0)
#37981014
0+
#37982014
1)
0>
1S
b10000000010000000000000000 M
0O
0G
0?
0<
0Q
0T
#37986014
0)
1+
#37990014
1)
#37991014
0+
#37994014
0)
#37996014
1+
#37998014
1)
b10000000001 :
13
1=
1R
1?
b1000000000100 9
17
#38001014
0+
#38002014
0)
#38006014
1)
1+
07
0R
b100000000110000001000000011 N
03
1T
1<
1>
1i
b100000000110000001000000011 L
0=
1G
1O
1Q
1q
#38010014
0)
#38011014
0+
#38014014
1)
0G
0>
0<
0T
b100000000110000001000000011 M
0Q
0O
0?
#38016014
1+
0q
0i
#38018014
0)
#38021014
0+
#38022014
1)
#38026014
0)
1+
#38030014
1)
b1000000000000000000000000 U
b1000000000010 @
0/
1W
1F
b1100 Y
1D
b10000000000 A
1J
15
1Z
1}
#38031014
0+
#38034014
0)
#38036014
1+
#38038014
1)
0}
0D
1V
1G
1E
1X
1I
0W
1O
1C
05
1K
0J
00
#38041014
0+
#38042014
0)
#38046014
1)
1+
1q
0I
0X
0G
1i
0V
0S
0E
0F
0Z
0K
0O
0C
#38050014
0)
#38051014
0+
#38054014
1)
#38056014
1+
0q
0i
#38058014
0)
#38061014
0+
#38062014
1)
1D
b1000000000100 @
b1100000010 U
1}
b11 Y
1J
1W
b10000000001 A
1F
1Z
15
#38066014
0)
1+
#38070014
1)
05
0}
1C
0D
1E
1G
1I
1X
1V
0J
1O
1K
0W
#38071014
0+
#38074014
0)
#38076014
1+
#38078014
1)
0X
0C
0I
0E
0G
0K
0V
0Z
0O
0F
#38081014
0+
#38082014
0)
#38086014
1)
1+
1i
1q
#38090014
0)
#38091014
0+
#38094014
1)
1R
1/
17
1?
b10000000000 :
13
1=
b1000000000010 9
#38096014
1+
0q
0i
#38098014
0)
#38101014
0+
#38102014
1)
03
1T
10
1>
07
0R
b1000000000000000000000000 N
1<
b1000000000000000000000000 L
0=
1O
1G
1Q
#38106014
1+
0)
#38110014
1)
0Q
0<
0?
0>
0T
1S
0G
b1000000000000000000000000 M
0O
#38111014
0+
#38114014
0)
#38116014
1+
#38118014
1)
#38121014
0+
#38122014
0)
#38126014
1)
1+
13
1q
1?
17
b10000000001 :
1R
b1000000000100 9
1i
1=
#38130014
0)
#38131014
0+
#38134014
1)
0=
1O
1T
03
1<
1Q
0R
1>
b100000000110000001100000010 N
07
b100000000110000001100000010 L
1G
#38136014
1+
0q
0i
#38138014
0)
#38141014
0+
#38142014
1)
0G
0T
0O
0>
0Q
0<
0?
b100000000110000001100000010 M
#38146014
0)
1+
#38150014
1)
#38151014
0+
#38154014
0)
#38156014
1+
#38158014
1)
1F
1W
b1000000000011 @
1}
15
0/
1D
b0 U
b1000 Y
1Z
b10000000000 A
1J
#38161014
0+
#38162014
0)
#38166014
1)
1+
0J
0D
1i
1E
0}
0W
1G
00
05
1I
1X
1O
1C
1q
1K
1V
#38170014
0)
#38171014
0+
#38174014
1)
0V
0O
0E
0F
0X
0G
0I
0K
0C
0S
0Z
#38176014
1+
0i
0q
#38178014
0)
#38181014
0+
#38182014
1)
#38186014
0)
1+
#38190014
1)
1W
1D
1J
1Z
b1000000000100 @
1}
15
1F
b10000000001 A
b111 Y
b110000001000000001 U
#38191014
0+
#38194014
0)
#38196014
1+
#38198014
1)
05
1O
0J
0D
1G
0W
1V
0}
1X
1E
1K
1I
1C
#38201014
0+
#38202014
0)
#38206014
1)
1+
0C
0G
1q
0Z
0X
0O
0V
0I
0E
1i
0K
0F
#38210014
0)
#38211014
0+
#38214014
1)
#38216014
1+
0q
0i
#38218014
0)
#38221014
0+
#38222014
1)
1=
b1000000000011 9
13
1/
1R
b10000000000 :
1?
17
#38226014
0)
1+
#38230014
1)
07
0R
1O
0=
b0 N
1<
1G
10
1T
1Q
03
1>
b0 L
#38231014
0+
#38234014
0)
#38236014
1+
#38238014
1)
b0 M
0O
0Q
0G
0<
0T
0>
0?
1S
#38241014
0+
#38242014
0)
#38246014
1)
1+
1i
1q
#38250014
0)
#38251014
0+
#38254014
1)
1R
13
17
1=
b1000000000100 9
1?
b10000000001 :
#38256014
0q
1+
0i
#38258014
0)
#38261014
0+
#38262014
0=
b100000000110000001000000001 L
03
b100000000110000001000000001 N
0R
1<
07
1O
1G
1Q
1)
1T
1>
#38266014
1+
0)
#38270014
1)
0>
0G
0O
b100000000110000001000000001 M
0<
0Q
0?
0T
#38271014
0+
#38274014
0)
#38276014
1+
#38278014
1)
#38281014
0+
#38282014
0)
#38286014
1)
1+
1q
b11000000100000000100000000 U
1i
1Z
1F
1J
1D
15
1}
1W
0/
b1000000000000 @
b1111 Y
b10000000000 A
#38290014
0)
#38291014
0+
#38294014
1)
1C
0J
0W
05
1O
0D
1X
0}
1G
00
1V
1I
1E
1K
#38296014
1+
0q
0i
#38298014
0)
#38301014
0+
#38302014
1)
0S
0G
0K
0F
0Z
0C
0X
0O
0E
0I
0V
#38306014
1+
0)
#38310014
1)
#38311014
0+
#38314014
0)
#38316014
1+
#38318014
1)
b10000000001 A
b100 U
1}
15
1W
1J
1Z
1F
1D
b1 Y
b1000000000100 @
#38321014
0+
#38322014
0)
#38326014
1)
1+
1V
1q
1K
1i
1X
1G
0}
1C
0J
05
0W
1I
0D
1E
1O
#38330014
0)
#38331014
0+
#38334014
1)
0O
0V
0K
0F
0X
0Z
0C
0G
0E
0I
#38336014
1+
0i
0q
#38338014
0)
#38341014
0+
#38342014
1)
#38346014
0)
1+
#38350014
1)
b10000000000 :
1/
1=
13
1R
17
1?
b1000000000000 9
#38351014
0+
#38354014
0)
#38356014
1+
#38358014
1)
0R
b11000000100000000100000000 N
b11000000100000000100000000 L
1O
03
1>
0=
10
1T
1<
07
1Q
1G
#38361014
0+
#38362014
0)
#38366014
1)
1+
0G
b11000000100000000100000000 M
1q
0>
1i
1S
0O
0Q
0?
0T
0<
#38370014
0)
#38371014
0+
#38374014
1)
#38376014
1+
0q
0i
#38378014
0)
#38381014
0+
#38382014
1)
b1000000000100 9
1R
b10000000001 :
13
1=
1?
17
#38386014
0)
1+
#38390014
1)
07
1>
b100000000110000001000000100 N
1G
1<
0R
b100000000110000001000000100 L
1T
1O
0=
03
1Q
#38391014
0+
#38394014
0)
#38396014
1+
#38398014
1)
0Q
0>
b100000000110000001000000100 M
0<
0G
0?
0T
0O
#38401014
0+
#38402014
0)
#38406014
1)
1+
1q
1i
#38410014
0)
#38411014
0+
#38414014
1)
b1000000000001 @
0/
15
1Z
1J
b10000000000 A
b10000000010000000000000000 U
1F
1}
b1110 Y
1D
1W
#38416014
1+
0q
0i
#38418014
0)
#38421014
0+
#38422014
1)
0W
1O
1C
1V
1I
05
1K
0J
1X
0D
00
1E
0}
1G
#38426014
1+
0)
#38430014
1)
0G
0S
0C
0F
0O
0K
0V
0Z
0I
0X
0E
#38431014
0+
#38434014
0)
#38436014
1+
#38438014
1)
#38441014
0+
#38442014
0)
#38446014
1)
1+
1Z
1J
1W
1q
b1000000000100 @
1F
1i
b10000000011 U
15
b10000000001 A
1}
1D
b11 Y
#38450014
0)
#38451014
0+
#38454014
1)
05
0W
1E
0J
1C
1G
1O
1V
1K
0D
1X
0}
1I
#38456014
1+
0q
0i
#38458014
0)
#38461014
0+
#38462014
1)
0V
0E
0Z
0O
0C
0I
0G
0F
0K
0X
#38466014
0)
1+
#38470014
1)
#38471014
0+
#38474014
0)
#38476014
1+
#38478014
1)
1R
b10000000000 :
17
b1000000000001 9
1/
13
1=
1?
#38481014
0+
#38482014
0)
#38486014
1)
1+
1G
1q
b10000000010000000000000000 N
1Q
0R
1<
07
1>
1i
1O
0=
b10000000010000000000000000 L
1T
03
10
#38490014
0)
#38491014
0+
#38494014
1)
0Q
0?
1S
0G
0>
0<
b10000000010000000000000000 M
0O
0T
#38496014
1+
0i
0q
#38498014
0)
#38501014
0+
#38502014
1)
#38506014
0)
1+
#38510014
1)
1?
b10000000001 :
b1000000000100 9
1R
17
13
1=
#38511014
0+
#38514014
0)
#38516014
1+
#38518014
1)
0=
1<
0R
b100000000110000010000000011 N
1T
1Q
1>
1G
03
07
1O
b100000000110000010000000011 L
#38521014
0+
#38522014
0)
#38526014
1)
1+
1q
0>
0<
0?
1i
0Q
0T
0O
0G
b100000000110000010000000011 M
#38530014
0)
#38531014
0+
#38534014
1)
#38536014
1+
0q
0i
#38538014
0)
#38541014
0+
#38542014
1)
b1100 Y
1J
1W
15
b1000000000010 @
b1000000000000000000000000 U
1Z
1}
b10000000000 A
1F
0/
1D
#38546014
0)
1+
#38550014
1)
0D
1X
00
0J
1V
0W
1I
1E
05
1C
1G
1K
1O
0}
#38551014
0+
#38554014
0)
#38556014
1+
#38558014
1)
0X
0E
0V
0S
0I
0O
0C
0Z
0K
0F
0G
#38561014
0+
#38562014
0)
#38566014
1)
1+
1q
1i
#38570014
0)
#38571014
0+
#38574014
1)
1}
15
b1000000001100000010 U
1D
b111 Y
b1000000000100 @
1J
1W
1F
1Z
b10000000001 A
#38576014
1+
0q
0i
#38578014
0)
#38581014
0+
#38582014
1)
05
0J
0}
1G
0D
1V
1X
1E
1O
1I
1C
0W
1K
#38586014
0)
1+
#38590014
1)
0K
0X
0V
0G
0E
0Z
0C
0F
0I
0O
#38591014
0+
#38594014
0)
#38596014
1+
#38598014
1)
#38601014
0+
#38602014
0)
#38606014
1)
1+
1q
1R
1=
b1000000000010 9
1i
b10000000000 :
1?
13
1/
17
#38610014
0)
#38611014
0+
#38614014
1)
07
1O
b1000000000000000000000000 N
b1000000000000000000000000 L
10
1<
1Q
1>
0R
0=
1G
1T
03
#38616014
1+
0q
0i
#38618014
0)
#38621014
0+
#38622014
1)
0<
1S
0O
b1000000000000000000000000 M
0>
0Q
0T
0?
0G
#38626014
0)
1+
#38630014
1)
#38631014
0+
#38634014
0)
#38636014
1+
#38638014
1)
13
17
1R
b10000000001 :
b1000000000100 9
1?
1=
#38641014
0+
#38642014
0)
#38646014
1)
1+
0=
07
1>
1q
1G
1<
03
b100000001000000001100000010 L
b100000001000000001100000010 N
0R
1i
1O
1Q
1T
#38650014
0)
#38651014
0+
#38654014
1)
0T
0<
0G
0>
b100000001000000001100000010 M
0Q
0?
0O
#38656014
0i
1+
0q
#38658014
0)
#38661014
0+
#38662014
1)
#38666014
0)
1+
#38670014
1)
b10000000000 A
b0 U
15
b1000000000011 @
1}
1J
1D
b1000 Y
1W
0/
1F
1Z
#38671014
0+
#38674014
0)
#38676014
1+
#38678014
1)
0D
1V
1O
00
0J
05
1K
1X
1G
0}
1I
1E
0W
1C
#38681014
0+
#38682014
0)
#38686014
1)
1+
0C
0V
1q
0S
0Z
0G
1i
0X
0O
0K
0F
0E
0I
#38690014
0)
#38691014
0+
#38694014
1)
#38696014
1+
0q
0i
#38698014
0)
#38701014
0+
#38702014
1)
1Z
b10000000001 A
1D
15
1J
b100000000110000001000000001 U
b1000000000100 @
1W
b1111 Y
1F
1}
#38706014
1+
0)
#38710014
1)
0}
1O
1V
1C
1I
0J
0D
1G
05
1X
1E
0W
1K
#38711014
0+
#38714014
0)
#38716014
1+
#38718014
1)
0K
0Z
0V
0O
0G
0I
0C
0F
0E
0X
#38721014
0+
#38722014
0)
#38726014
1)
1+
1q
1i
#38730014
0)
#38731014
0+
#38734014
1)
13
17
1=
b10000000000 :
1R
b1000000000011 9
1?
1/
#38736014
0q
1+
0i
#38738014
0)
#38741014
0+
#38742014
1)
1<
07
03
1>
1T
1G
b0 L
1O
10
0=
b0 N
0R
1Q
#38746014
1+
0)
#38750014
1)
0Q
0<
1S
0G
0T
0>
0O
0?
b0 M
#38751014
0+
#38754014
0)
#38756014
1+
#38758014
1)
#38761014
0+
#38762014
0)
#38766014
1)
1+
13
b10000000001 :
1i
1=
17
1q
1?
1R
b1000000000100 9
#38770014
0)
#38771014
0+
#38774014
1)
07
03
1>
1Q
0=
1T
1<
1G
b100000000110000001000000001 L
0R
1O
b100000000110000001000000001 N
#38776014
0i
1+
0q
#38778014
0)
#38781014
0+
#38782014
b100000000110000001000000001 M
0G
0<
0Q
0>
0T
1)
0O
0?
#38786014
1+
0)
#38790014
1)
#38791014
0+
#38794014
0)
#38796014
1+
#38798014
15
1}
0/
1Z
b11000000100000000100000000 U
b10000000000 A
1D
1J
1)
b1000000000000 @
1W
1F
#38801014
0+
#38802014
0)
#38806014
1)
0D
1i
1X
05
1I
0}
1K
1q
1V
1G
00
1+
0W
0J
1E
1O
1C
#38810014
0)
#38811014
0+
#38814014
0C
0G
0F
0I
0X
0V
0S
0K
0Z
1)
0O
0E
#38816014
1+
0i
0q
#38818014
0)
#38821014
0+
#38822014
1)
#38826014
0)
1+
#38830014
1)
1}
1F
1D
15
b10000000001 A
b10100000100 U
1Z
1W
b1000000000100 @
1J
b11 Y
#38831014
0+
#38834014
0)
#38836014
1+
#38838014
1)
1K
1E
0}
1C
1G
05
1X
1I
0D
1V
0J
1O
0W
#38841014
0+
#38842014
0)
#38846014
1)
1+
0F
0E
0K
0I
0G
1i
0C
0X
0O
1q
0V
0Z
#38850014
0)
#38851014
0+
#38854014
1)
#38856014
1+
0i
0q
#38858014
0)
#38861014
0+
#38862014
1)
1?
13
1/
b1000000000000 9
17
b10000000000 :
1=
1R
#38866014
1+
0)
#38870014
1)
0R
1>
03
b11000000100000000100000000 N
07
1Q
1<
1G
0=
b11000000100000000100000000 L
10
1T
1O
#38871014
0+
#38874014
0)
#38876014
1+
#38878014
1)
0O
0>
0?
0<
0Q
b11000000100000000100000000 M
1S
0T
0G
#38881014
0+
#38882014
0)
#38886014
1)
1+
1q
1i
#38890014
0)
#38891014
0+
#38894014
1)
b10000000001 :
b1000000000100 9
1R
1?
13
17
1=
#38896014
1+
0i
0q
#38898014
0)
#38901014
0+
#38902014
1)
1>
1G
03
1O
0=
1<
0R
1Q
b100000000110000010100000100 N
07
b100000000110000010100000100 L
1T
#38906014
1+
0)
#38910014
1)
0T
0G
b100000000110000010100000100 M
0Q
0>
0?
0<
0O
#38911014
0+
#38914014
0)
#38916014
1+
#38918014
1)
#38921014
0+
#38922014
0)
#38926014
1)
1+
1W
b10000000000 A
1Z
1q
1}
b1110 Y
1D
0/
1F
15
1i
b10000000010000000000000000 U
b1000000000001 @
1J
#38930014
0)
#38931014
0+
#38934014
1)
0J
1O
0D
0W
1G
0}
1C
1I
1E
1K
05
1X
00
1V
#38936014
1+
0q
0i
#38938014
0)
#38941014
0+
#38942014
1)
0V
0F
0Z
0G
0E
0O
0I
0C
0K
0S
0X
#38946014
1+
0)
#38950014
1)
#38951014
0+
#38954014
0)
#38956014
1+
#38958014
1)
1J
b10000000001 A
1Z
b111 Y
1F
1W
1D
1}
b1000000000100 @
15
b1010000010000000011 U
#38961014
0+
#38962014
0)
#38966014
1)
1+
1V
1i
1X
1I
1G
0D
0J
0W
1O
1E
05
1C
1q
0}
1K
#38970014
0)
#38971014
0+
#38974014
1)
0K
0O
0F
0G
0V
0I
0X
0Z
0E
0C
#38976014
1+
0i
0q
#38978014
0)
#38981014
0+
#38982014
1)
#38986014
0)
1+
#38990014
1)
b10000000000 :
1/
1R
13
b1000000000001 9
1?
1=
17
#38991014
0+
#38994014
0)
#38996014
1+
#38998014
1)
1<
1O
1G
1T
07
03
1Q
0R
1>
0=
b10000000010000000000000000 N
b10000000010000000000000000 L
10
#39001014
0+
#39002014
0)
#39006014
1)
1+
0O
0?
b10000000010000000000000000 M
1q
0<
0Q
0G
0T
0>
1S
1i
#39010014
0)
#39011014
0+
#39014014
1)
#39016014
1+
0i
0q
#39018014
0)
#39021014
0+
#39022014
1)
1?
1R
b1000000000100 9
b10000000001 :
13
17
1=
#39026014
0)
1+
#39030014
1)
0=
1G
1O
03
1Q
0R
1<
07
1T
b100000001010000010000000011 L
1>
b100000001010000010000000011 N
#39031014
0+
#39034014
0)
#39036014
1+
#39038014
1)
0G
b100000001010000010000000011 M
0Q
0?
0O
0>
0<
0T
#39041014
0+
#39042014
0)
#39046014
1)
1+
1i
1q
#39050014
0)
#39051014
0+
#39054014
1)
b1000000000000000000000000 U
b1100 Y
1F
b10000000000 A
1W
1J
1D
0/
15
1}
1Z
b1000000000010 @
#39056014
0i
1+
0q
#39058014
0)
#39061014
0+
#39062014
1)
00
1C
1X
1I
1K
0D
1V
0J
0W
1G
1O
0}
1E
05
#39066014
0)
1+
#39070014
1)
0K
0C
0I
0X
0V
0F
0E
0Z
0S
0G
0O
#39071014
0+
#39074014
0)
#39076014
1+
#39078014
1)
#39081014
0+
#39082014
0)
#39086014
1)
1+
1q
b1111 Y
15
1W
b1000000000100 @
b101000001000000001100000010 U
1i
1J
b10000000001 A
1D
1F
1}
1Z
#39090014
0)
#39091014
0+
#39094014
1)
1O
1C
0W
05
1K
1V
0J
1I
1X
0}
1G
1E
0D
#39096014
1+
0q
0i
#39098014
0)
#39101014
0+
#39102014
1)
0Z
0I
0C
0O
0V
0K
0E
0X
0G
0F
#39106014
1+
0)
#39110014
1)
#39111014
0+
#39114014
0)
#39116014
1+
#39118014
1)
1?
1R
1=
b1000000000010 9
13
b10000000000 :
17
1/
#39121014
0+
#39122014
0)
#39126014
1)
1+
b1000000000000000000000000 N
1q
10
03
1T
1Q
1i
0=
0R
1O
07
1G
1<
b1000000000000000000000000 L
1>
#39130014
0)
#39131014
0+
#39134014
1)
0>
0?
b1000000000000000000000000 M
0Q
0T
0O
0<
1S
0G
#39136014
1+
0q
0i
#39138014
0)
#39141014
0+
#39142014
1)
#39146014
0)
1+
#39150014
1)
1R
13
b1000000000100 9
1?
1=
17
b10000000001 :
#39151014
0+
#39154014
0)
#39156014
1+
#39158014
1)
1G
1Q
b101000001000000001100000010 N
03
0R
1>
07
0=
b101000001000000001100000010 L
1<
1T
1O
#39161014
0+
#39162014
0)
#39166014
1)
1+
0O
0?
1q
0G
1i
b101000001000000001100000010 M
0Q
0T
0>
0<
#39170014
0)
#39171014
0+
#39174014
1)
#39176014
1+
0i
0q
#39178014
0)
#39181014
0+
#39182014
1)
1D
b10000000000 A
1F
0/
15
b1000 Y
1Z
1W
1J
b0 U
b1000000000011 @
1}
#39186014
1+
0)
#39190014
1)
0}
1I
0D
00
05
1V
1O
0J
0W
1C
1G
1K
1E
1X
#39191014
0+
#39194014
0)
#39196014
1+
#39198014
1)
0X
0C
0I
0F
0O
0V
0Z
0E
0S
0K
0G
#39201014
0+
#39202014
0)
#39206014
1)
1+
1q
1i
#39210014
0)
#39211014
0+
#39214014
1)
b100000000110000001000000001 U
b10000000001 A
15
1}
b1111 Y
1D
1W
1F
1J
1Z
b1000000000100 @
#39216014
1+
0i
0q
#39218014
0)
#39221014
0+
#39222014
1)
1G
1C
0}
05
1V
1X
0W
1O
1I
0D
0J
1K
1E
#39226014
0)
1+
#39230014
1)
0E
0I
0F
0C
0G
0O
0X
0V
0K
0Z
#39231014
0+
#39234014
0)
#39236014
1+
#39238014
1)
#39241014
0+
#39242014
0)
#39246014
1)
1+
1Z
1F
1i
15
b10000000010 A
b101 U
1}
1q
b1 Y
1W
b1000000001000 @
1D
1J
#39250014
0)
#39251014
0+
#39254014
1)
0J
0W
1X
05
1I
1E
1G
1O
1C
0}
0D
1K
1V
#39256014
1+
0i
0q
#39258014
0)
#39261014
0+
#39262014
1)
0V
0C
0F
0Z
0X
0E
0I
0O
0G
0K
#39266014
0)
1+
#39270014
1)
#39271014
0+
#39274014
0)
#39276014
1+
#39278014
1)
1?
1R
1/
13
b1000000000011 9
b10000000000 :
17
1=
#39281014
0+
#39282014
0)
#39286014
1)
1+
0=
1O
1i
1<
10
03
0R
1q
b0 N
07
1G
1>
1Q
b0 L
1T
#39290014
0)
#39291014
0+
#39294014
1)
0T
b0 M
0O
0?
0<
0G
0Q
0>
1S
#39296014
1+
0q
0i
#39298014
0)
#39301014
0+
#39302014
1)
#39306014
0)
1+
#39310014
1)
1?
1=
b1000000000100 9
1R
13
17
b10000000001 :
#39311014
0+
#39314014
0)
#39316014
1+
#39318014
1)
0R
1T
1O
0=
07
1>
b100000000110000001000000001 L
b100000000110000001000000001 N
03
1Q
1<
1G
#39321014
0+
#39322014
0)
#39326014
1)
1+
0G
0?
1i
b100000000110000001000000001 M
0O
1q
0T
0<
0>
0Q
#39330014
0)
#39331014
0+
#39334014
1)
#39336014
1+
0q
0i
#39338014
0)
#39341014
0+
#39342014
1)
1?
b10000000010 :
b1000000001000 9
1R
17
1=
13
#39346014
0)
1+
#39350014
1)
03
1Q
1G
1O
0=
0R
1>
1T
07
1<
b10101010101010100000011000000101 L
b10101010101010100000011000000101 N
#39351014
0+
#39354014
0)
#39356014
1+
#39358014
1)
0G
b10101010101010100000011000000101 M
0Q
0?
0O
0<
0>
0T
#39361014
0+
#39362014
0)
#39366014
1)
1+
1i
1q
#39370014
0)
#39371014
0+
#39374014
1)
15
1F
b10000000000 A
1W
1J
1Z
b11000000100000000100000000 U
b1111 Y
0/
1}
1D
b1000000000000 @
#39376014
1+
0q
0i
#39378014
0)
#39381014
0+
#39382014
1)
1K
1V
1C
05
0J
0W
1I
00
1G
1E
1X
0D
0}
1O
#39386014
1+
0)
#39390014
1)
0O
0V
0S
0E
0K
0F
0G
0C
0Z
0I
0X
#39391014
0+
#39394014
0)
#39396014
1+
#39398014
1)
#39401014
0+
#39402014
0)
#39406014
1)
1+
1Z
1q
1i
b111 Y
b10000000001 A
b1000000000100 @
1J
b1100000010100000100 U
15
1F
1W
1}
1D
#39410014
0)
#39411014
0+
#39414014
1)
0D
1X
1E
1V
1O
05
1K
1C
0J
1G
0}
0W
1I
#39416014
1+
0q
0i
#39418014
0)
#39421014
0+
#39422014
1)
0F
0E
0Z
0I
0X
0C
0O
0V
0K
0G
#39426014
0)
1+
#39430014
1)
#39431014
0+
#39434014
0)
#39436014
1+
#39438014
1)
13
b1000000000000 9
b10000000000 :
1/
1R
1=
17
1?
#39441014
0+
#39442014
0)
#39446014
1)
1+
1G
1q
1Q
b11000000100000000100000000 N
1i
1T
03
1O
10
07
1>
b11000000100000000100000000 L
0=
1<
0R
#39450014
0)
#39451014
0+
#39454014
1)
0O
0?
0G
0Q
1S
b11000000100000000100000000 M
0T
0<
0>
#39456014
0q
1+
0i
#39458014
0)
#39461014
0+
#39462014
1)
#39466014
0)
1+
#39470014
1)
1R
1?
b1000000000100 9
13
17
b10000000001 :
1=
#39471014
0+
#39474014
0)
#39476014
1+
#39478014
1)
0=
1>
b100000001100000010100000100 N
1G
1O
0R
1Q
03
1<
07
1T
b100000001100000010100000100 L
#39481014
0+
#39482014
0)
#39486014
1)
1+
1i
b100000001100000010100000100 M
0G
0>
0O
1q
0?
0T
0Q
0<
#39490014
0)
#39491014
0+
#39494014
1)
#39496014
1+
0q
0i
#39498014
0)
#39501014
0+
#39502014
1)
1J
1Z
b1110 Y
1F
1D
b10000000000 A
b1000000000001 @
15
b10000000010000000000000000 U
0/
1}
1W
#39506014
0)
1+
#39510014
1)
0W
05
1V
0J
1E
1X
1O
1I
1G
1C
0D
0}
00
1K
#39511014
0+
#39514014
0)
#39516014
1+
#39518014
1)
0K
0C
0V
0Z
0G
0X
0F
0S
0E
0I
0O
#39521014
0+
#39522014
0)
#39526014
1)
1+
1i
1q
#39530014
0)
#39531014
0+
#39534014
1)
b1111 Y
1W
15
1Z
b1000000000100 @
1J
b10000000001 A
1F
1}
1D
b110000001010000010000000011 U
#39536014
0q
1+
0i
#39538014
0)
#39541014
0+
#39542014
1)
1C
1O
1I
1K
0J
05
1X
1V
0W
1G
1E
0D
0}
#39546014
0)
1+
#39550014
1)
0G
0O
0C
0V
0K
0I
0X
0Z
0F
0E
#39551014
0+
#39554014
0)
#39556014
1+
#39558014
1)
#39561014
0+
#39562014
0)
#39566014
1)
1+
1=
1R
1i
b1000000000001 9
1q
1?
b10000000000 :
13
1/
17
#39570014
0)
#39571014
0+
#39574014
1)
07
1<
1G
b10000000010000000000000000 L
0R
0=
b10000000010000000000000000 N
1O
1>
10
1Q
03
1T
#39576014
1+
0i
0q
#39578014
0)
#39581014
0+
#39582014
1)
0T
0O
b10000000010000000000000000 M
0G
0<
1S
0>
0Q
0?
#39586014
0)
1+
#39590014
1)
#39591014
0+
#39594014
0)
#39596014
1+
#39598014
1)
1?
17
b1000000000100 9
1R
1=
13
b10000000001 :
#39601014
0+
#39602014
0)
#39606014
1)
1+
0R
1<
1q
07
1O
1T
b110000001010000010000000011 L
1G
b110000001010000010000000011 N
03
1Q
1i
0=
1>
#39610014
0)
#39611014
0+
#39614014
1)
0>
0G
0?
0O
b110000001010000010000000011 M
0<
0T
0Q
#39616014
1+
0q
0i
#39618014
0)
#39621014
0+
#39622014
1)
#39626014
0)
1+
#39630014
1)
b1100 Y
1}
b1000000000000000000000000 U
b10000000000 A
1W
1J
15
b1000000000010 @
1F
0/
1D
1Z
#39631014
0+
#39634014
0)
#39636014
1+
#39638014
1)
0}
1G
1E
1O
05
1X
0J
1I
1V
1C
0W
1K
0D
00
#39641014
0+
#39642014
0)
#39646014
1)
1+
0Z
0O
1i
0E
0G
0C
0X
0V
0I
0F
1q
0K
0S
#39650014
0)
#39651014
0+
#39654014
1)
#39656014
1+
0i
0q
#39658014
0)
#39661014
0+
#39662014
1)
1W
1}
1Z
b1111 Y
15
b10000000001 A
1J
b101000001000000001100000010 U
1D
b1000000000100 @
1F
#39666014
1+
0)
#39670014
1)
0}
1V
0J
1O
0W
05
1X
1E
1C
1G
1I
0D
1K
#39671014
0+
#39674014
0)
#39676014
1+
#39678014
1)
0K
0F
0C
0V
0E
0O
0Z
0X
0I
0G
#39681014
0+
#39682014
0)
#39686014
1)
1+
1q
1i
#39690014
0)
#39691014
0+
#39694014
1)
1F
1J
1Z
1}
1W
b10000000010 A
b1 Y
15
b1000000001000 @
b110 U
1D
#39696014
1+
0i
0q
#39698014
0)
#39701014
0+
#39702014
1)
1G
0J
0D
1K
0}
1O
1V
1C
0W
1E
05
1I
1X
#39706014
1+
0)
#39710014
1)
0X
0G
0F
0C
0K
0Z
0V
0O
0I
0E
#39711014
0+
#39714014
0)
#39716014
1+
#39718014
1)
#39721014
0+
#39722014
0)
#39726014
1)
1+
1R
b10000000000 :
1q
1?
17
b1000000000010 9
1i
13
1=
1/
#39730014
0)
#39731014
0+
#39734014
1)
07
1Q
10
1>
0R
1<
1G
b1000000000000000000000000 L
0=
b1000000000000000000000000 N
1O
03
1T
#39736014
1+
0q
0i
#39738014
0)
#39741014
0+
#39742014
1)
0T
1S
0G
0>
0Q
0<
0?
b1000000000000000000000000 M
0O
#39746014
0)
1+
#39750014
1)
#39751014
0+
#39754014
0)
#39756014
1+
#39758014
1)
1?
17
b10000000001 :
1R
1=
b1000000000100 9
13
#39761014
0+
#39762014
0)
#39766014
1)
1+
03
1i
1O
1G
1T
07
1Q
1>
1<
0R
b101000001000000001100000010 L
0=
b101000001000000001100000010 N
1q
#39770014
0)
#39771014
0+
#39774014
1)
0>
0?
0O
0Q
0T
0G
0<
b101000001000000001100000010 M
#39776014
0q
1+
0i
#39778014
0)
#39781014
0+
#39782014
1)
#39786014
0)
1+
#39790014
1)
13
b10000000010 :
1?
17
b1000000001000 9
1=
1R
#39791014
0+
#39794014
0)
#39796014
1+
#39798014
1)
0R
1T
1>
1Q
1O
03
0=
1<
1G
b10101010101010100000011000000110 N
07
b10101010101010100000011000000110 L
#39801014
0+
#39802014
0)
#39806014
1)
1+
0O
b10101010101010100000011000000110 M
1i
1q
0?
0Q
0T
0>
0<
0G
#39810014
0)
#39811014
0+
#39814014
1)
#39816014
1+
0i
0q
#39818014
0)
#39821014
0+
#39822014
1)
0/
1J
b1000 Y
1W
1D
b10000000000 A
1}
1F
1Z
b0 U
b1000000000011 @
15
#39826014
0)
1+
#39830014
1)
05
0J
1E
1G
1O
1X
00
1V
0}
0D
0W
1K
1C
1I
#39831014
0+
#39834014
0)
#39836014
1+
#39838014
1)
0I
0K
0X
0F
0O
0G
0S
0E
0V
0C
0Z
#39841014
0+
#39842014
0)
#39846014
1)
1+
1i
1q
#39850014
0)
#39851014
0+
#39854014
1)
1Z
1J
15
1F
1W
b1111 Y
1D
b10000000001 A
1}
b1000000000100 @
b100000000110000001000000001 U
#39856014
0i
1+
0q
#39858014
0)
#39861014
0+
#39862014
1)
1I
1E
1G
0J
1O
1K
1X
0D
05
0W
1C
0}
1V
#39866014
1+
0)
#39870014
1)
0V
0I
0O
0G
0Z
0E
0K
0X
0F
0C
#39871014
0+
#39874014
0)
#39876014
1+
#39878014
1)
#39881014
0+
#39882014
0)
#39886014
1)
1+
15
b10000000010 A
1q
b11000000101 U
1J
1D
1i
1Z
b11 Y
1F
b1000000001000 @
1}
1W
#39890014
0)
#39891014
0+
#39894014
1)
0W
1X
05
1C
1G
1O
1I
1V
1K
0D
1E
0J
0}
#39896014
0q
1+
0i
#39898014
0)
#39901014
0+
#39902014
1)
0E
0O
0X
0Z
0G
0C
0K
0I
0V
0F
#39906014
0)
1+
#39910014
1)
#39911014
0+
#39914014
0)
#39916014
1+
#39918014
1)
1R
1/
b10000000000 :
1?
17
1=
13
b1000000000011 9
#39921014
0+
#39922014
0)
#39926014
1)
1+
b0 L
1i
1T
1O
1Q
10
0R
1q
1G
03
07
1<
0=
b0 N
1>
#39930014
0)
#39931014
0+
#39934014
1)
0>
b0 M
0T
1S
0O
0Q
0G
0?
0<
#39936014
0q
0i
1+
#39938014
0)
#39941014
0+
#39942014
1)
#39946014
0)
1+
#39950014
1)
b1000000000100 9
b10000000001 :
1R
1?
13
1=
17
#39951014
0+
#39954014
0)
#39956014
1+
#39958014
1)
07
1O
b100000000110000001000000001 L
1<
1>
1T
0=
0R
1Q
b100000000110000001000000001 N
03
1G
#39961014
0+
#39962014
0)
#39966014
1)
1+
0G
0O
1q
1i
0>
0<
b100000000110000001000000001 M
0T
0Q
0?
#39970014
0)
#39971014
0+
#39974014
1)
#39976014
1+
0q
0i
#39978014
0)
#39981014
0+
#39982014
1)
1?
b10000000010 :
17
b1000000001000 9
13
1R
1=
#39986014
0)
1+
#39990014
1)
0=
1G
1<
07
1O
1>
b10101010101010100000011000000101 L
0R
03
1Q
1T
b10101010101010100000011000000101 N
#39991014
0+
#39994014
0)
#39996014
1+
#39998014
1)
0>
0<
0G
0?
0O
0T
0Q
b10101010101010100000011000000101 M
#40001014
0+
#40002014
0)
#40006014
1)
1+
1q
1i
#40010014
0)
#40011014
0+
#40014014
1)
#40014015
1+
bx B
bx A
bx ;
bx U
bx :
bx 9
bx Y
bx @
#40018015
0)
#40019015
0+
#40022015
1)
1G
1O
#40024015
1+
#40026015
0)
#40029015
0+
#40030015
1)
1*
0q
0O
0S
0i
1,
0G
#40034015
0)
1+
#40038015
1)
0/
00
#40039015
0+
#40042015
0)
#40044015
1+
#40046015
1)
0*
#40049015
0+
#40050015
0)
#40054015
1)
1+
1G
1O
0,
#40058015
0)
#40059015
0+
#40062015
1)
#40064015
1+
1i
1q
#40066015
0)
#40069015
0+
#40070015
1)
0G
0O
#40074015
0)
1+
0i
0q
#40078015
1)
#40079015
0+
#40082015
0)
#40084015
1+
#40086015
1)
#40089015
0+
#40090015
0)
#40094015
1)
1+
1i
b10000000000 c
1O
b0 w
1q
1~
1f
1h
1l
b1000000000000 b
1G
b1 {
b10 d
1|
1y
16
#40098015
0)
#40099015
0+
#40102015
1)
0O
0G
#40104015
06
1k
0i
1+
1x
0f
0~
1g
0q
0y
1m
1e
1z
#40106015
0)
#40109015
0+
#40110015
1)
#40114015
0)
1+
0g
0z
0h
0x
0e
0|
#40118015
1)
#40119015
0+
#40122015
0)
#40124015
1+
#40126015
1)
1G
1O
#40129015
0+
#40130015
0)
#40134015
1)
1+
0O
0l
1i
0G
1q
#40138015
0)
#40139015
0+
#40142015
1)
#40144015
1+
0q
0k
0i
0m
#40146015
0)
#40149015
0+
#40150015
1)
#40154015
0)
1+
#40158015
1)
1O
1G
#40159015
0+
#40162015
0)
#40164015
1+
18
1t
14
11
1a
b1000000000000 [
b10000000000 \
b10 ]
1_
#40166015
1)
0G
0O
#40169015
0+
#40170015
0)
#40174015
1)
1+
1s
08
1q
0_
04
b0 n
0t
12
1v
b0 p
1^
1i
1`
#40178015
0)
#40179015
0+
#40182015
1)
#40184015
1+
0`
1u
b0 o
0s
0q
0a
0i
0v
0^
#40186015
0)
#40189015
0+
#40190015
1)
1O
1G
#40194015
0)
1+
#40198015
1)
0G
0O
#40199015
0+
#40202015
0)
#40204015
1+
16
1l
1h
1~
1f
01
1|
b1000000000001 b
b10 {
1y
#40206015
1)
#40209015
0+
#40210015
0)
#40214015
1)
1+
0y
06
1q
02
0f
1m
1z
0~
1g
0l
1e
1i
1k
1x
#40218015
0)
#40219015
0+
#40222015
1)
1O
1G
#40224015
1+
0x
0g
0u
0q
0z
0m
0h
0k
0i
0e
0|
#40226015
0)
#40229015
0+
#40230015
1)
0G
0O
#40234015
0)
1+
#40238015
1)
#40239015
0+
#40242015
0)
#40244015
1+
11
1t
18
b1000000000001 [
1_
14
1a
#40246015
1)
#40249015
0+
#40250015
0)
#40254015
1)
1+
0_
1^
1O
1`
0t
12
08
1s
1q
04
1G
1v
1i
#40258015
0)
#40259015
0+
#40262015
1)
0O
0G
#40264015
0i
0^
0s
1+
0a
0`
1u
0q
0v
#40266015
0)
#40269015
0+
#40270015
1)
#40274015
0)
1+
#40278015
1)
#40279015
0+
#40282015
0)
#40284015
1+
1|
16
1y
1~
01
1f
b100 {
1h
1l
b1000000000010 b
#40286015
1)
1G
1O
#40289015
0+
#40290015
0)
#40294015
1)
1+
0O
1i
1x
1m
0~
06
1z
0y
02
1g
0G
0l
1q
1e
0f
1k
#40298015
0)
#40299015
0+
#40302015
1)
#40304015
1+
0k
0i
0|
0m
0x
0z
0g
0e
0h
0u
0q
#40306015
0)
#40309015
0+
#40310015
1)
#40314015
0)
1+
#40318015
1)
1O
1G
#40319015
0+
#40322015
0)
#40324015
1+
1_
11
b1000000000010 [
18
1a
1t
14
#40326015
1)
0G
0O
#40329015
0+
#40330015
0)
#40334015
1)
1+
12
04
1q
1`
08
0_
1i
1^
1v
1s
0t
#40338015
0)
#40339015
0+
#40342015
1)
#40344015
1+
0v
0a
0^
0`
0q
0i
0s
1u
#40346015
0)
#40349015
0+
#40350015
1)
1O
1G
#40354015
0)
1+
#40358015
1)
0G
0O
#40359015
0+
#40362015
0)
#40364015
1+
b1000000000011 b
1y
1|
1~
01
16
1l
1f
1h
b1000 {
#40366015
1)
#40369015
0+
#40370015
0)
#40374015
1)
1+
1k
1x
02
1q
1m
0~
0y
06
1i
0f
0l
1g
1z
1e
#40378015
0)
#40379015
0+
#40382015
1)
1O
1G
#40384015
1+
0u
0e
0k
0x
0m
0q
0|
0z
0h
0g
0i
#40386015
0)
#40389015
0+
#40390015
1)
0G
0O
#40394015
0)
1+
#40398015
1)
#40399015
0+
#40402015
0)
#40404015
1+
11
1t
14
1a
1_
18
b1000000000011 [
#40406015
1)
#40409015
0+
#40410015
0)
#40414015
1)
1+
1O
08
1q
1i
0_
04
1v
0t
1`
1^
12
1G
1s
#40418015
0)
#40419015
0+
#40422015
1)
0O
0G
#40424015
1+
0s
0^
1u
0`
0q
0i
0a
0v
#40426015
0)
#40429015
0+
#40430015
1)
#40434015
0)
1+
#40438015
1)
#40439015
0+
#40442015
0)
#40444015
1+
01
1~
b11 {
b100000000 w
b1000000000000 b
1|
1y
1h
1f
16
1l
#40446015
1)
1G
1O
#40449015
0+
#40450015
0)
#40454015
1)
1+
0O
1e
0l
1m
1i
0~
1k
1q
1x
0G
06
1g
02
0f
0y
1z
#40458015
0)
#40459015
0+
#40462015
1)
#40464015
1+
0z
0q
0k
0e
0u
0i
0m
0x
0g
0|
0h
#40466015
0)
#40469015
0+
#40470015
1)
#40474015
0)
1+
#40478015
1)
1O
1G
#40479015
0+
#40482015
0)
#40484015
1+
b1000000000000 [
1a
18
11
14
1_
1t
#40486015
0G
1)
0O
#40489015
0+
#40490015
0)
#40494015
1)
0t
0_
1s
1i
1v
04
08
1q
1^
b1 n
1`
1+
12
b1 p
#40498015
0)
#40499015
0+
#40502015
1)
#40504015
0s
0^
0i
1u
0v
0a
0q
b1 o
1+
0`
#40504016
bx [
bx c
bx w
bx \
bx {
bx b
bx ]
bx d
#40508016
0)
#40509016
0+
#40512016
1G
1O
1)
#40514016
1+
1q
1i
#40516016
0)
#40519016
0+
#40520016
1)
0q
0G
0i
1,
1*
0O
#40524016
0)
1+
0u
01
02
#40528016
1)
#40529016
0+
#40532016
0)
#40534016
1+
#40536016
1)
0*
#40539016
0+
#40540016
0)
#40544016
1)
1O
0,
1G
1+
#40548016
0)
#40549016
0+
#40552016
1)
#40554016
1+
1h
b10 d
b0 c
1_
b0 [
1t
1q
1a
14
b0 \
b1000100001100110010001000010001 w
1i
18
1~
b10 ]
b1111 {
1|
11
b0 b
#40556016
0)
#40559016
0+
#40560016
1)
1}
1Z
1F
b0 @
1?
1=
b1000100001100110010001000010001 U
b10 B
b10 ;
b0 A
1/
17
b0 :
1R
b1111 Y
b0 9
13
#40564016
1+
0)
b0 p
08
0_
1`
b0 n
0t
1^
1s
12
1l
1v
04
01
16
1y
1f
#40568016
03
1<
0/
0=
b0 N
1W
1)
1>
15
10
1D
07
b0 L
1Q
1J
0R
1T
#40569016
0+
#40572016
0)
#40574016
1+
1_
0v
0f
18
b100000000 [
1z
0l
0`
02
0^
1e
1t
1u
0s
1k
b1000000 \
11
0y
14
0~
06
1m
1g
b0 o
1x
#40576016
1/
0}
1E
1)
0<
b0 M
0T
13
1I
0W
00
1=
1X
05
1K
0>
1S
1C
1R
0D
b100000000 9
17
1V
0J
0Q
b1000000 :
#40579016
0+
#40580016
0)
#40584016
1)
1+
0S
0k
1v
b100000000 b
10
0/
0x
1<
1}
0E
1W
0_
b1000000 c
0I
b100000000 @
03
1T
1>
15
0=
1s
0X
08
1f
b1000000 A
0K
12
0z
1`
1l
0u
0e
1^
0t
1Q
1D
1y
0R
0C
01
1J
0g
1~
04
0V
0m
07
16
#40588016
0)
#40589016
0+
#40592016
1)
b10000000 :
1/
1S
00
1I
0}
0<
1E
0W
1X
0T
13
05
0>
1=
1K
17
1R
0D
b1000000000 9
0Q
0J
1C
1V
#40594016
0^
1x
06
1k
1+
0v
1_
b1000000000 [
1e
0s
1u
18
0f
0l
1z
02
0`
1t
0y
b10000000 \
1m
11
1g
14
0~
#40596016
0)
#40599016
0+
#40600016
1)
1<
b1000000000 @
0=
0V
0S
0/
1}
0I
10
1>
0E
03
1T
1W
0X
15
b10000000 A
1D
0K
0R
07
0C
1J
1Q
#40604016
1~
12
0)
16
0x
1+
1^
b1000000000 b
0k
b10000000 c
0_
0z
1v
0e
1l
1f
0u
1s
08
0t
04
1`
0g
1y
01
0m
#40608016
0}
0<
b11000000 :
0Q
05
1)
1/
1S
1V
1=
1X
1I
13
1E
00
0>
0T
0W
0J
0D
1R
1K
1C
b1100000000 9
17
#40609016
0+
#40612016
0)
#40614016
1+
0s
1x
1m
06
0~
02
0^
1u
1k
1_
0f
b1100000000 [
0l
0v
1z
1e
1t
11
18
0y
14
1g
0`
b11000000 \
#40616016
07
1)
1<
1}
1T
b1100000000 @
0S
0/
15
1Q
03
0V
1>
0I
0=
0X
0E
10
1W
1D
b11000000 A
1J
0C
0R
0K
#40619016
0+
#40620016
0)
#40624016
1)
1+
1K
1/
0m
b100000000 :
b1100000000 b
17
1~
0x
1s
0z
1E
1S
16
0<
0T
0}
1X
0>
1v
b11000000 c
12
1V
0Q
05
13
1=
1I
0u
1l
1^
0_
0k
1f
1R
0D
00
b10000000000 9
1`
0t
0W
0e
1C
0g
01
0J
04
1y
08
#40628016
0)
#40629016
0+
#40632016
1)
1<
0K
07
0/
0S
b10000000000 @
0E
0V
0X
1T
1}
1>
0=
1Q
03
15
0I
10
1D
0R
1W
b100000000 A
1J
0C
#40634016
18
1k
0~
1+
1m
b100000000 \
0s
1x
06
1z
1_
02
0v
0^
0l
b10000000000 [
1u
0f
0y
1t
0`
14
1e
11
1g
#40636016
0)
#40639016
0+
#40640016
1)
05
1S
0<
1C
b101000000 :
1/
17
1K
1X
1E
13
1V
0Q
0>
0}
0T
1=
1I
0J
00
b10100000000 9
0D
1R
0W
#40644016
1+
0g
0x
1~
0k
0)
b10000000000 b
08
1s
b1000100001100110010001000010001 p
0m
1l
0z
16
b100000000 c
b1000100001100110010001000010001 n
1^
1v
0_
12
0u
01
1y
1f
0e
0t
04
1`
#40648016
1T
0/
0S
1W
15
0C
1)
1<
1}
0X
b10100000000 @
0K
07
1>
0V
03
0E
1Q
0=
0R
1J
0I
1D
b101000000 A
10
#40649016
0+
#40652016
0)
#40654016
1+
1_
0s
1k
0`
0~
1x
1g
b10100000000 [
b101000000 \
18
1z
0v
0l
1m
0^
06
02
b1000100001100110010001000010001 o
14
11
1u
1t
0y
1e
0f
#40656016
1)
1E
1C
1/
0T
05
b110000000 :
0W
1S
00
1X
13
0}
0<
1V
17
1K
0>
1R
0Q
1=
0D
0J
b11000000000 9
1I
#40659016
0+
#40660016
0)
#40664016
1)
1+
0I
0K
1^
1`
0E
0k
1f
1s
0_
15
0C
0g
1T
0x
b10100000000 b
0/
1~
07
0X
1W
0z
0m
10
0S
08
0V
1}
1l
03
b11000000000 @
1<
1v
b101000000 c
0R
0e
04
12
16
b110000000 A
1>
1J
1Q
1y
01
1D
0t
0=
0u
#40668016
0)
#40669016
0+
#40672016
1)
1E
1I
b111000000 :
1K
0T
05
1C
0<
17
1/
0W
1X
1V
00
1S
13
0}
1=
b11100000000 9
1R
0J
0>
0D
0Q
#40674016
1k
b11000000000 [
1u
0v
1+
0`
0^
0s
0f
1x
1_
1g
1m
0~
1z
b110000000 \
18
0l
14
06
1e
02
1t
11
0y
#40676016
0)
#40679016
0+
#40680016
1)
1T
0E
03
1Q
0K
0I
0S
15
07
1<
0C
10
b11100000000 @
1W
0/
0X
0V
1}
1D
0=
1>
b111000000 A
0R
1J
#40684016
1y
0x
b11000000000 b
0)
1v
0u
1+
0k
08
1f
1`
1s
1^
0m
0g
0_
0z
1~
1l
b110000000 c
01
16
04
0t
12
0e
#40688016
1X
0Q
0T
1)
0J
13
1E
b1000000000 :
05
1K
1S
1I
1/
0W
1C
0<
17
00
0}
1V
1R
0D
b100000000000 9
0>
1=
#40689016
0+
#40692016
0)
#40694016
1+
1z
0`
0v
1e
0y
b11100000000 [
1x
0f
1u
18
1k
1_
0^
b111000000 \
0s
1g
1m
11
0l
02
0~
1t
14
06
#40696016
1)
0=
1Q
0X
07
03
1T
1J
0K
1<
15
0E
0C
0/
0I
0S
b100000000000 @
1W
1}
10
1>
0V
b1000000000 A
1D
0R
#40699016
0+
#40700016
0)
#40704016
1)
1+
1R
0g
0u
0e
13
16
1v
1`
b11100000000 b
0z
17
1f
1y
1X
1=
0x
0Q
1S
1K
1s
08
0_
0J
0T
0k
b1001000000 :
1I
1E
05
0<
1/
1^
1C
0D
0}
0W
1l
01
04
0m
b111000000 c
00
0t
b100100000000 9
1V
1~
0>
12
#40708016
0)
#40709016
0+
#40712016
1)
0=
b100100000000 @
0R
03
0X
07
0/
1J
0S
1Q
0K
1<
1T
15
0I
0E
1>
1D
0C
1W
1}
b1001000000 A
0V
10
#40714016
02
0^
0v
06
1g
1+
1u
1e
0`
0y
1z
0f
b100000000000 [
1x
1_
0s
18
b1000000000 \
1k
14
0l
11
0~
1m
1t
#40716016
0)
#40719016
0+
#40720016
1)
1I
00
0?
0J
1X
05
1S
0T
0<
0Q
1K
1V
1C
0D
0>
1E
0W
0}
#40724016
1+
0z
0t
0g
16
1v
12
1^
0)
b100000000000 b
1y
1`
0e
0u
08
0x
1f
0_
1s
0m
04
0k
1l
b1000000000 c
01
1~
#40728016
0I
0Z
1)
0F
0S
0X
0C
0V
0K
0E
#40729016
0+
#40732016
0)
#40734016
1+
06
0`
1g
1t
1z
0y
0v
b1001000000 \
0~
02
1_
0^
1u
1e
b100100000000 [
18
0f
1x
11
1m
0s
14
0l
1k
#40736016
1)
#40739016
0+
#40740016
0)
#40744016
1)
1+
0k
1f
12
1`
16
1~
0t
0g
0z
1v
b100100000000 b
1y
08
1^
0_
0e
0u
1l
01
0x
04
b1001000000 c
1s
0m
#40748016
0)
#40749016
0+
#40752016
1)
#40754016
1+
1m
1e
0v
0f
1k
1z
0`
02
1g
06
0~
0y
0a
0^
0s
0l
1u
1x
#40756016
0)
#40759016
0+
#40760016
1)
#40764016
0)
1+
0x
0g
0e
0m
0h
0z
0k
0u
0|
#40768016
1)
#40769016
0+
#40772016
0)
#40774016
1+
#40776016
1)
#40776017
bx d
bx \
bx @
0O
bx b
0q
0i
bx U
bx w
bx :
bx ;
bx [
bx B
bx ]
0G
bx Y
bx A
bx c
bx 9
bx {
#40780017
0)
#40781017
0+
#40784017
1)
1O
1G
#40786017
1+
1i
1q
#40788017
0)
#40791017
0+
#40792017
1)
1,
1*
0q
0i
0G
0O
#40796017
0)
1+
#40800017
1)
#40801017
0+
#40804017
0)
#40806017
1+
#40808017
1)
0*
#40811017
0+
#40812017
0)
#40816017
1)
1+
1O
0,
1G
#40820017
0)
#40821017
0+
#40824017
1)
#40826017
1+
1i
b1111 {
1h
1a
b0 [
b10 d
1|
1t
1_
b0 \
1q
1~
b0 b
b1000100001100110010001000010001 w
18
b10 ]
11
b0 c
14
#40828017
0)
#40831017
0+
#40832017
1)
0O
1Z
13
1=
1}
1R
b10 ;
17
1?
0G
1/
b0 @
1F
b0 :
b1000100001100110010001000010001 U
b10 B
b0 9
b0 A
b1111 Y
#40836017
0)
1+
04
0i
12
1f
1v
1`
16
1y
0_
0q
1s
1^
01
1l
08
#40840017
1)
0=
1Q
03
b1000100001100110010001000010001 N
1<
07
10
1J
1T
0/
15
1W
1D
1>
b1000100001100110010001000010001 L
#40841017
0+
#40844017
0)
#40846017
1+
0f
1z
1x
b100000000 [
1m
02
1e
1g
0y
06
0~
0`
b1000000 \
1u
1k
0^
#40848017
b1000100001100110010001000010001 M
b1000000 :
1)
1S
1I
0}
1E
0<
00
0>
1K
1X
1C
05
0D
b100000000 9
1V
0W
#40851017
0+
#40852017
0)
#40856017
1)
1+
18
1_
1O
0z
1/
1=
14
1i
0x
0E
b100000000 b
1~
13
1}
b100000000 @
1G
0e
0J
0g
17
0V
0X
1q
b1000000 c
0l
b1000000 A
0C
11
#40860017
0)
#40861017
0+
#40864017
1)
1<
b1000100001100110010001001000100 L
1W
0=
0O
0/
1J
b1000100001100110010001001000100 N
03
0G
0I
07
1>
10
0K
15
1D
#40866017
01
12
1+
04
1`
1^
08
0m
0_
1f
0i
b1000100001100110010001001000100 p
16
1y
b1000100001100110010001001000100 n
0k
0q
1l
#40868017
0)
#40871017
0+
#40872017
1)
0D
0W
0<
b10000000 :
1E
0}
0>
1X
1I
1V
1C
05
b1000000000 9
1K
00
#40876017
1m
1g
0y
02
0)
1+
0^
0`
b1000000000 [
1z
06
1x
1e
0~
0f
1k
b10000000 \
#40880017
0E
1)
b1000000000 @
0V
0X
b10000000 A
0C
#40881017
0+
#40884017
0)
#40886017
1+
0g
0e
0z
b1000000000 b
0x
b10000000 c
#40888017
1)
1=
1G
13
1O
1/
0J
1}
17
#40891017
0+
#40892017
0)
#40896017
1)
1+
07
0l
b1000100001100110010001001000100 M
1W
10
11
1D
18
14
1~
0/
0=
1_
0O
03
1<
0G
1i
1J
1q
1>
0I
0K
15
#40900017
0)
#40901017
0+
#40904017
1)
05
0D
00
1C
0W
0<
b11000000 :
1E
1K
0}
1I
b1100000000 9
0>
1X
1V
#40906017
08
1`
1l
0m
1+
12
1y
01
1^
04
b1000100001100110010001000010001 p
0_
16
0q
0k
b1000100001100110010001000010001 n
0i
b1000100001100110010001001000100 o
1f
#40908017
0)
#40911017
0+
#40912017
1)
0V
0C
0X
0E
b1100000000 @
b11000000 A
#40916017
1+
0f
02
b11000000 \
0`
0y
1m
0)
1z
0~
b1100000000 [
0^
1e
1g
06
1k
1x
#40920017
1G
17
1)
13
1=
1/
1O
0J
1}
#40921017
0+
#40924017
0)
#40926017
1+
0e
b11000000 c
b1100000000 b
0x
0z
0g
#40928017
0/
10
1)
15
1D
1<
07
1W
0G
0=
03
1J
0O
1>
0K
0I
#40931017
0+
#40932017
0)
#40936017
1)
1+
1I
1V
b100000000 :
18
00
1_
0l
0W
0D
0}
05
0<
1~
14
11
1K
1E
1q
1X
1C
0>
1i
b10000000000 9
#40940017
0)
#40941017
0+
#40944017
1)
0V
b100000000 A
0E
b10000000000 @
0C
0X
#40946017
04
1`
1+
08
12
1f
1^
0m
1y
1l
0_
0q
01
b1000100001100110010001000010001 o
0i
16
0k
#40948017
0)
#40951017
0+
#40952017
1)
1=
1/
1G
17
1}
0J
13
1O
#40956017
0)
1k
1g
1x
1+
1e
b100000000 \
0`
0f
02
0~
1m
0^
b10000000000 [
0y
1z
06
#40960017
1)
07
0O
0I
10
0G
0/
1<
15
1D
1W
0=
03
0K
1J
1>
#40961017
0+
#40964017
0)
#40966017
1+
0e
b100000000 c
0g
0x
b10000000000 b
0z
#40968017
1)
0>
0W
1V
1X
b10100000000 9
b101000000 :
0D
05
1I
0<
00
1C
1K
0}
1E
#40971017
0+
#40972017
0)
#40976017
1)
1+
0E
18
0X
0l
0V
14
1~
1_
1i
b101000000 A
1q
11
b10100000000 @
0C
#40980017
0)
#40981017
0+
#40984017
1)
17
1O
1G
1/
0J
1}
1=
13
#40986017
1l
16
1+
04
0k
08
1^
1`
12
1f
0m
0i
0_
1y
01
0q
#40988017
0)
#40991017
0+
#40992017
1)
1<
0G
03
1W
1>
0O
07
15
1D
0I
0/
0=
1J
0K
10
#40996017
1+
1x
1z
b10100000000 [
0f
0)
1e
06
02
1k
1g
b101000000 \
0`
0^
1m
0~
0y
#41000017
1)
00
0D
1C
0<
1X
1E
05
b11000000000 9
0W
b110000000 :
1V
0>
1K
1I
0}
#41001017
0+
#41004017
0)
#41006017
1+
b101000000 c
0z
0x
0e
0g
b10100000000 b
#41008017
0V
1)
0C
0E
0X
b110000000 A
b11000000000 @
#41011017
0+
#41012017
0)
#41016017
1)
1+
1}
13
14
1q
0l
1G
17
18
1O
1/
1~
11
0J
1=
1_
1i
#41020017
0)
#41021017
0+
#41024017
1)
1<
03
10
1D
07
0G
1W
15
0/
0I
1>
0O
0=
0K
1J
#41026017
0i
08
0q
1`
1y
1+
04
1f
16
12
0k
1l
0_
1^
0m
01
#41028017
0)
#41031017
0+
#41032017
1)
0}
1E
0W
0<
1V
b111000000 :
00
1C
b11100000000 9
0D
1K
1I
05
1X
0>
#41036017
0)
1+
0`
1k
1e
0y
b11000000000 [
02
b110000000 \
06
0f
1z
1x
1g
1m
0^
0~
#41040017
1)
0E
0C
b11100000000 @
0V
0X
b111000000 A
#41041017
0+
#41044017
0)
#41046017
1+
b110000000 c
0e
b11000000000 b
0z
0x
0g
#41048017
13
0J
1)
1}
1G
17
1/
1=
1O
#41051017
0+
#41052017
0)
#41056017
1)
1+
0G
11
18
1i
1W
1J
1q
1~
1>
03
0O
14
10
1<
0=
0K
0I
0l
1D
0/
15
07
1_
#41060017
0)
#41061017
0+
#41064017
1)
00
b100000000000 9
0W
0>
1C
0}
1E
b1000000000 :
1I
1K
1V
0<
1X
05
0D
#41066017
1+
0_
01
0q
08
0i
0k
1`
04
1f
1y
16
12
1^
1l
0m
#41068017
0)
#41071017
0+
#41072017
1)
0E
b100000000000 @
b1000000000 A
0C
0V
0X
#41076017
0)
1+
1m
0~
1e
06
1g
0y
0`
1k
0f
b11100000000 [
b111000000 \
1x
0^
1z
02
#41080017
1)
1G
0J
1}
13
1O
17
1=
1/
#41081017
0+
#41084017
0)
#41086017
1+
b11100000000 b
0e
b111000000 c
0g
0z
0x
#41088017
1)
03
1D
10
0/
1J
0G
1W
1>
0=
0O
0I
15
0K
07
1<
#41091017
0+
#41092017
0)
#41096017
1)
1+
0<
0W
1X
0D
1i
11
18
1_
1~
1q
0}
1E
b100100000000 9
00
14
1I
0>
0l
b1001000000 :
1V
1K
1C
05
#41100017
0)
#41101017
0+
#41104017
1)
b1001000000 A
0X
b100100000000 @
0E
0C
0V
#41106017
0_
1+
08
0m
12
01
0i
1f
16
0k
0q
1`
1y
1l
04
1^
#41108017
0)
#41111017
0+
#41112017
1)
13
1G
0J
1/
1}
17
1O
1=
#41116017
1+
0^
1x
02
b100000000000 [
0`
1m
1k
1e
0~
0)
06
0f
0y
1z
b1000000000 \
1g
#41120017
0/
0=
15
10
1<
1D
1W
1)
0G
1J
03
0O
07
1>
0I
0K
#41121017
0+
#41124017
0)
#41126017
1+
b1000000000 c
b100000000000 b
0g
0x
0e
0z
#41128017
0<
1)
05
1V
00
0?
1X
1K
0D
0W
1C
0}
1I
0>
1E
#41131017
0+
#41132017
0)
#41136017
1)
1+
0E
0Z
1_
18
0V
1q
11
0F
0X
1~
1i
14
0l
0C
#41140017
0)
#41141017
0+
#41144017
1)
0J
0R
1G
1O
#41146017
1+
1^
16
12
08
0_
0q
1`
01
0m
0k
1l
1f
04
0i
1y
#41148017
0)
#41151017
0+
#41152017
1)
0O
0Q
0K
0T
0G
0I
#41156017
0)
0y
1x
b100100000000 [
1+
0~
1z
0^
1m
06
1g
0`
02
1k
b1001000000 \
1e
0f
#41160017
1)
#41161017
0+
#41164017
0)
#41166017
1+
b100100000000 b
0x
b1001000000 c
0g
0z
0e
#41168017
1)
#41171017
0+
#41172017
0)
#41176017
1)
1+
1~
1O
11
1q
18
1_
1G
1i
14
0l
#41180017
0)
#41181017
0+
#41184017
1)
0S
0O
0G
#41186017
08
1f
1`
1y
1l
1^
1+
16
0m
0q
01
0_
0k
12
04
0i
#41188017
0)
#41191017
0+
#41192017
1)
#41196017
0)
1+
0f
1e
1g
0a
1m
1x
0`
0y
06
0^
0~
1z
02
1k
#41200017
1)
#41201017
0+
#41204017
0)
#41206017
1+
0e
0h
0|
0g
0x
0z
#41208017
1)
1G
1O
#41211017
0+
#41212017
0)
#41216017
1)
1+
0O
1i
1q
0l
0t
0G
#41220017
0)
#41221017
0+
#41224017
1)
#41226017
1+
0k
0v
0q
0i
0m
0s
#41228017
0)
#41231017
0+
#41232017
1)
#41236017
0)
1+
#41240017
1)
#41240018
bx w
bx Y
bx d
bx b
bx @
bx {
bx [
bx c
bx 9
bx ;
bx A
bx \
bx :
bx B
bx U
bx ]
#41244018
0)
#41245018
0+
#41248018
1)
1G
1O
#41250018
1i
1+
1q
#41252018
0)
#41255018
0+
#41256018
1)
0G
0q
0i
0O
1*
1,
#41260018
1+
0)
0u
#41264018
1)
#41265018
0+
#41268018
0)
#41270018
1+
#41272018
1)
0*
#41275018
0+
#41276018
0)
#41280018
1)
1O
0,
1G
1+
#41284018
0)
#41285018
0+
#41288018
1)
#41290018
1+
1i
1q
#41292018
0)
#41295018
0+
#41296018
1)
#41300018
0)
1+
#41304018
1)
#41305018
0+
#41308018
0)
#41310018
1+
#41312018
1)
1Z
b10 ;
b0 @
1/
1R
1=
b1111 Y
b0 9
1?
1F
17
13
b1000100001100110010001000010001 U
b10 B
b0 :
1}
b0 A
#41315018
0+
#41316018
0)
#41320018
1)
1+
b10 ]
15
0R
0/
b0 b
18
b1000100001100110010001000010001 w
1D
b1000100001100110010001000010001 L
b10 d
1<
b0 [
1|
1a
1Q
b1111 {
1J
1h
b0 c
b1000100001100110010001000010001 N
10
0=
14
1_
1>
11
1W
07
1t
03
1T
1~
b0 \
#41324018
0)
#41325018
0+
#41328018
1)
00
0?
1K
1C
b1000100001100110010001000010001 M
1S
1I
0D
05
1E
0<
1V
1X
0J
0Q
0>
0}
0T
0W
#41330018
1l
1+
1^
08
1f
1s
16
1v
1y
1`
0_
04
01
12
0t
#41332018
0)
#41335018
0+
#41336018
1)
0C
0K
0Z
0S
0I
0X
0E
0V
0F
#41340018
0)
0^
1+
1z
1g
0l
0y
0a
1e
0v
06
0s
1k
0f
02
0`
0~
1x
1u
1m
#41344018
1F
1Z
b1000000 A
1?
1)
1/
1R
b100000000 @
b100000000 9
1=
b1000000 :
1}
13
17
#41345018
0+
#41348018
0)
#41350018
1+
0k
0g
0m
0z
0|
0h
0e
0u
0x
#41352018
07
10
1J
1D
1)
b1000100001100110010001001000100 L
0/
1W
0R
b1000100001100110010001001000100 N
15
1<
03
1T
1Q
0=
1>
#41355018
0+
#41356018
0)
#41360018
1)
1+
0>
0J
b1000000 \
1h
00
1E
1t
05
1K
b1000100001100110010001001000100 M
0D
0?
1C
b100000000 b
0W
1X
1S
b100000000 [
1|
18
1I
b1000000 c
1a
1V
0<
0Q
0}
1_
11
1~
0T
14
#41364018
0)
#41365018
0+
#41368018
1)
0F
0E
0Z
0K
0I
0S
0C
0X
0V
#41370018
04
1+
0t
1^
1y
1s
1l
08
1v
16
1`
12
1f
01
0_
#41372018
0)
#41375018
0+
#41376018
1)
1?
17
1F
b1000000000 @
b10000000 A
1Z
1/
1R
13
1=
1}
b1000000000 9
b10000000 :
#41380018
1+
1x
1g
0v
0)
1k
0^
0l
1z
0s
1m
0y
0`
06
0a
1u
0~
0f
02
1e
#41384018
0/
1J
1>
10
07
1D
15
1W
1)
0R
03
1Q
1<
1T
0=
#41385018
0+
#41388018
0)
#41390018
0e
0h
0m
0g
0x
0z
0k
0|
1+
0u
#41392018
1)
0W
1E
0J
0?
00
0>
1V
1C
1I
1S
1K
0D
05
1X
0<
0}
0T
0Q
#41395018
0+
#41396018
0)
#41400018
1)
1+
b10000000 c
0F
b10000000 \
1_
1h
0E
14
0K
0C
0V
1t
0Z
18
b1000000000 b
0S
b1000000000 [
0I
11
1a
1|
1~
0X
#41404018
0)
#41405018
0+
#41408018
1)
b11000000 :
1=
17
1/
1?
1F
b1100000000 @
1Z
b11000000 A
b1100000000 9
1}
1R
13
#41410018
1+
1v
0_
0t
1s
04
08
1l
1^
12
1y
16
1`
1f
01
#41412018
0)
#41415018
0+
#41416018
1)
1D
0/
03
1>
10
07
1W
0=
1J
0R
1Q
1T
15
1<
#41420018
1+
1k
1m
1u
0)
0l
1e
0v
1z
1x
0s
1g
0f
0y
0^
0~
02
0`
06
0a
#41424018
1)
0<
0W
1X
0D
00
0>
1S
1V
1E
1C
1K
0?
05
0J
0T
0}
1I
0Q
#41425018
0+
#41428018
0)
#41430018
1+
0h
0u
0k
0m
0x
0z
0e
0g
0|
#41432018
0Z
0K
1)
0X
0C
0V
0S
0E
0F
0I
#41435018
0+
#41436018
0)
#41440018
1)
1+
1=
b1100000000 [
1a
11
b11000000 c
1|
17
13
1h
1/
1Z
b11000000 \
b100000000 :
b10000000000 @
1_
18
b1100000000 b
14
1t
1F
1?
1R
1}
b100000000 A
1~
b10000000000 9
#41444018
0)
#41445018
0+
#41448018
1)
1D
1Q
0=
0/
07
1W
03
1<
1>
10
1J
15
0R
1T
#41450018
1s
04
1+
01
1l
08
0_
1v
0t
1^
1f
16
1y
1`
12
#41452018
0)
#41455018
0+
#41456018
1)
0T
1E
0W
0>
1K
0D
0Q
0<
1S
1I
1X
1V
1C
05
0?
0J
00
0}
#41460018
1+
1z
0)
1u
0s
0a
02
1x
1m
1k
0l
0f
0v
1g
0^
0`
0~
0y
1e
06
#41464018
0K
0V
0Z
1)
0E
0X
0I
0S
0F
0C
#41465018
0+
#41468018
0)
#41470018
1+
0k
0u
0z
0|
0h
0m
0x
0e
0g
#41472018
1)
b10100000000 9
1}
1Z
17
1/
1=
13
b101000000 :
b10100000000 @
1F
1R
b101000000 A
1?
#41475018
0+
#41476018
0)
#41480018
1)
1+
14
1T
1_
b10000000000 [
07
1>
b100000000 c
1W
03
0/
1<
1h
1Q
1D
b10000000000 b
b100000000 \
0=
1|
18
11
1a
10
1t
0R
1J
1~
15
#41484018
0)
#41485018
0+
#41488018
1)
05
0?
0>
1I
0T
1V
1K
0}
0Q
1C
0W
0<
0D
1X
1E
0J
00
1S
#41490018
01
16
04
1+
0_
08
1s
12
1l
1v
1f
1^
1`
1y
0t
#41492018
0)
#41495018
0+
#41496018
1)
0X
0V
0S
0Z
0I
0K
0C
0E
0F
#41500018
0)
0s
1z
1+
1g
1m
06
1u
1k
0l
0a
1e
02
0`
1x
0v
0~
0y
0^
0f
#41504018
b110000000 :
1)
1F
1?
17
b11000000000 9
1/
13
1}
1Z
1=
b11000000000 @
b110000000 A
1R
#41505018
0+
#41508018
0)
#41510018
1+
0z
0u
0m
0g
0h
0|
0k
0e
0x
#41512018
1)
15
0R
1T
1>
1Q
07
1D
03
0/
1<
1W
0=
10
1J
#41515018
0+
#41516018
0)
#41520018
1)
1+
0J
1S
1K
14
1h
11
0<
1V
1X
b10100000000 [
05
0?
0>
0}
b101000000 c
0T
1t
18
1I
b10100000000 b
1_
0D
0Q
b101000000 \
00
0W
1a
1E
1C
1|
1~
#41524018
0)
#41525018
0+
#41528018
1)
0K
0S
0X
0Z
0F
0V
0I
0C
0E
#41530018
1+
1f
16
1s
04
01
0t
0_
08
1^
1l
12
1`
1y
1v
#41532018
0)
#41535018
0+
#41536018
1)
1Z
b111000000 :
1R
1/
b11100000000 9
1?
1}
13
1F
17
b111000000 A
b11100000000 @
1=
#41540018
0v
1u
1x
0~
0)
0s
1z
06
1+
0f
1g
1m
0y
1e
1k
0`
0^
02
0a
0l
#41544018
1Q
0=
1J
1)
1<
03
1T
15
0/
1>
0R
1D
10
1W
07
#41545018
0+
#41548018
0)
#41550018
1+
0g
0u
0x
0h
0z
0m
0e
0k
0|
#41552018
0J
1E
1V
1)
1K
1X
0Q
1S
05
0T
0<
0>
0}
0?
0W
0D
1C
00
1I
#41555018
0+
#41556018
0)
#41560018
1)
1+
0I
1|
0F
1_
0Z
b11000000000 [
1h
0E
1~
0X
0K
0V
0S
1t
b110000000 c
11
14
b11000000000 b
b110000000 \
18
1a
0C
#41564018
0)
#41565018
0+
#41568018
1)
1F
1Z
1}
1=
1R
17
13
b1000000000 :
1/
b100000000000 9
b100000000000 @
1?
b1000000000 A
#41570018
1v
0_
04
16
1l
1+
1s
1f
01
0t
08
12
1y
1^
1`
#41572018
0)
#41575018
0+
#41576018
1)
0/
1J
0R
1>
1Q
0=
15
1<
03
07
1T
10
1W
1D
#41580018
0)
0v
1x
1+
0l
0~
1u
06
1g
0f
0`
0s
0^
1k
0a
0y
1e
02
1m
1z
#41584018
0D
1X
1C
1I
1)
1E
1V
0J
1K
0}
0<
0>
05
0Q
1S
0W
0T
00
0?
#41585018
0+
#41588018
0)
#41590018
1+
0z
0|
0u
0x
0h
0g
0m
0k
0e
#41592018
1)
0Z
0I
0C
0F
0X
0V
0E
0K
0S
#41595018
0+
#41596018
0)
#41600018
1)
1+
1h
17
1_
11
b1001000000 A
1~
1|
1Z
14
b11100000000 [
1F
1R
13
b1001000000 :
1/
b111000000 c
1?
1=
1}
b111000000 \
b100100000000 9
b11100000000 b
b100100000000 @
1t
1a
18
#41604018
0)
#41605018
0+
#41608018
1)
0=
1D
1Q
07
0R
15
1>
1J
0/
03
1<
10
1T
1W
#41610018
1+
08
1`
0_
1v
01
1l
16
04
1f
1^
1s
0t
12
1y
#41612018
0)
#41615018
0+
#41616018
1)
1C
0D
0W
1S
1I
1E
0Q
1V
0?
0J
1X
0>
05
1K
0T
0}
00
0<
#41620018
0y
1u
0v
0)
1+
1e
0`
0~
1z
06
0l
1x
0f
0a
1k
02
0^
1m
0s
1g
#41624018
0C
0S
0Z
1)
0X
0E
0I
0F
0V
0K
#41625018
0+
#41628018
0)
#41630018
1+
0g
0u
0h
0|
0e
0z
0x
0m
0k
#41632018
1)
#41635018
0+
#41636018
0)
#41640018
1)
1+
1h
1_
14
18
1|
1~
11
b100000000000 [
b1000000000 c
1a
b1000000000 \
1t
b100000000000 b
#41644018
0)
#41645018
0+
#41648018
1)
#41650018
1+
1`
1l
1y
0_
1v
01
16
08
04
0t
1s
1f
12
1^
#41652018
0)
#41655018
0+
#41656018
1)
#41660018
0)
1+
0^
1k
0y
1e
0l
1u
0`
1g
06
0v
0~
02
1m
0f
1x
1z
0s
0a
#41664018
1)
#41665018
0+
#41668018
0)
#41670018
1+
0u
0k
0h
0e
0|
0g
0z
0m
0x
#41672018
1)
#41675018
0+
#41676018
0)
#41680018
1)
1+
1a
18
b100100000000 b
1|
b100100000000 [
11
1_
1h
1~
1t
b1001000000 c
14
b1001000000 \
#41684018
0)
#41685018
0+
#41688018
1)
#41690018
1+
0_
1v
1^
08
1l
1y
01
1`
16
04
0t
1s
12
1f
#41692018
0)
#41695018
0+
#41696018
1)
#41700018
0)
1+
0f
0`
1x
0^
1u
0v
0a
1k
0y
0l
1e
02
06
1m
0~
0s
1z
1g
#41704018
1)
#41705018
0+
#41708018
0)
#41710018
1+
0g
0u
0x
0k
0|
0z
0e
0h
0m
#41712018
1)
#41715018
0+
#41716018
0)
#41720018
1)
1+
#41720019
bx \
bx ;
bx b
bx ]
bx w
bx A
0q
bx d
bx [
0O
bx Y
bx {
0i
bx :
0G
bx 9
bx c
bx B
bx U
bx @
#41724019
0)
#41725019
0+
#41728019
1)
1O
1G
#41730019
1i
1+
1q
#41732019
0)
#41735019
0+
#41736019
1)
0q
1*
0i
0G
1,
0O
#41740019
0)
1+
#41744019
1)
#41745019
0+
#41748019
0)
#41750019
1+
#41752019
1)
0*
#41755019
0+
#41756019
0)
#41760019
1)
1+
1O
1G
0,
#41764019
0)
#41765019
0+
#41768019
1)
#41770019
1+
1i
1q
#41772019
0)
#41775019
0+
#41776019
1)
0O
0G
#41780019
0)
1+
0q
0i
#41784019
1)
#41785019
0+
#41788019
0)
#41790019
1+
#41792019
1)
13
1F
1=
b0 @
b10 ;
1/
1Z
17
b0 A
b1111 Y
1?
1R
b1000100001100110010001000010001 U
b0 :
1}
b10 B
b0 9
#41795019
0+
#41796019
0)
#41800019
1)
1+
03
1>
1G
0=
b10 ]
1<
18
1W
1_
1D
b0 b
b0 \
1i
1a
b1000100001100110010001000010001 w
11
b1111 {
1q
1Q
b10 d
07
1J
0/
b0 [
1h
1|
10
15
0R
14
1O
1T
1t
1~
b0 c
#41804019
0)
#41805019
0+
#41808019
1)
0?
0D
0G
0>
0<
1S
0W
1C
1I
1K
1X
1E
0Q
1V
0}
05
00
0T
0O
#41810019
1v
1+
1l
0_
1f
1^
1`
08
0i
1y
01
0q
16
12
1s
04
#41812019
0)
#41815019
0+
#41816019
1)
0E
0F
0X
0C
0Z
0V
#41820019
0)
0^
1m
1+
1k
0f
1g
0y
0`
1x
1u
0a
0~
1z
02
1e
06
#41824019
1?
1/
1=
b100000000 9
13
1)
b100000000 @
1F
17
b1000000 A
1Z
1R
b1000000 :
#41825019
0+
#41828019
0)
#41830019
1+
0x
0g
0e
0|
0h
0z
#41832019
07
0/
1O
0=
1<
1D
1>
1G
1)
1W
03
0R
1T
1Q
15
10
1}
#41835019
0+
#41836019
0)
#41840019
1)
1+
0D
1V
1C
b1000000 c
0?
14
0<
11
1_
0O
0l
0}
0W
1X
1E
0>
b1000000 \
b100000000 b
0G
1i
18
00
1q
1a
b100000000 [
1h
05
1|
1~
0Q
0T
#41844019
0)
#41845019
0+
#41848019
1)
0V
0C
0E
0X
0F
0Z
#41850019
1+
16
0k
0_
0i
01
0m
1^
04
1l
1f
1y
1`
08
0q
12
#41852019
0)
#41855019
0+
#41856019
1)
1Z
1/
17
b1000000000 9
1=
1?
b10000000 :
b1000000000 @
13
1F
b10000000 A
1R
#41860019
02
06
1z
0y
1x
1m
0)
1+
1k
0f
0^
0`
1e
0a
1g
0~
#41864019
1)
0R
1T
1D
07
0/
1<
1O
1G
1}
1W
0=
1>
10
1Q
03
15
#41865019
0+
#41868019
0)
#41870019
1+
0z
0x
0g
0e
0h
0|
#41872019
05
1X
1)
0D
0T
0W
0O
1E
1V
0<
0?
0}
1C
0G
0Q
00
0>
#41875019
0+
#41876019
0)
#41880019
1)
1+
0C
1~
0X
b10000000 c
11
1|
1i
0Z
1_
0E
14
0V
b1000000000 b
0l
b10000000 \
1q
b1000000000 [
1a
0F
1h
18
#41884019
0)
#41885019
0+
#41888019
1)
b11000000 :
b1100000000 9
17
1R
1Z
1=
1/
1?
13
b1100000000 @
b11000000 A
1F
#41890019
08
0i
1+
16
1f
12
1y
0m
1l
01
0k
0_
04
1^
1`
0q
#41892019
0)
#41895019
0+
#41896019
1)
0/
1>
15
0=
1}
1T
1D
0R
07
1W
1O
1<
03
10
1Q
1G
#41900019
1+
1m
1z
0)
06
0y
02
0f
0~
1k
0`
1x
0^
1e
1g
0a
#41904019
0G
0O
1C
1)
1X
0W
05
0>
0D
0}
0T
1E
1V
0<
0?
0Q
00
#41905019
0+
#41908019
0)
#41910019
1+
0|
0z
0g
0h
0e
0x
#41912019
0F
1)
0C
0E
0X
0Z
0V
#41915019
0+
#41916019
0)
#41920019
1)
1+
1/
b10000000000 9
1~
1_
1i
1q
18
1F
1|
b100000000 :
1a
b11000000 c
1R
b1100000000 b
1=
17
11
0l
1Z
14
b100000000 A
1h
1?
b11000000 \
13
b10000000000 @
b1100000000 [
#41924019
0)
#41925019
0+
#41928019
1)
0/
1O
1G
07
10
1>
1T
15
1W
0=
1D
1}
0R
1Q
1<
03
#41930019
12
01
0_
0q
0i
1y
1+
0m
16
08
1f
0k
1l
1`
04
1^
#41932019
0)
#41935019
0+
#41936019
1)
1V
1X
0}
0D
0>
1E
0O
00
0G
05
1C
0T
0W
0<
0Q
0?
#41940019
0)
0^
1+
0~
1m
02
0y
1x
06
0a
1e
0f
1z
0`
1k
1g
#41944019
1)
0V
0F
0E
0X
0C
0Z
#41945019
0+
#41948019
0)
#41950019
1+
0|
0g
0x
0e
0z
0h
#41952019
13
1?
1/
b101000000 :
b10100000000 9
1)
1Z
1F
17
1=
1R
b10100000000 @
b101000000 A
#41955019
0+
#41956019
0)
#41960019
1)
1+
07
b10000000000 [
03
1T
1h
18
11
0/
1~
1q
1_
1i
1}
b100000000 c
1|
1>
1D
15
10
1O
1G
b10000000000 b
0=
14
1a
1Q
0R
1<
1W
0l
b100000000 \
#41964019
0)
#41965019
0+
#41968019
1)
0G
0?
1X
0T
0O
1E
0}
1V
00
0>
05
0D
1C
0W
0<
0Q
#41970019
1+
16
12
0q
1^
08
01
0m
1y
0i
0_
1l
04
0k
1f
1`
#41972019
0)
#41975019
0+
#41976019
1)
0F
0X
0E
0Z
0V
0C
#41980019
0`
1g
0~
0^
02
06
1+
1m
0y
0)
1z
0f
0a
1e
1k
1x
#41984019
1Z
1?
b11000000000 9
17
13
b110000000 :
1/
b110000000 A
1F
b11000000000 @
1=
1)
1R
#41985019
0+
#41988019
0)
#41990019
0x
0g
0h
0|
1+
0e
0z
#41992019
03
15
1Q
1)
1G
0R
07
1O
1>
1T
0/
10
1}
1<
1W
0=
1D
#41995019
0+
#41996019
0)
#42000019
1)
1+
00
1h
1i
b101000000 \
b10100000000 [
0G
0?
1~
18
0Q
05
1q
1C
1E
b101000000 c
11
0T
0O
1X
0>
0D
1V
0l
1_
b10100000000 b
0W
1|
0}
0<
14
1a
#42004019
0)
#42005019
0+
#42008019
1)
0X
0Z
0C
0E
0F
0V
#42010019
1+
1y
1^
0i
08
1`
0m
16
0q
12
01
1l
04
0k
0_
1f
#42012019
0)
#42015019
0+
#42016019
1)
13
1?
b11100000000 9
1Z
1/
17
1R
b111000000 A
b111000000 :
1F
1=
b11100000000 @
#42020019
1x
0a
1z
0)
02
1+
0f
0^
0y
0~
1m
1g
0`
06
1e
1k
#42024019
03
10
15
1Q
1G
1)
1O
0R
07
1T
0/
0=
1D
1>
1<
1}
1W
#42025019
0+
#42028019
0)
#42030019
1+
0h
0x
0z
0g
0e
0|
#42032019
0T
1V
1C
0Q
1)
05
00
0W
0?
0G
0O
1X
0}
1E
0<
0D
0>
#42035019
0+
#42036019
0)
#42040019
1)
1+
1|
1h
1i
b11000000000 [
b110000000 \
0C
0V
1a
1~
0Z
1q
18
b110000000 c
0X
1_
0l
11
0F
b11000000000 b
0E
14
#42044019
0)
#42045019
0+
#42048019
1)
b100000000000 @
b1000000000 A
13
b100000000000 9
1Z
1?
1R
17
1=
1/
1F
b1000000000 :
#42050019
1+
04
08
0k
1`
1^
1f
0i
12
0q
1y
0m
0_
1l
16
01
#42052019
0)
#42055019
0+
#42056019
1)
1>
0R
1O
1Q
1T
10
1G
15
03
1W
07
1D
0/
1<
0=
1}
#42060019
1+
0y
1z
0)
0f
0^
0`
1k
1x
0a
0~
02
06
1e
1m
1g
#42064019
0}
0O
1C
1)
0>
0T
1V
0Q
0?
05
0G
00
0W
1E
1X
0<
0D
#42065019
0+
#42068019
0)
#42070019
1+
0g
0|
0h
0z
0x
0e
#42072019
0C
1)
0V
0Z
0F
0X
0E
#42075019
0+
#42076019
0)
#42080019
1)
1+
1~
13
11
18
b100100000000 @
14
b1001000000 :
1R
b111000000 \
1|
b11100000000 [
1h
1a
1q
1i
1?
b1001000000 A
b100100000000 9
1=
b111000000 c
1F
17
0l
1Z
1/
b11100000000 b
1_
#42084019
0)
#42085019
0+
#42088019
1)
1G
03
0R
1O
1}
15
1T
1>
1D
1Q
1W
10
0/
1<
0=
07
#42090019
1+
1^
0_
08
01
1y
1f
04
0k
1`
0i
0q
0m
12
1l
16
#42092019
0)
#42095019
0+
#42096019
1)
1V
0D
0G
0}
1E
0>
0O
0?
0T
1C
05
0Q
1X
00
0W
0<
#42100019
1+
06
0^
0~
0)
1e
1g
0y
1z
0`
0f
0a
1k
1x
02
1m
#42104019
0V
0C
1)
0E
0Z
0F
0X
#42105019
0+
#42108019
0)
#42110019
1+
0g
0e
0|
0h
0z
0x
#42112019
1)
#42115019
0+
#42116019
0)
#42120019
1)
1+
1i
1a
b1000000000 \
1h
11
1~
18
1_
1|
b100000000000 [
0J
1G
1O
14
1q
0l
b100000000000 b
b1000000000 c
#42124019
0)
#42125019
0+
#42128019
1)
0O
0S
0G
0K
0I
#42130019
1+
01
0i
1^
16
0m
1f
1y
0_
08
1`
0q
04
1l
0k
12
#42132019
0)
#42135019
0+
#42136019
1)
#42140019
0)
1+
02
0^
0~
1x
0a
0f
1g
1m
06
0y
1e
1k
0`
1z
#42144019
1)
#42145019
0+
#42148019
0)
#42150019
1+
0z
0h
0|
0x
0g
0e
#42152019
1)
1G
1O
#42155019
0+
#42156019
0)
#42160019
1)
1+
0G
1~
b1001000000 c
1i
18
11
b1001000000 \
0O
1|
1_
1a
1h
b100100000000 [
b100100000000 b
0l
14
1q
#42164019
0)
#42165019
0+
#42168019
1)
#42170019
1+
0q
08
1y
12
0i
1^
01
1f
16
0_
0m
04
1`
0k
1l
#42172019
0)
#42175019
0+
#42176019
1)
#42180019
0)
1+
02
0y
1x
0~
06
0^
0a
1z
0f
1e
1k
1m
1g
0`
#42184019
1)
1G
1O
#42185019
0+
#42188019
0)
#42190019
1+
0h
0z
0x
0|
0g
0e
#42192019
1)
0G
0O
#42195019
0+
#42196019
0)
#42200019
1)
1+
0l
1q
1i
0t
#42204019
0)
#42205019
0+
#42208019
1)
#42210019
1+
0q
0v
0i
0k
0m
0s
#42212019
0)
#42215019
0+
#42216019
1)
1O
1G
#42220019
0)
1+
#42224019
1)
0G
0O
#42224020
bx A
bx ]
bx c
bx :
bx @
bx \
bx Y
bx ;
bx w
bx {
bx d
bx B
bx 9
bx b
bx [
bx U
#42228020
0)
#42229020
0+
#42232020
1)
1G
1O
#42234020
1+
1q
1i
#42236020
0)
#42239020
0+
#42240020
1)
0i
1,
0O
0G
1*
0q
#42244020
1+
0u
0)
#42248020
1)
#42249020
0+
#42252020
0)
#42254020
1+
#42256020
1)
0*
#42259020
0+
#42260020
0)
#42264020
1)
1G
0,
1O
1+
#42268020
0)
#42269020
0+
#42272020
1)
#42274020
1+
1q
1i
#42276020
0)
#42279020
0+
#42280020
1)
b1100101010110 A
1}
1D
b10000000010000000000000000 U
b110010101011001 @
1J
b1110 Y
15
1W
1F
1Z
b10 B
#42284020
1+
b10111011111111 c
1y
1f
0)
1~
16
b1100 {
b1000000000000000000000000 w
1l
1h
b10 d
1|
b1011101111111110 b
#42288020
1X
1V
1I
1K
0J
1C
1)
0}
0D
0W
1E
05
#42289020
0+
#42292020
0)
#42294020
1+
0l
1e
1x
0y
1z
0~
0f
06
1m
1g
1k
#42296020
1)
1}
0I
0V
0X
15
0K
b110010101011100 @
0C
b110000001010000010000000011 U
b1100101010111 A
1J
0E
b1111 Y
1W
1D
#42299020
0+
#42300020
0)
#42304020
1)
1+
0D
1I
1f
1l
b10111100000000 c
0k
b1011110000000000 b
0}
1X
1V
0z
1~
1y
0e
b10 w
0x
1C
1K
05
b1 {
0W
0J
0g
0m
1E
16
#42308020
0)
#42309020
0+
#42312020
1)
15
0I
1D
b1100101011000 A
0K
1}
b1010000010010000100000000111 U
0V
0X
0C
b110010101100000 @
0E
1W
1J
#42314020
1+
06
1k
0f
0l
0y
0~
1z
1x
1e
1m
1g
#42316020
0)
#42319020
0+
#42320020
1)
0J
1C
1I
05
0}
0D
1K
1X
1V
0W
1E
#42324020
0)
1+
0g
0k
0x
b1010111101000 c
16
0z
1l
b101011110100000 b
1f
1~
1y
b100000000 w
b11 {
0m
0e
#42328020
1)
0E
0X
0C
1J
1}
0K
15
b1100101011001 A
0I
1D
b110000001011 U
1W
b110010101100100 @
b11 Y
0V
#42329020
0+
#42332020
0)
#42334020
1+
1e
0y
1x
1k
1g
0~
1z
06
0f
0l
1m
#42336020
1)
1V
0D
1X
1E
1I
1K
0}
1C
0J
05
0W
#42339020
0+
#42340020
0)
#42344020
1)
1+
1W
1D
0m
1f
0x
1J
0V
1y
0e
0C
0K
16
b1111011000011 c
0g
0I
0X
0k
0E
1}
1~
b10101111100000 A
b111101100001110 b
0z
15
b1111 Y
b11000000100000000100000000 U
1l
b1100 {
b1010111110000000 @
b1000000000000000000000000 w
#42348020
0)
#42349020
0+
#42352020
1)
1V
0D
0W
0J
1I
1C
1K
1E
1X
0}
05
#42354020
1+
0f
1m
1x
0y
1e
1g
06
0~
1k
1z
0l
#42356020
0)
#42359020
0+
#42360020
1)
1D
0X
0V
15
0E
b10101111100001 A
1J
1W
0K
0I
0C
1}
b1010111110000100 @
b1 Y
b100 U
#42364020
1l
1f
b101000001000000001100000010 w
b111101100010000 b
1+
1~
0)
1y
16
0x
0m
b1111011000100 c
0g
0e
0z
0k
b1111 {
#42368020
1I
1X
0D
1K
1V
1E
05
1)
0W
0J
1C
0}
#42369020
0+
#42372020
0)
#42374020
1+
1g
0l
0f
06
0y
0~
1m
1x
1k
1z
1e
#42376020
1)
1W
0I
b10000000010000000000000000 U
0V
0X
1}
0K
1D
15
b101101100110 A
0E
0C
b1110 Y
b10110110011001 @
1J
#42379020
0+
#42380020
0)
#42384020
1)
1+
0J
1R
0e
17
0m
0g
0W
b1 {
b111101100010100 b
13
b110 w
05
1X
1~
1f
b1111011000101 c
1V
1I
1l
b10101111100000 :
0D
0}
b10 ;
1y
1?
16
1K
1E
0z
1=
0k
1C
b1010111110000000 9
0x
1/
#42388020
0)
#42389020
0+
#42392020
1)
0/
b101101100111 A
b11000000100000000100000000 L
0R
1<
1J
07
1W
0V
15
03
1T
b11000000100000000100000000 N
0X
b110000001010000010000000011 U
1}
0I
1>
1D
0E
0K
b10110110011100 @
b1111 Y
10
1Q
0C
0=
#42394020
1+
06
1e
1g
1m
0~
0f
0y
0l
1x
1z
1k
#42396020
0)
#42399020
0+
#42400020
1)
0J
1=
0>
1/
0<
1R
b11000000100000000100000000 M
1V
17
0W
1I
13
0T
05
1S
0}
1X
b10101111100001 :
1C
1E
0D
b1010111110000100 9
1K
00
0Q
#42404020
0e
1t
0)
0k
b1100101111010 b
1+
1_
b1100 {
18
b10 ]
0g
b1000000000000000000000000 w
b11001011110 c
0m
1~
1a
11
b1010111101000 \
0z
14
0x
b101011110100000 [
#42408020
1<
b100 L
1J
1)
1Q
0X
b101101101000 A
0/
0=
1>
1}
0R
0I
1W
07
0V
15
b1010000010010000100000000111 U
b100 N
0S
1T
03
0C
10
b10110110100000 @
0K
0E
1D
#42409020
0+
#42412020
0)
#42414020
1+
01
1s
0t
0_
1y
16
1`
12
1f
08
b1 p
1^
b1 n
1v
04
1l
#42416020
0D
0T
1)
0<
0J
1/
1X
0Q
1I
1=
1R
b100 M
1S
0>
0}
0W
05
17
1V
1E
13
b1100101010110 :
1K
00
1C
b110010101011001 9
#42419020
0+
#42420020
0)
#42424020
1)
1+
0/
1T
1k
1u
06
1D
0l
b10000000010000000000000000 L
1e
07
0y
1_
11
1t
0s
1J
1<
15
18
02
0R
0X
0`
0=
1Q
0I
1W
1}
1g
0~
1>
0f
0S
b10000000010000000000000000 N
1m
0C
0E
0V
14
0^
1x
b1 o
10
1z
03
0v
0K
