$date
	Tue Feb 24 21:36:02 2026
$end
$version
	GTKWave Analyzer v3.3.100 (w)1999-2019 BSI
$end
$timescale
	1ps
$end
$scope module axil_adapter $end
$var wire 1 ' clk $end
$var wire 1 * m_axil_arready $end
$var wire 1 . m_axil_awready $end
$var wire 2 1 m_axil_bresp[1:0] $end
$var wire 1 2 m_axil_bvalid $end
$var wire 32 3 m_axil_rdata[31:0] $end
$var wire 2 5 m_axil_rresp[1:0] $end
$var wire 1 6 m_axil_rvalid $end
$var wire 1 8 m_axil_wready $end
$var wire 1 ; rst $end
$var wire 32 < s_axil_araddr[31:0] $end
$var wire 3 = s_axil_arprot[2:0] $end
$var wire 1 ? s_axil_arvalid $end
$var wire 32 @ s_axil_awaddr[31:0] $end
$var wire 3 A s_axil_awprot[2:0] $end
$var wire 1 C s_axil_awvalid $end
$var wire 1 D s_axil_bready $end
$var wire 1 H s_axil_rready $end
$var wire 32 K s_axil_wdata[31:0] $end
$var wire 4 M s_axil_wstrb[3:0] $end
$var wire 1 N s_axil_wvalid $end
$var wire 1 L s_axil_wready $end
$var wire 1 J s_axil_rvalid $end
$var wire 2 I s_axil_rresp[1:0] $end
$var wire 32 G s_axil_rdata[31:0] $end
$var wire 1 F s_axil_bvalid $end
$var wire 2 E s_axil_bresp[1:0] $end
$var wire 1 B s_axil_awready $end
$var wire 1 > s_axil_arready $end
$var wire 1 : m_axil_wvalid $end
$var wire 4 9 m_axil_wstrb[3:0] $end
$var wire 32 7 m_axil_wdata[31:0] $end
$var wire 1 4 m_axil_rready $end
$var wire 1 0 m_axil_bready $end
$var wire 1 / m_axil_awvalid $end
$var wire 3 - m_axil_awprot[2:0] $end
$var wire 32 , m_axil_awaddr[31:0] $end
$var wire 1 + m_axil_arvalid $end
$var wire 3 ) m_axil_arprot[2:0] $end
$var wire 32 ( m_axil_araddr[31:0] $end
$var wire 32 " ADDR_WIDTH $end
$var wire 32 # M_DATA_WIDTH $end
$var wire 32 $ M_STRB_WIDTH $end
$var wire 32 % S_DATA_WIDTH $end
$var wire 32 & S_STRB_WIDTH $end
$upscope $end
$enddefinitions $end
$dumpvars
#0
1B
b100000 #
b0 -
1*
bx K
b0 9
b100 &
1'
04
bx 1
00
0C
b0 7
06
1D
b0 ,
0/
0N
b0 )
b100000 %
18
1H
0+
b100000 "
02
b100 $
bx M
b0 (
0;
0L
bx @
b0 G
0?
bx <
0:
1.
bx 3
0J
1>
bx A
bx =
b0 I
b0 E
bx 5
0F
#5000
0'
#10000
1'
1;
0*
0D
0H
08
0.
#15000
0'
#20000
1'
0B
0>
#25000
0'
#30000
1'
0;
#35000
0'
#40000
1'
1>
1H
1.
1D
1*
1B
18
#45000
0'
#50000
1'
#55000
0'
#60000
1'
b0 K
1C
1N
b1 M
b1000000000000 @
b10 A
#65000
0'
#70000
1'
b10 -
0C
b1000000000000 ,
1/
0B
1L
#75000
0'
#80000
1'
0L
0N
b1 9
10
0/
1:
#85000
0'
#90000
1'
0:
#95000
0'
#100000
1'
b0 1
12
#105000
0'
#110000
1'
02
1F
00
1B
#115000
0'
#120000
1'
0F
#125000
0'
#130000
1'
1N
1C
b1000000000001 @
b10 M
#135000
0'
#140000
1'
0B
1L
b1000000000001 ,
1/
0C
#145000
0'
#150000
1'
0L
1:
b10 9
0N
0/
10
#155000
0'
#160000
1'
0:
#165000
0'
#170000
1'
12
#175000
0'
#180000
1'
02
00
1B
1F
#185000
0'
#190000
1'
0F
#195000
0'
#200000
1'
1C
b100 M
b1000000000010 @
1N
#205000
0'
#210000
1'
0C
1L
1/
0B
b1000000000010 ,
#215000
0'
#220000
1'
1:
b100 9
0N
10
0L
0/
#225000
0'
#230000
1'
0:
#235000
0'
#240000
1'
12
#245000
0'
#250000
1'
02
1F
1B
00
#255000
0'
#260000
1'
0F
#265000
0'
#270000
1'
1C
1N
b1000 M
b1000000000011 @
#275000
0'
#280000
1'
0C
b1000000000011 ,
1/
1L
0B
#285000
0'
#290000
1'
10
1:
b1000 9
0L
0N
0/
#295000
0'
#300000
1'
0:
#305000
0'
#310000
1'
12
#315000
0'
#320000
1'
02
1B
00
1F
#325000
0'
#330000
1'
0F
#335000
0'
#340000
1'
b1000000000000 @
1C
b100000000 K
1N
b11 M
#345000
0'
#350000
1'
0C
0B
b1000000000000 ,
1/
1L
#355000
0'
#360000
1'
0L
1:
b100000000 7
0/
10
b11 9
0N
#365000
0'
#370000
1'
0:
#375000
0'
#380000
1'
12
#385000
0'
#390000
1'
02
1F
1B
00
#395000
0'
#400000
1'
0F
#405000
0'
#410000
1'
b110 M
1N
1C
b1000000000001 @
b10000000000000000 K
#415000
0'
#420000
1'
0C
b1000000000001 ,
1L
0B
1/
#425000
0'
#430000
1'
0/
10
0N
1:
0L
b10000000000000000 7
b110 9
#435000
0'
#440000
1'
0:
#445000
0'
#450000
1'
12
#455000
0'
#460000
1'
02
1F
00
1B
#465000
0'
#470000
1'
0F
#475000
0'
#480000
1'
b1000000000000000000000000 K
1N
b1100 M
1C
b1000000000010 @
#485000
0'
#490000
1'
0B
b1000000000010 ,
1/
0C
1L
#495000
0'
#500000
1'
0L
0N
b1100 9
10
1:
b1000000000000000000000000 7
0/
#505000
0'
#510000
1'
0:
#515000
0'
#520000
1'
12
#525000
0'
#530000
1'
02
1F
1B
00
#535000
0'
#540000
1'
0F
#545000
0'
#550000
1'
b1000000000011 @
b1000 M
1N
b0 K
1C
#555000
0'
#560000
1'
b1000000000011 ,
b1000000000100 @
1/
1L
0B
#565000
0'
#570000
1'
0/
10
b1 M
0L
b1 K
1:
b1000 9
b0 7
#575000
0'
#580000
1'
0:
#585000
0'
#590000
1'
12
#595000
0'
#600000
1'
02
00
1B
1F
#605000
0'
#610000
1'
0F
0B
1/
0C
b1000000000100 ,
1L
#615000
0'
#620000
1'
0L
10
0N
0/
b1 7
1:
b1 9
#625000
0'
#630000
1'
0:
#635000
0'
#640000
1'
12
#645000
0'
#650000
1'
02
1F
1B
00
#655000
0'
#660000
1'
0F
#665000
0'
#670000
1'
1C
1N
b1000000000000 @
b111 M
b100000000100000000 K
#675000
0'
#680000
1'
0B
1/
1L
0C
b1000000000000 ,
#685000
0'
#690000
1'
0L
b111 9
0/
0N
10
1:
b100000000100000000 7
#695000
0'
#700000
1'
0:
#705000
0'
#710000
1'
12
#715000
0'
#720000
1'
02
1F
1B
00
#725000
0'
#730000
1'
0F
#735000
0'
#740000
1'
b10000000010000000000000000 K
1N
1C
b1000000000001 @
b1110 M
#745000
0'
#750000
1'
b1000000000001 ,
1/
1L
0C
0B
#755000
0'
#760000
1'
10
b10000000010000000000000000 7
0/
b1110 9
0L
0N
1:
#765000
0'
#770000
1'
0:
#775000
0'
#780000
1'
12
#785000
0'
#790000
1'
02
1B
1F
00
#795000
0'
#800000
1'
0F
#805000
0'
#810000
1'
b1100 M
b1000000000000000000000000 K
1N
b1000000000010 @
1C
#815000
0'
#820000
1'
1/
0B
b1000000000010 ,
b1000000000100 @
1L
#825000
0'
#830000
1'
0L
10
1:
b1 M
0/
b1000000000000000000000000 7
b1100 9
b10 K
#835000
0'
#840000
1'
0:
#845000
0'
#850000
1'
12
#855000
0'
#860000
1'
02
00
1F
1B
#865000
0'
#870000
1'
0B
0F
0C
1/
1L
b1000000000100 ,
#875000
0'
#880000
1'
0/
1:
10
0L
b10 7
0N
b1 9
#885000
0'
#890000
1'
0:
#895000
0'
#900000
1'
12
#905000
0'
#910000
1'
02
1F
1B
00
#915000
0'
#920000
1'
0F
#925000
0'
#930000
1'
1C
b0 K
b1000 M
1N
b1000000000011 @
#935000
0'
#940000
1'
b1000000000100 @
b1000000000011 ,
1/
1L
0B
#945000
0'
#950000
1'
10
b1000 9
1:
b1000000001 K
0L
0/
b11 M
b0 7
#955000
0'
#960000
1'
0:
#965000
0'
#970000
1'
12
#975000
0'
#980000
1'
02
1F
00
1B
#985000
0'
#990000
1'
0B
b1000000000100 ,
0F
0C
1L
1/
#995000
0'
#1000000
1'
0/
10
1:
b1000000001 7
b11 9
0L
0N
#1005000
0'
#1010000
1'
0:
#1015000
0'
#1020000
1'
12
#1025000
0'
#1030000
1'
02
00
1F
1B
#1035000
0'
#1040000
1'
0F
#1045000
0'
#1050000
1'
1N
b1000000000000 @
b11000000100000000100000000 K
b1111 M
1C
#1055000
0'
#1060000
1'
0C
0B
1/
b1000000000000 ,
1L
#1065000
0'
#1070000
1'
0L
0/
10
1:
b11000000100000000100000000 7
0N
b1111 9
#1075000
0'
#1080000
1'
0:
#1085000
0'
#1090000
1'
12
#1095000
0'
#1100000
1'
02
00
1B
1F
#1105000
0'
#1110000
1'
0F
#1115000
0'
#1120000
1'
1C
1N
b1110 M
b1000000000001 @
b10000000010000000000000000 K
#1125000
0'
#1130000
1'
1L
0B
1/
b1000000000100 @
b1000000000001 ,
#1135000
0'
#1140000
1'
1:
0L
b10000000010000000000000000 7
b11 K
10
b1110 9
0/
b1 M
#1145000
0'
#1150000
1'
0:
#1155000
0'
#1160000
1'
12
#1165000
0'
#1170000
1'
02
1B
1F
00
#1175000
0'
#1180000
1'
0F
0B
b1000000000100 ,
1L
1/
0C
#1185000
0'
#1190000
1'
10
1:
b11 7
0/
0L
0N
b1 9
#1195000
0'
#1200000
1'
0:
#1205000
0'
#1210000
1'
12
#1215000
0'
#1220000
1'
02
1B
1F
00
#1225000
0'
#1230000
1'
0F
#1235000
0'
#1240000
1'
b1100 M
1C
b1000000000000000000000000 K
1N
b1000000000010 @
#1245000
0'
#1250000
1'
b1000000000100 @
b1000000000010 ,
0B
1/
1L
#1255000
0'
#1260000
1'
0L
10
1:
b11 M
b1100 9
0/
b1000000000000000000000000 7
b1100000010 K
#1265000
0'
#1270000
1'
0:
#1275000
0'
#1280000
1'
12
#1285000
0'
#1290000
1'
02
1F
00
1B
#1295000
0'
#1300000
1'
0B
0F
b1000000000100 ,
0C
1L
1/
#1305000
0'
#1310000
1'
0/
1:
0L
10
0N
b11 9
b1100000010 7
#1315000
0'
#1320000
1'
0:
#1325000
0'
#1330000
1'
12
#1335000
0'
#1340000
1'
02
1B
1F
00
#1345000
0'
#1350000
1'
0F
#1355000
0'
#1360000
1'
1C
b1000 M
b0 K
b1000000000011 @
1N
#1365000
0'
#1370000
1'
1/
b1000000000011 ,
0B
b1000000000100 @
1L
#1375000
0'
#1380000
1'
0L
b110000001000000001 K
0/
10
b111 M
b0 7
b1000 9
1:
#1385000
0'
#1390000
1'
0:
#1395000
0'
#1400000
1'
12
#1405000
0'
#1410000
1'
02
00
1B
1F
#1415000
0'
#1420000
1'
0F
b1000000000100 ,
1L
1/
0C
0B
#1425000
0'
#1430000
1'
0/
1:
0N
0L
b111 9
b110000001000000001 7
10
#1435000
0'
#1440000
1'
0:
#1445000
0'
#1450000
1'
12
#1455000
0'
#1460000
1'
02
1B
1F
00
#1465000
0'
#1470000
1'
0F
#1475000
0'
#1480000
1'
1N
b11000000100000000100000000 K
b1111 M
1C
b1000000000000 @
#1485000
0'
#1490000
1'
b1000000000100 @
1/
0B
b1000000000000 ,
1L
#1495000
0'
#1500000
1'
0L
b100 K
10
0/
1:
b1 M
b11000000100000000100000000 7
b1111 9
#1505000
0'
#1510000
1'
0:
#1515000
0'
#1520000
1'
12
#1525000
0'
#1530000
1'
02
1B
1F
00
#1535000
0'
#1540000
1'
0F
1L
1/
0B
0C
b1000000000100 ,
#1545000
0'
#1550000
1'
0/
10
b1 9
0N
0L
b100 7
1:
#1555000
0'
#1560000
1'
0:
#1565000
0'
#1570000
1'
12
#1575000
0'
#1580000
1'
02
00
1F
1B
#1585000
0'
#1590000
1'
0F
#1595000
0'
#1600000
1'
1N
b10000000010000000000000000 K
b1000000000001 @
1C
b1110 M
#1605000
0'
#1610000
1'
0B
b1000000000001 ,
1/
1L
b1000000000100 @
#1615000
0'
#1620000
1'
b11 M
1:
10
b10000000011 K
b1110 9
0L
b10000000010000000000000000 7
0/
#1625000
0'
#1630000
1'
0:
#1635000
0'
#1640000
1'
12
#1645000
0'
#1650000
1'
02
1B
00
1F
#1655000
0'
#1660000
1'
0F
0B
b1000000000100 ,
1/
0C
1L
#1665000
0'
#1670000
1'
0L
1:
0N
10
b11 9
b10000000011 7
0/
#1675000
0'
#1680000
1'
0:
#1685000
0'
#1690000
1'
12
#1695000
0'
#1700000
1'
02
1F
1B
00
#1705000
0'
#1710000
1'
0F
#1715000
0'
#1720000
1'
b1000000000010 @
b1100 M
b1000000000000000000000000 K
1C
1N
#1725000
0'
#1730000
1'
1/
b1000000000100 @
b1000000000010 ,
1L
0B
#1735000
0'
#1740000
1'
b111 M
10
0/
1:
0L
b1000000000000000000000000 7
b1000000001100000010 K
b1100 9
#1745000
0'
#1750000
1'
0:
#1755000
0'
#1760000
1'
12
#1765000
0'
#1770000
1'
02
1B
1F
00
#1775000
0'
#1780000
1'
0F
1/
b1000000000100 ,
0B
0C
1L
#1785000
0'
#1790000
1'
0L
10
0N
0/
b111 9
1:
b1000000001100000010 7
#1795000
0'
#1800000
1'
0:
#1805000
0'
#1810000
1'
12
#1815000
0'
#1820000
1'
02
1F
00
1B
#1825000
0'
#1830000
1'
0F
#1835000
0'
#1840000
1'
b1000 M
1N
b1000000000011 @
b0 K
1C
#1845000
0'
#1850000
1'
b1000000000011 ,
0B
1L
1/
b1000000000100 @
#1855000
0'
#1860000
1'
0L
b0 7
b1111 M
0/
b100000000110000001000000001 K
1:
10
b1000 9
#1865000
0'
#1870000
1'
0:
#1875000
0'
#1880000
1'
12
#1885000
0'
#1890000
1'
02
1F
1B
00
#1895000
0'
#1900000
1'
0F
0C
b1000000000100 ,
1L
0B
1/
#1905000
0'
#1910000
1'
0/
b100000000110000001000000001 7
10
b1111 9
0N
0L
1:
#1915000
0'
#1920000
1'
0:
#1925000
0'
#1930000
1'
12
#1935000
0'
#1940000
1'
02
1F
00
1B
#1945000
0'
#1950000
1'
0F
#1955000
0'
#1960000
1'
b1000000000000 @
1C
b11000000100000000100000000 K
1N
#1965000
0'
#1970000
1'
0B
b1000000000000 ,
1/
b1000000000100 @
1L
#1975000
0'
#1980000
1'
0L
0/
1:
b11000000100000000100000000 7
b10100000100 K
b11 M
10
#1985000
0'
#1990000
1'
0:
#1995000
0'
#2000000
1'
12
#2005000
0'
#2010000
1'
02
00
1F
1B
#2015000
0'
#2020000
1'
0B
0F
1L
1/
b1000000000100 ,
0C
#2025000
0'
#2030000
1'
0/
10
0N
b11 9
0L
1:
b10100000100 7
#2035000
0'
#2040000
1'
0:
#2045000
0'
#2050000
1'
12
#2055000
0'
#2060000
1'
02
00
1B
1F
#2065000
0'
#2070000
1'
0F
#2075000
0'
#2080000
1'
1C
1N
b1000000000001 @
b10000000010000000000000000 K
b1110 M
#2085000
0'
#2090000
1'
0B
1/
1L
b1000000000001 ,
b1000000000100 @
#2095000
0'
#2100000
1'
0/
b10000000010000000000000000 7
b111 M
10
b1110 9
b1010000010000000011 K
1:
0L
#2105000
0'
#2110000
1'
0:
#2115000
0'
#2120000
1'
12
#2125000
0'
#2130000
1'
02
1F
00
1B
#2135000
0'
#2140000
1'
0B
1L
0F
1/
0C
b1000000000100 ,
#2145000
0'
#2150000
1'
0/
10
0L
b1010000010000000011 7
1:
0N
b111 9
#2155000
0'
#2160000
1'
0:
#2165000
0'
#2170000
1'
12
#2175000
0'
#2180000
1'
02
1B
00
1F
#2185000
0'
#2190000
1'
0F
#2195000
0'
#2200000
1'
b1000000000010 @
b1100 M
1N
1C
b1000000000000000000000000 K
#2205000
0'
#2210000
1'
b1000000000010 ,
1L
1/
b1000000000100 @
0B
#2215000
0'
#2220000
1'
10
b1100 9
b101000001000000001100000010 K
0/
0L
b1111 M
1:
b1000000000000000000000000 7
#2225000
0'
#2230000
1'
0:
#2235000
0'
#2240000
1'
12
#2245000
0'
#2250000
1'
02
1F
00
1B
#2255000
0'
#2260000
1'
0B
1/
0F
b1000000000100 ,
0C
1L
#2265000
0'
#2270000
1'
0L
10
0/
b101000001000000001100000010 7
b1111 9
1:
0N
#2275000
0'
#2280000
1'
0:
#2285000
0'
#2290000
1'
12
#2295000
0'
#2300000
1'
02
1F
1B
00
#2305000
0'
#2310000
1'
0F
#2315000
0'
#2320000
1'
1N
b1000000000011 @
b0 K
1C
b1000 M
#2325000
0'
#2330000
1'
b1000000000100 @
0B
1L
1/
b1000000000011 ,
#2335000
0'
#2340000
1'
0L
b1111 M
b0 7
10
0/
1:
b100000000110000001000000001 K
b1000 9
#2345000
0'
#2350000
1'
0:
#2355000
0'
#2360000
1'
12
#2365000
0'
#2370000
1'
02
1F
1B
00
#2375000
0'
#2380000
1'
0F
b1000000000100 ,
b1000000001000 @
1L
0B
1/
#2385000
0'
#2390000
1'
0/
10
b1111 9
b100000000110000001000000001 7
b1 M
0L
1:
b101 K
#2395000
0'
#2400000
1'
0:
#2405000
0'
#2410000
1'
12
#2415000
0'
#2420000
1'
02
00
1F
1B
#2425000
0'
#2430000
1'
0B
b1000000001000 ,
1/
0F
0C
1L
#2435000
0'
#2440000
1'
0L
b101 7
10
b1 9
0N
0/
1:
#2445000
0'
#2450000
1'
0:
#2455000
0'
#2460000
1'
12
#2465000
0'
#2470000
1'
02
1B
00
1F
#2475000
0'
#2480000
1'
0F
#2485000
0'
#2490000
1'
b1000000000000 @
b11000000100000000100000000 K
1N
1C
b1111 M
#2495000
0'
#2500000
1'
0B
b1000000000000 ,
1L
b1000000000100 @
1/
#2505000
0'
#2510000
1'
0/
0L
b111 M
1:
b1111 9
b11000000100000000100000000 7
10
b1100000010100000100 K
#2515000
0'
#2520000
1'
0:
#2525000
0'
#2530000
1'
12
#2535000
0'
#2540000
1'
02
1F
1B
00
#2545000
0'
#2550000
1'
0F
1L
1/
b1000000000100 ,
0B
0C
#2555000
0'
#2560000
1'
0/
b111 9
10
0L
1:
b1100000010100000100 7
0N
#2565000
0'
#2570000
1'
0:
#2575000
0'
#2580000
1'
12
#2585000
0'
#2590000
1'
02
1F
00
1B
#2595000
0'
#2600000
1'
0F
#2605000
0'
#2610000
1'
1C
b1110 M
1N
b10000000010000000000000000 K
b1000000000001 @
#2615000
0'
#2620000
1'
b1000000000100 @
0B
1/
1L
b1000000000001 ,
#2625000
0'
#2630000
1'
0/
b1111 M
b1110 9
0L
10
b10000000010000000000000000 7
1:
b110000001010000010000000011 K
#2635000
0'
#2640000
1'
0:
#2645000
0'
#2650000
1'
12
#2655000
0'
#2660000
1'
02
1F
1B
00
#2665000
0'
#2670000
1'
0F
b1000000000100 ,
0C
1/
0B
1L
#2675000
0'
#2680000
1'
0L
10
0N
0/
b1111 9
1:
b110000001010000010000000011 7
#2685000
0'
#2690000
1'
0:
#2695000
0'
#2700000
1'
12
#2705000
0'
#2710000
1'
02
00
1F
1B
#2715000
0'
#2720000
1'
0F
#2725000
0'
#2730000
1'
1C
b1000000000010 @
b1000000000000000000000000 K
b1100 M
1N
#2735000
0'
#2740000
1'
1L
0B
b1000000000100 @
b1000000000010 ,
1/
#2745000
0'
#2750000
1'
0/
b101000001000000001100000010 K
10
b1000000000000000000000000 7
0L
b1111 M
1:
b1100 9
#2755000
0'
#2760000
1'
0:
#2765000
0'
#2770000
1'
12
#2775000
0'
#2780000
1'
02
00
1B
1F
#2785000
0'
#2790000
1'
0F
b1000000001000 @
1/
0B
1L
b1000000000100 ,
#2795000
0'
#2800000
1'
b1111 9
b110 K
b101000001000000001100000010 7
10
0L
1:
0/
b1 M
#2805000
0'
#2810000
1'
0:
#2815000
0'
#2820000
1'
12
#2825000
0'
#2830000
1'
02
1F
1B
00
#2835000
0'
#2840000
1'
b1000000001000 ,
0C
0B
0F
1L
1/
#2845000
0'
#2850000
1'
0/
10
b110 7
0N
b1 9
0L
1:
#2855000
0'
#2860000
1'
0:
#2865000
0'
#2870000
1'
12
#2875000
0'
#2880000
1'
02
00
1B
1F
#2885000
0'
#2890000
1'
0F
#2895000
0'
#2900000
1'
1N
b1000000000011 @
b1000 M
b0 K
1C
#2905000
0'
#2910000
1'
1/
b1000000000100 @
b1000000000011 ,
0B
1L
#2915000
0'
#2920000
1'
0L
b1111 M
b0 7
1:
0/
b100000000110000001000000001 K
b1000 9
10
#2925000
0'
#2930000
1'
0:
#2935000
0'
#2940000
1'
12
#2945000
0'
#2950000
1'
02
00
1F
1B
#2955000
0'
#2960000
1'
0B
1L
b1000000001000 @
0F
b1000000000100 ,
1/
#2965000
0'
#2970000
1'
0/
0L
1:
10
b11 M
b100000000110000001000000001 7
b1111 9
b11000000101 K
#2975000
0'
#2980000
1'
0:
#2985000
0'
#2990000
1'
12
#2995000
0'
#3000000
1'
02
00
1B
1F
#3005000
0'
#3010000
1'
0F
1L
0C
1/
0B
b1000000001000 ,
#3015000
0'
#3020000
1'
0L
1:
10
0N
0/
b11 9
b11000000101 7
#3025000
0'
#3030000
1'
0:
#3035000
0'
#3040000
1'
12
#3045000
0'
#3050000
1'
02
00
1F
1B
#3055000
0'
#3060000
1'
0F
#3065000
0'
#3070000
1'
#3075000
0'
#3080000
1'
#3080001
bx K
bx M
0D
bx A
08
bx 1
0H
0.
bx @
0*
#3085001
0'
#3090001
1'
1*
1H
1D
18
1.
#3095001
0'
#3100001
1'
0.
0D
0*
1;
0H
08
#3105001
0'
#3110001
1'
0B
0>
#3115001
0'
#3120001
1'
0;
#3125001
0'
#3130001
1'
1>
1B
1D
1.
18
1*
1H
#3135001
0'
#3140001
1'
#3145001
0'
#3150001
1'
0H
08
0D
b0 K
1C
b1 M
0.
b10 A
0*
1N
b1000000000000 @
#3155001
0'
#3160001
1'
0B
b1000000000000 ,
0C
1L
1/
#3165001
0'
#3170001
1'
10
1:
b0 7
0L
b1 9
0N
#3175001
0'
#3180001
1'
1H
1D
1.
18
1*
#3185001
0'
#3190001
1'
0*
0.
0/
0D
0H
0:
08
#3195001
0'
#3200001
1'
12
b0 1
#3205001
0'
#3210001
1'
02
00
1B
1F
#3215001
0'
#3220001
1'
18
1H
1.
1*
1D
#3225001
0'
#3230001
1'
0D
0*
0H
08
0F
0.
#3235001
0'
#3240001
1'
1C
b1000000000001 @
1N
b10 M
#3245001
0'
#3250001
1'
1/
0C
b1000000000001 ,
0B
1L
#3255001
0'
#3260001
1'
0L
0N
1H
1.
1D
1*
18
10
1:
b10 9
#3265001
0'
#3270001
1'
08
0.
0H
0*
0D
0/
0:
#3275001
0'
#3280001
1'
12
#3285001
0'
#3290001
1'
02
1F
1B
00
#3295001
0'
#3300001
1'
1D
18
1H
1.
1*
#3305001
0'
#3310001
1'
0*
0.
0H
0D
08
0F
#3315001
0'
#3320001
1'
1C
b100 M
1N
b1000000000010 @
#3325001
0'
#3330001
1'
0C
1L
1/
0B
b1000000000010 ,
#3335001
0'
#3340001
1'
1D
10
0N
b100 9
1H
1*
1:
1.
18
0L
#3345001
0'
#3350001
1'
0:
0D
0*
0H
08
0.
0/
#3355001
0'
#3360001
1'
12
#3365001
0'
#3370001
1'
02
00
1F
1B
#3375001
0'
#3380001
1'
1*
1D
1.
18
1H
#3385001
0'
#3390001
1'
0H
0*
08
0F
0.
0D
#3395001
0'
#3400001
1'
1C
b1000000000011 @
1N
b1000 M
#3405001
0'
#3410001
1'
0B
1/
b1000000000011 ,
1L
0C
#3415001
0'
#3420001
1'
0L
0N
10
1D
1H
b1000 9
1:
1.
1*
18
#3425001
0'
#3430001
1'
08
0/
0H
0D
0*
0:
0.
#3435001
0'
#3440001
1'
12
#3445001
0'
#3450001
1'
02
1B
00
1F
#3455001
0'
#3460001
1'
1.
1H
18
1D
1*
#3465001
0'
#3470001
1'
0*
0H
0F
0.
0D
08
#3475001
0'
#3480001
1'
1N
b100000000 K
1C
b11 M
b1000000000000 @
#3485001
0'
#3490001
1'
1L
0B
0C
1/
b1000000000000 ,
#3495001
0'
#3500001
1'
18
b11 9
1*
0N
0L
1H
1D
10
b100000000 7
1.
1:
#3505001
0'
#3510001
1'
0:
0/
08
0*
0.
0D
0H
#3515001
0'
#3520001
1'
12
#3525001
0'
#3530001
1'
02
1F
1B
00
#3535001
0'
#3540001
1'
18
1H
1.
1*
1D
#3545001
0'
#3550001
1'
0D
0F
08
0*
0H
0.
#3555001
0'
#3560001
1'
b10000000000000000 K
b1000000000001 @
b110 M
1N
1C
#3565001
0'
#3570001
1'
0C
1L
b1000000000001 ,
1/
0B
#3575001
0'
#3580001
1'
0N
10
1:
b110 9
1.
0L
1D
1H
18
1*
b10000000000000000 7
#3585001
0'
#3590001
1'
0:
0.
0*
0D
0/
08
0H
#3595001
0'
#3600001
1'
12
#3605001
0'
#3610001
1'
02
1B
1F
00
#3615001
0'
#3620001
1'
1H
18
1*
1.
1D
#3625001
0'
#3630001
1'
0D
0F
0.
08
0H
0*
#3635001
0'
#3640001
1'
1C
b1000000000000000000000000 K
1N
b1000000000010 @
b1100 M
#3645001
0'
#3650001
1'
0B
b1000000000010 ,
0C
1L
1/
#3655001
0'
#3660001
1'
b1000000000000000000000000 7
1*
1D
0N
10
1:
b1100 9
0L
1.
1H
18
#3665001
0'
#3670001
1'
08
0:
0/
0D
0*
0H
0.
#3675001
0'
#3680001
1'
12
#3685001
0'
#3690001
1'
02
1B
00
1F
#3695001
0'
#3700001
1'
1.
18
1D
1H
1*
#3705001
0'
#3710001
1'
0*
08
0.
0F
0H
0D
#3715001
0'
#3720001
1'
1C
b1000 M
b1000000000011 @
1N
b0 K
#3725001
0'
#3730001
1'
0B
b1000000000011 ,
b1000000000100 @
1/
1L
#3735001
0'
#3740001
1'
0L
1.
1D
b1 K
18
b0 7
1*
1:
b1 M
10
b1000 9
1H
#3745001
0'
#3750001
1'
0H
0:
08
0D
0.
0*
0/
#3755001
0'
#3760001
1'
12
#3765001
0'
#3770001
1'
02
1B
00
1F
#3775001
0'
#3780001
1'
1.
18
0C
1L
1H
1/
1D
b1000000000100 ,
0B
1*
#3785001
0'
#3790001
1'
0*
0D
0F
08
1:
0.
0N
0/
0H
0L
b1 7
b1 9
#3795001
0'
#3800001
1'
10
#3805001
0'
#3810001
1'
#3815001
0'
#3820001
1'
18
1*
1D
1H
1.
#3825001
0'
#3830001
1'
0.
0H
0:
08
0D
0*
#3835001
0'
#3840001
1'
12
#3845001
0'
#3850001
1'
02
1F
00
1B
#3855001
0'
#3860001
1'
1H
1D
1.
1*
18
#3865001
0'
#3870001
1'
08
0*
0H
0.
0D
0F
#3875001
0'
#3880001
1'
1C
b1000000000000 @
b100000000100000000 K
1N
b111 M
#3885001
0'
#3890001
1'
0C
1L
0B
1/
b1000000000000 ,
#3895001
0'
#3900001
1'
1.
b111 9
18
0L
1H
1*
1:
1D
10
0N
b100000000100000000 7
#3905001
0'
#3910001
1'
0*
0.
0H
08
0:
0/
0D
#3915001
0'
#3920001
1'
12
#3925001
0'
#3930001
1'
02
1B
1F
00
#3935001
0'
#3940001
1'
1H
1D
1.
1*
18
#3945001
0'
#3950001
1'
08
0.
0D
0H
0*
0F
#3955001
0'
#3960001
1'
b10000000010000000000000000 K
b1110 M
1C
b1000000000001 @
1N
#3965001
0'
#3970001
1'
0C
0B
b1000000000001 ,
1L
1/
#3975001
0'
#3980001
1'
0N
10
b10000000010000000000000000 7
1D
18
b1110 9
1.
0L
1*
1H
1:
#3985001
0'
#3990001
1'
0:
0/
08
0D
0H
0.
0*
#3995001
0'
#4000001
1'
12
#4005001
0'
#4010001
1'
02
00
1F
1B
#4015001
0'
#4020001
1'
18
1*
1.
1D
1H
#4025001
0'
#4030001
1'
0H
08
0F
0D
0*
0.
#4035001
0'
#4040001
1'
1C
1N
b1000000000000000000000000 K
b1100 M
b1000000000010 @
#4045001
0'
#4050001
1'
b1000000000100 @
b1000000000010 ,
0B
1/
1L
#4055001
0'
#4060001
1'
0L
b10 K
b1100 9
1H
1.
18
10
b1000000000000000000000000 7
1:
b1 M
1*
1D
#4065001
0'
#4070001
1'
0D
0H
0.
08
0*
0/
0:
#4075001
0'
#4080001
1'
12
#4085001
0'
#4090001
1'
02
1B
00
1F
#4095001
0'
#4100001
1'
0B
1L
1.
0C
1H
b1000000000100 ,
1D
1/
18
1*
#4105001
0'
#4110001
1'
0*
0F
b10 7
1:
0L
b1 9
0H
0.
0N
08
0D
0/
#4115001
0'
#4120001
1'
10
#4125001
0'
#4130001
1'
#4135001
0'
#4140001
1'
1.
1*
1H
1D
18
#4145001
0'
#4150001
1'
08
0*
0:
0.
0D
0H
#4155001
0'
#4160001
1'
12
#4165001
0'
#4170001
1'
02
1B
1F
00
#4175001
0'
#4180001
1'
18
1H
1*
1D
1.
#4185001
0'
#4190001
1'
0.
0H
08
0D
0F
0*
#4195001
0'
#4200001
1'
b0 K
b1000000000011 @
1C
1N
b1000 M
#4205001
0'
#4210001
1'
b1000000000100 @
0B
b1000000000011 ,
1/
1L
#4215001
0'
#4220001
1'
0L
b11 M
1*
b0 7
10
1:
b1000000001 K
1.
b1000 9
1H
18
1D
#4225001
0'
#4230001
1'
0D
0/
0*
0.
0:
08
0H
#4235001
0'
#4240001
1'
12
#4245001
0'
#4250001
1'
02
1B
00
1F
#4255001
0'
#4260001
1'
0B
1H
1.
1D
1L
1*
1/
b1000000000100 ,
18
0C
#4265001
0'
#4270001
1'
0/
0F
b11 9
0.
b1000000001 7
0H
0*
0L
0D
08
0N
1:
#4275001
0'
#4280001
1'
10
#4285001
0'
#4290001
1'
#4295001
0'
#4300001
1'
1.
1*
1H
1D
18
#4305001
0'
#4310001
1'
08
0:
0*
0.
0D
0H
#4315001
0'
#4320001
1'
12
#4325001
0'
#4330001
1'
02
1F
1B
00
#4335001
0'
#4340001
1'
1*
1H
18
1D
1.
#4345001
0'
#4350001
1'
0.
0F
0H
0*
0D
08
#4355001
0'
#4360001
1'
1C
b1000000000000 @
b1111 M
b11000000100000000100000000 K
1N
#4365001
0'
#4370001
1'
1L
0C
1/
0B
b1000000000000 ,
#4375001
0'
#4380001
1'
18
1H
0L
0N
10
b1111 9
1.
1:
b11000000100000000100000000 7
1D
1*
#4385001
0'
#4390001
1'
0*
0:
0H
08
0.
0D
0/
#4395001
0'
#4400001
1'
12
#4405001
0'
#4410001
1'
02
00
1F
1B
#4415001
0'
#4420001
1'
18
1*
1H
1D
1.
#4425001
0'
#4430001
1'
0.
0*
08
0D
0F
0H
#4435001
0'
#4440001
1'
b1110 M
1C
1N
b1000000000001 @
b10000000010000000000000000 K
#4445001
0'
#4450001
1'
b1000000000001 ,
1L
0B
1/
b1000000000100 @
#4455001
0'
#4460001
1'
1H
1*
0L
b1 M
b11 K
1:
1.
10
b1110 9
18
1D
b10000000010000000000000000 7
#4465001
0'
#4470001
1'
0*
0H
0.
0:
0D
0/
08
#4475001
0'
#4480001
1'
12
#4485001
0'
#4490001
1'
02
1B
00
1F
#4495001
0'
#4500001
1'
0B
1.
1L
b1000000000100 ,
18
1*
0C
1H
1/
1D
#4505001
0'
#4510001
1'
0D
0F
0N
0.
b11 7
0*
0L
08
0/
1:
0H
b1 9
#4515001
0'
#4520001
1'
10
#4525001
0'
#4530001
1'
#4535001
0'
#4540001
1'
1D
1*
1.
1H
18
#4545001
0'
#4550001
1'
08
0*
0D
0H
0.
0:
#4555001
0'
#4560001
1'
12
#4565001
0'
#4570001
1'
02
1F
1B
00
#4575001
0'
#4580001
1'
1*
18
1.
1D
1H
#4585001
0'
#4590001
1'
0H
0F
0*
0D
08
0.
#4595001
0'
#4600001
1'
1N
1C
b1000000000010 @
b1100 M
b1000000000000000000000000 K
#4605001
0'
#4610001
1'
1L
b1000000000100 @
b1000000000010 ,
0B
1/
#4615001
0'
#4620001
1'
b1100000010 K
1.
b11 M
b1100 9
1:
0L
1H
10
b1000000000000000000000000 7
18
1*
1D
#4625001
0'
#4630001
1'
0D
0/
0.
0H
0:
0*
08
#4635001
0'
#4640001
1'
12
#4645001
0'
#4650001
1'
02
00
1F
1B
#4655001
0'
#4660001
1'
0B
18
0C
1H
1D
1.
1/
1L
1*
b1000000000100 ,
#4665001
0'
#4670001
1'
0/
08
0N
0.
0H
b11 9
0D
0*
0F
b1100000010 7
0L
1:
#4675001
0'
#4680001
1'
10
#4685001
0'
#4690001
1'
#4695001
0'
#4700001
1'
1H
18
1.
1*
1D
#4705001
0'
#4710001
1'
0D
0:
08
0H
0*
0.
#4715001
0'
#4720001
1'
12
#4725001
0'
#4730001
1'
02
1B
00
1F
#4735001
0'
#4740001
1'
18
1.
1D
1H
1*
#4745001
0'
#4750001
1'
0*
0.
0F
08
0H
0D
#4755001
0'
#4760001
1'
1C
b1000 M
b0 K
1N
b1000000000011 @
#4765001
0'
#4770001
1'
b1000000000100 @
0B
b1000000000011 ,
1/
1L
#4775001
0'
#4780001
1'
0L
b1000 9
1D
1*
b110000001000000001 K
b111 M
1.
1:
1H
10
18
b0 7
#4785001
0'
#4790001
1'
0.
0*
0D
08
0:
0/
0H
#4795001
0'
#4800001
1'
12
#4805001
0'
#4810001
1'
02
1F
1B
00
#4815001
0'
#4820001
1'
b1000000000100 ,
0C
1L
1H
1.
1*
0B
18
1D
1/
#4825001
0'
#4830001
1'
0/
0.
0F
0N
b110000001000000001 7
b111 9
0H
0L
0D
0*
08
1:
#4835001
0'
#4840001
1'
10
#4845001
0'
#4850001
1'
#4855001
0'
#4860001
1'
1.
1H
18
1*
1D
#4865001
0'
#4870001
1'
0D
0.
0:
0*
08
0H
#4875001
0'
#4880001
1'
12
#4885001
0'
#4890001
1'
02
00
1F
1B
#4895001
0'
#4900001
1'
1D
1.
1H
18
1*
#4905001
0'
#4910001
1'
0*
0.
0D
08
0F
0H
#4915001
0'
#4920001
1'
1N
b1000000000000 @
1C
b1111 M
b11000000100000000100000000 K
#4925001
0'
#4930001
1'
1/
0B
b1000000000000 ,
b1000000000100 @
1L
#4935001
0'
#4940001
1'
0L
b1 M
10
1.
b100 K
1*
1H
b1111 9
b11000000100000000100000000 7
1D
18
1:
#4945001
0'
#4950001
1'
0:
0.
0/
0H
0*
08
0D
#4955001
0'
#4960001
1'
12
#4965001
0'
#4970001
1'
02
00
1B
1F
#4975001
0'
#4980001
1'
b1000000000100 ,
1L
1D
1H
1/
0C
1.
0B
18
1*
#4985001
0'
#4990001
1'
0*
0F
0L
1:
b1 9
0/
0D
0N
0H
08
0.
b100 7
#4995001
0'
#5000001
1'
10
#5005001
0'
#5010001
1'
#5015001
0'
#5020001
1'
1*
1D
1.
1H
18
#5025001
0'
#5030001
1'
08
0*
0:
0H
0D
0.
#5035001
0'
#5040001
1'
12
#5045001
0'
#5050001
1'
02
00
1F
1B
#5055001
0'
#5060001
1'
1.
1*
18
1D
1H
#5065001
0'
#5070001
1'
0H
0*
0.
0D
08
0F
#5075001
0'
#5080001
1'
1N
b10000000010000000000000000 K
1C
b1110 M
b1000000000001 @
#5085001
0'
#5090001
1'
b1000000000100 @
b1000000000001 ,
1L
0B
1/
#5095001
0'
#5100001
1'
b10000000011 K
10
b10000000010000000000000000 7
0L
1*
1H
b1110 9
b11 M
18
1:
1D
1.
#5105001
0'
#5110001
1'
0.
0H
0/
0*
0D
0:
08
#5115001
0'
#5120001
1'
12
#5125001
0'
#5130001
1'
02
1B
1F
00
#5135001
0'
#5140001
1'
1.
18
1/
0C
0B
1H
1L
b1000000000100 ,
1D
1*
#5145001
0'
#5150001
1'
0*
0L
0F
08
0.
0N
0H
0/
b10000000011 7
0D
b11 9
1:
#5155001
0'
#5160001
1'
10
#5165001
0'
#5170001
1'
#5175001
0'
#5180001
1'
18
1*
1H
1.
1D
#5185001
0'
#5190001
1'
0D
0H
0:
0*
08
0.
#5195001
0'
#5200001
1'
12
#5205001
0'
#5210001
1'
02
00
1F
1B
#5215001
0'
#5220001
1'
1*
1D
1.
1H
18
#5225001
0'
#5230001
1'
08
0.
0F
0*
0D
0H
#5235001
0'
#5240001
1'
b1000000000010 @
b1000000000000000000000000 K
1N
1C
b1100 M
#5245001
0'
#5250001
1'
0B
1/
1L
b1000000000100 @
b1000000000010 ,
#5255001
0'
#5260001
1'
0L
b111 M
1.
18
1H
1*
b1000000001100000010 K
10
1:
1D
b1000000000000000000000000 7
b1100 9
#5265001
0'
#5270001
1'
08
0.
0H
0/
0*
0:
0D
#5275001
0'
#5280001
1'
12
#5285001
0'
#5290001
1'
02
00
1B
1F
#5295001
0'
#5300001
1'
0B
1D
b1000000000100 ,
1/
1L
1H
18
1.
1*
0C
#5305001
0'
#5310001
1'
08
0F
0N
0D
b111 9
0H
0/
0L
0*
b1000000001100000010 7
0.
1:
#5315001
0'
#5320001
1'
10
#5325001
0'
#5330001
1'
#5335001
0'
#5340001
1'
18
1H
1D
1.
1*
#5345001
0'
#5350001
1'
0*
0H
08
0:
0.
0D
#5355001
0'
#5360001
1'
12
#5365001
0'
#5370001
1'
02
00
1F
1B
#5375001
0'
#5380001
1'
1D
18
1H
1*
1.
#5385001
0'
#5390001
1'
0.
0F
0H
08
0D
0*
#5395001
0'
#5400001
1'
1N
1C
b1000 M
b0 K
b1000000000011 @
#5405001
0'
#5410001
1'
b1000000000100 @
b1000000000011 ,
1/
0B
1L
#5415001
0'
#5420001
1'
0L
b1111 M
1*
18
10
1H
1.
b1000 9
b100000000110000001000000001 K
1D
1:
b0 7
#5425001
0'
#5430001
1'
0.
0*
0/
0H
08
0:
0D
#5435001
0'
#5440001
1'
12
#5445001
0'
#5450001
1'
02
1F
00
1B
#5455001
0'
#5460001
1'
0B
1D
1.
1L
1H
b1000000000100 ,
1/
1*
0C
18
#5465001
0'
#5470001
1'
08
0*
0L
b100000000110000001000000001 7
0.
0N
0D
0/
0H
0F
1:
b1111 9
#5475001
0'
#5480001
1'
10
#5485001
0'
#5490001
1'
#5495001
0'
#5500001
1'
1H
1.
18
1*
1D
#5505001
0'
#5510001
1'
0D
0*
0.
0H
08
0:
#5515001
0'
#5520001
1'
12
#5525001
0'
#5530001
1'
02
1B
1F
00
#5535001
0'
#5540001
1'
1H
1*
1D
1.
18
#5545001
0'
#5550001
1'
08
0D
0H
0*
0.
0F
#5555001
0'
#5560001
1'
b1000000000000 @
1N
1C
b11000000100000000100000000 K
#5565001
0'
#5570001
1'
1L
b1000000000100 @
1/
b1000000000000 ,
0B
#5575001
0'
#5580001
1'
b10100000100 K
10
b11000000100000000100000000 7
1H
18
b11 M
0L
1D
1:
1.
1*
#5585001
0'
#5590001
1'
0*
0D
0H
08
0/
0.
0:
#5595001
0'
#5600001
1'
12
#5605001
0'
#5610001
1'
02
1B
1F
00
#5615001
0'
#5620001
1'
18
0B
1*
1H
1D
1L
1.
1/
b1000000000100 ,
0C
#5625001
0'
#5630001
1'
0D
0F
b11 9
1:
08
b10100000100 7
0H
0*
0.
0L
0/
0N
#5635001
0'
#5640001
1'
10
#5645001
0'
#5650001
1'
#5655001
0'
#5660001
1'
1D
1H
18
1*
1.
#5665001
0'
#5670001
1'
0.
0H
0:
0D
0*
08
#5675001
0'
#5680001
1'
12
#5685001
0'
#5690001
1'
02
00
1F
1B
#5695001
0'
#5700001
1'
1.
18
1H
1*
1D
#5705001
0'
#5710001
1'
0D
08
0F
0.
0*
0H
#5715001
0'
#5720001
1'
1C
1N
b10000000010000000000000000 K
b1000000000001 @
b1110 M
#5725001
0'
#5730001
1'
b1000000000100 @
0B
1/
b1000000000001 ,
1L
#5735001
0'
#5740001
1'
0L
1H
1D
b111 M
b1110 9
1:
b1010000010000000011 K
18
10
b10000000010000000000000000 7
1*
1.
#5745001
0'
#5750001
1'
0.
0D
0H
08
0:
0*
0/
#5755001
0'
#5760001
1'
12
#5765001
0'
#5770001
1'
02
1F
00
1B
#5775001
0'
#5780001
1'
0B
1/
1L
18
0C
1.
1H
1D
1*
b1000000000100 ,
#5785001
0'
#5790001
1'
0H
0F
08
0L
0/
0.
b111 9
0N
0*
0D
1:
b1010000010000000011 7
#5795001
0'
#5800001
1'
10
#5805001
0'
#5810001
1'
#5815001
0'
#5820001
1'
18
1H
1.
1D
1*
#5825001
0'
#5830001
1'
0*
0H
08
0D
0:
0.
#5835001
0'
#5840001
1'
12
#5845001
0'
#5850001
1'
02
1F
1B
00
#5855001
0'
#5860001
1'
1.
1H
1*
18
1D
#5865001
0'
#5870001
1'
0D
0H
0F
0.
08
0*
#5875001
0'
#5880001
1'
b1000000000010 @
b1100 M
1C
b1000000000000000000000000 K
1N
#5885001
0'
#5890001
1'
b1000000000010 ,
b1000000000100 @
1L
1/
0B
#5895001
0'
#5900001
1'
1*
1D
b1000000000000000000000000 7
10
b1100 9
0L
b1111 M
1H
b101000001000000001100000010 K
18
1.
1:
#5905001
0'
#5910001
1'
0:
0D
0*
0.
0H
0/
08
#5915001
0'
#5920001
1'
12
#5925001
0'
#5930001
1'
02
1F
1B
00
#5935001
0'
#5940001
1'
0B
18
0C
1D
1L
b1000000000100 ,
1/
1.
1*
1H
#5945001
0'
#5950001
1'
0H
0L
08
0N
1:
b101000001000000001100000010 7
0D
0F
b1111 9
0*
0/
0.
#5955001
0'
#5960001
1'
10
#5965001
0'
#5970001
1'
#5975001
0'
#5980001
1'
1.
1H
18
1D
1*
#5985001
0'
#5990001
1'
0*
08
0.
0H
0:
0D
#5995001
0'
#6000001
1'
12
#6005001
0'
#6010001
1'
02
00
1F
1B
#6015001
0'
#6020001
1'
1D
1*
1H
1.
18
#6025001
0'
#6030001
1'
08
0.
0F
0D
0H
0*
#6035001
0'
#6040001
1'
1N
b1000 M
b1000000000011 @
1C
b0 K
#6045001
0'
#6050001
1'
b1000000000100 @
1L
0B
b1000000000011 ,
1/
#6055001
0'
#6060001
1'
0L
1H
1.
10
b100000000110000001000000001 K
18
1*
b1111 M
1D
b0 7
b1000 9
1:
#6065001
0'
#6070001
1'
0:
0D
0/
0.
0H
0*
08
#6075001
0'
#6080001
1'
12
#6085001
0'
#6090001
1'
02
00
1F
1B
#6095001
0'
#6100001
1'
0B
1/
1L
18
1D
1*
b1000000001000 @
1H
1.
b1000000000100 ,
#6105001
0'
#6110001
1'
0H
0D
b101 K
08
0L
0/
1:
0*
b1 M
0.
0F
b1111 9
b100000000110000001000000001 7
#6115001
0'
#6120001
1'
10
#6125001
0'
#6130001
1'
#6135001
0'
#6140001
1'
1*
18
1H
1D
1.
#6145001
0'
#6150001
1'
0.
0H
08
0*
0:
0D
#6155001
0'
#6160001
1'
12
#6165001
0'
#6170001
1'
02
1B
00
1F
#6175001
0'
#6180001
1'
0B
b1000000001000 ,
1L
1H
1*
1.
1D
18
1/
0C
#6185001
0'
#6190001
1'
08
0H
b101 7
0F
0L
0D
0.
0*
0N
0/
1:
b1 9
#6195001
0'
#6200001
1'
10
#6205001
0'
#6210001
1'
#6215001
0'
#6220001
1'
1*
18
1H
1.
1D
#6225001
0'
#6230001
1'
0D
0.
0*
0H
08
0:
#6235001
0'
#6240001
1'
12
#6245001
0'
#6250001
1'
02
1B
1F
00
#6255001
0'
#6260001
1'
1D
1H
1*
1.
18
#6265001
0'
#6270001
1'
08
0*
0H
0D
0.
0F
#6275001
0'
#6280001
1'
1C
b11000000100000000100000000 K
b1000000000000 @
b1111 M
1N
#6285001
0'
#6290001
1'
0B
b1000000000000 ,
1L
b1000000000100 @
1/
#6295001
0'
#6300001
1'
1H
b1111 9
b11000000100000000100000000 7
1:
b1100000010100000100 K
10
1*
18
1.
1D
0L
b111 M
#6305001
0'
#6310001
1'
0*
0:
0/
0H
08
0D
0.
#6315001
0'
#6320001
1'
12
#6325001
0'
#6330001
1'
02
1F
00
1B
#6335001
0'
#6340001
1'
0B
b1000000000100 ,
1/
1*
1.
0C
1D
1L
18
1H
#6345001
0'
#6350001
1'
0H
0.
1:
0N
b111 9
b1100000010100000100 7
0*
0/
0F
08
0L
0D
#6355001
0'
#6360001
1'
10
#6365001
0'
#6370001
1'
#6375001
0'
#6380001
1'
1D
1.
1H
1*
18
#6385001
0'
#6390001
1'
08
0H
0D
0:
0.
0*
#6395001
0'
#6400001
1'
12
#6405001
0'
#6410001
1'
02
1B
00
1F
#6415001
0'
#6420001
1'
18
1H
1*
1D
1.
#6425001
0'
#6430001
1'
0.
0*
0F
0H
08
0D
#6435001
0'
#6440001
1'
1N
b1110 M
b10000000010000000000000000 K
1C
b1000000000001 @
#6445001
0'
#6450001
1'
b1000000000100 @
1/
b1000000000001 ,
0B
1L
#6455001
0'
#6460001
1'
0L
b1111 M
1D
1H
1.
1:
1*
b10000000010000000000000000 7
b1110 9
b110000001010000010000000011 K
18
10
#6465001
0'
#6470001
1'
0H
0D
0/
0*
0:
0.
08
#6475001
0'
#6480001
1'
12
#6485001
0'
#6490001
1'
02
00
1F
1B
#6495001
0'
#6500001
1'
0B
b1000000000100 ,
1L
18
1H
1/
1D
1*
1.
0C
#6505001
0'
#6510001
1'
0D
0L
b110000001010000010000000011 7
1:
0/
08
0N
0H
0.
0F
b1111 9
0*
#6515001
0'
#6520001
1'
10
#6525001
0'
#6530001
1'
#6535001
0'
#6540001
1'
1*
1D
18
1.
1H
#6545001
0'
#6550001
1'
0H
0D
0*
0:
0.
08
#6555001
0'
#6560001
1'
12
#6565001
0'
#6570001
1'
02
00
1B
1F
#6575001
0'
#6580001
1'
1*
18
1D
1H
1.
#6585001
0'
#6590001
1'
0.
0F
0D
08
0*
0H
#6595001
0'
#6600001
1'
1N
1C
b1000000000010 @
b1100 M
b1000000000000000000000000 K
#6605001
0'
#6610001
1'
b1000000000100 @
1L
b1000000000010 ,
1/
0B
#6615001
0'
#6620001
1'
b101000001000000001100000010 K
18
1H
10
0L
1.
b1000000000000000000000000 7
1D
1:
b1100 9
b1111 M
1*
#6625001
0'
#6630001
1'
0*
08
0.
0H
0D
0/
0:
#6635001
0'
#6640001
1'
12
#6645001
0'
#6650001
1'
02
1B
00
1F
#6655001
0'
#6660001
1'
b1000000000100 ,
1.
b1000000001000 @
0B
18
1*
1L
1/
1H
1D
#6665001
0'
#6670001
1'
0D
0*
1:
b101000001000000001100000010 7
0F
b110 K
08
0.
0H
0L
b1 M
0/
b1111 9
#6675001
0'
#6680001
1'
10
#6685001
0'
#6690001
1'
#6695001
0'
#6700001
1'
18
1D
1*
1H
1.
#6705001
0'
#6710001
1'
0.
0D
08
0:
0H
0*
#6715001
0'
#6720001
1'
12
#6725001
0'
#6730001
1'
02
00
1F
1B
#6735001
0'
#6740001
1'
0B
18
1D
0C
1.
b1000000001000 ,
1*
1H
1/
1L
#6745001
0'
#6750001
1'
0L
0F
b110 7
b1 9
0D
08
0N
0.
0/
0*
1:
0H
#6755001
0'
#6760001
1'
10
#6765001
0'
#6770001
1'
#6775001
0'
#6780001
1'
1D
1H
18
1.
1*
#6785001
0'
#6790001
1'
0*
0H
0D
0.
0:
08
#6795001
0'
#6800001
1'
12
#6805001
0'
#6810001
1'
02
00
1B
1F
#6815001
0'
#6820001
1'
18
1*
1H
1D
1.
#6825001
0'
#6830001
1'
0.
0*
0F
08
0D
0H
#6835001
0'
#6840001
1'
1N
1C
b0 K
b1000000000011 @
b1000 M
#6845001
0'
#6850001
1'
0B
b1000000000011 ,
1L
b1000000000100 @
1/
#6855001
0'
#6860001
1'
b100000000110000001000000001 K
b1111 M
1H
10
b0 7
b1000 9
1*
1.
0L
1:
1D
18
#6865001
0'
#6870001
1'
08
0*
0/
0H
0D
0.
0:
#6875001
0'
#6880001
1'
12
#6885001
0'
#6890001
1'
02
1B
00
1F
#6895001
0'
#6900001
1'
1*
b1000000000100 ,
1/
18
0B
1.
1H
b1000000001000 @
1D
1L
#6905001
0'
#6910001
1'
0L
08
0F
1:
0*
b11 M
b11000000101 K
0/
b1111 9
b100000000110000001000000001 7
0D
0.
0H
#6915001
0'
#6920001
1'
10
#6925001
0'
#6930001
1'
#6935001
0'
#6940001
1'
1H
1*
18
1.
1D
#6945001
0'
#6950001
1'
0D
0*
0H
0:
0.
08
#6955001
0'
#6960001
1'
12
#6965001
0'
#6970001
1'
02
00
1F
1B
#6975001
0'
#6980001
1'
0B
18
1L
1*
1H
b1000000001000 ,
1D
1/
0C
1.
#6985001
0'
#6990001
1'
0.
0/
0H
b11 9
0*
0L
08
0D
0N
0F
b11000000101 7
1:
#6995001
0'
#7000001
1'
10
#7005001
0'
#7010001
1'
#7015001
0'
#7020001
1'
1D
1*
1.
1H
18
#7025001
0'
#7030001
1'
08
0H
0*
0:
0D
0.
#7035001
0'
#7040001
1'
12
#7045001
0'
#7050001
1'
02
00
1B
1F
#7055001
0'
#7060001
1'
1.
18
1*
1H
1D
#7065001
0'
#7070001
1'
0D
0H
0*
0F
08
0.
#7075001
0'
#7080001
1'
#7085001
0'
#7090001
1'
#7090002
bx M
bx K
bx 1
bx A
bx @
#7095002
0'
#7100002
1'
18
1D
1*
1H
1.
#7105002
0'
#7110002
1'
0.
0H
1;
0D
08
0*
#7115002
0'
#7120002
1'
0>
0B
#7125002
0'
#7130002
1'
0;
#7135002
0'
#7140002
1'
1B
1*
18
1H
1.
1D
1>
#7145002
0'
#7150002
1'
#7155002
0'
#7160002
1'
#7165002
0'
#7170002
1'
#7175002
0'
#7180002
1'
b1000000000000 @
b0 K
b1 M
b10 A
1C
1N
#7185002
0'
#7190002
1'
0B
1/
1L
b1000000000000 ,
0C
#7195002
0'
#7200002
1'
0L
10
0N
b1 9
0/
1:
b0 7
#7205002
0'
#7210002
1'
0:
#7215002
0'
#7220002
1'
12
b0 1
#7225002
0'
#7230002
1'
1F
00
1B
02
#7235002
0'
#7240002
1'
0F
#7245002
0'
#7250002
1'
#7255002
0'
#7260002
1'
1C
1N
b1000000000001 @
b10 M
#7265002
0'
#7270002
1'
1/
1L
0C
0B
b1000000000001 ,
#7275002
0'
#7280002
1'
0L
10
0/
b10 9
0N
1:
#7285002
0'
#7290002
1'
0:
#7295002
0'
#7300002
1'
12
#7305002
0'
#7310002
1'
02
1F
00
1B
#7315002
0'
#7320002
1'
0F
#7325002
0'
#7330002
1'
#7335002
0'
#7340002
1'
b100 M
b1000000000010 @
1N
1C
#7345002
0'
#7350002
1'
0C
b1000000000010 ,
0B
1/
1L
#7355002
0'
#7360002
1'
0L
0/
b100 9
1:
0N
10
#7365002
0'
#7370002
1'
0:
#7375002
0'
#7380002
1'
12
#7385002
0'
#7390002
1'
02
1F
00
1B
#7395002
0'
#7400002
1'
0F
#7405002
0'
#7410002
1'
#7415002
0'
#7420002
1'
1C
1N
b1000000000011 @
b1000 M
#7425002
0'
#7430002
1'
1L
0B
1/
b1000000000011 ,
0C
#7435002
0'
#7440002
1'
b1000 9
10
0/
0L
1:
0N
#7445002
0'
#7450002
1'
0:
#7455002
0'
#7460002
1'
12
#7465002
0'
#7470002
1'
02
1F
1B
00
#7475002
0'
#7480002
1'
0F
#7485002
0'
#7490002
1'
#7495002
0'
#7500002
1'
b11 M
1C
1N
b100000000 K
b1000000000000 @
#7505002
0'
#7510002
1'
0B
1/
0C
b1000000000000 ,
1L
#7515002
0'
#7520002
1'
0L
0/
0N
b100000000 7
10
b11 9
1:
#7525002
0'
#7530002
1'
0:
#7535002
0'
#7540002
1'
12
#7545002
0'
#7550002
1'
02
00
1F
1B
#7555002
0'
#7560002
1'
0F
#7565002
0'
#7570002
1'
#7575002
0'
#7580002
1'
b1000000000001 @
1N
b110 M
b10000000000000000 K
1C
#7585002
0'
#7590002
1'
0C
1/
1L
0B
b1000000000001 ,
#7595002
0'
#7600002
1'
0L
0/
0N
10
1:
b10000000000000000 7
b110 9
#7605002
0'
#7610002
1'
0:
#7615002
0'
#7620002
1'
12
#7625002
0'
#7630002
1'
02
1F
00
1B
#7635002
0'
#7640002
1'
0F
#7645002
0'
#7650002
1'
#7655002
0'
#7660002
1'
1C
b1000000000010 @
1N
b1000000000000000000000000 K
b1100 M
#7665002
0'
#7670002
1'
b1000000000010 ,
0B
1/
1L
0C
#7675002
0'
#7680002
1'
0L
1:
b1100 9
0/
b1000000000000000000000000 7
0N
10
#7685002
0'
#7690002
1'
0:
#7695002
0'
#7700002
1'
12
#7705002
0'
#7710002
1'
02
1F
00
1B
#7715002
0'
#7720002
1'
0F
#7725002
0'
#7730002
1'
#7735002
0'
#7740002
1'
1C
b1000 M
b1000000000011 @
1N
b0 K
#7745002
0'
#7750002
1'
1L
0C
0B
b1000000000011 ,
1/
#7755002
0'
#7760002
1'
0/
10
b1000 9
0L
1:
0N
b0 7
#7765002
0'
#7770002
1'
0:
#7775002
0'
#7780002
1'
b1 K
b1 M
1C
12
b1000000000100 @
1N
#7785002
0'
#7790002
1'
1F
00
1B
02
#7795002
0'
#7800002
1'
1L
1/
0C
0F
0B
b1000000000100 ,
#7805002
0'
#7810002
1'
0N
0L
b1 7
0/
10
b1 9
1:
#7815002
0'
#7820002
1'
0:
#7825002
0'
#7830002
1'
#7835002
0'
#7840002
1'
#7845002
0'
#7850002
1'
#7855002
0'
#7860002
1'
12
#7865002
0'
#7870002
1'
02
00
1B
1F
#7875002
0'
#7880002
1'
0F
#7885002
0'
#7890002
1'
#7895002
0'
#7900002
1'
1C
1N
b111 M
b100000000100000000 K
b1000000000000 @
#7905002
0'
#7910002
1'
b1000000000000 ,
1/
1L
0C
0B
#7915002
0'
#7920002
1'
1:
0L
0/
0N
b100000000100000000 7
b111 9
10
#7925002
0'
#7930002
1'
0:
#7935002
0'
#7940002
1'
12
#7945002
0'
#7950002
1'
02
1B
1F
00
#7955002
0'
#7960002
1'
0F
#7965002
0'
#7970002
1'
#7975002
0'
#7980002
1'
b1000000000001 @
b1110 M
1N
1C
b10000000010000000000000000 K
#7985002
0'
#7990002
1'
0B
1/
1L
b1000000000001 ,
0C
#7995002
0'
#8000002
1'
10
1:
0L
0/
b1110 9
0N
b10000000010000000000000000 7
#8005002
0'
#8010002
1'
0:
#8015002
0'
#8020002
1'
12
#8025002
0'
#8030002
1'
02
1F
00
1B
#8035002
0'
#8040002
1'
0F
#8045002
0'
#8050002
1'
#8055002
0'
#8060002
1'
1C
b1100 M
b1000000000000000000000000 K
b1000000000010 @
1N
#8065002
0'
#8070002
1'
1L
0C
0B
b1000000000010 ,
1/
#8075002
0'
#8080002
1'
0/
0N
10
1:
0L
b1000000000000000000000000 7
b1100 9
#8085002
0'
#8090002
1'
0:
#8095002
0'
#8100002
1'
1N
b10 K
1C
b1 M
12
b1000000000100 @
#8105002
0'
#8110002
1'
1F
00
02
1B
#8115002
0'
#8120002
1'
0B
1L
1/
0F
0C
b1000000000100 ,
#8125002
0'
#8130002
1'
1:
0/
0L
0N
b1 9
b10 7
10
#8135002
0'
#8140002
1'
0:
#8145002
0'
#8150002
1'
#8155002
0'
#8160002
1'
#8165002
0'
#8170002
1'
#8175002
0'
#8180002
1'
12
#8185002
0'
#8190002
1'
1F
1B
00
02
#8195002
0'
#8200002
1'
0F
#8205002
0'
#8210002
1'
#8215002
0'
#8220002
1'
b1000000000011 @
b1000 M
1N
b0 K
1C
#8225002
0'
#8230002
1'
0C
0B
b1000000000011 ,
1L
1/
#8235002
0'
#8240002
1'
0/
0L
0N
1:
10
b0 7
b1000 9
#8245002
0'
#8250002
1'
0:
#8255002
0'
#8260002
1'
1N
1C
b11 M
12
b1000000000100 @
b1000000001 K
#8265002
0'
#8270002
1'
02
1F
1B
00
#8275002
0'
#8280002
1'
0F
1L
1/
b1000000000100 ,
0C
0B
#8285002
0'
#8290002
1'
10
b11 9
0/
0N
0L
1:
b1000000001 7
#8295002
0'
#8300002
1'
0:
#8305002
0'
#8310002
1'
#8315002
0'
#8320002
1'
#8325002
0'
#8330002
1'
#8335002
0'
#8340002
1'
12
#8345002
0'
#8350002
1'
02
1B
1F
00
#8355002
0'
#8360002
1'
0F
#8365002
0'
#8370002
1'
#8375002
0'
#8380002
1'
b11000000100000000100000000 K
1N
b1111 M
1C
b1000000000000 @
#8385002
0'
#8390002
1'
b1000000000000 ,
0B
1/
0C
1L
#8395002
0'
#8400002
1'
0L
0N
10
b11000000100000000100000000 7
b1111 9
1:
0/
#8405002
0'
#8410002
1'
0:
#8415002
0'
#8420002
1'
12
#8425002
0'
#8430002
1'
02
1F
00
1B
#8435002
0'
#8440002
1'
0F
#8445002
0'
#8450002
1'
#8455002
0'
#8460002
1'
b1000000000001 @
b10000000010000000000000000 K
1N
1C
b1110 M
#8465002
0'
#8470002
1'
1L
1/
0B
b1000000000001 ,
0C
#8475002
0'
#8480002
1'
10
b10000000010000000000000000 7
0/
0L
1:
0N
b1110 9
#8485002
0'
#8490002
1'
0:
#8495002
0'
#8500002
1'
1C
b1 M
b11 K
12
b1000000000100 @
1N
#8505002
0'
#8510002
1'
02
1B
1F
00
#8515002
0'
#8520002
1'
0F
1/
0B
0C
b1000000000100 ,
1L
#8525002
0'
#8530002
1'
0L
0N
10
b1 9
0/
b11 7
1:
#8535002
0'
#8540002
1'
0:
#8545002
0'
#8550002
1'
#8555002
0'
#8560002
1'
#8565002
0'
#8570002
1'
#8575002
0'
#8580002
1'
12
#8585002
0'
#8590002
1'
02
1B
00
1F
#8595002
0'
#8600002
1'
0F
#8605002
0'
#8610002
1'
#8615002
0'
#8620002
1'
1N
b1000000000000000000000000 K
b1100 M
b1000000000010 @
1C
#8625002
0'
#8630002
1'
0C
1/
1L
0B
b1000000000010 ,
#8635002
0'
#8640002
1'
0L
1:
10
0/
b1100 9
0N
b1000000000000000000000000 7
#8645002
0'
#8650002
1'
0:
#8655002
0'
#8660002
1'
1C
b1100000010 K
12
1N
b1000000000100 @
b11 M
#8665002
0'
#8670002
1'
1F
00
1B
02
#8675002
0'
#8680002
1'
b1000000000100 ,
1L
0F
0C
1/
0B
#8685002
0'
#8690002
1'
1:
b11 9
0L
b1100000010 7
0/
10
0N
#8695002
0'
#8700002
1'
0:
#8705002
0'
#8710002
1'
#8715002
0'
#8720002
1'
#8725002
0'
#8730002
1'
#8735002
0'
#8740002
1'
12
#8745002
0'
#8750002
1'
02
1B
1F
00
#8755002
0'
#8760002
1'
0F
#8765002
0'
#8770002
1'
#8775002
0'
#8780002
1'
1C
b1000 M
1N
b0 K
b1000000000011 @
#8785002
0'
#8790002
1'
0B
1L
b1000000000011 ,
0C
1/
#8795002
0'
#8800002
1'
0/
0N
10
1:
0L
b1000 9
b0 7
#8805002
0'
#8810002
1'
0:
#8815002
0'
#8820002
1'
1N
b1000000000100 @
b111 M
12
1C
b110000001000000001 K
#8825002
0'
#8830002
1'
00
1B
1F
02
#8835002
0'
#8840002
1'
1L
b1000000000100 ,
1/
0F
0C
0B
#8845002
0'
#8850002
1'
0L
1:
10
0N
b110000001000000001 7
0/
b111 9
#8855002
0'
#8860002
1'
0:
#8865002
0'
#8870002
1'
#8875002
0'
#8880002
1'
#8885002
0'
#8890002
1'
#8895002
0'
#8900002
1'
12
#8905002
0'
#8910002
1'
02
1B
00
1F
#8915002
0'
#8920002
1'
0F
#8925002
0'
#8930002
1'
#8935002
0'
#8940002
1'
1N
b1111 M
b1000000000000 @
b11000000100000000100000000 K
1C
#8945002
0'
#8950002
1'
0C
0B
b1000000000000 ,
1L
1/
#8955002
0'
#8960002
1'
0/
1:
b1111 9
0N
0L
10
b11000000100000000100000000 7
#8965002
0'
#8970002
1'
0:
#8975002
0'
#8980002
1'
b1000000000100 @
1C
b1 M
12
1N
b100 K
#8985002
0'
#8990002
1'
1F
1B
00
02
#8995002
0'
#9000002
1'
b1000000000100 ,
0F
0C
1/
0B
1L
#9005002
0'
#9010002
1'
0L
b1 9
1:
b100 7
0N
0/
10
#9015002
0'
#9020002
1'
0:
#9025002
0'
#9030002
1'
#9035002
0'
#9040002
1'
#9045002
0'
#9050002
1'
#9055002
0'
#9060002
1'
12
#9065002
0'
#9070002
1'
02
00
1F
1B
#9075002
0'
#9080002
1'
0F
#9085002
0'
#9090002
1'
#9095002
0'
#9100002
1'
b1110 M
b10000000010000000000000000 K
1C
b1000000000001 @
1N
#9105002
0'
#9110002
1'
0C
0B
1L
b1000000000001 ,
1/
#9115002
0'
#9120002
1'
0/
0L
10
1:
0N
b1110 9
b10000000010000000000000000 7
#9125002
0'
#9130002
1'
0:
#9135002
0'
#9140002
1'
1N
1C
b11 M
12
b10000000011 K
b1000000000100 @
#9145002
0'
#9150002
1'
02
00
1B
1F
#9155002
0'
#9160002
1'
0F
1/
1L
0C
0B
b1000000000100 ,
#9165002
0'
#9170002
1'
0L
10
1:
0/
0N
b10000000011 7
b11 9
#9175002
0'
#9180002
1'
0:
#9185002
0'
#9190002
1'
#9195002
0'
#9200002
1'
#9205002
0'
#9210002
1'
#9215002
0'
#9220002
1'
12
#9225002
0'
#9230002
1'
02
1F
00
1B
#9235002
0'
#9240002
1'
0F
#9245002
0'
#9250002
1'
#9255002
0'
#9260002
1'
b1000000000010 @
1N
b1100 M
1C
b1000000000000000000000000 K
#9265002
0'
#9270002
1'
0B
b1000000000010 ,
1L
1/
0C
#9275002
0'
#9280002
1'
0L
0N
1:
b1100 9
0/
b1000000000000000000000000 7
10
#9285002
0'
#9290002
1'
0:
#9295002
0'
#9300002
1'
1C
b1000000001100000010 K
1N
b1000000000100 @
12
b111 M
#9305002
0'
#9310002
1'
00
1B
1F
02
#9315002
0'
#9320002
1'
0B
0C
b1000000000100 ,
1L
0F
1/
#9325002
0'
#9330002
1'
0/
1:
10
0N
b111 9
0L
b1000000001100000010 7
#9335002
0'
#9340002
1'
0:
#9345002
0'
#9350002
1'
#9355002
0'
#9360002
1'
#9365002
0'
#9370002
1'
#9375002
0'
#9380002
1'
12
#9385002
0'
#9390002
1'
02
00
1B
1F
#9395002
0'
#9400002
1'
0F
#9405002
0'
#9410002
1'
#9415002
0'
#9420002
1'
b1000000000011 @
b1000 M
1C
b0 K
1N
#9425002
0'
#9430002
1'
0C
1/
b1000000000011 ,
1L
0B
#9435002
0'
#9440002
1'
0/
10
1:
0N
b0 7
0L
b1000 9
#9445002
0'
#9450002
1'
0:
#9455002
0'
#9460002
1'
1N
b1111 M
b1000000000100 @
12
1C
b100000000110000001000000001 K
#9465002
0'
#9470002
1'
00
1B
1F
02
#9475002
0'
#9480002
1'
0F
1/
0B
0C
1L
b1000000000100 ,
#9485002
0'
#9490002
1'
0/
1:
10
0N
b1111 9
0L
b100000000110000001000000001 7
#9495002
0'
#9500002
1'
0:
#9505002
0'
#9510002
1'
#9515002
0'
#9520002
1'
#9525002
0'
#9530002
1'
#9535002
0'
#9540002
1'
12
#9545002
0'
#9550002
1'
02
00
1F
1B
#9555002
0'
#9560002
1'
0F
#9565002
0'
#9570002
1'
#9575002
0'
#9580002
1'
b11000000100000000100000000 K
1N
b1000000000000 @
1C
#9585002
0'
#9590002
1'
0C
b1000000000000 ,
0B
1/
1L
#9595002
0'
#9600002
1'
0L
0N
1:
10
b11000000100000000100000000 7
0/
#9605002
0'
#9610002
1'
0:
#9615002
0'
#9620002
1'
1C
1N
b10100000100 K
12
b11 M
b1000000000100 @
#9625002
0'
#9630002
1'
1B
00
02
1F
#9635002
0'
#9640002
1'
0F
1L
b1000000000100 ,
0B
0C
1/
#9645002
0'
#9650002
1'
0/
10
1:
0L
0N
b10100000100 7
b11 9
#9655002
0'
#9660002
1'
0:
#9665002
0'
#9670002
1'
#9675002
0'
#9680002
1'
#9685002
0'
#9690002
1'
#9695002
0'
#9700002
1'
12
#9705002
0'
#9710002
1'
1F
1B
00
02
#9715002
0'
#9720002
1'
0F
#9725002
0'
#9730002
1'
#9735002
0'
#9740002
1'
1C
b1000000000001 @
b10000000010000000000000000 K
1N
b1110 M
#9745002
0'
#9750002
1'
1/
1L
0C
b1000000000001 ,
0B
#9755002
0'
#9760002
1'
1:
0/
b1110 9
0L
0N
b10000000010000000000000000 7
10
#9765002
0'
#9770002
1'
0:
#9775002
0'
#9780002
1'
b1000000000100 @
b111 M
1C
12
1N
b1010000010000000011 K
#9785002
0'
#9790002
1'
1B
1F
00
02
#9795002
0'
#9800002
1'
0F
0C
b1000000000100 ,
0B
1/
1L
#9805002
0'
#9810002
1'
0L
1:
b111 9
0/
10
0N
b1010000010000000011 7
#9815002
0'
#9820002
1'
0:
#9825002
0'
#9830002
1'
#9835002
0'
#9840002
1'
#9845002
0'
#9850002
1'
#9855002
0'
#9860002
1'
12
#9865002
0'
#9870002
1'
02
1F
1B
00
#9875002
0'
#9880002
1'
0F
#9885002
0'
#9890002
1'
#9895002
0'
#9900002
1'
b1000000000000000000000000 K
1C
b1100 M
b1000000000010 @
1N
#9905002
0'
#9910002
1'
0C
1L
b1000000000010 ,
0B
1/
#9915002
0'
#9920002
1'
0/
1:
b1000000000000000000000000 7
10
0L
0N
b1100 9
#9925002
0'
#9930002
1'
0:
#9935002
0'
#9940002
1'
12
b1111 M
b101000001000000001100000010 K
1C
1N
b1000000000100 @
#9945002
0'
#9950002
1'
1F
00
02
1B
#9955002
0'
#9960002
1'
0B
1L
1/
0F
0C
b1000000000100 ,
#9965002
0'
#9970002
1'
0/
1:
b1111 9
0L
b101000001000000001100000010 7
10
0N
#9975002
0'
#9980002
1'
0:
#9985002
0'
#9990002
1'
#9995002
0'
#10000002
1'
#10005002
0'
#10010002
1'
#10015002
0'
#10020002
1'
12
#10025002
0'
#10030002
1'
1B
02
00
1F
#10035002
0'
#10040002
1'
0F
#10045002
0'
#10050002
1'
#10055002
0'
#10060002
1'
b1000000000011 @
1N
b0 K
b1000 M
1C
#10065002
0'
#10070002
1'
0C
b1000000000011 ,
1/
1L
0B
#10075002
0'
#10080002
1'
0/
1:
b0 7
0N
b1000 9
0L
10
#10085002
0'
#10090002
1'
0:
#10095002
0'
#10100002
1'
1N
1C
b100000000110000001000000001 K
b1000000000100 @
b1111 M
12
#10105002
0'
#10110002
1'
02
1B
1F
00
#10115002
0'
#10120002
1'
0F
1/
0B
0C
b1000000000100 ,
1L
#10125002
0'
#10130002
1'
0L
10
1:
0/
0N
b100000000110000001000000001 7
b1111 9
#10135002
0'
#10140002
1'
1N
b101 K
1C
0:
b1 M
b1000000001000 @
#10145002
0'
#10150002
1'
#10155002
0'
#10160002
1'
#10165002
0'
#10170002
1'
#10175002
0'
#10180002
1'
12
#10185002
0'
#10190002
1'
02
00
1B
1F
#10195002
0'
#10200002
1'
0F
0C
1L
0B
1/
b1000000001000 ,
#10205002
0'
#10210002
1'
b1 9
0N
0L
10
0/
1:
b101 7
#10215002
0'
#10220002
1'
0:
#10225002
0'
#10230002
1'
#10235002
0'
#10240002
1'
#10245002
0'
#10250002
1'
#10255002
0'
#10260002
1'
12
#10265002
0'
#10270002
1'
02
1B
1F
00
#10275002
0'
#10280002
1'
0F
#10285002
0'
#10290002
1'
#10295002
0'
#10300002
1'
b1000000000000 @
1N
b11000000100000000100000000 K
1C
b1111 M
#10305002
0'
#10310002
1'
0B
1L
b1000000000000 ,
0C
1/
#10315002
0'
#10320002
1'
0/
0L
10
0N
b11000000100000000100000000 7
b1111 9
1:
#10325002
0'
#10330002
1'
0:
#10335002
0'
#10340002
1'
b111 M
12
1N
b1100000010100000100 K
b1000000000100 @
1C
#10345002
0'
#10350002
1'
1B
00
02
1F
#10355002
0'
#10360002
1'
0F
0C
1/
1L
0B
b1000000000100 ,
#10365002
0'
#10370002
1'
0L
b1100000010100000100 7
1:
0/
10
0N
b111 9
#10375002
0'
#10380002
1'
0:
#10385002
0'
#10390002
1'
#10395002
0'
#10400002
1'
#10405002
0'
#10410002
1'
#10415002
0'
#10420002
1'
12
#10425002
0'
#10430002
1'
00
1F
02
1B
#10435002
0'
#10440002
1'
0F
#10445002
0'
#10450002
1'
#10455002
0'
#10460002
1'
b10000000010000000000000000 K
b1110 M
1C
b1000000000001 @
1N
#10465002
0'
#10470002
1'
0B
b1000000000001 ,
1L
1/
0C
#10475002
0'
#10480002
1'
0L
0N
1:
10
b1110 9
b10000000010000000000000000 7
0/
#10485002
0'
#10490002
1'
0:
#10495002
0'
#10500002
1'
1N
1C
b1111 M
b110000001010000010000000011 K
b1000000000100 @
12
#10505002
0'
#10510002
1'
02
1B
00
1F
#10515002
0'
#10520002
1'
0F
0B
1L
0C
1/
b1000000000100 ,
#10525002
0'
#10530002
1'
0/
1:
b1111 9
0L
0N
10
b110000001010000010000000011 7
#10535002
0'
#10540002
1'
0:
#10545002
0'
#10550002
1'
#10555002
0'
#10560002
1'
#10565002
0'
#10570002
1'
#10575002
0'
#10580002
1'
12
#10585002
0'
#10590002
1'
02
1F
1B
00
#10595002
0'
#10600002
1'
0F
#10605002
0'
#10610002
1'
#10615002
0'
#10620002
1'
b1100 M
1C
b1000000000010 @
1N
b1000000000000000000000000 K
#10625002
0'
#10630002
1'
1/
b1000000000010 ,
1L
0B
0C
#10635002
0'
#10640002
1'
0/
10
1:
b1000000000000000000000000 7
b1100 9
0N
0L
#10645002
0'
#10650002
1'
0:
#10655002
0'
#10660002
1'
b101000001000000001100000010 K
1C
b1111 M
12
1N
b1000000000100 @
#10665002
0'
#10670002
1'
1F
00
1B
02
#10675002
0'
#10680002
1'
b1000000000100 ,
0F
1L
1/
0C
0B
#10685002
0'
#10690002
1'
b101000001000000001100000010 7
1:
0/
0L
0N
10
b1111 9
#10695002
0'
#10700002
1'
b1 M
b1000000001000 @
0:
b110 K
1C
1N
#10705002
0'
#10710002
1'
#10715002
0'
#10720002
1'
#10725002
0'
#10730002
1'
#10735002
0'
#10740002
1'
12
#10745002
0'
#10750002
1'
02
1B
1F
00
#10755002
0'
#10760002
1'
0B
1/
b1000000001000 ,
0F
0C
1L
#10765002
0'
#10770002
1'
0L
0/
10
1:
0N
b1 9
b110 7
#10775002
0'
#10780002
1'
0:
#10785002
0'
#10790002
1'
#10795002
0'
#10800002
1'
#10805002
0'
#10810002
1'
#10815002
0'
#10820002
1'
12
#10825002
0'
#10830002
1'
02
00
1B
1F
#10835002
0'
#10840002
1'
0F
#10845002
0'
#10850002
1'
#10855002
0'
#10860002
1'
1N
b1000 M
b1000000000011 @
1C
b0 K
#10865002
0'
#10870002
1'
1L
1/
0C
b1000000000011 ,
0B
#10875002
0'
#10880002
1'
0L
10
b1000 9
b0 7
1:
0N
0/
#10885002
0'
#10890002
1'
0:
#10895002
0'
#10900002
1'
b100000000110000001000000001 K
b1111 M
12
1N
1C
b1000000000100 @
#10905002
0'
#10910002
1'
00
1B
1F
02
#10915002
0'
#10920002
1'
0B
1/
1L
0F
b1000000000100 ,
0C
#10925002
0'
#10930002
1'
0/
1:
10
b100000000110000001000000001 7
b1111 9
0L
0N
#10935002
0'
#10940002
1'
1N
1C
b1000000001000 @
b11 M
b11000000101 K
0:
#10945002
0'
#10950002
1'
#10955002
0'
#10960002
1'
#10965002
0'
#10970002
1'
#10975002
0'
#10980002
1'
12
#10985002
0'
#10990002
1'
02
1B
00
1F
#10995002
0'
#11000002
1'
0F
0B
0C
1/
b1000000001000 ,
1L
#11005002
0'
#11010002
1'
0L
0N
b11000000101 7
1:
10
0/
b11 9
#11015002
0'
#11020002
1'
0:
#11025002
0'
#11030002
1'
#11035002
0'
#11040002
1'
#11045002
0'
#11050002
1'
#11055002
0'
#11060002
1'
12
#11065002
0'
#11070002
1'
02
1B
1F
00
#11075002
0'
#11080002
1'
0F
#11085002
0'
#11090002
1'
#11095002
0'
#11100002
1'
#11100003
0.
08
bx 1
bx K
0*
bx M
bx @
0H
0D
bx A
#11105003
0'
#11110003
1'
18
1.
1*
1D
1H
#11115003
0'
#11120003
1'
0H
0.
1;
08
0D
0*
#11125003
0'
#11130003
1'
0>
0B
#11135003
0'
#11140003
1'
0;
#11145003
0'
#11150003
1'
1B
1H
1*
1>
1.
1D
18
#11155003
0'
#11160003
1'
#11165003
0'
#11170003
1'
08
0*
0H
0D
0.
#11175003
0'
#11180003
1'
#11185003
0'
#11190003
1'
1N
1C
b10 A
b1000000000000 @
b1 M
b0 K
#11195003
0'
#11200003
1'
1.
0C
1L
0B
18
1*
1D
1H
b1000000000000 ,
1/
#11205003
0'
#11210003
1'
0/
08
b0 7
10
0.
0N
b1 9
0L
0D
0*
0H
1:
#11215003
0'
#11220003
1'
#11225003
0'
#11230003
1'
#11235003
0'
#11240003
1'
18
1.
1H
1*
1D
#11245003
0'
#11250003
1'
0D
0:
08
0*
0H
0.
#11255003
0'
#11260003
1'
#11265003
0'
#11270003
1'
b0 1
12
#11275003
0'
#11280003
1'
02
1.
00
1D
1B
1H
1F
1*
18
#11285003
0'
#11290003
1'
08
0D
0.
0*
0F
0H
#11295003
0'
#11300003
1'
#11305003
0'
#11310003
1'
b10 M
1C
b1000000000001 @
1N
#11315003
0'
#11320003
1'
1D
1/
1H
0C
18
0B
b1000000000001 ,
1L
1*
1.
#11325003
0'
#11330003
1'
0.
0N
0D
1:
b10 9
0H
0/
10
0*
08
0L
#11335003
0'
#11340003
1'
#11345003
0'
#11350003
1'
#11355003
0'
#11360003
1'
1D
1.
1H
18
1*
#11365003
0'
#11370003
1'
0*
0.
0D
0:
08
0H
#11375003
0'
#11380003
1'
#11385003
0'
#11390003
1'
12
#11395003
0'
#11400003
1'
02
1H
1D
1.
1*
18
00
1F
1B
#11405003
0'
#11410003
1'
0.
0D
0H
0F
0*
08
#11415003
0'
#11420003
1'
#11425003
0'
#11430003
1'
1C
b1000000000010 @
1N
b100 M
#11435003
0'
#11440003
1'
18
0B
0C
1L
1/
1.
1D
1*
1H
b1000000000010 ,
#11445003
0'
#11450003
1'
0.
0N
08
0/
b100 9
0L
0H
0D
10
0*
1:
#11455003
0'
#11460003
1'
#11465003
0'
#11470003
1'
#11475003
0'
#11480003
1'
1.
18
1*
1H
1D
#11485003
0'
#11490003
1'
0D
0:
0.
0H
08
0*
#11495003
0'
#11500003
1'
#11505003
0'
#11510003
1'
12
#11515003
0'
#11520003
1'
02
1*
1B
1D
18
1.
1F
1H
00
#11525003
0'
#11530003
1'
0*
0H
08
0D
0F
0.
#11535003
0'
#11540003
1'
#11545003
0'
#11550003
1'
b1000 M
1C
1N
b1000000000011 @
#11555003
0'
#11560003
1'
0B
b1000000000011 ,
1.
0C
1/
1H
1L
1*
1D
18
#11565003
0'
#11570003
1'
08
0N
1:
b1000 9
0.
10
0D
0H
0/
0*
0L
#11575003
0'
#11580003
1'
#11585003
0'
#11590003
1'
#11595003
0'
#11600003
1'
1.
18
1*
1D
1H
#11605003
0'
#11610003
1'
0H
0.
0:
0D
08
0*
#11615003
0'
#11620003
1'
#11625003
0'
#11630003
1'
12
#11635003
0'
#11640003
1'
02
1*
1.
1B
1H
18
1F
00
1D
#11645003
0'
#11650003
1'
0D
0*
0.
08
0H
0F
#11655003
0'
#11660003
1'
#11665003
0'
#11670003
1'
1N
b1000000000000 @
1C
b100000000 K
b11 M
#11675003
0'
#11680003
1'
1*
0B
1L
0C
1D
b1000000000000 ,
1H
1.
18
1/
#11685003
0'
#11690003
1'
0/
0D
0*
0N
b100000000 7
b11 9
0L
08
1:
10
0.
0H
#11695003
0'
#11700003
1'
#11705003
0'
#11710003
1'
#11715003
0'
#11720003
1'
1H
1*
1D
1.
18
#11725003
0'
#11730003
1'
08
0*
0H
0.
0D
0:
#11735003
0'
#11740003
1'
#11745003
0'
#11750003
1'
12
#11755003
0'
#11760003
1'
02
1F
1*
18
1B
1D
1H
1.
00
#11765003
0'
#11770003
1'
08
0F
0*
0.
0H
0D
#11775003
0'
#11780003
1'
#11785003
0'
#11790003
1'
b1000000000001 @
b10000000000000000 K
b110 M
1C
1N
#11795003
0'
#11800003
1'
0C
1D
1/
18
1H
0B
b1000000000001 ,
1L
1.
1*
#11805003
0'
#11810003
1'
0*
0/
0N
1:
b110 9
10
0D
b10000000000000000 7
0.
08
0H
0L
#11815003
0'
#11820003
1'
#11825003
0'
#11830003
1'
#11835003
0'
#11840003
1'
1D
1*
1H
1.
18
#11845003
0'
#11850003
1'
08
0D
0:
0.
0*
0H
#11855003
0'
#11860003
1'
#11865003
0'
#11870003
1'
12
#11875003
0'
#11880003
1'
02
1H
18
1F
1D
00
1*
1B
1.
#11885003
0'
#11890003
1'
0.
0D
08
0H
0F
0*
#11895003
0'
#11900003
1'
#11905003
0'
#11910003
1'
1C
1N
b1000000000010 @
b1100 M
b1000000000000000000000000 K
#11915003
0'
#11920003
1'
1D
1L
0C
1.
1*
1H
1/
18
0B
b1000000000010 ,
#11925003
0'
#11930003
1'
0/
0*
0.
0D
0L
0H
b1100 9
0N
10
1:
b1000000000000000000000000 7
08
#11935003
0'
#11940003
1'
#11945003
0'
#11950003
1'
#11955003
0'
#11960003
1'
18
1.
1*
1H
1D
#11965003
0'
#11970003
1'
0D
0H
08
0*
0.
0:
#11975003
0'
#11980003
1'
#11985003
0'
#11990003
1'
12
#11995003
0'
#12000003
1'
02
1*
1D
18
1H
1.
00
1B
1F
#12005003
0'
#12010003
1'
0F
08
0D
0*
0.
0H
#12015003
0'
#12020003
1'
#12025003
0'
#12030003
1'
b1000 M
b0 K
1C
b1000000000011 @
1N
#12035003
0'
#12040003
1'
0C
1H
1D
b1000000000011 ,
1/
18
1L
1.
0B
1*
#12045003
0'
#12050003
1'
0*
08
0D
1:
0N
0H
b1000 9
0/
0.
0L
10
b0 7
#12055003
0'
#12060003
1'
#12065003
0'
#12070003
1'
1N
b1 M
1C
b1 K
b1000000000100 @
#12075003
0'
#12080003
1'
18
1*
1D
1H
1.
#12085003
0'
#12090003
1'
0.
0D
08
0:
0*
0H
#12095003
0'
#12100003
1'
#12105003
0'
#12110003
1'
12
#12115003
0'
#12120003
1'
02
1H
1.
1D
18
1F
1*
00
1B
#12125003
0'
#12130003
1'
0B
08
0C
0H
0D
0.
b1000000000100 ,
0*
1/
0F
1L
#12135003
0'
#12140003
1'
0L
b1 9
1:
b1 7
0N
10
#12145003
0'
#12150003
1'
#12155003
0'
#12160003
1'
1.
18
1D
1H
1*
#12165003
0'
#12170003
1'
0*
0D
0:
08
0.
0H
0/
#12175003
0'
#12180003
1'
#12185003
0'
#12190003
1'
12
#12195003
0'
#12200003
1'
02
00
18
1B
1*
1D
1H
1F
1.
#12205003
0'
#12210003
1'
0.
0*
08
0F
0D
0H
#12215003
0'
#12220003
1'
#12225003
0'
#12230003
1'
b1000000000000 @
1C
b111 M
1N
b100000000100000000 K
#12235003
0'
#12240003
1'
1H
1*
1/
1.
1L
0C
0B
1D
18
b1000000000000 ,
#12245003
0'
#12250003
1'
0/
b100000000100000000 7
0*
10
0H
b111 9
0L
0.
1:
08
0D
0N
#12255003
0'
#12260003
1'
#12265003
0'
#12270003
1'
#12275003
0'
#12280003
1'
1.
1*
1H
1D
18
#12285003
0'
#12290003
1'
08
0*
0.
0D
0H
0:
#12295003
0'
#12300003
1'
#12305003
0'
#12310003
1'
12
#12315003
0'
#12320003
1'
02
1*
00
18
1H
1D
1.
1B
1F
#12325003
0'
#12330003
1'
0F
0*
0D
08
0H
0.
#12335003
0'
#12340003
1'
#12345003
0'
#12350003
1'
1C
b10000000010000000000000000 K
1N
b1000000000001 @
b1110 M
#12355003
0'
#12360003
1'
1.
b1000000000001 ,
0C
1/
1L
1D
0B
1*
1H
18
#12365003
0'
#12370003
1'
08
0/
0N
10
1:
0.
b10000000010000000000000000 7
b1110 9
0H
0D
0L
0*
#12375003
0'
#12380003
1'
#12385003
0'
#12390003
1'
#12395003
0'
#12400003
1'
1*
18
1.
1H
1D
#12405003
0'
#12410003
1'
0D
08
0:
0*
0H
0.
#12415003
0'
#12420003
1'
#12425003
0'
#12430003
1'
12
#12435003
0'
#12440003
1'
02
1.
1D
00
18
1F
1H
1*
1B
#12445003
0'
#12450003
1'
08
0.
0D
0*
0H
0F
#12455003
0'
#12460003
1'
#12465003
0'
#12470003
1'
b1100 M
1N
b1000000000000000000000000 K
1C
b1000000000010 @
#12475003
0'
#12480003
1'
1.
0B
b1000000000010 ,
1/
18
0C
1H
1L
1*
1D
#12485003
0'
#12490003
1'
0D
0/
b1000000000000000000000000 7
0.
1:
0N
10
0*
08
b1100 9
0L
0H
#12495003
0'
#12500003
1'
#12505003
0'
#12510003
1'
1N
b10 K
b1000000000100 @
b1 M
1C
#12515003
0'
#12520003
1'
1H
1D
1.
1*
18
#12525003
0'
#12530003
1'
08
0D
0H
0:
0*
0.
#12535003
0'
#12540003
1'
#12545003
0'
#12550003
1'
12
#12555003
0'
#12560003
1'
02
1.
1H
1F
1B
1D
18
1*
00
#12565003
0'
#12570003
1'
0D
0H
0.
0C
1/
0B
b1000000000100 ,
0F
0*
08
1L
#12575003
0'
#12580003
1'
0L
b10 7
0N
10
1:
b1 9
#12585003
0'
#12590003
1'
#12595003
0'
#12600003
1'
1.
1H
1D
1*
18
#12605003
0'
#12610003
1'
08
0H
0.
0/
0*
0:
0D
#12615003
0'
#12620003
1'
#12625003
0'
#12630003
1'
12
#12635003
0'
#12640003
1'
02
1D
1.
18
1H
1B
1F
1*
00
#12645003
0'
#12650003
1'
0H
0D
08
0.
0*
0F
#12655003
0'
#12660003
1'
#12665003
0'
#12670003
1'
b1000000000011 @
1N
1C
b0 K
b1000 M
#12675003
0'
#12680003
1'
0C
18
b1000000000011 ,
1L
1D
1H
1*
1/
1.
0B
#12685003
0'
#12690003
1'
0D
08
b0 7
10
b1000 9
0L
0N
0.
0H
1:
0/
0*
#12695003
0'
#12700003
1'
#12705003
0'
#12710003
1'
b11 M
1C
b1000000000100 @
b1000000001 K
1N
#12715003
0'
#12720003
1'
1*
18
1D
1.
1H
#12725003
0'
#12730003
1'
0H
08
0*
0.
0D
0:
#12735003
0'
#12740003
1'
#12745003
0'
#12750003
1'
12
#12755003
0'
#12760003
1'
02
1B
18
1F
1H
00
1D
1.
1*
#12765003
0'
#12770003
1'
0*
0H
1L
08
0B
0C
0F
b1000000000100 ,
0.
1/
0D
#12775003
0'
#12780003
1'
1:
b1000000001 7
0L
0N
b11 9
10
#12785003
0'
#12790003
1'
#12795003
0'
#12800003
1'
1D
18
1*
1H
1.
#12805003
0'
#12810003
1'
0.
0*
08
0D
0:
0H
0/
#12815003
0'
#12820003
1'
#12825003
0'
#12830003
1'
12
#12835003
0'
#12840003
1'
02
00
1F
1D
18
1*
1.
1B
1H
#12845003
0'
#12850003
1'
0H
0.
08
0D
0F
0*
#12855003
0'
#12860003
1'
#12865003
0'
#12870003
1'
1N
1C
b1111 M
b1000000000000 @
b11000000100000000100000000 K
#12875003
0'
#12880003
1'
1*
18
1/
1.
1H
0C
1D
1L
b1000000000000 ,
0B
#12885003
0'
#12890003
1'
0D
0/
08
b11000000100000000100000000 7
0*
10
0.
0N
0H
0L
1:
b1111 9
#12895003
0'
#12900003
1'
#12905003
0'
#12910003
1'
#12915003
0'
#12920003
1'
18
1D
1.
1*
1H
#12925003
0'
#12930003
1'
0H
0.
0D
08
0*
0:
#12935003
0'
#12940003
1'
#12945003
0'
#12950003
1'
12
#12955003
0'
#12960003
1'
02
1B
1F
1D
1.
1H
00
1*
18
#12965003
0'
#12970003
1'
08
0H
0.
0F
0D
0*
#12975003
0'
#12980003
1'
#12985003
0'
#12990003
1'
b10000000010000000000000000 K
1N
1C
b1110 M
b1000000000001 @
#12995003
0'
#13000003
1'
0B
1*
1/
1.
18
1H
0C
b1000000000001 ,
1D
1L
#13005003
0'
#13010003
1'
0L
08
0N
1:
b10000000010000000000000000 7
b1110 9
0.
0*
0/
0D
0H
10
#13015003
0'
#13020003
1'
#13025003
0'
#13030003
1'
1N
b1000000000100 @
b11 K
b1 M
1C
#13035003
0'
#13040003
1'
1*
18
1.
1H
1D
#13045003
0'
#13050003
1'
0D
08
0:
0*
0H
0.
#13055003
0'
#13060003
1'
#13065003
0'
#13070003
1'
12
#13075003
0'
#13080003
1'
02
1.
1D
1F
1B
00
18
1H
1*
#13085003
0'
#13090003
1'
0*
0F
1L
0D
0.
0C
0B
0H
1/
08
b1000000000100 ,
#13095003
0'
#13100003
1'
10
0L
1:
0N
b11 7
b1 9
#13105003
0'
#13110003
1'
#13115003
0'
#13120003
1'
1D
1*
1.
18
1H
#13125003
0'
#13130003
1'
0H
0*
0D
0:
08
0.
0/
#13135003
0'
#13140003
1'
#13145003
0'
#13150003
1'
12
#13155003
0'
#13160003
1'
02
1D
00
1F
1*
1H
1.
1B
18
#13165003
0'
#13170003
1'
08
0*
0D
0F
0H
0.
#13175003
0'
#13180003
1'
#13185003
0'
#13190003
1'
1C
b1000000000010 @
1N
b1100 M
b1000000000000000000000000 K
#13195003
0'
#13200003
1'
1D
1/
1.
b1000000000010 ,
18
0C
1*
1L
0B
1H
#13205003
0'
#13210003
1'
0H
0*
b1000000000000000000000000 7
0.
0/
0D
b1100 9
08
10
0L
0N
1:
#13215003
0'
#13220003
1'
#13225003
0'
#13230003
1'
b1000000000100 @
b1100000010 K
1C
1N
b11 M
#13235003
0'
#13240003
1'
18
1.
1H
1*
1D
#13245003
0'
#13250003
1'
0D
0*
0:
0.
08
0H
#13255003
0'
#13260003
1'
#13265003
0'
#13270003
1'
12
#13275003
0'
#13280003
1'
02
1H
18
1*
1D
1.
1B
00
1F
#13285003
0'
#13290003
1'
0F
0D
1/
08
0H
0*
b1000000000100 ,
0.
0C
0B
1L
#13295003
0'
#13300003
1'
0L
1:
b1100000010 7
b11 9
10
0N
#13305003
0'
#13310003
1'
#13315003
0'
#13320003
1'
1*
1D
1H
18
1.
#13325003
0'
#13330003
1'
0.
0H
0/
0D
0*
0:
08
#13335003
0'
#13340003
1'
#13345003
0'
#13350003
1'
12
#13355003
0'
#13360003
1'
02
18
1.
1*
1F
1D
1H
1B
00
#13365003
0'
#13370003
1'
0D
0.
08
0F
0*
0H
#13375003
0'
#13380003
1'
#13385003
0'
#13390003
1'
b0 K
b1000 M
1N
b1000000000011 @
1C
#13395003
0'
#13400003
1'
0C
1D
1H
1L
1.
1/
18
b1000000000011 ,
1*
0B
#13405003
0'
#13410003
1'
0/
b0 7
10
0D
0N
0.
0H
0L
0*
1:
b1000 9
08
#13415003
0'
#13420003
1'
#13425003
0'
#13430003
1'
b110000001000000001 K
1C
b111 M
1N
b1000000000100 @
#13435003
0'
#13440003
1'
18
1H
1.
1D
1*
#13445003
0'
#13450003
1'
0*
0.
0H
08
0D
0:
#13455003
0'
#13460003
1'
#13465003
0'
#13470003
1'
12
#13475003
0'
#13480003
1'
02
00
1F
1B
1H
1.
1*
1D
18
#13485003
0'
#13490003
1'
08
0.
0F
1/
0H
0B
0C
0D
1L
0*
b1000000000100 ,
#13495003
0'
#13500003
1'
1:
b110000001000000001 7
10
b111 9
0N
0L
#13505003
0'
#13510003
1'
#13515003
0'
#13520003
1'
1.
18
1H
1*
1D
#13525003
0'
#13530003
1'
0D
08
0:
0.
0/
0*
0H
#13535003
0'
#13540003
1'
#13545003
0'
#13550003
1'
12
#13555003
0'
#13560003
1'
02
1H
1.
1B
1D
18
1F
1*
00
#13565003
0'
#13570003
1'
08
0.
0H
0D
0*
0F
#13575003
0'
#13580003
1'
#13585003
0'
#13590003
1'
b1111 M
b1000000000000 @
b11000000100000000100000000 K
1C
1N
#13595003
0'
#13600003
1'
1L
1H
b1000000000000 ,
18
0B
1.
0C
1D
1*
1/
#13605003
0'
#13610003
1'
0/
10
b11000000100000000100000000 7
0H
0L
0N
08
1:
0*
0.
0D
b1111 9
#13615003
0'
#13620003
1'
#13625003
0'
#13630003
1'
b1000000000100 @
1N
b1 M
b100 K
1C
#13635003
0'
#13640003
1'
1H
18
1D
1.
1*
#13645003
0'
#13650003
1'
0*
0H
0.
0:
0D
08
#13655003
0'
#13660003
1'
#13665003
0'
#13670003
1'
12
#13675003
0'
#13680003
1'
02
18
1*
1B
1F
00
1D
1H
1.
#13685003
0'
#13690003
1'
0.
0F
0B
0*
0C
08
1/
1L
b1000000000100 ,
0H
0D
#13695003
0'
#13700003
1'
0L
b1 9
b100 7
0N
10
1:
#13705003
0'
#13710003
1'
#13715003
0'
#13720003
1'
1D
1.
1*
18
1H
#13725003
0'
#13730003
1'
0H
0*
0D
0:
0.
0/
08
#13735003
0'
#13740003
1'
#13745003
0'
#13750003
1'
12
#13755003
0'
#13760003
1'
02
18
1.
1*
1H
1B
1F
1D
00
#13765003
0'
#13770003
1'
0F
0H
0*
0.
08
0D
#13775003
0'
#13780003
1'
#13785003
0'
#13790003
1'
1C
b1000000000001 @
b10000000010000000000000000 K
b1110 M
1N
#13795003
0'
#13800003
1'
1D
1.
1*
1L
1H
0C
0B
1/
18
b1000000000001 ,
#13805003
0'
#13810003
1'
0N
10
b10000000010000000000000000 7
0*
0.
0D
0H
0L
1:
b1110 9
08
0/
#13815003
0'
#13820003
1'
#13825003
0'
#13830003
1'
1C
1N
b1000000000100 @
b11 M
b10000000011 K
#13835003
0'
#13840003
1'
1*
1D
1.
1H
18
#13845003
0'
#13850003
1'
08
0:
0.
0D
0*
0H
#13855003
0'
#13860003
1'
#13865003
0'
#13870003
1'
12
#13875003
0'
#13880003
1'
02
1H
1D
00
1F
1.
18
1*
1B
#13885003
0'
#13890003
1'
0B
0.
0C
b1000000000100 ,
0D
0H
1/
0F
1L
0*
08
#13895003
0'
#13900003
1'
b10000000011 7
10
1:
0L
0N
b11 9
#13905003
0'
#13910003
1'
#13915003
0'
#13920003
1'
18
1D
1.
1H
1*
#13925003
0'
#13930003
1'
0*
0.
08
0D
0/
0H
0:
#13935003
0'
#13940003
1'
#13945003
0'
#13950003
1'
12
#13955003
0'
#13960003
1'
02
1B
1D
1*
1F
18
1.
00
1H
#13965003
0'
#13970003
1'
0H
0.
0D
08
0F
0*
#13975003
0'
#13980003
1'
#13985003
0'
#13990003
1'
b1000000000000000000000000 K
1C
b1100 M
1N
b1000000000010 @
#13995003
0'
#14000003
1'
1*
b1000000000010 ,
1H
0B
18
1D
1.
0C
1/
1L
#14005003
0'
#14010003
1'
0L
0D
1:
b1100 9
0*
08
0H
b1000000000000000000000000 7
0/
0.
0N
10
#14015003
0'
#14020003
1'
#14025003
0'
#14030003
1'
b1000000001100000010 K
b1000000000100 @
1N
1C
b111 M
#14035003
0'
#14040003
1'
1D
1H
18
1*
1.
#14045003
0'
#14050003
1'
0.
08
0:
0H
0D
0*
#14055003
0'
#14060003
1'
#14065003
0'
#14070003
1'
12
#14075003
0'
#14080003
1'
02
1*
1.
1F
1H
00
1B
18
1D
#14085003
0'
#14090003
1'
0D
0B
0F
1L
0.
0*
b1000000000100 ,
0H
08
0C
1/
#14095003
0'
#14100003
1'
0L
1:
b111 9
10
b1000000001100000010 7
0N
#14105003
0'
#14110003
1'
#14115003
0'
#14120003
1'
1.
1D
1*
18
1H
#14125003
0'
#14130003
1'
0H
0D
0/
0.
0:
08
0*
#14135003
0'
#14140003
1'
#14145003
0'
#14150003
1'
12
#14155003
0'
#14160003
1'
02
1*
1.
1H
1B
1F
1D
18
00
#14165003
0'
#14170003
1'
0F
0H
0.
0*
08
0D
#14175003
0'
#14180003
1'
#14185003
0'
#14190003
1'
1N
b1000 M
b0 K
1C
b1000000000011 @
#14195003
0'
#14200003
1'
1.
b1000000000011 ,
1D
1H
0B
1/
1L
0C
18
1*
#14205003
0'
#14210003
1'
0*
0/
10
0N
0.
0D
b1000 9
0H
08
0L
1:
b0 7
#14215003
0'
#14220003
1'
#14225003
0'
#14230003
1'
b1111 M
b1000000000100 @
1N
1C
b100000000110000001000000001 K
#14235003
0'
#14240003
1'
1*
1D
1.
1H
18
#14245003
0'
#14250003
1'
08
0D
0*
0H
0.
0:
#14255003
0'
#14260003
1'
#14265003
0'
#14270003
1'
12
#14275003
0'
#14280003
1'
02
00
1F
1D
1B
18
1.
1*
1H
#14285003
0'
#14290003
1'
0H
0B
b1000000000100 ,
1/
0D
0F
0*
08
1L
0C
0.
#14295003
0'
#14300003
1'
1:
b1111 9
b100000000110000001000000001 7
10
0L
0N
#14305003
0'
#14310003
1'
#14315003
0'
#14320003
1'
1.
1D
1H
18
1*
#14325003
0'
#14330003
1'
0*
0D
0.
0:
0/
08
0H
#14335003
0'
#14340003
1'
#14345003
0'
#14350003
1'
12
#14355003
0'
#14360003
1'
02
1H
1D
1*
1B
1.
18
1F
00
#14365003
0'
#14370003
1'
0D
0H
0*
0F
0.
08
#14375003
0'
#14380003
1'
#14385003
0'
#14390003
1'
1N
b11000000100000000100000000 K
b1000000000000 @
1C
#14395003
0'
#14400003
1'
0C
18
1H
0B
1D
b1000000000000 ,
1*
1/
1L
1.
#14405003
0'
#14410003
1'
0.
0D
08
b11000000100000000100000000 7
1:
0N
10
0H
0L
0*
0/
#14415003
0'
#14420003
1'
#14425003
0'
#14430003
1'
b10100000100 K
1C
1N
b11 M
b1000000000100 @
#14435003
0'
#14440003
1'
1.
18
1D
1*
1H
#14445003
0'
#14450003
1'
0H
08
0:
0.
0*
0D
#14455003
0'
#14460003
1'
#14465003
0'
#14470003
1'
12
#14475003
0'
#14480003
1'
02
1D
18
00
1H
1B
1*
1.
1F
#14485003
0'
#14490003
1'
0F
0H
08
0D
1/
0C
0.
0B
b1000000000100 ,
0*
1L
#14495003
0'
#14500003
1'
0L
0N
b10100000100 7
1:
b11 9
10
#14505003
0'
#14510003
1'
#14515003
0'
#14520003
1'
18
1H
1D
1*
1.
#14525003
0'
#14530003
1'
0.
0H
0/
08
0:
0*
0D
#14535003
0'
#14540003
1'
#14545003
0'
#14550003
1'
12
#14555003
0'
#14560003
1'
02
1D
18
1.
00
1F
1H
1*
1B
#14565003
0'
#14570003
1'
0F
0.
08
0D
0*
0H
#14575003
0'
#14580003
1'
#14585003
0'
#14590003
1'
1N
b1000000000001 @
b10000000010000000000000000 K
b1110 M
1C
#14595003
0'
#14600003
1'
0C
0B
1H
1.
18
1L
1/
1*
1D
b1000000000001 ,
#14605003
0'
#14610003
1'
0L
b1110 9
0.
0H
08
0N
10
b10000000010000000000000000 7
0D
1:
0*
0/
#14615003
0'
#14620003
1'
#14625003
0'
#14630003
1'
b1000000000100 @
1C
1N
b111 M
b1010000010000000011 K
#14635003
0'
#14640003
1'
1H
1.
18
1*
1D
#14645003
0'
#14650003
1'
0D
0.
0H
0*
08
0:
#14655003
0'
#14660003
1'
#14665003
0'
#14670003
1'
12
#14675003
0'
#14680003
1'
02
00
1F
1B
1.
1D
18
1*
1H
#14685003
0'
#14690003
1'
0H
0.
0C
b1000000000100 ,
1L
1/
0B
0F
0*
08
0D
#14695003
0'
#14700003
1'
1:
10
b111 9
0L
b1010000010000000011 7
0N
#14705003
0'
#14710003
1'
#14715003
0'
#14720003
1'
1H
1D
1.
18
1*
#14725003
0'
#14730003
1'
0*
0D
0H
0:
0/
08
0.
#14735003
0'
#14740003
1'
#14745003
0'
#14750003
1'
12
#14755003
0'
#14760003
1'
02
1.
1B
1D
1*
1H
00
18
1F
#14765003
0'
#14770003
1'
0F
0H
0.
0*
0D
08
#14775003
0'
#14780003
1'
#14785003
0'
#14790003
1'
1C
1N
b1000000000000000000000000 K
b1000000000010 @
b1100 M
#14795003
0'
#14800003
1'
0B
b1000000000010 ,
18
1*
0C
1.
1H
1D
1L
1/
#14805003
0'
#14810003
1'
0/
0.
b1100 9
1:
08
0N
0*
0L
0H
b1000000000000000000000000 7
0D
10
#14815003
0'
#14820003
1'
#14825003
0'
#14830003
1'
1N
b101000001000000001100000010 K
b1111 M
1C
b1000000000100 @
#14835003
0'
#14840003
1'
1.
18
1D
1*
1H
#14845003
0'
#14850003
1'
0H
0.
0:
0*
08
0D
#14855003
0'
#14860003
1'
#14865003
0'
#14870003
1'
12
#14875003
0'
#14880003
1'
02
1D
00
1F
1B
1.
1H
18
1*
#14885003
0'
#14890003
1'
0*
0.
0D
b1000000000100 ,
1/
0B
0F
08
0C
1L
0H
#14895003
0'
#14900003
1'
10
0N
b1111 9
0L
1:
b101000001000000001100000010 7
#14905003
0'
#14910003
1'
#14915003
0'
#14920003
1'
1H
1D
1.
1*
18
#14925003
0'
#14930003
1'
08
0.
0D
0H
0/
0*
0:
#14935003
0'
#14940003
1'
#14945003
0'
#14950003
1'
12
#14955003
0'
#14960003
1'
02
1B
1H
1.
18
1D
00
1*
1F
#14965003
0'
#14970003
1'
0F
0D
0H
08
0.
0*
#14975003
0'
#14980003
1'
#14985003
0'
#14990003
1'
1N
b1000 M
b1000000000011 @
b0 K
1C
#14995003
0'
#15000003
1'
0C
1*
18
0B
1H
1D
b1000000000011 ,
1/
1.
1L
#15005003
0'
#15010003
1'
0L
0D
0*
1:
0N
b0 7
0H
08
0.
b1000 9
10
0/
#15015003
0'
#15020003
1'
#15025003
0'
#15030003
1'
b1000000000100 @
1C
1N
b1111 M
b100000000110000001000000001 K
#15035003
0'
#15040003
1'
1H
1*
1D
1.
18
#15045003
0'
#15050003
1'
08
0*
0:
0H
0.
0D
#15055003
0'
#15060003
1'
#15065003
0'
#15070003
1'
12
#15075003
0'
#15080003
1'
02
1D
1*
1F
18
1B
1.
1H
00
#15085003
0'
#15090003
1'
08
0*
1L
0D
1/
0F
0C
0H
0.
0B
b1000000000100 ,
#15095003
0'
#15100003
1'
0L
10
0N
1:
b100000000110000001000000001 7
b1111 9
#15105003
0'
#15110003
1'
b101 K
1N
b1000000001000 @
1C
b1 M
#15115003
0'
#15120003
1'
1*
18
1D
1H
1.
#15125003
0'
#15130003
1'
0.
08
0:
0*
0/
0H
0D
#15135003
0'
#15140003
1'
#15145003
0'
#15150003
1'
12
#15155003
0'
#15160003
1'
02
1D
00
1F
1*
1.
18
1H
1B
#15165003
0'
#15170003
1'
0B
0.
0F
b1000000001000 ,
0D
1L
0*
0H
0C
08
1/
#15175003
0'
#15180003
1'
0L
10
b1 9
1:
0N
b101 7
#15185003
0'
#15190003
1'
#15195003
0'
#15200003
1'
1.
1D
18
1*
1H
#15205003
0'
#15210003
1'
0H
0:
0/
0.
0*
0D
08
#15215003
0'
#15220003
1'
#15225003
0'
#15230003
1'
12
#15235003
0'
#15240003
1'
02
18
1B
1H
1F
00
1D
1.
1*
#15245003
0'
#15250003
1'
0*
0F
08
0H
0.
0D
#15255003
0'
#15260003
1'
#15265003
0'
#15270003
1'
b1111 M
b11000000100000000100000000 K
b1000000000000 @
1N
1C
#15275003
0'
#15280003
1'
0C
1D
0B
b1000000000000 ,
1/
18
1*
1L
1.
1H
#15285003
0'
#15290003
1'
0H
0*
08
0D
0/
b11000000100000000100000000 7
b1111 9
1:
0.
0N
10
0L
#15295003
0'
#15300003
1'
#15305003
0'
#15310003
1'
1C
b111 M
b1100000010100000100 K
1N
b1000000000100 @
#15315003
0'
#15320003
1'
1H
1D
18
1*
1.
#15325003
0'
#15330003
1'
0.
08
0D
0H
0*
0:
#15335003
0'
#15340003
1'
#15345003
0'
#15350003
1'
12
#15355003
0'
#15360003
1'
02
1D
1B
18
1.
1F
1*
1H
00
#15365003
0'
#15370003
1'
0.
1L
0B
0D
b1000000000100 ,
08
0C
1/
0H
0*
0F
#15375003
0'
#15380003
1'
10
b111 9
1:
0L
b1100000010100000100 7
0N
#15385003
0'
#15390003
1'
#15395003
0'
#15400003
1'
1.
18
1D
1*
1H
#15405003
0'
#15410003
1'
0H
08
0.
0:
0*
0D
0/
#15415003
0'
#15420003
1'
#15425003
0'
#15430003
1'
12
#15435003
0'
#15440003
1'
02
1F
1B
00
1.
18
1H
1D
1*
#15445003
0'
#15450003
1'
0*
08
0F
0.
0D
0H
#15455003
0'
#15460003
1'
#15465003
0'
#15470003
1'
1C
b1000000000001 @
1N
b10000000010000000000000000 K
b1110 M
#15475003
0'
#15480003
1'
1H
1/
0C
1*
1L
18
0B
b1000000000001 ,
1.
1D
#15485003
0'
#15490003
1'
0D
0/
0H
b1110 9
08
0*
10
0L
0.
b10000000010000000000000000 7
1:
0N
#15495003
0'
#15500003
1'
#15505003
0'
#15510003
1'
1N
b1111 M
b1000000000100 @
1C
b110000001010000010000000011 K
#15515003
0'
#15520003
1'
1D
1*
1H
18
1.
#15525003
0'
#15530003
1'
0.
0H
0*
0D
08
0:
#15535003
0'
#15540003
1'
#15545003
0'
#15550003
1'
12
#15555003
0'
#15560003
1'
02
00
1F
1B
1*
1H
1.
18
1D
#15565003
0'
#15570003
1'
0D
0H
1/
0*
0F
0B
08
0.
0C
1L
b1000000000100 ,
#15575003
0'
#15580003
1'
10
1:
0N
b1111 9
0L
b110000001010000010000000011 7
#15585003
0'
#15590003
1'
#15595003
0'
#15600003
1'
1D
1*
1H
1.
18
#15605003
0'
#15610003
1'
08
0*
0D
0:
0/
0.
0H
#15615003
0'
#15620003
1'
#15625003
0'
#15630003
1'
12
#15635003
0'
#15640003
1'
02
1H
1F
00
1D
18
1*
1.
1B
#15645003
0'
#15650003
1'
08
0H
0D
0F
0.
0*
#15655003
0'
#15660003
1'
#15665003
0'
#15670003
1'
b1100 M
1N
b1000000000010 @
b1000000000000000000000000 K
1C
#15675003
0'
#15680003
1'
0C
1D
0B
b1000000000010 ,
1*
1H
18
1/
1L
1.
#15685003
0'
#15690003
1'
0.
0H
0D
0N
b1000000000000000000000000 7
0*
1:
10
0L
08
0/
b1100 9
#15695003
0'
#15700003
1'
#15705003
0'
#15710003
1'
b1000000000100 @
1C
b1111 M
1N
b101000001000000001100000010 K
#15715003
0'
#15720003
1'
1D
1.
1H
1*
18
#15725003
0'
#15730003
1'
08
0H
0:
0D
0.
0*
#15735003
0'
#15740003
1'
#15745003
0'
#15750003
1'
12
#15755003
0'
#15760003
1'
02
1*
1H
1B
1D
18
1.
1F
00
#15765003
0'
#15770003
1'
0D
0B
0H
0*
0C
b1000000000100 ,
0F
0.
1/
08
1L
#15775003
0'
#15780003
1'
0L
10
b1111 9
1:
b101000001000000001100000010 7
0N
#15785003
0'
#15790003
1'
1N
1C
b110 K
b1000000001000 @
b1 M
#15795003
0'
#15800003
1'
1D
1*
1H
1.
18
#15805003
0'
#15810003
1'
08
0:
0*
0D
0.
0H
0/
#15815003
0'
#15820003
1'
#15825003
0'
#15830003
1'
12
#15835003
0'
#15840003
1'
02
1*
1B
18
00
1H
1F
1.
1D
#15845003
0'
#15850003
1'
0D
08
1/
1L
0C
0B
0*
0.
b1000000001000 ,
0F
0H
#15855003
0'
#15860003
1'
0N
1:
b1 9
0L
10
b110 7
#15865003
0'
#15870003
1'
#15875003
0'
#15880003
1'
1H
1D
18
1*
1.
#15885003
0'
#15890003
1'
0.
0D
0/
0H
0:
0*
08
#15895003
0'
#15900003
1'
#15905003
0'
#15910003
1'
12
#15915003
0'
#15920003
1'
02
18
1D
1H
1.
1B
1*
00
1F
#15925003
0'
#15930003
1'
0F
0.
0H
0D
08
0*
#15935003
0'
#15940003
1'
#15945003
0'
#15950003
1'
b1000 M
b0 K
b1000000000011 @
1C
1N
#15955003
0'
#15960003
1'
0C
1D
1H
1.
1*
1/
18
1L
0B
b1000000000011 ,
#15965003
0'
#15970003
1'
0*
0H
0N
b0 7
0D
0.
b1000 9
08
10
0/
0L
1:
#15975003
0'
#15980003
1'
#15985003
0'
#15990003
1'
1N
b1111 M
1C
b1000000000100 @
b100000000110000001000000001 K
#15995003
0'
#16000003
1'
1.
1*
1H
1D
18
#16005003
0'
#16010003
1'
08
0H
0.
0:
0*
0D
#16015003
0'
#16020003
1'
#16025003
0'
#16030003
1'
12
#16035003
0'
#16040003
1'
02
1D
1H
1F
18
1.
1*
1B
00
#16045003
0'
#16050003
1'
08
b1000000000100 ,
0H
0D
0F
0C
0B
0.
1L
0*
1/
#16055003
0'
#16060003
1'
10
0N
1:
b100000000110000001000000001 7
b1111 9
0L
#16065003
0'
#16070003
1'
b11000000101 K
b1000000001000 @
1N
b11 M
1C
#16075003
0'
#16080003
1'
18
1D
1H
1*
1.
#16085003
0'
#16090003
1'
0.
0:
0/
0D
08
0*
0H
#16095003
0'
#16100003
1'
#16105003
0'
#16110003
1'
12
#16115003
0'
#16120003
1'
02
1H
1F
1D
1.
00
1*
1B
18
#16125003
0'
#16130003
1'
08
0.
0D
0C
1L
0F
b1000000001000 ,
0H
1/
0B
0*
#16135003
0'
#16140003
1'
0L
0N
1:
10
b11 9
b11000000101 7
#16145003
0'
#16150003
1'
#16155003
0'
#16160003
1'
1.
18
1*
1D
1H
#16165003
0'
#16170003
1'
0H
0D
0*
08
0.
0:
0/
#16175003
0'
#16180003
1'
#16185003
0'
#16190003
1'
12
#16195003
0'
#16200003
1'
02
1F
18
1D
1*
1H
1B
1.
00
#16205003
0'
#16210003
1'
0*
0D
08
0F
0.
0H
#16215003
0'
#16220003
1'
#16225003
0'
#16230003
1'
#16230004
bx @
bx 1
bx K
bx A
bx M
#16235004
0'
#16240004
1'
18
1D
1*
1H
1.
#16245004
0'
#16250004
1'
0.
0*
1;
08
0D
0H
#16255004
0'
#16260004
1'
0>
0B
#16265004
0'
#16270004
1'
0;
#16275004
0'
#16280004
1'
1H
18
1*
1.
1B
1>
1D
#16285004
0'
#16290004
1'
#16295004
0'
#16300004
1'
1?
b1000000000000 <
b10 =
#16305004
0'
#16310004
1'
14
b1000000000000 (
b10 )
1+
0>
0?
#16315004
0'
#16320004
1'
0+
#16325004
0'
#16330004
1'
16
b0 5
b0 3
#16335004
0'
#16340004
1'
04
06
1>
1J
#16345004
0'
#16350004
1'
0J
#16355004
0'
#16360004
1'
1?
b1000000000001 <
#16365004
0'
#16370004
1'
b1000000000001 (
0?
0>
1+
14
#16375004
0'
#16380004
1'
0+
#16385004
0'
#16390004
1'
16
#16395004
0'
#16400004
1'
04
1J
06
1>
#16405004
0'
#16410004
1'
0J
#16415004
0'
#16420004
1'
b1000000000010 <
1?
#16425004
0'
#16430004
1'
0?
14
0>
b1000000000010 (
1+
#16435004
0'
#16440004
1'
0+
#16445004
0'
#16450004
1'
16
#16455004
0'
#16460004
1'
04
06
1J
1>
#16465004
0'
#16470004
1'
0J
#16475004
0'
#16480004
1'
1?
b1000000000011 <
#16485004
0'
#16490004
1'
1+
0>
0?
14
b1000000000011 (
#16495004
0'
#16500004
1'
0+
#16505004
0'
#16510004
1'
16
#16515004
0'
#16520004
1'
06
1>
1J
04
#16525004
0'
#16530004
1'
0J
#16535004
0'
#16540004
1'
b1000000000000 <
1?
#16545004
0'
#16550004
1'
0?
1+
b1000000000000 (
14
0>
#16555004
0'
#16560004
1'
0+
#16565004
0'
#16570004
1'
b100000000 3
16
#16575004
0'
#16580004
1'
06
1>
04
b100000000 G
1J
#16585004
0'
#16590004
1'
0J
#16595004
0'
#16600004
1'
1?
b1000000000001 <
#16605004
0'
#16610004
1'
1+
0?
0>
14
b1000000000001 (
#16615004
0'
#16620004
1'
0+
#16625004
0'
#16630004
1'
16
b10000000000000000 3
#16635004
0'
#16640004
1'
1J
06
04
b10000000000000000 G
1>
#16645004
0'
#16650004
1'
0J
#16655004
0'
#16660004
1'
b1000000000010 <
1?
#16665004
0'
#16670004
1'
0?
b1000000000010 (
0>
1+
14
#16675004
0'
#16680004
1'
0+
#16685004
0'
#16690004
1'
b1000000000000000000000000 3
16
#16695004
0'
#16700004
1'
06
04
b1000000000000000000000000 G
1>
1J
#16705004
0'
#16710004
1'
0J
#16715004
0'
#16720004
1'
1?
b1000000000011 <
#16725004
0'
#16730004
1'
b1000000000100 <
b1000000000011 (
0>
1+
14
#16735004
0'
#16740004
1'
0+
#16745004
0'
#16750004
1'
16
b0 3
#16755004
0'
#16760004
1'
04
1J
06
1>
b0 G
#16765004
0'
#16770004
1'
14
0>
1+
0?
b1000000000100 (
0J
#16775004
0'
#16780004
1'
0+
#16785004
0'
#16790004
1'
b1 3
16
#16795004
0'
#16800004
1'
06
1J
b1 G
04
1>
#16805004
0'
#16810004
1'
0J
#16815004
0'
#16820004
1'
b1000000000000 <
1?
#16825004
0'
#16830004
1'
0?
0>
b1000000000000 (
14
1+
#16835004
0'
#16840004
1'
0+
#16845004
0'
#16850004
1'
16
b100000000100000000 3
#16855004
0'
#16860004
1'
1J
06
04
b100000000100000000 G
1>
#16865004
0'
#16870004
1'
0J
#16875004
0'
#16880004
1'
1?
b1000000000001 <
#16885004
0'
#16890004
1'
0>
1+
0?
14
b1000000000001 (
#16895004
0'
#16900004
1'
0+
#16905004
0'
#16910004
1'
b10000000010000000000000000 3
16
#16915004
0'
#16920004
1'
06
1>
1J
b10000000010000000000000000 G
04
#16925004
0'
#16930004
1'
0J
#16935004
0'
#16940004
1'
b1000000000010 <
1?
#16945004
0'
#16950004
1'
b1000000000010 (
14
b1000000000100 <
0>
1+
#16955004
0'
#16960004
1'
0+
#16965004
0'
#16970004
1'
16
b1000000000000000000000000 3
#16975004
0'
#16980004
1'
06
1>
04
1J
b1000000000000000000000000 G
#16985004
0'
#16990004
1'
0?
1+
b1000000000100 (
0J
14
0>
#16995004
0'
#17000004
1'
0+
#17005004
0'
#17010004
1'
b10 3
16
#17015004
0'
#17020004
1'
06
1>
04
b10 G
1J
#17025004
0'
#17030004
1'
0J
#17035004
0'
#17040004
1'
1?
b1000000000011 <
#17045004
0'
#17050004
1'
b1000000000100 <
1+
0>
14
b1000000000011 (
#17055004
0'
#17060004
1'
0+
#17065004
0'
#17070004
1'
16
b0 3
#17075004
0'
#17080004
1'
1J
06
b0 G
04
1>
#17085004
0'
#17090004
1'
0>
b1000000000100 (
14
0J
0?
1+
#17095004
0'
#17100004
1'
0+
#17105004
0'
#17110004
1'
b1000000001 3
16
#17115004
0'
#17120004
1'
06
1>
1J
04
b1000000001 G
#17125004
0'
#17130004
1'
0J
#17135004
0'
#17140004
1'
b1000000000000 <
1?
#17145004
0'
#17150004
1'
0?
1+
0>
b1000000000000 (
14
#17155004
0'
#17160004
1'
0+
#17165004
0'
#17170004
1'
16
b11000000100000000100000000 3
#17175004
0'
#17180004
1'
b11000000100000000100000000 G
04
06
1>
1J
#17185004
0'
#17190004
1'
0J
#17195004
0'
#17200004
1'
1?
b1000000000001 <
#17205004
0'
#17210004
1'
b1000000000100 <
0>
1+
b1000000000001 (
14
#17215004
0'
#17220004
1'
0+
#17225004
0'
#17230004
1'
b10000000010000000000000000 3
16
#17235004
0'
#17240004
1'
06
04
1J
b10000000010000000000000000 G
1>
#17245004
0'
#17250004
1'
0>
0J
14
0?
1+
b1000000000100 (
#17255004
0'
#17260004
1'
0+
#17265004
0'
#17270004
1'
16
b1000000011 3
#17275004
0'
#17280004
1'
1J
1>
06
b1000000011 G
04
#17285004
0'
#17290004
1'
0J
#17295004
0'
#17300004
1'
b1000000000010 <
1?
#17305004
0'
#17310004
1'
14
b1000000000010 (
1+
0>
b1000000000100 <
#17315004
0'
#17320004
1'
0+
#17325004
0'
#17330004
1'
b1000000000000000000000000 3
16
#17335004
0'
#17340004
1'
06
04
1J
b1000000000000000000000000 G
1>
#17345004
0'
#17350004
1'
0>
14
b1000000000100 (
0?
0J
1+
#17355004
0'
#17360004
1'
0+
#17365004
0'
#17370004
1'
16
b1100000010 3
#17375004
0'
#17380004
1'
1>
06
1J
04
b1100000010 G
#17385004
0'
#17390004
1'
0J
#17395004
0'
#17400004
1'
b1000000000011 <
1?
#17405004
0'
#17410004
1'
1+
b1000000000100 <
14
0>
b1000000000011 (
#17415004
0'
#17420004
1'
0+
#17425004
0'
#17430004
1'
b0 3
16
#17435004
0'
#17440004
1'
06
b0 G
1>
04
1J
#17445004
0'
#17450004
1'
0J
b1000000000100 (
0?
14
1+
0>
#17455004
0'
#17460004
1'
0+
#17465004
0'
#17470004
1'
16
b110000001000000001 3
#17475004
0'
#17480004
1'
1>
1J
06
04
b110000001000000001 G
#17485004
0'
#17490004
1'
0J
#17495004
0'
#17500004
1'
b1000000000000 <
1?
#17505004
0'
#17510004
1'
0>
b1000000000000 (
b1000000000100 <
1+
14
#17515004
0'
#17520004
1'
0+
#17525004
0'
#17530004
1'
b11000000100000000100000000 3
16
#17535004
0'
#17540004
1'
06
04
1>
b11000000100000000100000000 G
1J
#17545004
0'
#17550004
1'
0J
0>
14
0?
b1000000000100 (
1+
#17555004
0'
#17560004
1'
0+
#17565004
0'
#17570004
1'
16
b110000001000000100 3
#17575004
0'
#17580004
1'
1>
1J
06
04
b110000001000000100 G
#17585004
0'
#17590004
1'
0J
#17595004
0'
#17600004
1'
1?
b1000000000001 <
#17605004
0'
#17610004
1'
0>
1+
b1000000000100 <
14
b1000000000001 (
#17615004
0'
#17620004
1'
0+
#17625004
0'
#17630004
1'
b10000000010000000000000000 3
16
#17635004
0'
#17640004
1'
06
1>
b10000000010000000000000000 G
04
1J
#17645004
0'
#17650004
1'
0J
b1000000000100 (
0>
14
1+
0?
#17655004
0'
#17660004
1'
0+
#17665004
0'
#17670004
1'
16
b110000010000000011 3
#17675004
0'
#17680004
1'
1J
06
1>
04
b110000010000000011 G
#17685004
0'
#17690004
1'
0J
#17695004
0'
#17700004
1'
1?
b1000000000010 <
#17705004
0'
#17710004
1'
b1000000000100 <
b1000000000010 (
14
1+
0>
#17715004
0'
#17720004
1'
0+
#17725004
0'
#17730004
1'
b1000000000000000000000000 3
16
#17735004
0'
#17740004
1'
06
1>
b1000000000000000000000000 G
1J
04
#17745004
0'
#17750004
1'
14
0>
0J
b1000000000100 (
0?
1+
#17755004
0'
#17760004
1'
0+
#17765004
0'
#17770004
1'
16
b1000000001100000010 3
#17775004
0'
#17780004
1'
04
06
1J
1>
b1000000001100000010 G
#17785004
0'
#17790004
1'
0J
#17795004
0'
#17800004
1'
b1000000000011 <
1?
#17805004
0'
#17810004
1'
1+
b1000000000100 <
14
0>
b1000000000011 (
#17815004
0'
#17820004
1'
0+
#17825004
0'
#17830004
1'
b0 3
16
#17835004
0'
#17840004
1'
06
b0 G
1>
1J
04
#17845004
0'
#17850004
1'
14
b1000000000100 (
0?
0J
1+
0>
#17855004
0'
#17860004
1'
0+
#17865004
0'
#17870004
1'
16
b100000000110000001000000001 3
#17875004
0'
#17880004
1'
1>
04
06
b100000000110000001000000001 G
1J
#17885004
0'
#17890004
1'
0J
#17895004
0'
#17900004
1'
1?
b1000000000000 <
#17905004
0'
#17910004
1'
0>
b1000000000000 (
b1000000000100 <
1+
14
#17915004
0'
#17920004
1'
0+
#17925004
0'
#17930004
1'
b11000000100000000100000000 3
16
#17935004
0'
#17940004
1'
06
04
1>
1J
b11000000100000000100000000 G
#17945004
0'
#17950004
1'
0>
14
0J
b1000000000100 (
1+
0?
#17955004
0'
#17960004
1'
0+
#17965004
0'
#17970004
1'
16
b100000000110000010100000100 3
#17975004
0'
#17980004
1'
b100000000110000010100000100 G
1>
06
04
1J
#17985004
0'
#17990004
1'
0J
#17995004
0'
#18000004
1'
1?
b1000000000001 <
#18005004
0'
#18010004
1'
b1000000000100 <
14
0>
1+
b1000000000001 (
#18015004
0'
#18020004
1'
0+
#18025004
0'
#18030004
1'
b10000000010000000000000000 3
16
#18035004
0'
#18040004
1'
06
1J
b10000000010000000000000000 G
04
1>
#18045004
0'
#18050004
1'
0>
b1000000000100 (
0J
14
0?
1+
#18055004
0'
#18060004
1'
0+
#18065004
0'
#18070004
1'
16
b100000001010000010000000011 3
#18075004
0'
#18080004
1'
1>
06
1J
04
b100000001010000010000000011 G
#18085004
0'
#18090004
1'
0J
#18095004
0'
#18100004
1'
1?
b1000000000010 <
#18105004
0'
#18110004
1'
b1000000000010 (
1+
b1000000000100 <
0>
14
#18115004
0'
#18120004
1'
0+
#18125004
0'
#18130004
1'
b1000000000000000000000000 3
16
#18135004
0'
#18140004
1'
06
b1000000000000000000000000 G
04
1>
1J
#18145004
0'
#18150004
1'
0J
b1000000000100 (
0>
14
0?
1+
#18155004
0'
#18160004
1'
0+
#18165004
0'
#18170004
1'
16
b101000001000000001100000010 3
#18175004
0'
#18180004
1'
b101000001000000001100000010 G
1J
06
1>
04
#18185004
0'
#18190004
1'
0J
#18195004
0'
#18200004
1'
1?
b1000000000011 <
#18205004
0'
#18210004
1'
14
1+
b1000000000100 <
b1000000000011 (
0>
#18215004
0'
#18220004
1'
0+
#18225004
0'
#18230004
1'
b0 3
16
#18235004
0'
#18240004
1'
06
1>
04
b0 G
1J
#18245004
0'
#18250004
1'
0J
14
0>
b1000000000100 (
b1000000001000 <
1+
#18255004
0'
#18260004
1'
0+
#18265004
0'
#18270004
1'
16
b100000000110000001000000001 3
#18275004
0'
#18280004
1'
04
1J
06
1>
b100000000110000001000000001 G
#18285004
0'
#18290004
1'
14
1+
0>
0J
b1000000001000 (
0?
#18295004
0'
#18300004
1'
0+
#18305004
0'
#18310004
1'
b101 3
16
#18315004
0'
#18320004
1'
06
04
b101 G
1J
1>
#18325004
0'
#18330004
1'
0J
#18335004
0'
#18340004
1'
1?
b1000000000000 <
#18345004
0'
#18350004
1'
b1000000000100 <
0>
14
1+
b1000000000000 (
#18355004
0'
#18360004
1'
0+
#18365004
0'
#18370004
1'
16
b11000000100000000100000000 3
#18375004
0'
#18380004
1'
1>
06
04
1J
b11000000100000000100000000 G
#18385004
0'
#18390004
1'
b1000000000100 (
0J
0>
0?
14
1+
#18395004
0'
#18400004
1'
0+
#18405004
0'
#18410004
1'
b100000001100000010100000100 3
16
#18415004
0'
#18420004
1'
06
b100000001100000010100000100 G
04
1J
1>
#18425004
0'
#18430004
1'
0J
#18435004
0'
#18440004
1'
b1000000000001 <
1?
#18445004
0'
#18450004
1'
1+
0>
b1000000000100 <
b1000000000001 (
14
#18455004
0'
#18460004
1'
0+
#18465004
0'
#18470004
1'
16
b10000000010000000000000000 3
#18475004
0'
#18480004
1'
04
06
1>
b10000000010000000000000000 G
1J
#18485004
0'
#18490004
1'
0J
0?
1+
b1000000000100 (
14
0>
#18495004
0'
#18500004
1'
0+
#18505004
0'
#18510004
1'
b110000001010000010000000011 3
16
#18515004
0'
#18520004
1'
06
1>
1J
04
b110000001010000010000000011 G
#18525004
0'
#18530004
1'
0J
#18535004
0'
#18540004
1'
1?
b1000000000010 <
#18545004
0'
#18550004
1'
b1000000000100 <
0>
14
1+
b1000000000010 (
#18555004
0'
#18560004
1'
0+
#18565004
0'
#18570004
1'
16
b1000000000000000000000000 3
#18575004
0'
#18580004
1'
b1000000000000000000000000 G
06
1>
04
1J
#18585004
0'
#18590004
1'
0J
b1000000000100 (
b1000000001000 <
14
1+
0>
#18595004
0'
#18600004
1'
0+
#18605004
0'
#18610004
1'
b101000001000000001100000010 3
16
#18615004
0'
#18620004
1'
06
1>
1J
b101000001000000001100000010 G
04
#18625004
0'
#18630004
1'
14
0>
b1000000001000 (
0?
0J
1+
#18635004
0'
#18640004
1'
0+
#18645004
0'
#18650004
1'
16
b110 3
#18655004
0'
#18660004
1'
1>
04
06
1J
b110 G
#18665004
0'
#18670004
1'
0J
#18675004
0'
#18680004
1'
b1000000000011 <
1?
#18685004
0'
#18690004
1'
0>
1+
14
b1000000000100 <
b1000000000011 (
#18695004
0'
#18700004
1'
0+
#18705004
0'
#18710004
1'
b0 3
16
#18715004
0'
#18720004
1'
06
1>
b0 G
1J
04
#18725004
0'
#18730004
1'
14
b1000000000100 (
0>
0J
1+
b1000000001000 <
#18735004
0'
#18740004
1'
0+
#18745004
0'
#18750004
1'
16
b100000000110000001000000001 3
#18755004
0'
#18760004
1'
04
06
1>
1J
b100000000110000001000000001 G
#18765004
0'
#18770004
1'
b1000000001000 (
0J
14
1+
0?
0>
#18775004
0'
#18780004
1'
0+
#18785004
0'
#18790004
1'
b11000000101 3
16
#18795004
0'
#18800004
1'
06
b11000000101 G
1>
04
1J
#18805004
0'
#18810004
1'
0J
#18815004
0'
#18820004
1'
#18825004
0'
#18830004
1'
#18830005
08
0D
0.
0H
bx <
0*
bx =
bx 3
bx 5
#18835005
0'
#18840005
1'
1D
18
1H
1.
1*
#18845005
0'
#18850005
1'
0*
0H
1;
08
0D
0.
#18855005
0'
#18860005
1'
0>
0B
#18865005
0'
#18870005
1'
0;
#18875005
0'
#18880005
1'
18
1*
1.
1H
1B
1D
1>
#18885005
0'
#18890005
1'
#18895005
0'
#18900005
1'
0.
b1000000000000 <
0*
08
0D
0H
1?
b10 =
#18905005
0'
#18910005
1'
0>
0?
b1000000000000 (
14
1+
#18915005
0'
#18920005
1'
#18925005
0'
#18930005
1'
1*
1.
18
1H
1D
#18935005
0'
#18940005
1'
0D
0+
0*
0H
08
0.
#18945005
0'
#18950005
1'
b0 5
16
b0 3
#18955005
0'
#18960005
1'
b0 G
1J
06
04
1>
#18965005
0'
#18970005
1'
1.
1D
18
1H
1*
#18975005
0'
#18980005
1'
0*
0.
0H
0J
08
0D
#18985005
0'
#18990005
1'
b1000000000001 <
1?
#18995005
0'
#19000005
1'
0?
0>
1+
14
b1000000000001 (
#19005005
0'
#19010005
1'
1D
1*
1.
18
1H
#19015005
0'
#19020005
1'
0H
0D
08
0*
0.
0+
#19025005
0'
#19030005
1'
16
#19035005
0'
#19040005
1'
1>
06
04
1J
#19045005
0'
#19050005
1'
1H
1D
1.
1*
18
#19055005
0'
#19060005
1'
08
0J
0*
0H
0.
0D
#19065005
0'
#19070005
1'
1?
b1000000000010 <
#19075005
0'
#19080005
1'
1+
b1000000000010 (
0?
0>
14
#19085005
0'
#19090005
1'
1D
18
1.
1H
1*
#19095005
0'
#19100005
1'
0*
0D
0+
0H
0.
08
#19105005
0'
#19110005
1'
16
#19115005
0'
#19120005
1'
04
06
1>
1J
#19125005
0'
#19130005
1'
18
1D
1*
1.
1H
#19135005
0'
#19140005
1'
0H
0J
0D
08
0.
0*
#19145005
0'
#19150005
1'
b1000000000011 <
1?
#19155005
0'
#19160005
1'
0?
14
b1000000000011 (
0>
1+
#19165005
0'
#19170005
1'
1*
1D
1H
1.
18
#19175005
0'
#19180005
1'
08
0D
0+
0*
0.
0H
#19185005
0'
#19190005
1'
16
#19195005
0'
#19200005
1'
1J
06
1>
04
#19205005
0'
#19210005
1'
18
1H
1D
1.
1*
#19215005
0'
#19220005
1'
0*
0H
08
0.
0J
0D
#19225005
0'
#19230005
1'
1?
b1000000000000 <
#19235005
0'
#19240005
1'
14
1+
0?
0>
b1000000000000 (
#19245005
0'
#19250005
1'
1D
1H
1*
18
1.
#19255005
0'
#19260005
1'
0.
0H
0D
08
0+
0*
#19265005
0'
#19270005
1'
b100000000 3
16
#19275005
0'
#19280005
1'
06
b100000000 G
04
1>
1J
#19285005
0'
#19290005
1'
1*
1H
1.
1D
18
#19295005
0'
#19300005
1'
08
0J
0H
0*
0D
0.
#19305005
0'
#19310005
1'
b1000000000001 <
1?
#19315005
0'
#19320005
1'
b1000000000001 (
0?
0>
14
1+
#19325005
0'
#19330005
1'
1.
1H
18
1D
1*
#19335005
0'
#19340005
1'
0*
0H
0+
0.
0D
08
#19345005
0'
#19350005
1'
16
b10000000000000000 3
#19355005
0'
#19360005
1'
b10000000000000000 G
1J
06
04
1>
#19365005
0'
#19370005
1'
18
1*
1H
1D
1.
#19375005
0'
#19380005
1'
0.
0*
08
0D
0J
0H
#19385005
0'
#19390005
1'
1?
b1000000000010 <
#19395005
0'
#19400005
1'
0>
1+
b1000000000010 (
14
0?
#19405005
0'
#19410005
1'
1H
1*
1.
18
1D
#19415005
0'
#19420005
1'
0D
0*
0H
08
0+
0.
#19425005
0'
#19430005
1'
b1000000000000000000000000 3
16
#19435005
0'
#19440005
1'
06
1>
b1000000000000000000000000 G
04
1J
#19445005
0'
#19450005
1'
1*
1.
1D
1H
18
#19455005
0'
#19460005
1'
08
0.
0J
0*
0H
0D
#19465005
0'
#19470005
1'
1?
b1000000000011 <
#19475005
0'
#19480005
1'
b1000000000100 <
0>
14
1+
b1000000000011 (
#19485005
0'
#19490005
1'
1D
18
1.
1H
1*
#19495005
0'
#19500005
1'
0*
08
0D
0H
0+
0.
#19505005
0'
#19510005
1'
16
b0 3
#19515005
0'
#19520005
1'
1J
06
b0 G
04
1>
#19525005
0'
#19530005
1'
0>
18
b1000000000100 (
1.
1*
14
1+
1D
0?
1H
#19535005
0'
#19540005
1'
0H
0.
08
0+
0*
0J
04
0D
#19545005
0'
#19550005
1'
b1 3
14
16
#19555005
0'
#19560005
1'
06
1>
04
b1 G
1J
#19565005
0'
#19570005
1'
1D
1.
1H
1*
18
#19575005
0'
#19580005
1'
08
0.
0J
0D
0*
0H
#19585005
0'
#19590005
1'
b1000000000000 <
1?
#19595005
0'
#19600005
1'
0?
b1000000000000 (
1+
14
0>
#19605005
0'
#19610005
1'
1H
18
1.
1D
1*
#19615005
0'
#19620005
1'
0*
08
0H
0D
0.
0+
#19625005
0'
#19630005
1'
16
b100000000100000000 3
#19635005
0'
#19640005
1'
1J
1>
06
b100000000100000000 G
04
#19645005
0'
#19650005
1'
18
1*
1H
1.
1D
#19655005
0'
#19660005
1'
0D
0J
08
0.
0H
0*
#19665005
0'
#19670005
1'
1?
b1000000000001 <
#19675005
0'
#19680005
1'
1+
14
0?
0>
b1000000000001 (
#19685005
0'
#19690005
1'
1*
1D
1H
18
1.
#19695005
0'
#19700005
1'
0.
0+
0*
08
0H
0D
#19705005
0'
#19710005
1'
b10000000010000000000000000 3
16
#19715005
0'
#19720005
1'
06
1J
1>
b10000000010000000000000000 G
04
#19725005
0'
#19730005
1'
1D
1.
1H
18
1*
#19735005
0'
#19740005
1'
0*
0D
08
0J
0H
0.
#19745005
0'
#19750005
1'
b1000000000010 <
1?
#19755005
0'
#19760005
1'
14
1+
b1000000000010 (
b1000000000100 <
0>
#19765005
0'
#19770005
1'
1.
1*
1D
1H
18
#19775005
0'
#19780005
1'
08
0+
0.
0H
0D
0*
#19785005
0'
#19790005
1'
16
b1000000000000000000000000 3
#19795005
0'
#19800005
1'
1>
04
06
b1000000000000000000000000 G
1J
#19805005
0'
#19810005
1'
1+
1*
0?
0>
18
14
b1000000000100 (
1D
1H
1.
#19815005
0'
#19820005
1'
0.
0+
0J
0*
0H
04
08
0D
#19825005
0'
#19830005
1'
b10 3
14
16
#19835005
0'
#19840005
1'
06
1J
1>
04
b10 G
#19845005
0'
#19850005
1'
1D
1.
1H
1*
18
#19855005
0'
#19860005
1'
08
0D
0J
0*
0.
0H
#19865005
0'
#19870005
1'
1?
b1000000000011 <
#19875005
0'
#19880005
1'
b1000000000100 <
1+
0>
14
b1000000000011 (
#19885005
0'
#19890005
1'
1D
18
1H
1.
1*
#19895005
0'
#19900005
1'
0*
08
0D
0.
0+
0H
#19905005
0'
#19910005
1'
16
b0 3
#19915005
0'
#19920005
1'
b0 G
06
04
1J
1>
#19925005
0'
#19930005
1'
0>
b1000000000100 (
1H
18
1*
1D
0?
14
1.
1+
#19935005
0'
#19940005
1'
0+
08
0H
0.
0*
0J
04
0D
#19945005
0'
#19950005
1'
b1000000001 3
14
16
#19955005
0'
#19960005
1'
06
1>
04
b1000000001 G
1J
#19965005
0'
#19970005
1'
18
1D
1.
1H
1*
#19975005
0'
#19980005
1'
0*
08
0J
0H
0D
0.
#19985005
0'
#19990005
1'
b1000000000000 <
1?
#19995005
0'
#20000005
1'
0?
b1000000000000 (
1+
0>
14
#20005005
0'
#20010005
1'
18
1*
1.
1D
1H
#20015005
0'
#20020005
1'
0H
0*
08
0D
0.
0+
#20025005
0'
#20030005
1'
16
b11000000100000000100000000 3
#20035005
0'
#20040005
1'
04
06
1J
b11000000100000000100000000 G
1>
#20045005
0'
#20050005
1'
1*
1H
1.
18
1D
#20055005
0'
#20060005
1'
0D
0*
08
0.
0J
0H
#20065005
0'
#20070005
1'
1?
b1000000000001 <
#20075005
0'
#20080005
1'
b1000000000100 <
0>
1+
b1000000000001 (
14
#20085005
0'
#20090005
1'
1H
1D
1.
1*
18
#20095005
0'
#20100005
1'
08
0+
0H
0*
0.
0D
#20105005
0'
#20110005
1'
b10000000010000000000000000 3
16
#20115005
0'
#20120005
1'
06
1>
04
b10000000010000000000000000 G
1J
#20125005
0'
#20130005
1'
0>
1+
1D
18
14
1.
0?
1*
b1000000000100 (
1H
#20135005
0'
#20140005
1'
0H
0D
0J
0+
04
08
0*
0.
#20145005
0'
#20150005
1'
16
b1000000011 3
14
#20155005
0'
#20160005
1'
04
1J
1>
b1000000011 G
06
#20165005
0'
#20170005
1'
1H
1.
1D
1*
18
#20175005
0'
#20180005
1'
08
0J
0.
0H
0*
0D
#20185005
0'
#20190005
1'
b1000000000010 <
1?
#20195005
0'
#20200005
1'
14
b1000000000100 <
b1000000000010 (
1+
0>
#20205005
0'
#20210005
1'
1D
1.
18
1*
1H
#20215005
0'
#20220005
1'
0H
0.
0D
0*
08
0+
#20225005
0'
#20230005
1'
16
b1000000000000000000000000 3
#20235005
0'
#20240005
1'
1>
1J
06
b1000000000000000000000000 G
04
#20245005
0'
#20250005
1'
14
1.
1+
0?
0>
1H
18
1*
b1000000000100 (
1D
#20255005
0'
#20260005
1'
0D
0.
04
0+
0J
0*
0H
08
#20265005
0'
#20270005
1'
14
b1100000010 3
16
#20275005
0'
#20280005
1'
06
04
1>
b1100000010 G
1J
#20285005
0'
#20290005
1'
18
1D
1.
1H
1*
#20295005
0'
#20300005
1'
0*
0D
0J
08
0H
0.
#20305005
0'
#20310005
1'
1?
b1000000000011 <
#20315005
0'
#20320005
1'
b1000000000100 <
14
b1000000000011 (
1+
0>
#20325005
0'
#20330005
1'
1*
1.
1D
1H
18
#20335005
0'
#20340005
1'
08
0.
0*
0H
0+
0D
#20345005
0'
#20350005
1'
16
b0 3
#20355005
0'
#20360005
1'
1J
1>
06
b0 G
04
#20365005
0'
#20370005
1'
14
1D
1.
18
0>
1+
0?
1*
b1000000000100 (
1H
#20375005
0'
#20380005
1'
0H
0.
0J
0D
04
0+
08
0*
#20385005
0'
#20390005
1'
b110000001000000001 3
14
16
#20395005
0'
#20400005
1'
06
1J
04
b110000001000000001 G
1>
#20405005
0'
#20410005
1'
1*
1H
1D
1.
18
#20415005
0'
#20420005
1'
08
0D
0*
0H
0.
0J
#20425005
0'
#20430005
1'
b1000000000000 <
1?
#20435005
0'
#20440005
1'
0>
b1000000000100 <
14
b1000000000000 (
1+
#20445005
0'
#20450005
1'
1*
18
1D
1H
1.
#20455005
0'
#20460005
1'
0.
08
0+
0*
0H
0D
#20465005
0'
#20470005
1'
16
b11000000100000000100000000 3
#20475005
0'
#20480005
1'
1J
06
1>
b11000000100000000100000000 G
04
#20485005
0'
#20490005
1'
14
1+
1.
0?
1D
18
b1000000000100 (
0>
1H
1*
#20495005
0'
#20500005
1'
0*
0D
0+
04
0.
0H
0J
08
#20505005
0'
#20510005
1'
14
b110000001000000100 3
16
#20515005
0'
#20520005
1'
06
04
1J
b110000001000000100 G
1>
#20525005
0'
#20530005
1'
18
1D
1*
1.
1H
#20535005
0'
#20540005
1'
0H
0D
08
0.
0*
0J
#20545005
0'
#20550005
1'
1?
b1000000000001 <
#20555005
0'
#20560005
1'
b1000000000100 <
0>
1+
14
b1000000000001 (
#20565005
0'
#20570005
1'
1D
1H
1*
18
1.
#20575005
0'
#20580005
1'
0.
0D
08
0*
0+
0H
#20585005
0'
#20590005
1'
16
b10000000010000000000000000 3
#20595005
0'
#20600005
1'
1>
1J
06
b10000000010000000000000000 G
04
#20605005
0'
#20610005
1'
14
1.
1H
b1000000000100 (
0>
1+
0?
1*
1D
18
#20615005
0'
#20620005
1'
08
0.
04
0H
0D
0J
0*
0+
#20625005
0'
#20630005
1'
14
b110000010000000011 3
16
#20635005
0'
#20640005
1'
06
04
b110000010000000011 G
1>
1J
#20645005
0'
#20650005
1'
18
1.
1*
1H
1D
#20655005
0'
#20660005
1'
0D
0J
08
0H
0.
0*
#20665005
0'
#20670005
1'
b1000000000010 <
1?
#20675005
0'
#20680005
1'
1+
b1000000000010 (
b1000000000100 <
0>
14
#20685005
0'
#20690005
1'
1*
1D
18
1.
1H
#20695005
0'
#20700005
1'
0H
0+
0*
0.
08
0D
#20705005
0'
#20710005
1'
16
b1000000000000000000000000 3
#20715005
0'
#20720005
1'
1J
04
06
1>
b1000000000000000000000000 G
#20725005
0'
#20730005
1'
1D
1+
0?
1H
0>
14
b1000000000100 (
18
1.
1*
#20735005
0'
#20740005
1'
0*
0D
0+
0J
0.
04
0H
08
#20745005
0'
#20750005
1'
b1000000001100000010 3
14
16
#20755005
0'
#20760005
1'
06
b1000000001100000010 G
04
1J
1>
#20765005
0'
#20770005
1'
18
1D
1*
1.
1H
#20775005
0'
#20780005
1'
0H
0D
08
0.
0J
0*
#20785005
0'
#20790005
1'
1?
b1000000000011 <
#20795005
0'
#20800005
1'
b1000000000100 <
1+
0>
14
b1000000000011 (
#20805005
0'
#20810005
1'
1*
1D
1H
18
1.
#20815005
0'
#20820005
1'
0.
0+
0D
0*
08
0H
#20825005
0'
#20830005
1'
16
b0 3
#20835005
0'
#20840005
1'
06
04
1J
b0 G
1>
#20845005
0'
#20850005
1'
1H
b1000000000100 (
1D
1+
1.
0>
14
0?
1*
18
#20855005
0'
#20860005
1'
08
0+
0H
0D
0*
0.
0J
04
#20865005
0'
#20870005
1'
14
b100000000110000001000000001 3
16
#20875005
0'
#20880005
1'
06
04
1J
1>
b100000000110000001000000001 G
#20885005
0'
#20890005
1'
1H
18
1D
1.
1*
#20895005
0'
#20900005
1'
0*
0H
0.
0J
0D
08
#20905005
0'
#20910005
1'
b1000000000000 <
1?
#20915005
0'
#20920005
1'
1+
b1000000000000 (
b1000000000100 <
14
0>
#20925005
0'
#20930005
1'
18
1*
1H
1D
1.
#20935005
0'
#20940005
1'
0.
08
0+
0D
0H
0*
#20945005
0'
#20950005
1'
16
b11000000100000000100000000 3
#20955005
0'
#20960005
1'
1>
b11000000100000000100000000 G
06
04
1J
#20965005
0'
#20970005
1'
0>
18
1*
1.
0?
14
1H
b1000000000100 (
1D
1+
#20975005
0'
#20980005
1'
0+
0.
0J
0*
08
0D
04
0H
#20985005
0'
#20990005
1'
b100000000110000010100000100 3
14
16
#20995005
0'
#21000005
1'
06
1>
1J
04
b100000000110000010100000100 G
#21005005
0'
#21010005
1'
1H
1*
1.
18
1D
#21015005
0'
#21020005
1'
0D
0*
0H
08
0J
0.
#21025005
0'
#21030005
1'
b1000000000001 <
1?
#21035005
0'
#21040005
1'
1+
0>
b1000000000100 <
14
b1000000000001 (
#21045005
0'
#21050005
1'
1*
1.
1D
1H
18
#21055005
0'
#21060005
1'
08
0.
0+
0*
0H
0D
#21065005
0'
#21070005
1'
16
b10000000010000000000000000 3
#21075005
0'
#21080005
1'
b10000000010000000000000000 G
06
04
1>
1J
#21085005
0'
#21090005
1'
18
1+
b1000000000100 (
1D
1.
0>
14
0?
1H
1*
#21095005
0'
#21100005
1'
0*
0D
08
0J
0+
0H
0.
04
#21105005
0'
#21110005
1'
14
b100000001010000010000000011 3
16
#21115005
0'
#21120005
1'
06
04
1J
1>
b100000001010000010000000011 G
#21125005
0'
#21130005
1'
1D
1*
18
1.
1H
#21135005
0'
#21140005
1'
0H
0*
0D
0.
0J
08
#21145005
0'
#21150005
1'
1?
b1000000000010 <
#21155005
0'
#21160005
1'
14
b1000000000010 (
b1000000000100 <
0>
1+
#21165005
0'
#21170005
1'
18
1*
1H
1D
1.
#21175005
0'
#21180005
1'
0.
0*
0+
08
0D
0H
#21185005
0'
#21190005
1'
16
b1000000000000000000000000 3
#21195005
0'
#21200005
1'
b1000000000000000000000000 G
04
06
1>
1J
#21205005
0'
#21210005
1'
1+
1H
1.
1*
0>
14
1D
b1000000000100 (
0?
18
#21215005
0'
#21220005
1'
08
0.
0+
0J
0H
04
0*
0D
#21225005
0'
#21230005
1'
b101000001000000001100000010 3
14
16
#21235005
0'
#21240005
1'
06
1J
b101000001000000001100000010 G
04
1>
#21245005
0'
#21250005
1'
1D
1.
18
1H
1*
#21255005
0'
#21260005
1'
0*
0.
0J
0D
0H
08
#21265005
0'
#21270005
1'
1?
b1000000000011 <
#21275005
0'
#21280005
1'
0>
1+
b1000000000100 <
14
b1000000000011 (
#21285005
0'
#21290005
1'
18
1.
1*
1H
1D
#21295005
0'
#21300005
1'
0D
0.
08
0H
0+
0*
#21305005
0'
#21310005
1'
16
b0 3
#21315005
0'
#21320005
1'
1J
1>
06
04
b0 G
#21325005
0'
#21330005
1'
b1000000000100 (
1.
1D
1*
14
18
0>
1+
1H
b1000000001000 <
#21335005
0'
#21340005
1'
0D
0.
0J
0H
04
0*
0+
08
#21345005
0'
#21350005
1'
b100000000110000001000000001 3
16
14
#21355005
0'
#21360005
1'
04
b100000000110000001000000001 G
06
1J
1>
#21365005
0'
#21370005
1'
0>
14
18
b1000000001000 (
1.
1D
1H
0?
1+
1*
#21375005
0'
#21380005
1'
0*
0.
04
08
0+
0H
0J
0D
#21385005
0'
#21390005
1'
14
16
b101 3
#21395005
0'
#21400005
1'
1>
06
b101 G
04
1J
#21405005
0'
#21410005
1'
1D
1*
1.
1H
18
#21415005
0'
#21420005
1'
08
0*
0J
0D
0H
0.
#21425005
0'
#21430005
1'
b1000000000000 <
1?
#21435005
0'
#21440005
1'
b1000000000000 (
b1000000000100 <
14
0>
1+
#21445005
0'
#21450005
1'
1.
18
1*
1D
1H
#21455005
0'
#21460005
1'
0H
08
0+
0.
0D
0*
#21465005
0'
#21470005
1'
b11000000100000000100000000 3
16
#21475005
0'
#21480005
1'
06
1J
1>
04
b11000000100000000100000000 G
#21485005
0'
#21490005
1'
1*
1+
1H
18
0?
14
b1000000000100 (
0>
1D
1.
#21495005
0'
#21500005
1'
0.
08
0*
0H
0+
0D
0J
04
#21505005
0'
#21510005
1'
14
16
b100000001100000010100000100 3
#21515005
0'
#21520005
1'
04
b100000001100000010100000100 G
06
1J
1>
#21525005
0'
#21530005
1'
1H
1.
1*
18
1D
#21535005
0'
#21540005
1'
0D
0*
0.
0H
08
0J
#21545005
0'
#21550005
1'
1?
b1000000000001 <
#21555005
0'
#21560005
1'
14
0>
b1000000000100 <
1+
b1000000000001 (
#21565005
0'
#21570005
1'
1.
1*
1D
18
1H
#21575005
0'
#21580005
1'
0H
0*
0.
08
0+
0D
#21585005
0'
#21590005
1'
b10000000010000000000000000 3
16
#21595005
0'
#21600005
1'
06
04
1J
b10000000010000000000000000 G
1>
#21605005
0'
#21610005
1'
0>
14
1D
b1000000000100 (
1*
1H
1.
0?
1+
18
#21615005
0'
#21620005
1'
08
0*
04
0D
0+
0H
0J
0.
#21625005
0'
#21630005
1'
14
16
b110000001010000010000000011 3
#21635005
0'
#21640005
1'
04
1>
06
1J
b110000001010000010000000011 G
#21645005
0'
#21650005
1'
18
1.
1*
1D
1H
#21655005
0'
#21660005
1'
0H
0.
08
0D
0J
0*
#21665005
0'
#21670005
1'
1?
b1000000000010 <
#21675005
0'
#21680005
1'
14
b1000000000010 (
b1000000000100 <
0>
1+
#21685005
0'
#21690005
1'
1*
1.
1H
18
1D
#21695005
0'
#21700005
1'
0D
0.
0+
0*
08
0H
#21705005
0'
#21710005
1'
b1000000000000000000000000 3
16
#21715005
0'
#21720005
1'
06
b1000000000000000000000000 G
04
1>
1J
#21725005
0'
#21730005
1'
1D
1H
1+
1.
0>
18
b1000000001000 <
b1000000000100 (
14
1*
#21735005
0'
#21740005
1'
0*
0+
0D
0J
0H
04
08
0.
#21745005
0'
#21750005
1'
16
14
b101000001000000001100000010 3
#21755005
0'
#21760005
1'
1J
b101000001000000001100000010 G
04
06
1>
#21765005
0'
#21770005
1'
0>
1+
1*
1.
1D
14
18
1H
b1000000001000 (
0?
#21775005
0'
#21780005
1'
0.
0J
0*
0+
04
0D
0H
08
#21785005
0'
#21790005
1'
b110 3
16
14
#21795005
0'
#21800005
1'
04
1>
1J
06
b110 G
#21805005
0'
#21810005
1'
1*
18
1.
1H
1D
#21815005
0'
#21820005
1'
0D
08
0*
0H
0J
0.
#21825005
0'
#21830005
1'
1?
b1000000000011 <
#21835005
0'
#21840005
1'
b1000000000100 <
0>
14
1+
b1000000000011 (
#21845005
0'
#21850005
1'
1.
18
1D
1*
1H
#21855005
0'
#21860005
1'
0H
08
0.
0*
0+
0D
#21865005
0'
#21870005
1'
16
b0 3
#21875005
0'
#21880005
1'
1>
b0 G
04
06
1J
#21885005
0'
#21890005
1'
0>
18
1D
b1000000000100 (
1H
b1000000001000 <
1+
1.
14
1*
#21895005
0'
#21900005
1'
0*
0H
0J
08
0D
04
0.
0+
#21905005
0'
#21910005
1'
b100000000110000001000000001 3
16
14
#21915005
0'
#21920005
1'
1>
1J
04
06
b100000000110000001000000001 G
#21925005
0'
#21930005
1'
1+
1H
18
1*
0>
b1000000001000 (
0?
1.
14
1D
#21935005
0'
#21940005
1'
0D
0H
0+
0*
08
04
0J
0.
#21945005
0'
#21950005
1'
16
14
b11000000101 3
#21955005
0'
#21960005
1'
b11000000101 G
1>
1J
04
06
#21965005
0'
#21970005
1'
1*
1.
1D
1H
18
#21975005
0'
#21980005
1'
08
0D
0*
0.
0H
0J
#21985005
0'
#21990005
1'
#21995005
0'
#22000005
1'
#22000006
bx =
bx 5
bx <
bx 3
#22005006
0'
#22010006
1'
1*
18
1D
1H
1.
#22015006
0'
#22020006
1'
0.
08
1;
0*
0H
0D
#22025006
0'
#22030006
1'
0B
0>
#22035006
0'
#22040006
1'
0;
#22045006
0'
#22050006
1'
1D
1.
18
1>
1B
1*
1H
#22055006
0'
#22060006
1'
#22065006
0'
#22070006
1'
#22075006
0'
#22080006
1'
#22085006
0'
#22090006
1'
b10 =
b1000000000000 <
1?
#22095006
0'
#22100006
1'
0?
1+
14
b1000000000000 (
0>
#22105006
0'
#22110006
1'
0+
#22115006
0'
#22120006
1'
#22125006
0'
#22130006
1'
b0 3
16
b0 5
#22135006
0'
#22140006
1'
b0 G
1>
1J
06
04
#22145006
0'
#22150006
1'
0J
#22155006
0'
#22160006
1'
#22165006
0'
#22170006
1'
1?
b1000000000001 <
#22175006
0'
#22180006
1'
0>
14
0?
1+
b1000000000001 (
#22185006
0'
#22190006
1'
0+
#22195006
0'
#22200006
1'
#22205006
0'
#22210006
1'
16
#22215006
0'
#22220006
1'
1>
06
1J
04
#22225006
0'
#22230006
1'
0J
#22235006
0'
#22240006
1'
#22245006
0'
#22250006
1'
b1000000000010 <
1?
#22255006
0'
#22260006
1'
0?
14
b1000000000010 (
0>
1+
#22265006
0'
#22270006
1'
0+
#22275006
0'
#22280006
1'
#22285006
0'
#22290006
1'
16
#22295006
0'
#22300006
1'
04
06
1>
1J
#22305006
0'
#22310006
1'
0J
#22315006
0'
#22320006
1'
#22325006
0'
#22330006
1'
1?
b1000000000011 <
#22335006
0'
#22340006
1'
1+
0?
0>
14
b1000000000011 (
#22345006
0'
#22350006
1'
0+
#22355006
0'
#22360006
1'
#22365006
0'
#22370006
1'
16
#22375006
0'
#22380006
1'
1J
06
04
1>
#22385006
0'
#22390006
1'
0J
#22395006
0'
#22400006
1'
#22405006
0'
#22410006
1'
b1000000000000 <
1?
#22415006
0'
#22420006
1'
0?
0>
b1000000000000 (
1+
14
#22425006
0'
#22430006
1'
0+
#22435006
0'
#22440006
1'
#22445006
0'
#22450006
1'
b100000000 3
16
#22455006
0'
#22460006
1'
06
04
1>
b100000000 G
1J
#22465006
0'
#22470006
1'
0J
#22475006
0'
#22480006
1'
#22485006
0'
#22490006
1'
1?
b1000000000001 <
#22495006
0'
#22500006
1'
0>
14
0?
b1000000000001 (
1+
#22505006
0'
#22510006
1'
0+
#22515006
0'
#22520006
1'
#22525006
0'
#22530006
1'
16
b10000000000000000 3
#22535006
0'
#22540006
1'
1>
1J
06
b10000000000000000 G
04
#22545006
0'
#22550006
1'
0J
#22555006
0'
#22560006
1'
#22565006
0'
#22570006
1'
b1000000000010 <
1?
#22575006
0'
#22580006
1'
0?
14
1+
0>
b1000000000010 (
#22585006
0'
#22590006
1'
0+
#22595006
0'
#22600006
1'
#22605006
0'
#22610006
1'
b1000000000000000000000000 3
16
#22615006
0'
#22620006
1'
06
04
1>
b1000000000000000000000000 G
1J
#22625006
0'
#22630006
1'
0J
#22635006
0'
#22640006
1'
#22645006
0'
#22650006
1'
1?
b1000000000011 <
#22655006
0'
#22660006
1'
b1000000000011 (
1+
0?
14
0>
#22665006
0'
#22670006
1'
0+
#22675006
0'
#22680006
1'
#22685006
0'
#22690006
1'
b1000000000100 <
16
b0 3
1?
#22695006
0'
#22700006
1'
1>
1J
04
b0 G
06
#22705006
0'
#22710006
1'
0>
0?
b1000000000100 (
0J
1+
14
#22715006
0'
#22720006
1'
0+
#22725006
0'
#22730006
1'
16
b1 3
#22735006
0'
#22740006
1'
04
1>
06
b1 G
1J
#22745006
0'
#22750006
1'
0J
#22755006
0'
#22760006
1'
#22765006
0'
#22770006
1'
1?
b1000000000000 <
#22775006
0'
#22780006
1'
14
0?
0>
1+
b1000000000000 (
#22785006
0'
#22790006
1'
0+
#22795006
0'
#22800006
1'
#22805006
0'
#22810006
1'
b100000000100000000 3
16
#22815006
0'
#22820006
1'
06
1J
04
1>
b100000000100000000 G
#22825006
0'
#22830006
1'
0J
#22835006
0'
#22840006
1'
#22845006
0'
#22850006
1'
b1000000000001 <
1?
#22855006
0'
#22860006
1'
0?
b1000000000001 (
0>
14
1+
#22865006
0'
#22870006
1'
0+
#22875006
0'
#22880006
1'
#22885006
0'
#22890006
1'
16
b10000000010000000000000000 3
#22895006
0'
#22900006
1'
1J
b10000000010000000000000000 G
06
04
1>
#22905006
0'
#22910006
1'
0J
#22915006
0'
#22920006
1'
#22925006
0'
#22930006
1'
1?
b1000000000010 <
#22935006
0'
#22940006
1'
0>
1+
0?
14
b1000000000010 (
#22945006
0'
#22950006
1'
0+
#22955006
0'
#22960006
1'
#22965006
0'
#22970006
1'
b1000000000100 <
b1000000000000000000000000 3
1?
16
#22975006
0'
#22980006
1'
06
1J
1>
04
b1000000000000000000000000 G
#22985006
0'
#22990006
1'
0J
b1000000000100 (
14
0>
1+
0?
#22995006
0'
#23000006
1'
0+
#23005006
0'
#23010006
1'
16
b10 3
#23015006
0'
#23020006
1'
1J
b10 G
06
1>
04
#23025006
0'
#23030006
1'
0J
#23035006
0'
#23040006
1'
#23045006
0'
#23050006
1'
b1000000000011 <
1?
#23055006
0'
#23060006
1'
0?
14
0>
b1000000000011 (
1+
#23065006
0'
#23070006
1'
0+
#23075006
0'
#23080006
1'
#23085006
0'
#23090006
1'
1?
b0 3
b1000000000100 <
16
#23095006
0'
#23100006
1'
06
1J
04
b0 G
1>
#23105006
0'
#23110006
1'
0>
1+
0?
0J
b1000000000100 (
14
#23115006
0'
#23120006
1'
0+
#23125006
0'
#23130006
1'
b1000000001 3
16
#23135006
0'
#23140006
1'
06
04
1>
b1000000001 G
1J
#23145006
0'
#23150006
1'
0J
#23155006
0'
#23160006
1'
#23165006
0'
#23170006
1'
1?
b1000000000000 <
#23175006
0'
#23180006
1'
14
1+
0?
b1000000000000 (
0>
#23185006
0'
#23190006
1'
0+
#23195006
0'
#23200006
1'
#23205006
0'
#23210006
1'
b11000000100000000100000000 3
16
#23215006
0'
#23220006
1'
06
1>
04
1J
b11000000100000000100000000 G
#23225006
0'
#23230006
1'
0J
#23235006
0'
#23240006
1'
#23245006
0'
#23250006
1'
b1000000000001 <
1?
#23255006
0'
#23260006
1'
14
0>
0?
1+
b1000000000001 (
#23265006
0'
#23270006
1'
0+
#23275006
0'
#23280006
1'
#23285006
0'
#23290006
1'
16
b10000000010000000000000000 3
1?
b1000000000100 <
#23295006
0'
#23300006
1'
b10000000010000000000000000 G
04
06
1J
1>
#23305006
0'
#23310006
1'
0>
14
b1000000000100 (
0J
1+
0?
#23315006
0'
#23320006
1'
0+
#23325006
0'
#23330006
1'
16
b1000000011 3
#23335006
0'
#23340006
1'
04
1>
b1000000011 G
1J
06
#23345006
0'
#23350006
1'
0J
#23355006
0'
#23360006
1'
#23365006
0'
#23370006
1'
1?
b1000000000010 <
#23375006
0'
#23380006
1'
0?
0>
14
1+
b1000000000010 (
#23385006
0'
#23390006
1'
0+
#23395006
0'
#23400006
1'
#23405006
0'
#23410006
1'
b1000000000100 <
16
1?
b1000000000000000000000000 3
#23415006
0'
#23420006
1'
06
1>
04
1J
b1000000000000000000000000 G
#23425006
0'
#23430006
1'
b1000000000100 (
0J
0>
1+
0?
14
#23435006
0'
#23440006
1'
0+
#23445006
0'
#23450006
1'
b1100000010 3
16
#23455006
0'
#23460006
1'
06
b1100000010 G
04
1>
1J
#23465006
0'
#23470006
1'
0J
#23475006
0'
#23480006
1'
#23485006
0'
#23490006
1'
b1000000000011 <
1?
#23495006
0'
#23500006
1'
0?
14
b1000000000011 (
1+
0>
#23505006
0'
#23510006
1'
0+
#23515006
0'
#23520006
1'
#23525006
0'
#23530006
1'
b0 3
16
b1000000000100 <
1?
#23535006
0'
#23540006
1'
b0 G
1>
1J
06
04
#23545006
0'
#23550006
1'
14
0>
0?
0J
1+
b1000000000100 (
#23555006
0'
#23560006
1'
0+
#23565006
0'
#23570006
1'
b110000001000000001 3
16
#23575006
0'
#23580006
1'
06
1>
04
b110000001000000001 G
1J
#23585006
0'
#23590006
1'
0J
#23595006
0'
#23600006
1'
#23605006
0'
#23610006
1'
b1000000000000 <
1?
#23615006
0'
#23620006
1'
14
b1000000000000 (
0>
0?
1+
#23625006
0'
#23630006
1'
0+
#23635006
0'
#23640006
1'
#23645006
0'
#23650006
1'
16
1?
b1000000000100 <
b11000000100000000100000000 3
#23655006
0'
#23660006
1'
1J
04
06
1>
b11000000100000000100000000 G
#23665006
0'
#23670006
1'
1+
b1000000000100 (
0J
0>
14
0?
#23675006
0'
#23680006
1'
0+
#23685006
0'
#23690006
1'
b110000001000000100 3
16
#23695006
0'
#23700006
1'
06
b110000001000000100 G
04
1J
1>
#23705006
0'
#23710006
1'
0J
#23715006
0'
#23720006
1'
#23725006
0'
#23730006
1'
1?
b1000000000001 <
#23735006
0'
#23740006
1'
b1000000000001 (
1+
0>
0?
14
#23745006
0'
#23750006
1'
0+
#23755006
0'
#23760006
1'
#23765006
0'
#23770006
1'
16
b1000000000100 <
1?
b10000000010000000000000000 3
#23775006
0'
#23780006
1'
06
04
b10000000010000000000000000 G
1J
1>
#23785006
0'
#23790006
1'
0>
1+
b1000000000100 (
0J
14
0?
#23795006
0'
#23800006
1'
0+
#23805006
0'
#23810006
1'
b110000010000000011 3
16
#23815006
0'
#23820006
1'
06
1>
04
1J
b110000010000000011 G
#23825006
0'
#23830006
1'
0J
#23835006
0'
#23840006
1'
#23845006
0'
#23850006
1'
1?
b1000000000010 <
#23855006
0'
#23860006
1'
1+
0?
0>
b1000000000010 (
14
#23865006
0'
#23870006
1'
0+
#23875006
0'
#23880006
1'
#23885006
0'
#23890006
1'
b1000000000100 <
b1000000000000000000000000 3
16
1?
#23895006
0'
#23900006
1'
04
b1000000000000000000000000 G
06
1J
1>
#23905006
0'
#23910006
1'
0>
14
0?
0J
1+
b1000000000100 (
#23915006
0'
#23920006
1'
0+
#23925006
0'
#23930006
1'
b1000000001100000010 3
16
#23935006
0'
#23940006
1'
06
04
1>
1J
b1000000001100000010 G
#23945006
0'
#23950006
1'
0J
#23955006
0'
#23960006
1'
#23965006
0'
#23970006
1'
b1000000000011 <
1?
#23975006
0'
#23980006
1'
0?
14
b1000000000011 (
0>
1+
#23985006
0'
#23990006
1'
0+
#23995006
0'
#24000006
1'
#24005006
0'
#24010006
1'
1?
16
b1000000000100 <
b0 3
#24015006
0'
#24020006
1'
04
b0 G
06
1>
1J
#24025006
0'
#24030006
1'
0J
0?
1+
14
0>
b1000000000100 (
#24035006
0'
#24040006
1'
0+
#24045006
0'
#24050006
1'
b100000000110000001000000001 3
16
#24055006
0'
#24060006
1'
06
1J
1>
b100000000110000001000000001 G
04
#24065006
0'
#24070006
1'
0J
#24075006
0'
#24080006
1'
#24085006
0'
#24090006
1'
1?
b1000000000000 <
#24095006
0'
#24100006
1'
b1000000000000 (
1+
14
0?
0>
#24105006
0'
#24110006
1'
0+
#24115006
0'
#24120006
1'
#24125006
0'
#24130006
1'
16
b1000000000100 <
1?
b11000000100000000100000000 3
#24135006
0'
#24140006
1'
06
1>
b11000000100000000100000000 G
1J
04
#24145006
0'
#24150006
1'
14
1+
b1000000000100 (
0J
0>
0?
#24155006
0'
#24160006
1'
0+
#24165006
0'
#24170006
1'
b100000000110000010100000100 3
16
#24175006
0'
#24180006
1'
06
04
1>
1J
b100000000110000010100000100 G
#24185006
0'
#24190006
1'
0J
#24195006
0'
#24200006
1'
#24205006
0'
#24210006
1'
1?
b1000000000001 <
#24215006
0'
#24220006
1'
1+
0?
14
b1000000000001 (
0>
#24225006
0'
#24230006
1'
0+
#24235006
0'
#24240006
1'
#24245006
0'
#24250006
1'
b1000000000100 <
b10000000010000000000000000 3
16
1?
#24255006
0'
#24260006
1'
1>
b10000000010000000000000000 G
06
1J
04
#24265006
0'
#24270006
1'
14
0>
0?
0J
1+
b1000000000100 (
#24275006
0'
#24280006
1'
0+
#24285006
0'
#24290006
1'
b100000001010000010000000011 3
16
#24295006
0'
#24300006
1'
06
1>
04
1J
b100000001010000010000000011 G
#24305006
0'
#24310006
1'
0J
#24315006
0'
#24320006
1'
#24325006
0'
#24330006
1'
b1000000000010 <
1?
#24335006
0'
#24340006
1'
0?
0>
b1000000000010 (
14
1+
#24345006
0'
#24350006
1'
0+
#24355006
0'
#24360006
1'
#24365006
0'
#24370006
1'
1?
16
b1000000000100 <
b1000000000000000000000000 3
#24375006
0'
#24380006
1'
1>
b1000000000000000000000000 G
06
04
1J
#24385006
0'
#24390006
1'
0J
0?
1+
0>
14
b1000000000100 (
#24395006
0'
#24400006
1'
0+
#24405006
0'
#24410006
1'
b101000001000000001100000010 3
16
#24415006
0'
#24420006
1'
06
1J
04
b101000001000000001100000010 G
1>
#24425006
0'
#24430006
1'
0J
#24435006
0'
#24440006
1'
#24445006
0'
#24450006
1'
1?
b1000000000011 <
#24455006
0'
#24460006
1'
b1000000000011 (
1+
0>
0?
14
#24465006
0'
#24470006
1'
0+
#24475006
0'
#24480006
1'
#24485006
0'
#24490006
1'
16
b1000000000100 <
1?
b0 3
#24495006
0'
#24500006
1'
06
04
b0 G
1J
1>
#24505006
0'
#24510006
1'
0>
1+
b1000000000100 (
0J
14
0?
#24515006
0'
#24520006
1'
0+
#24525006
0'
#24530006
1'
1?
b100000000110000001000000001 3
16
b1000000001000 <
#24535006
0'
#24540006
1'
1>
06
04
1J
b100000000110000001000000001 G
#24545006
0'
#24550006
1'
1+
0?
0J
0>
b1000000001000 (
14
#24555006
0'
#24560006
1'
0+
#24565006
0'
#24570006
1'
b101 3
16
#24575006
0'
#24580006
1'
06
04
b101 G
1J
1>
#24585006
0'
#24590006
1'
0J
#24595006
0'
#24600006
1'
#24605006
0'
#24610006
1'
b1000000000000 <
1?
#24615006
0'
#24620006
1'
0?
14
1+
0>
b1000000000000 (
#24625006
0'
#24630006
1'
0+
#24635006
0'
#24640006
1'
#24645006
0'
#24650006
1'
1?
16
b1000000000100 <
b11000000100000000100000000 3
#24655006
0'
#24660006
1'
04
06
1J
1>
b11000000100000000100000000 G
#24665006
0'
#24670006
1'
0?
b1000000000100 (
1+
0>
14
0J
#24675006
0'
#24680006
1'
0+
#24685006
0'
#24690006
1'
b100000001100000010100000100 3
16
#24695006
0'
#24700006
1'
06
b100000001100000010100000100 G
1J
04
1>
#24705006
0'
#24710006
1'
0J
#24715006
0'
#24720006
1'
#24725006
0'
#24730006
1'
1?
b1000000000001 <
#24735006
0'
#24740006
1'
0>
b1000000000001 (
0?
1+
14
#24745006
0'
#24750006
1'
0+
#24755006
0'
#24760006
1'
#24765006
0'
#24770006
1'
b1000000000100 <
16
b10000000010000000000000000 3
1?
#24775006
0'
#24780006
1'
04
1>
b10000000010000000000000000 G
1J
06
#24785006
0'
#24790006
1'
0>
0?
14
0J
b1000000000100 (
1+
#24795006
0'
#24800006
1'
0+
#24805006
0'
#24810006
1'
16
b110000001010000010000000011 3
#24815006
0'
#24820006
1'
1>
06
1J
04
b110000001010000010000000011 G
#24825006
0'
#24830006
1'
0J
#24835006
0'
#24840006
1'
#24845006
0'
#24850006
1'
1?
b1000000000010 <
#24855006
0'
#24860006
1'
1+
0?
b1000000000010 (
0>
14
#24865006
0'
#24870006
1'
0+
#24875006
0'
#24880006
1'
#24885006
0'
#24890006
1'
b1000000000100 <
b1000000000000000000000000 3
1?
16
#24895006
0'
#24900006
1'
06
b1000000000000000000000000 G
04
1>
1J
#24905006
0'
#24910006
1'
0J
1+
0>
14
0?
b1000000000100 (
#24915006
0'
#24920006
1'
0+
#24925006
0'
#24930006
1'
b1000000001000 <
16
1?
b101000001000000001100000010 3
#24935006
0'
#24940006
1'
b101000001000000001100000010 G
1J
06
1>
04
#24945006
0'
#24950006
1'
14
b1000000001000 (
0>
0J
1+
0?
#24955006
0'
#24960006
1'
0+
#24965006
0'
#24970006
1'
b110 3
16
#24975006
0'
#24980006
1'
06
b110 G
04
1J
1>
#24985006
0'
#24990006
1'
0J
#24995006
0'
#25000006
1'
#25005006
0'
#25010006
1'
1?
b1000000000011 <
#25015006
0'
#25020006
1'
0>
0?
14
b1000000000011 (
1+
#25025006
0'
#25030006
1'
0+
#25035006
0'
#25040006
1'
#25045006
0'
#25050006
1'
b1000000000100 <
16
1?
b0 3
#25055006
0'
#25060006
1'
b0 G
1>
06
1J
04
#25065006
0'
#25070006
1'
14
1+
0J
0>
0?
b1000000000100 (
#25075006
0'
#25080006
1'
0+
#25085006
0'
#25090006
1'
b1000000001000 <
b100000000110000001000000001 3
1?
16
#25095006
0'
#25100006
1'
06
04
b100000000110000001000000001 G
1>
1J
#25105006
0'
#25110006
1'
0J
14
b1000000001000 (
0>
1+
0?
#25115006
0'
#25120006
1'
0+
#25125006
0'
#25130006
1'
16
b11000000101 3
#25135006
0'
#25140006
1'
04
1J
06
1>
b11000000101 G
#25145006
0'
#25150006
1'
0J
#25155006
0'
#25160006
1'
#25165006
0'
#25170006
1'
#25170007
bx <
bx 3
bx 5
0.
0H
0D
0*
08
bx =
#25175007
0'
#25180007
1'
1H
1.
18
1*
1D
#25185007
0'
#25190007
1'
0D
1;
0H
0*
08
0.
#25195007
0'
#25200007
1'
0>
0B
#25205007
0'
#25210007
1'
0;
#25215007
0'
#25220007
1'
1.
1D
1B
18
1>
1*
1H
#25225007
0'
#25230007
1'
#25235007
0'
#25240007
1'
0H
0.
0*
0D
08
#25245007
0'
#25250007
1'
#25255007
0'
#25260007
1'
b10 =
b1000000000000 <
1?
#25265007
0'
#25270007
1'
0?
14
18
1H
1D
1.
b1000000000000 (
1*
1+
0>
#25275007
0'
#25280007
1'
08
0+
0D
0H
0*
0.
#25285007
0'
#25290007
1'
#25295007
0'
#25300007
1'
b0 3
b0 5
16
#25305007
0'
#25310007
1'
06
1.
1>
b0 G
04
1*
1J
18
1H
1D
#25315007
0'
#25320007
1'
0D
0.
0H
0*
08
0J
#25325007
0'
#25330007
1'
#25335007
0'
#25340007
1'
b1000000000001 <
1?
#25345007
0'
#25350007
1'
0?
1D
0>
18
1.
1+
14
1*
1H
b1000000000001 (
#25355007
0'
#25360007
1'
0D
0H
0.
08
0*
0+
#25365007
0'
#25370007
1'
#25375007
0'
#25380007
1'
16
#25385007
0'
#25390007
1'
06
1J
1*
1H
1>
1D
18
1.
04
#25395007
0'
#25400007
1'
0.
0H
0J
0*
08
0D
#25405007
0'
#25410007
1'
#25415007
0'
#25420007
1'
b1000000000010 <
1?
#25425007
0'
#25430007
1'
0?
14
1+
b1000000000010 (
1D
18
1H
1.
1*
0>
#25435007
0'
#25440007
1'
0+
0*
08
0D
0.
0H
#25445007
0'
#25450007
1'
#25455007
0'
#25460007
1'
16
#25465007
0'
#25470007
1'
06
1H
1>
04
1.
1*
1D
18
1J
#25475007
0'
#25480007
1'
0J
0H
08
0D
0.
0*
#25485007
0'
#25490007
1'
#25495007
0'
#25500007
1'
1?
b1000000000011 <
#25505007
0'
#25510007
1'
1*
0>
0?
1.
14
b1000000000011 (
1+
1D
1H
18
#25515007
0'
#25520007
1'
08
0*
0H
0.
0D
0+
#25525007
0'
#25530007
1'
#25535007
0'
#25540007
1'
16
#25545007
0'
#25550007
1'
06
1>
1J
18
1D
1*
04
1.
1H
#25555007
0'
#25560007
1'
0H
0J
0.
0D
08
0*
#25565007
0'
#25570007
1'
#25575007
0'
#25580007
1'
b1000000000000 <
1?
#25585007
0'
#25590007
1'
0?
1*
1H
1+
0>
18
1.
1D
b1000000000000 (
14
#25595007
0'
#25600007
1'
0+
0*
0H
0D
08
0.
#25605007
0'
#25610007
1'
#25615007
0'
#25620007
1'
16
b100000000 3
#25625007
0'
#25630007
1'
1.
04
1*
b100000000 G
06
18
1>
1J
1D
1H
#25635007
0'
#25640007
1'
0H
0.
0*
0D
08
0J
#25645007
0'
#25650007
1'
#25655007
0'
#25660007
1'
1?
b1000000000001 <
#25665007
0'
#25670007
1'
1.
14
1H
1+
0?
18
1*
1D
b1000000000001 (
0>
#25675007
0'
#25680007
1'
0H
0.
0+
0D
08
0*
#25685007
0'
#25690007
1'
#25695007
0'
#25700007
1'
b10000000000000000 3
16
#25705007
0'
#25710007
1'
06
1*
1>
1J
b10000000000000000 G
1H
04
18
1D
1.
#25715007
0'
#25720007
1'
0.
0H
0*
0J
0D
08
#25725007
0'
#25730007
1'
#25735007
0'
#25740007
1'
b1000000000010 <
1?
#25745007
0'
#25750007
1'
0?
18
0>
1*
1.
1H
1D
b1000000000010 (
14
1+
#25755007
0'
#25760007
1'
0+
0.
08
0*
0H
0D
#25765007
0'
#25770007
1'
#25775007
0'
#25780007
1'
16
b1000000000000000000000000 3
#25785007
0'
#25790007
1'
1D
1>
18
1.
b1000000000000000000000000 G
06
1H
04
1*
1J
#25795007
0'
#25800007
1'
0J
0.
0D
08
0*
0H
#25805007
0'
#25810007
1'
#25815007
0'
#25820007
1'
1?
b1000000000011 <
#25825007
0'
#25830007
1'
1H
1D
1+
1.
0>
0?
1*
18
14
b1000000000011 (
#25835007
0'
#25840007
1'
0.
0H
0+
0D
08
0*
#25845007
0'
#25850007
1'
#25855007
0'
#25860007
1'
b0 3
b1000000000100 <
16
1?
#25865007
0'
#25870007
1'
1*
1J
1H
1.
06
18
b0 G
1>
1D
04
#25875007
0'
#25880007
1'
14
0H
1+
0?
b1000000000100 (
0J
0*
0D
08
0.
0>
#25885007
0'
#25890007
1'
#25895007
0'
#25900007
1'
#25905007
0'
#25910007
1'
1H
1.
1D
1*
18
#25915007
0'
#25920007
1'
08
0+
0*
0.
0H
0D
#25925007
0'
#25930007
1'
#25935007
0'
#25940007
1'
b1 3
16
#25945007
0'
#25950007
1'
06
1D
1>
18
1J
04
1H
1*
1.
b1 G
#25955007
0'
#25960007
1'
0J
08
0D
0.
0*
0H
#25965007
0'
#25970007
1'
#25975007
0'
#25980007
1'
1?
b1000000000000 <
#25985007
0'
#25990007
1'
18
0>
1H
b1000000000000 (
0?
14
1+
1*
1.
1D
#25995007
0'
#26000007
1'
0D
0H
08
0.
0*
0+
#26005007
0'
#26010007
1'
#26015007
0'
#26020007
1'
16
b100000000100000000 3
#26025007
0'
#26030007
1'
b100000000100000000 G
1H
1J
1D
1>
06
1*
1.
04
18
#26035007
0'
#26040007
1'
08
0D
0J
0H
0.
0*
#26045007
0'
#26050007
1'
#26055007
0'
#26060007
1'
b1000000000001 <
1?
#26065007
0'
#26070007
1'
0?
1*
1+
1D
18
1.
b1000000000001 (
0>
1H
14
#26075007
0'
#26080007
1'
0D
0+
0*
0H
0.
08
#26085007
0'
#26090007
1'
#26095007
0'
#26100007
1'
b10000000010000000000000000 3
16
#26105007
0'
#26110007
1'
06
18
04
1J
b10000000010000000000000000 G
1D
1H
1*
1.
1>
#26115007
0'
#26120007
1'
08
0J
0.
0D
0*
0H
#26125007
0'
#26130007
1'
#26135007
0'
#26140007
1'
1?
b1000000000010 <
#26145007
0'
#26150007
1'
1H
0>
14
18
1+
0?
1*
1D
1.
b1000000000010 (
#26155007
0'
#26160007
1'
08
0H
0.
0+
0D
0*
#26165007
0'
#26170007
1'
#26175007
0'
#26180007
1'
b1000000000100 <
16
b1000000000000000000000000 3
1?
#26185007
0'
#26190007
1'
18
1*
b1000000000000000000000000 G
04
1>
1D
1J
1H
06
1.
#26195007
0'
#26200007
1'
0.
14
08
0?
b1000000000100 (
0*
0D
0>
0H
1+
0J
#26205007
0'
#26210007
1'
#26215007
0'
#26220007
1'
#26225007
0'
#26230007
1'
18
1.
1*
1H
1D
#26235007
0'
#26240007
1'
0D
08
0H
0+
0*
0.
#26245007
0'
#26250007
1'
#26255007
0'
#26260007
1'
b10 3
16
#26265007
0'
#26270007
1'
1.
1D
1J
04
b10 G
06
18
1*
1H
1>
#26275007
0'
#26280007
1'
0D
0.
0J
0H
0*
08
#26285007
0'
#26290007
1'
#26295007
0'
#26300007
1'
b1000000000011 <
1?
#26305007
0'
#26310007
1'
0?
18
1.
0>
14
b1000000000011 (
1D
1*
1H
1+
#26315007
0'
#26320007
1'
0+
0.
08
0H
0*
0D
#26325007
0'
#26330007
1'
#26335007
0'
#26340007
1'
1?
b1000000000100 <
16
b0 3
#26345007
0'
#26350007
1'
1D
1>
1.
04
06
1*
b0 G
1H
18
1J
#26355007
0'
#26360007
1'
0J
0.
0D
1+
b1000000000100 (
0>
0?
08
14
0H
0*
#26365007
0'
#26370007
1'
#26375007
0'
#26380007
1'
#26385007
0'
#26390007
1'
1*
1D
1.
1H
18
#26395007
0'
#26400007
1'
08
0D
0*
0+
0H
0.
#26405007
0'
#26410007
1'
#26415007
0'
#26420007
1'
b1000000001 3
16
#26425007
0'
#26430007
1'
06
1.
1*
18
1>
1J
1D
1H
04
b1000000001 G
#26435007
0'
#26440007
1'
0J
08
0*
0.
0H
0D
#26445007
0'
#26450007
1'
#26455007
0'
#26460007
1'
b1000000000000 <
1?
#26465007
0'
#26470007
1'
1D
1*
18
0>
b1000000000000 (
0?
1H
1.
1+
14
#26475007
0'
#26480007
1'
0D
08
0*
0+
0.
0H
#26485007
0'
#26490007
1'
#26495007
0'
#26500007
1'
16
b11000000100000000100000000 3
#26505007
0'
#26510007
1'
1H
b11000000100000000100000000 G
04
1>
1J
18
1D
06
1.
1*
#26515007
0'
#26520007
1'
0*
08
0H
0J
0.
0D
#26525007
0'
#26530007
1'
#26535007
0'
#26540007
1'
b1000000000001 <
1?
#26545007
0'
#26550007
1'
1D
1H
1*
14
18
0>
0?
1.
b1000000000001 (
1+
#26555007
0'
#26560007
1'
0+
08
0H
0D
0*
0.
#26565007
0'
#26570007
1'
#26575007
0'
#26580007
1'
b10000000010000000000000000 3
1?
16
b1000000000100 <
#26585007
0'
#26590007
1'
1.
1D
18
b10000000010000000000000000 G
1H
04
06
1*
1>
1J
#26595007
0'
#26600007
1'
0J
0H
0D
0.
1+
08
0>
0*
14
0?
b1000000000100 (
#26605007
0'
#26610007
1'
#26615007
0'
#26620007
1'
#26625007
0'
#26630007
1'
1D
1H
1.
18
1*
#26635007
0'
#26640007
1'
0*
0H
0+
0D
08
0.
#26645007
0'
#26650007
1'
#26655007
0'
#26660007
1'
16
b1000000011 3
#26665007
0'
#26670007
1'
1.
1*
1J
1H
b1000000011 G
18
1>
06
04
1D
#26675007
0'
#26680007
1'
0D
0H
0.
0J
0*
08
#26685007
0'
#26690007
1'
#26695007
0'
#26700007
1'
b1000000000010 <
1?
#26705007
0'
#26710007
1'
0?
18
1D
1+
b1000000000010 (
1.
1H
1*
14
0>
#26715007
0'
#26720007
1'
0.
0D
08
0+
0*
0H
#26725007
0'
#26730007
1'
#26735007
0'
#26740007
1'
1?
b1000000000100 <
b1000000000000000000000000 3
16
#26745007
0'
#26750007
1'
06
1H
1J
18
1.
1>
1D
1*
b1000000000000000000000000 G
04
#26755007
0'
#26760007
1'
14
0>
08
0J
0H
0.
b1000000000100 (
0D
0?
0*
1+
#26765007
0'
#26770007
1'
#26775007
0'
#26780007
1'
#26785007
0'
#26790007
1'
1.
18
1H
1*
1D
#26795007
0'
#26800007
1'
0D
08
0+
0.
0*
0H
#26805007
0'
#26810007
1'
#26815007
0'
#26820007
1'
16
b1100000010 3
#26825007
0'
#26830007
1'
1H
1D
1>
04
18
1J
06
1*
b1100000010 G
1.
#26835007
0'
#26840007
1'
0.
08
0D
0H
0J
0*
#26845007
0'
#26850007
1'
#26855007
0'
#26860007
1'
1?
b1000000000011 <
#26865007
0'
#26870007
1'
1*
1D
18
1.
1+
14
0>
b1000000000011 (
0?
1H
#26875007
0'
#26880007
1'
0H
08
0D
0*
0+
0.
#26885007
0'
#26890007
1'
#26895007
0'
#26900007
1'
b0 3
1?
b1000000000100 <
16
#26905007
0'
#26910007
1'
06
1.
18
1H
04
1*
1D
b0 G
1>
1J
#26915007
0'
#26920007
1'
0J
0*
1+
08
0.
14
0H
0>
0?
b1000000000100 (
0D
#26925007
0'
#26930007
1'
#26935007
0'
#26940007
1'
#26945007
0'
#26950007
1'
1D
1*
1.
18
1H
#26955007
0'
#26960007
1'
0H
0.
0+
0*
0D
08
#26965007
0'
#26970007
1'
#26975007
0'
#26980007
1'
16
b110000001000000001 3
#26985007
0'
#26990007
1'
18
1H
1*
04
1J
1.
06
1D
b110000001000000001 G
1>
#26995007
0'
#27000007
1'
0J
0*
0H
08
0.
0D
#27005007
0'
#27010007
1'
#27015007
0'
#27020007
1'
b1000000000000 <
1?
#27025007
0'
#27030007
1'
1D
1H
1*
0>
14
1+
0?
1.
b1000000000000 (
18
#27035007
0'
#27040007
1'
08
0H
0D
0*
0+
0.
#27045007
0'
#27050007
1'
#27055007
0'
#27060007
1'
b11000000100000000100000000 3
1?
b1000000000100 <
16
#27065007
0'
#27070007
1'
06
1.
1D
18
04
1J
1H
1>
b11000000100000000100000000 G
1*
#27075007
0'
#27080007
1'
0*
0H
08
0D
0.
0J
14
b1000000000100 (
1+
0>
0?
#27085007
0'
#27090007
1'
#27095007
0'
#27100007
1'
#27105007
0'
#27110007
1'
18
1H
1*
1.
1D
#27115007
0'
#27120007
1'
0D
0.
08
0*
0H
0+
#27125007
0'
#27130007
1'
#27135007
0'
#27140007
1'
16
b110000001000000100 3
#27145007
0'
#27150007
1'
1J
1*
1D
18
1.
06
04
b110000001000000100 G
1H
1>
#27155007
0'
#27160007
1'
08
0J
0D
0*
0H
0.
#27165007
0'
#27170007
1'
#27175007
0'
#27180007
1'
1?
b1000000000001 <
#27185007
0'
#27190007
1'
1.
1+
1D
0>
18
0?
1H
1*
b1000000000001 (
14
#27195007
0'
#27200007
1'
0+
0.
0D
08
0*
0H
#27205007
0'
#27210007
1'
#27215007
0'
#27220007
1'
b1000000000100 <
b10000000010000000000000000 3
1?
16
#27225007
0'
#27230007
1'
06
1.
1H
04
1>
1J
1*
18
b10000000010000000000000000 G
1D
#27235007
0'
#27240007
1'
0D
0>
0H
0.
14
1+
0?
b1000000000100 (
08
0J
0*
#27245007
0'
#27250007
1'
#27255007
0'
#27260007
1'
#27265007
0'
#27270007
1'
1*
1D
1.
1H
18
#27275007
0'
#27280007
1'
08
0.
0D
0*
0H
0+
#27285007
0'
#27290007
1'
#27295007
0'
#27300007
1'
16
b110000010000000011 3
#27305007
0'
#27310007
1'
1D
04
1>
1.
18
06
1H
b110000010000000011 G
1*
1J
#27315007
0'
#27320007
1'
0J
0.
0D
0*
0H
08
#27325007
0'
#27330007
1'
#27335007
0'
#27340007
1'
b1000000000010 <
1?
#27345007
0'
#27350007
1'
0?
18
1.
1+
0>
14
1*
1D
1H
b1000000000010 (
#27355007
0'
#27360007
1'
08
0+
0.
0H
0D
0*
#27365007
0'
#27370007
1'
#27375007
0'
#27380007
1'
1?
b1000000000000000000000000 3
b1000000000100 <
16
#27385007
0'
#27390007
1'
06
1>
1*
1J
18
04
1D
1H
b1000000000000000000000000 G
1.
#27395007
0'
#27400007
1'
0.
0J
0?
0>
b1000000000100 (
0*
1+
08
0H
14
0D
#27405007
0'
#27410007
1'
#27415007
0'
#27420007
1'
#27425007
0'
#27430007
1'
1D
1*
1.
1H
18
#27435007
0'
#27440007
1'
08
0*
0D
0H
0.
0+
#27445007
0'
#27450007
1'
#27455007
0'
#27460007
1'
16
b1000000001100000010 3
#27465007
0'
#27470007
1'
1*
18
1J
1>
06
1.
b1000000001100000010 G
1H
1D
04
#27475007
0'
#27480007
1'
0J
0*
08
0D
0H
0.
#27485007
0'
#27490007
1'
#27495007
0'
#27500007
1'
1?
b1000000000011 <
#27505007
0'
#27510007
1'
1.
1*
14
1+
b1000000000011 (
0?
1H
0>
1D
18
#27515007
0'
#27520007
1'
08
0+
0*
0.
0D
0H
#27525007
0'
#27530007
1'
#27535007
0'
#27540007
1'
b1000000000100 <
b0 3
1?
16
#27545007
0'
#27550007
1'
06
1*
1H
18
04
1J
1D
1.
1>
b0 G
#27555007
0'
#27560007
1'
14
0*
1+
08
0H
0>
0?
b1000000000100 (
0.
0J
0D
#27565007
0'
#27570007
1'
#27575007
0'
#27580007
1'
#27585007
0'
#27590007
1'
1D
18
1*
1H
1.
#27595007
0'
#27600007
1'
0.
08
0D
0+
0H
0*
#27605007
0'
#27610007
1'
#27615007
0'
#27620007
1'
16
b100000000110000001000000001 3
#27625007
0'
#27630007
1'
1*
1D
04
b100000000110000001000000001 G
18
1.
06
1H
1>
1J
#27635007
0'
#27640007
1'
0J
08
0D
0*
0H
0.
#27645007
0'
#27650007
1'
#27655007
0'
#27660007
1'
b1000000000000 <
1?
#27665007
0'
#27670007
1'
0?
1.
1D
18
14
1*
0>
1H
1+
b1000000000000 (
#27675007
0'
#27680007
1'
08
0.
0D
0+
0H
0*
#27685007
0'
#27690007
1'
#27695007
0'
#27700007
1'
1?
b11000000100000000100000000 3
b1000000000100 <
16
#27705007
0'
#27710007
1'
06
1*
1.
1J
18
b11000000100000000100000000 G
04
1H
1D
1>
#27715007
0'
#27720007
1'
0>
08
b1000000000100 (
0*
0?
0J
0.
0D
0H
1+
14
#27725007
0'
#27730007
1'
#27735007
0'
#27740007
1'
#27745007
0'
#27750007
1'
18
1*
1H
1.
1D
#27755007
0'
#27760007
1'
0D
08
0.
0H
0+
0*
#27765007
0'
#27770007
1'
#27775007
0'
#27780007
1'
16
b100000000110000010100000100 3
#27785007
0'
#27790007
1'
1*
04
1J
1>
1D
06
b100000000110000010100000100 G
1H
18
1.
#27795007
0'
#27800007
1'
0.
0*
0J
08
0D
0H
#27805007
0'
#27810007
1'
#27815007
0'
#27820007
1'
1?
b1000000000001 <
#27825007
0'
#27830007
1'
1*
b1000000000001 (
0>
14
1H
1.
0?
1D
1+
18
#27835007
0'
#27840007
1'
08
0H
0*
0+
0.
0D
#27845007
0'
#27850007
1'
#27855007
0'
#27860007
1'
b1000000000100 <
b10000000010000000000000000 3
1?
16
#27865007
0'
#27870007
1'
06
1H
1D
18
04
1>
1.
1*
1J
b10000000010000000000000000 G
#27875007
0'
#27880007
1'
14
0H
b1000000000100 (
08
0D
0J
0.
0?
0>
0*
1+
#27885007
0'
#27890007
1'
#27895007
0'
#27900007
1'
#27905007
0'
#27910007
1'
18
1H
1*
1.
1D
#27915007
0'
#27920007
1'
0D
0+
08
0.
0*
0H
#27925007
0'
#27930007
1'
#27935007
0'
#27940007
1'
16
b100000001010000010000000011 3
#27945007
0'
#27950007
1'
1H
04
b100000001010000010000000011 G
1D
06
1.
18
1J
1*
1>
#27955007
0'
#27960007
1'
0H
0*
0.
0D
0J
08
#27965007
0'
#27970007
1'
#27975007
0'
#27980007
1'
b1000000000010 <
1?
#27985007
0'
#27990007
1'
0?
18
0>
1+
14
b1000000000010 (
1*
1H
1D
1.
#27995007
0'
#28000007
1'
0.
08
0+
0D
0H
0*
#28005007
0'
#28010007
1'
#28015007
0'
#28020007
1'
1?
b1000000000000000000000000 3
b1000000000100 <
16
#28025007
0'
#28030007
1'
06
04
1*
18
b1000000000000000000000000 G
1.
1>
1H
1D
1J
#28035007
0'
#28040007
1'
0J
0.
0?
0*
14
08
0D
b1000000000100 (
0H
0>
1+
#28045007
0'
#28050007
1'
#28055007
0'
#28060007
1'
#28065007
0'
#28070007
1'
1.
1*
18
1H
1D
#28075007
0'
#28080007
1'
0D
0+
0.
0H
08
0*
#28085007
0'
#28090007
1'
#28095007
0'
#28100007
1'
16
b101000001000000001100000010 3
#28105007
0'
#28110007
1'
1*
04
1J
1D
b101000001000000001100000010 G
06
18
1>
1H
1.
#28115007
0'
#28120007
1'
0.
0D
0*
0J
0H
08
#28125007
0'
#28130007
1'
#28135007
0'
#28140007
1'
1?
b1000000000011 <
#28145007
0'
#28150007
1'
18
1*
1.
1+
1D
14
0?
1H
0>
b1000000000011 (
#28155007
0'
#28160007
1'
0D
0*
08
0+
0.
0H
#28165007
0'
#28170007
1'
#28175007
0'
#28180007
1'
b1000000000100 <
b0 3
16
1?
#28185007
0'
#28190007
1'
1H
1D
18
1*
06
1.
04
b0 G
1J
1>
#28195007
0'
#28200007
1'
0>
08
1+
0?
b1000000000100 (
0D
0H
0J
0.
0*
14
#28205007
0'
#28210007
1'
#28215007
0'
#28220007
1'
b1000000001000 <
1?
#28225007
0'
#28230007
1'
1D
18
1*
1H
1.
#28235007
0'
#28240007
1'
0.
0D
0+
0H
08
0*
#28245007
0'
#28250007
1'
#28255007
0'
#28260007
1'
16
b100000000110000001000000001 3
#28265007
0'
#28270007
1'
1*
1D
1.
04
1>
18
1J
06
1H
b100000000110000001000000001 G
#28275007
0'
#28280007
1'
14
0.
0D
0*
0?
b1000000001000 (
0H
0>
1+
08
0J
#28285007
0'
#28290007
1'
#28295007
0'
#28300007
1'
#28305007
0'
#28310007
1'
1D
1.
1*
18
1H
#28315007
0'
#28320007
1'
0H
0.
0D
08
0*
0+
#28325007
0'
#28330007
1'
#28335007
0'
#28340007
1'
b101 3
16
#28345007
0'
#28350007
1'
1.
b101 G
1J
04
1H
06
1*
1D
18
1>
#28355007
0'
#28360007
1'
0.
0J
08
0H
0D
0*
#28365007
0'
#28370007
1'
#28375007
0'
#28380007
1'
1?
b1000000000000 <
#28385007
0'
#28390007
1'
1*
1+
0>
14
0?
1.
1D
b1000000000000 (
1H
18
#28395007
0'
#28400007
1'
08
0+
0*
0H
0.
0D
#28405007
0'
#28410007
1'
#28415007
0'
#28420007
1'
b1000000000100 <
1?
16
b11000000100000000100000000 3
#28425007
0'
#28430007
1'
1D
18
b11000000100000000100000000 G
04
1>
06
1.
1*
1J
1H
#28435007
0'
#28440007
1'
0H
14
1+
0D
08
0J
0.
0>
0*
0?
b1000000000100 (
#28445007
0'
#28450007
1'
#28455007
0'
#28460007
1'
#28465007
0'
#28470007
1'
1D
1H
18
1*
1.
#28475007
0'
#28480007
1'
0.
0D
0+
0*
08
0H
#28485007
0'
#28490007
1'
#28495007
0'
#28500007
1'
b100000001100000010100000100 3
16
#28505007
0'
#28510007
1'
06
1H
04
1D
1.
b100000001100000010100000100 G
18
1J
1*
1>
#28515007
0'
#28520007
1'
0.
0H
0D
0*
0J
08
#28525007
0'
#28530007
1'
#28535007
0'
#28540007
1'
b1000000000001 <
1?
#28545007
0'
#28550007
1'
0?
18
0>
1H
b1000000000001 (
1.
14
1*
1+
1D
#28555007
0'
#28560007
1'
0D
0.
08
0H
0+
0*
#28565007
0'
#28570007
1'
#28575007
0'
#28580007
1'
1?
16
b10000000010000000000000000 3
b1000000000100 <
#28585007
0'
#28590007
1'
1>
1*
18
1D
1.
1J
b10000000010000000000000000 G
06
1H
04
#28595007
0'
#28600007
1'
14
0D
0?
0*
0>
08
b1000000000100 (
0H
0.
1+
0J
#28605007
0'
#28610007
1'
#28615007
0'
#28620007
1'
#28625007
0'
#28630007
1'
18
1D
1*
1H
1.
#28635007
0'
#28640007
1'
0.
0D
08
0H
0+
0*
#28645007
0'
#28650007
1'
#28655007
0'
#28660007
1'
b110000001010000010000000011 3
16
#28665007
0'
#28670007
1'
1*
1D
1J
04
1.
1>
06
18
1H
b110000001010000010000000011 G
#28675007
0'
#28680007
1'
0.
0D
0*
0J
0H
08
#28685007
0'
#28690007
1'
#28695007
0'
#28700007
1'
1?
b1000000000010 <
#28705007
0'
#28710007
1'
0?
1*
18
1.
1D
14
1H
0>
b1000000000010 (
1+
#28715007
0'
#28720007
1'
0+
0D
0*
0.
08
0H
#28725007
0'
#28730007
1'
#28735007
0'
#28740007
1'
b1000000000100 <
1?
b1000000000000000000000000 3
16
#28745007
0'
#28750007
1'
06
1.
1H
b1000000000000000000000000 G
1*
1D
04
1>
1J
18
#28755007
0'
#28760007
1'
08
0*
0.
1+
0H
0J
0D
b1000000000100 (
0>
0?
14
#28765007
0'
#28770007
1'
#28775007
0'
#28780007
1'
b1000000001000 <
1?
#28785007
0'
#28790007
1'
1*
18
1.
1H
1D
#28795007
0'
#28800007
1'
0D
08
0+
0*
0H
0.
#28805007
0'
#28810007
1'
#28815007
0'
#28820007
1'
16
b101000001000000001100000010 3
#28825007
0'
#28830007
1'
1.
1D
04
18
b101000001000000001100000010 G
06
1H
1J
1*
1>
#28835007
0'
#28840007
1'
0>
08
0.
1+
0?
14
0D
0*
0J
0H
b1000000001000 (
#28845007
0'
#28850007
1'
#28855007
0'
#28860007
1'
#28865007
0'
#28870007
1'
1.
18
1H
1D
1*
#28875007
0'
#28880007
1'
0*
0.
0+
0D
0H
08
#28885007
0'
#28890007
1'
#28895007
0'
#28900007
1'
b110 3
16
#28905007
0'
#28910007
1'
06
18
1.
04
1>
1*
1H
b110 G
1D
1J
#28915007
0'
#28920007
1'
0J
0.
08
0D
0*
0H
#28925007
0'
#28930007
1'
#28935007
0'
#28940007
1'
1?
b1000000000011 <
#28945007
0'
#28950007
1'
1.
0>
b1000000000011 (
1H
14
0?
1*
18
1D
1+
#28955007
0'
#28960007
1'
0+
0H
0.
0D
08
0*
#28965007
0'
#28970007
1'
#28975007
0'
#28980007
1'
b1000000000100 <
16
1?
b0 3
#28985007
0'
#28990007
1'
1H
1*
1J
1>
06
18
04
1D
b0 G
1.
#28995007
0'
#29000007
1'
0.
0J
0H
1+
0*
b1000000000100 (
0?
0>
0D
08
14
#29005007
0'
#29010007
1'
#29015007
0'
#29020007
1'
b1000000001000 <
1?
#29025007
0'
#29030007
1'
1*
1.
1H
18
1D
#29035007
0'
#29040007
1'
0D
0.
0*
0+
08
0H
#29045007
0'
#29050007
1'
#29055007
0'
#29060007
1'
b100000000110000001000000001 3
16
#29065007
0'
#29070007
1'
06
1H
04
1*
1J
1.
1D
18
b100000000110000001000000001 G
1>
#29075007
0'
#29080007
1'
0>
0.
14
0H
0?
0J
0*
0D
b1000000001000 (
08
1+
#29085007
0'
#29090007
1'
#29095007
0'
#29100007
1'
#29105007
0'
#29110007
1'
1.
1H
18
1*
1D
#29115007
0'
#29120007
1'
0D
0+
0.
0*
0H
08
#29125007
0'
#29130007
1'
#29135007
0'
#29140007
1'
16
b11000000101 3
#29145007
0'
#29150007
1'
18
04
1J
1>
1D
06
1H
b11000000101 G
1.
1*
#29155007
0'
#29160007
1'
0*
08
0J
0.
0H
0D
#29165007
0'
#29170007
1'
#29175007
0'
#29180007
1'
#29180008
bx 3
bx =
bx 5
bx <
#29185008
0'
#29190008
1'
1D
18
1*
1H
1.
#29195008
0'
#29200008
1'
0.
08
1;
0D
0H
0*
#29205008
0'
#29210008
1'
0>
0B
#29215008
0'
#29220008
1'
0;
#29225008
0'
#29230008
1'
1B
1.
1*
18
1>
1D
1H
#29235008
0'
#29240008
1'
#29245008
0'
#29250008
1'
1N
b1111 M
1C
b11000000100000000100000000 K
b11110010100000 @
b10 A
#29255008
0'
#29260008
1'
1/
0B
1L
b11110010100000 ,
b11110010100100 @
#29265008
0'
#29270008
1'
0L
b111000001100000010100000100 K
b11000000100000000100000000 7
10
0/
b1111 9
1:
#29275008
0'
#29280008
1'
0:
#29285008
0'
#29290008
1'
12
b0 1
#29295008
0'
#29300008
1'
00
02
1B
1F
#29305008
0'
#29310008
1'
0F
b11110010101000 @
1L
0B
1/
b11110010100100 ,
#29315008
0'
#29320008
1'
b100100001000 K
1:
10
b111000001100000010100000100 7
b11 M
0/
0L
#29325008
0'
#29330008
1'
0:
#29335008
0'
#29340008
1'
12
#29345008
0'
#29350008
1'
02
1F
00
1B
#29355008
0'
#29360008
1'
0B
0F
b1011000111101011 @
b11110010101000 ,
1L
1/
#29365008
0'
#29370008
1'
0/
b100100001000 7
1:
b0 K
0L
10
b1000 M
b11 9
#29375008
0'
#29380008
1'
0:
#29385008
0'
#29390008
1'
12
#29395008
0'
#29400008
1'
02
1F
1B
00
#29405008
0'
#29410008
1'
0F
b1011000111101011 ,
1/
b1011000111101100 @
0B
1L
#29415008
0'
#29420008
1'
0L
0/
b1000 9
10
b0 7
1:
b100000000110000001000000001 K
b1111 M
#29425008
0'
#29430008
1'
0:
#29435008
0'
#29440008
1'
12
#29445008
0'
#29450008
1'
02
00
1F
1B
#29455008
0'
#29460008
1'
0B
1/
b11110010100000 <
1L
b1011000111101100 ,
1?
0F
b111100100101110 @
b10 =
#29465008
0'
#29470008
1'
0/
b1100 M
1+
14
b100000000110000001000000001 7
0L
b11110010100100 <
10
b1111 9
1:
b1000000000000000000000000 K
0>
b11110010100000 (
#29475008
0'
#29480008
1'
0+
0:
#29485008
0'
#29490008
1'
b11000000100000000100000000 3
12
b0 5
16
#29495008
0'
#29500008
1'
06
00
1B
04
02
1J
1>
1F
b11000000100000000100000000 G
#29505008
0'
#29510008
1'
0B
b111100100101110 ,
b11110010100100 (
1/
b11110010101000 <
1L
0F
14
b111100100110000 @
1+
0>
0J
#29515008
0'
#29520008
1'
b1111 M
0/
10
b1000000000000000000000000 7
1:
0L
0+
b101000001000000001100000010 K
b1100 9
#29525008
0'
#29530008
1'
16
b111000001100000010100000100 3
0:
#29535008
0'
#29540008
1'
b111000001100000010100000100 G
1J
06
1>
04
12
#29545008
0'
#29550008
1'
02
0J
1B
00
b11110010101000 (
14
1F
0?
0>
1+
#29555008
0'
#29560008
1'
0+
b111100100110000 ,
0B
1/
b111100100110100 @
0F
1L
#29565008
0'
#29570008
1'
0L
b1111 9
10
1:
b101000001000000001100000010 7
b100100001000 3
16
b1001000010000000011100000110 K
0/
#29575008
0'
#29580008
1'
0:
b100100001000 G
1J
04
06
1>
#29585008
0'
#29590008
1'
12
0J
#29595008
0'
#29600008
1'
1B
00
02
1F
#29605008
0'
#29610008
1'
0F
1/
b1011000111101011 <
1L
0B
b111100100110100 ,
b111100100111000 @
1?
#29615008
0'
#29620008
1'
0>
0/
0L
b1011000111101100 <
1:
1+
10
b1001000010000000011100000110 7
b1101000011000000101100001010 K
b1011000111101011 (
14
#29625008
0'
#29630008
1'
0:
0+
#29635008
0'
#29640008
1'
12
16
b0 3
#29645008
0'
#29650008
1'
04
1B
1J
1F
1>
b0 G
00
06
02
#29655008
0'
#29660008
1'
0>
1+
0B
0?
14
0F
0J
1L
1/
b111100100111100 @
b1011000111101100 (
b111100100111000 ,
#29665008
0'
#29670008
1'
0L
0+
0/
b1101000011000000101100001010 7
1:
b10001000100000000111100001110 K
10
#29675008
0'
#29680008
1'
b100000000110000001000000001 3
16
0:
#29685008
0'
#29690008
1'
12
1>
1J
04
06
b100000000110000001000000001 G
#29695008
0'
#29700008
1'
0J
00
1B
02
1F
#29705008
0'
#29710008
1'
0F
1L
b111100100111100 ,
0B
1/
b111100101000000 @
#29715008
0'
#29720008
1'
0L
10
0/
1:
b10101000101000001001100010010 K
b10001000100000000111100001110 7
#29725008
0'
#29730008
1'
0:
#29735008
0'
#29740008
1'
12
#29745008
0'
#29750008
1'
02
1F
00
1B
#29755008
0'
#29760008
1'
0B
b111100101000000 ,
1L
b111100101000100 @
1/
0F
#29765008
0'
#29770008
1'
0L
b10101000101000001001100010010 7
b1 M
0/
10
1:
b10110 K
#29775008
0'
#29780008
1'
0:
#29785008
0'
#29790008
1'
12
#29795008
0'
#29800008
1'
02
1F
1B
00
#29805008
0'
#29810008
1'
0F
b111100101000100 ,
1L
0B
1/
b1010101011011101 @
#29815008
0'
#29820008
1'
10
b10110 7
b10000000010000000000000000 K
b1 9
0/
0L
b1110 M
1:
#29825008
0'
#29830008
1'
0:
#29835008
0'
#29840008
1'
12
#29845008
0'
#29850008
1'
02
00
1F
1B
#29855008
0'
#29860008
1'
0B
b1010101011100000 @
b1010101011011101 ,
0F
1/
1L
#29865008
0'
#29870008
1'
0L
10
b110000001010000010000000011 K
b10000000010000000000000000 7
1:
0/
b1110 9
b1111 M
#29875008
0'
#29880008
1'
0:
#29885008
0'
#29890008
1'
12
1?
b111100100101110 <
#29895008
0'
#29900008
1'
b111100100110000 <
00
02
1B
0>
1+
b111100100101110 (
14
1F
#29905008
0'
#29910008
1'
0F
0B
b1010101011100100 @
1L
b1010101011100000 ,
1/
0+
#29915008
0'
#29920008
1'
b110000001010000010000000011 7
b1010000010010000100000000111 K
10
0/
b1111 9
1:
16
0L
b1000000000000000000000000 3
#29925008
0'
#29930008
1'
b1000000000000000000000000 G
1J
04
1>
06
0:
#29935008
0'
#29940008
1'
1+
12
b111100100110100 <
0J
0>
b111100100110000 (
14
#29945008
0'
#29950008
1'
1B
1F
02
0+
00
#29955008
0'
#29960008
1'
b1010101011101000 @
b101000001000000001100000010 3
0F
0B
1/
16
1L
b1010101011100100 ,
#29965008
0'
#29970008
1'
1:
10
04
b101000001000000001100000010 G
b1110000011010000110000001011 K
b1010000010010000100000000111 7
0L
0/
06
1>
1J
#29975008
0'
#29980008
1'
0J
0:
14
0>
b111100100110100 (
1+
b111100100111000 <
#29985008
0'
#29990008
1'
12
0+
#29995008
0'
#30000008
1'
1F
00
b1001000010000000011100000110 3
02
1B
16
#30005008
0'
#30010008
1'
06
b1010101011101000 ,
0F
1J
b1001000010000000011100000110 G
b1010101011101100 @
0B
1>
04
1L
1/
#30015008
0'
#30020008
1'
0/
b111100100111100 <
10
1+
1:
b10010000100010001000000001111 K
0J
0L
b1110000011010000110000001011 7
14
b111100100111000 (
0>
#30025008
0'
#30030008
1'
0+
0:
#30035008
0'
#30040008
1'
16
b1101000011000000101100001010 3
12
#30045008
0'
#30050008
1'
02
1>
b1101000011000000101100001010 G
00
1F
1B
1J
06
04
#30055008
0'
#30060008
1'
14
0>
1/
b111100101000000 <
1+
b1010101011101100 ,
0F
b111100100111100 (
b1010101011110000 @
0J
0B
1L
#30065008
0'
#30070008
1'
0L
0+
10
b10011 K
b1 M
0/
1:
b10010000100010001000000001111 7
#30075008
0'
#30080008
1'
0:
16
b10001000100000000111100001110 3
#30085008
0'
#30090008
1'
1>
12
04
b10001000100000000111100001110 G
06
1J
#30095008
0'
#30100008
1'
0J
14
1+
0>
02
b111100101000100 <
00
1F
b111100101000000 (
1B
#30105008
0'
#30110008
1'
0B
1/
1L
0+
b1010101011110000 ,
0F
b110010101001000 @
#30115008
0'
#30120008
1'
0L
b10011 7
0/
b1111 M
b11000000100000000100000000 K
b10101000101000001001100010010 3
16
1:
10
b1 9
#30125008
0'
#30130008
1'
04
1J
1>
0:
b10101000101000001001100010010 G
06
#30135008
0'
#30140008
1'
0J
14
12
0?
b111100101000100 (
1+
0>
#30145008
0'
#30150008
1'
1B
02
0+
1F
00
#30155008
0'
#30160008
1'
16
b110010101001100 @
0B
1L
1/
0F
b10110 3
b110010101001000 ,
#30165008
0'
#30170008
1'
0L
10
1>
b1111 9
06
04
1J
b11000000100000000100000000 7
0/
b10110 G
b111000001100000010100000100 K
1:
#30175008
0'
#30180008
1'
0:
0J
#30185008
0'
#30190008
1'
12
#30195008
0'
#30200008
1'
00
1B
02
1F
#30205008
0'
#30210008
1'
0F
b110010101001100 ,
1L
b110010101010000 @
1/
0B
#30215008
0'
#30220008
1'
0L
1:
10
0/
b1011000010100000100100001000 K
b111000001100000010100000100 7
#30225008
0'
#30230008
1'
0:
#30235008
0'
#30240008
1'
12
#30245008
0'
#30250008
1'
1B
1F
b1010101011011101 <
02
00
1?
#30255008
0'
#30260008
1'
0F
0B
1L
14
0>
b110010101010000 ,
b1010101011100000 <
1/
b1010101011011101 (
b110010101010100 @
1+
#30265008
0'
#30270008
1'
0+
1:
b1011000010100000100100001000 7
0L
10
b1111000011100000110100001100 K
0/
#30275008
0'
#30280008
1'
0:
16
b10000000010000000000000000 3
#30285008
0'
#30290008
1'
1>
1J
04
06
12
b10000000010000000000000000 G
#30295008
0'
#30300008
1'
0J
1+
0>
1B
1F
02
14
00
b1010101011100000 (
b1010101011100100 <
#30305008
0'
#30310008
1'
0B
0+
1/
b110010101010100 ,
1L
b110010101011000 @
0F
#30315008
0'
#30320008
1'
b1 M
b110000001010000010000000011 3
b1111000011100000110100001100 7
1:
b10000 K
0/
0L
10
16
#30325008
0'
#30330008
1'
06
b110000001010000010000000011 G
1>
1J
0:
04
#30335008
0'
#30340008
1'
14
0>
b1010101011101000 <
1+
b1010101011100100 (
0J
12
#30345008
0'
#30350008
1'
02
1F
1B
00
0+
#30355008
0'
#30360008
1'
0F
16
b1010000010010000100000000111 3
b110010101011000 ,
b1110101000101100 @
0B
1/
1L
#30365008
0'
#30370008
1'
0L
04
b1111 M
b10000 7
06
b1 9
1>
b1010000010010000100000000111 G
0/
1J
10
1:
b11000000100000000100000000 K
#30375008
0'
#30380008
1'
0>
1+
14
b1010101011101100 <
0:
0J
b1010101011101000 (
#30385008
0'
#30390008
1'
0+
12
#30395008
0'
#30400008
1'
02
1F
16
b1110000011010000110000001011 3
1B
00
#30405008
0'
#30410008
1'
04
1>
1L
0F
0B
1J
1/
b1110000011010000110000001011 G
b1110101000101100 ,
06
b1110101000110000 @
#30415008
0'
#30420008
1'
0L
b111000001100000010100000100 K
14
b1010101011101100 (
10
0>
1+
b1111 9
b11000000100000000100000000 7
0J
b1010101011110000 <
1:
0/
#30425008
0'
#30430008
1'
0+
0:
#30435008
0'
#30440008
1'
12
16
b10010000100010001000000001111 3
#30445008
0'
#30450008
1'
04
00
1>
06
1B
1F
02
1J
b10010000100010001000000001111 G
#30455008
0'
#30460008
1'
b1110101000110100 @
1L
b1010101011110000 (
14
1/
0J
0>
1+
b110010101001000 <
b1110101000110000 ,
0F
0B
#30465008
0'
#30470008
1'
b1000 K
10
1:
b1 M
0L
b111000001100000010100000100 7
0/
0+
#30475008
0'
#30480008
1'
b10011 3
0:
16
#30485008
0'
#30490008
1'
06
04
b10011 G
1J
1>
12
#30495008
0'
#30500008
1'
02
14
1B
1+
b110010101001000 (
00
0>
1F
0J
b110010101001100 <
#30505008
0'
#30510008
1'
0+
0B
b1100111111111 @
1/
1L
0F
b1110101000110100 ,
#30515008
0'
#30520008
1'
16
b1 9
b11000000100000000100000000 3
b1000 M
b0 K
10
1:
0L
b1000 7
0/
#30525008
0'
#30530008
1'
04
06
1J
b11000000100000000100000000 G
0:
1>
#30535008
0'
#30540008
1'
0>
12
b110010101001100 (
14
1+
b110010101010000 <
0J
#30545008
0'
#30550008
1'
0+
1B
02
1F
00
#30555008
0'
#30560008
1'
b1100111111111 ,
1/
0B
b111000001100000010100000100 3
0F
b1101000000000 @
1L
16
#30565008
0'
#30570008
1'
06
b1111 M
10
1>
1J
0/
04
b1000 9
0L
b0 7
b100000000110000001000000001 K
1:
b111000001100000010100000100 G
#30575008
0'
#30580008
1'
14
0J
0>
1+
b110010101010000 (
0:
b110010101010100 <
#30585008
0'
#30590008
1'
0+
12
#30595008
0'
#30600008
1'
02
1B
00
16
b1011000010100000100100001000 3
1F
#30605008
0'
#30610008
1'
0F
b1011000010100000100100001000 G
0B
1>
1/
b1101000000000 ,
1J
04
1L
06
b1101000000100 @
#30615008
0'
#30620008
1'
0J
10
b110010101011000 <
0/
0>
1+
b110010101010100 (
b1111 9
0L
14
b1000000001110000011000000101 K
1:
b100000000110000001000000001 7
#30625008
0'
#30630008
1'
0:
0+
#30635008
0'
#30640008
1'
12
b1111000011100000110100001100 3
16
#30645008
0'
#30650008
1'
06
1F
1B
b1111000011100000110100001100 G
00
1J
02
1>
04
#30655008
0'
#30660008
1'
14
b1101000001000 @
1/
b1110101000101100 <
b1101000000100 ,
0B
0F
0>
0J
1+
b110010101011000 (
1L
#30665008
0'
#30670008
1'
0L
10
b111 M
b1000000001110000011000000101 7
0/
1:
0+
b10110000101000001001 K
#30675008
0'
#30680008
1'
16
b10000 3
0:
#30685008
0'
#30690008
1'
04
b10000 G
1>
06
12
1J
#30695008
0'
#30700008
1'
0J
1B
00
14
b1110101000110000 <
02
1+
b1110101000101100 (
1F
0>
#30705008
0'
#30710008
1'
1L
b10100001110001 @
0B
b1101000001000 ,
0F
0+
1/
#30715008
0'
#30720008
1'
0/
1:
b10110000101000001001 7
10
b10000000010000000000000000 K
b1110 M
0L
b11000000100000000100000000 3
b111 9
16
#30725008
0'
#30730008
1'
06
1>
04
1J
0:
b11000000100000000100000000 G
#30735008
0'
#30740008
1'
0J
0>
14
1+
12
b1110101000110100 <
b1110101000110000 (
#30745008
0'
#30750008
1'
1B
00
0+
02
1F
#30755008
0'
#30760008
1'
0F
1/
16
0B
b10100001110100 @
b10100001110001 ,
b111000001100000010100000100 3
1L
#30765008
0'
#30770008
1'
0L
b1111 M
b111000001100000010100000100 G
1>
06
1J
b110000001010000010000000011 K
b10000000010000000000000000 7
0/
04
1:
10
b1110 9
#30775008
0'
#30780008
1'
0?
0>
0J
b1110101000110100 (
0:
1+
14
#30785008
0'
#30790008
1'
0+
12
#30795008
0'
#30800008
1'
1B
1F
16
02
b1000 3
00
#30805008
0'
#30810008
1'
0F
04
1L
0B
1J
b1000 G
1>
06
1/
b10100001110100 ,
b10100001111000 @
#30815008
0'
#30820008
1'
b1111 9
b110000001010000010000000011 7
10
0J
0L
b1010000010010000100000000111 K
1?
b1100111111111 <
0/
1:
#30825008
0'
#30830008
1'
0:
14
0>
1+
b1101000000000 <
b1100111111111 (
#30835008
0'
#30840008
1'
0+
12
#30845008
0'
#30850008
1'
1F
00
1B
02
b0 3
16
#30855008
0'
#30860008
1'
06
b0 G
b10100001111100 @
1L
0F
1J
0B
b10100001111000 ,
04
1/
1>
#30865008
0'
#30870008
1'
0>
b1101000000000 (
b1110000011010000110000001011 K
0L
10
1:
b1010000010010000100000000111 7
0/
0J
14
b1101000000100 <
1+
#30875008
0'
#30880008
1'
0+
0:
#30885008
0'
#30890008
1'
16
b100000000110000001000000001 3
12
#30895008
0'
#30900008
1'
02
1F
1>
00
b100000000110000001000000001 G
1B
06
04
1J
#30905008
0'
#30910008
1'
0J
1+
0>
1L
b1101000000100 (
0F
b10100010000000 @
14
b1101000001000 <
b10100001111100 ,
1/
0B
#30915008
0'
#30920008
1'
1:
10
b111 M
0+
b100010001000000001111 K
0L
0/
b1110000011010000110000001011 7
#30925008
0'
#30930008
1'
0:
b1000000001110000011000000101 3
16
#30935008
0'
#30940008
1'
06
12
1J
1>
04
b1000000001110000011000000101 G
#30945008
0'
#30950008
1'
0J
1F
1B
02
1+
00
b1101000001000 (
14
0>
0?
#30955008
0'
#30960008
1'
0+
0B
0F
1/
1L
b1101100010010011 @
b10100010000000 ,
#30965008
0'
#30970008
1'
10
b100010001000000001111 7
b111 9
b0 K
16
b1000 M
0/
b10110000101000001001 3
0L
1:
#30975008
0'
#30980008
1'
0:
06
b10110000101000001001 G
1J
1>
04
#30985008
0'
#30990008
1'
12
0J
#30995008
0'
#31000008
1'
00
1B
02
1F
#31005008
0'
#31010008
1'
0F
b1101100010010011 ,
0B
b1101100010010100 @
1L
1/
#31015008
0'
#31020008
1'
0/
b0 7
1:
10
b110000001000000001 K
b1000 9
0L
b111 M
#31025008
0'
#31030008
1'
0:
#31035008
0'
#31040008
1'
12
#31045008
0'
#31050008
1'
1F
00
02
1B
#31055008
0'
#31060008
1'
0B
1/
0F
1L
b1101100010010100 ,
b1001010000110010 @
#31065008
0'
#31070008
1'
0/
1:
b1000000000000000000000000 K
b110000001000000001 7
b1100 M
b111 9
10
0L
#31075008
0'
#31080008
1'
1?
0:
b10100001110001 <
#31085008
0'
#31090008
1'
b10100001110100 <
1+
14
12
b10100001110001 (
0>
#31095008
0'
#31100008
1'
0+
1B
1F
02
00
#31105008
0'
#31110008
1'
16
1/
b1001010000110100 @
1L
b1001010000110010 ,
0F
0B
b10000000010000000000000000 3
#31115008
0'
#31120008
1'
b1000000000000000000000000 7
06
1J
b10000000010000000000000000 G
10
0/
1>
b101000001000000001100000010 K
1:
b1111 M
0L
04
b1100 9
#31125008
0'
#31130008
1'
0>
0J
1+
b10100001111000 <
14
b10100001110100 (
0:
#31135008
0'
#31140008
1'
0+
12
#31145008
0'
#31150008
1'
02
16
b110000001010000010000000011 3
00
1B
1F
#31155008
0'
#31160008
1'
0F
b1001010000111000 @
06
1J
b110000001010000010000000011 G
1>
1/
0B
04
b1001010000110100 ,
1L
#31165008
0'
#31170008
1'
0L
0>
1:
b1111 9
b101000001000000001100000010 7
0J
1+
b10100001111100 <
b10100001111000 (
b1001000010000000011100000110 K
14
0/
10
#31175008
0'
#31180008
1'
0:
0+
#31185008
0'
#31190008
1'
b1010000010010000100000000111 3
12
16
#31195008
0'
#31200008
1'
06
02
00
1>
1F
b1010000010010000100000000111 G
1J
04
1B
#31205008
0'
#31210008
1'
0B
0F
1+
1L
0>
b1001010000111100 @
14
b1001010000111000 ,
1/
b10100010000000 <
0J
b10100001111100 (
#31215008
0'
#31220008
1'
b1001000010000000011100000110 7
0L
0+
10
1:
0/
b1010 K
b1 M
#31225008
0'
#31230008
1'
16
b1110000011010000110000001011 3
0:
#31235008
0'
#31240008
1'
12
1>
06
1J
04
b1110000011010000110000001011 G
#31245008
0'
#31250008
1'
0>
b10100010000000 (
1F
1B
02
1+
14
0J
00
b1101100010010011 <
#31255008
0'
#31260008
1'
0B
0F
1L
b1001010000111100 ,
b1100010011110000 @
0+
1/
#31265008
0'
#31270008
1'
0/
b1111 M
1:
b1010 7
b1 9
0L
16
10
b100010001000000001111 3
b11000000100000000100000000 K
#31275008
0'
#31280008
1'
b100010001000000001111 G
1>
0:
06
1J
04
#31285008
0'
#31290008
1'
14
0>
12
b1101100010010011 (
b1101100010010100 <
0J
1+
#31295008
0'
#31300008
1'
0+
02
1B
1F
00
#31305008
0'
#31310008
1'
1/
0B
0F
b0 3
1L
16
b1100010011110100 @
b1100010011110000 ,
#31315008
0'
#31320008
1'
10
1>
04
b111000001100000010100000100 K
b11000000100000000100000000 7
0/
b0 G
b1111 9
06
1J
1:
0L
#31325008
0'
#31330008
1'
14
0>
b1101100010010100 (
0?
1+
0:
0J
#31335008
0'
#31340008
1'
12
0+
#31345008
0'
#31350008
1'
00
02
1F
1B
16
b110000001000000001 3
#31355008
0'
#31360008
1'
b1100010011110100 ,
1L
1/
04
1J
1>
06
b1100010011111000 @
0B
b110000001000000001 G
0F
#31365008
0'
#31370008
1'
0J
0L
b111000001100000010100000100 7
b1011000010100000100100001000 K
0/
10
1:
#31375008
0'
#31380008
1'
0:
#31385008
0'
#31390008
1'
12
#31395008
0'
#31400008
1'
1F
02
00
1B
#31405008
0'
#31410008
1'
0B
1?
b1100010011111000 ,
1L
0F
b1001010000110010 <
1/
b1100010011111100 @
#31415008
0'
#31420008
1'
1+
b1111000011100000110100001100 K
1:
14
b1001010000110010 (
b1011000010100000100100001000 7
0/
0L
10
0>
b1001010000110100 <
#31425008
0'
#31430008
1'
0+
0:
#31435008
0'
#31440008
1'
b1000000000000000000000000 3
16
12
#31445008
0'
#31450008
1'
02
1B
1J
04
06
b1000000000000000000000000 G
00
1>
1F
#31455008
0'
#31460008
1'
0F
0J
b1100010011111100 ,
b1001010000111000 <
b1001010000110100 (
b1100010100000000 @
0B
1+
0>
14
1L
1/
#31465008
0'
#31470008
1'
0/
1:
b10011000100100001000100010000 K
0L
b1111000011100000110100001100 7
0+
10
#31475008
0'
#31480008
1'
0:
b101000001000000001100000010 3
16
#31485008
0'
#31490008
1'
06
1J
12
04
1>
b101000001000000001100000010 G
#31495008
0'
#31500008
1'
0J
b1001010000111100 <
00
1F
1B
b1001010000111000 (
0>
02
14
1+
#31505008
0'
#31510008
1'
0+
0B
b1100010100000000 ,
0F
b1100010100000100 @
1/
1L
#31515008
0'
#31520008
1'
0L
10
16
0/
b1001000010000000011100000110 3
b10111000101100001010100010100 K
b10011000100100001000100010000 7
1:
#31525008
0'
#31530008
1'
0:
b1001000010000000011100000110 G
1J
06
04
1>
#31535008
0'
#31540008
1'
0>
1+
0?
14
0J
b1001010000111100 (
12
#31545008
0'
#31550008
1'
02
0+
00
1F
1B
#31555008
0'
#31560008
1'
0B
0F
b100101001001001 @
1L
b1100010100000100 ,
1/
16
b1010 3
#31565008
0'
#31570008
1'
0L
1:
b1010 G
10
1>
b1110 M
06
04
b10111000101100001010100010100 7
0/
1J
b10000000010000000000000000 K
#31575008
0'
#31580008
1'
0:
0J
#31585008
0'
#31590008
1'
12
#31595008
0'
#31600008
1'
02
1B
00
1F
#31605008
0'
#31610008
1'
0F
1L
0B
b100101001001100 @
1/
b100101001001001 ,
#31615008
0'
#31620008
1'
10
0L
b110000001010000010000000011 K
0/
b1111 M
b1110 9
1:
b10000000010000000000000000 7
#31625008
0'
#31630008
1'
b1100010011110000 <
0:
1?
#31635008
0'
#31640008
1'
0>
1+
12
b1100010011110100 <
b1100010011110000 (
14
#31645008
0'
#31650008
1'
1B
0+
00
1F
02
#31655008
0'
#31660008
1'
b100101001001100 ,
b11000000100000000100000000 3
0B
1L
0F
16
b100101001010000 @
1/
#31665008
0'
#31670008
1'
0/
b110000001010000010000000011 7
1J
04
10
1>
b11000000100000000100000000 G
0L
b100000000111 K
1:
06
b1111 9
b11 M
#31675008
0'
#31680008
1'
0>
1+
14
0J
b1100010011110100 (
b1100010011111000 <
0:
#31685008
0'
#31690008
1'
12
0+
#31695008
0'
#31700008
1'
1B
02
00
b111000001100000010100000100 3
16
1F
#31705008
0'
#31710008
1'
0F
1/
0B
b100101001010000 ,
04
1>
06
b101111101010100 @
1L
b111000001100000010100000100 G
1J
#31715008
0'
#31720008
1'
0J
14
1:
1+
b100000000111 7
b1111 M
10
0/
b11 9
0>
0L
b1100010011111000 (
b11000000100000000100000000 K
b1100010011111100 <
#31725008
0'
#31730008
1'
0+
0:
#31735008
0'
#31740008
1'
12
16
b1011000010100000100100001000 3
#31745008
0'
#31750008
1'
00
1J
04
1F
1B
06
b1011000010100000100100001000 G
02
1>
#31755008
0'
#31760008
1'
0>
0F
1+
b1100010100000000 <
14
b101111101010100 ,
0J
0B
b101111101011000 @
1/
b1100010011111100 (
1L
#31765008
0'
#31770008
1'
0L
10
0+
1:
b11000000100000000100000000 7
b111000001100000010100000100 K
0/
b1111 9
#31775008
0'
#31780008
1'
0:
b1111000011100000110100001100 3
16
#31785008
0'
#31790008
1'
06
1>
04
12
1J
b1111000011100000110100001100 G
#31795008
0'
#31800008
1'
0>
1F
1+
00
b1100010100000100 <
0J
14
b1100010100000000 (
1B
02
#31805008
0'
#31810008
1'
b101111101011000 ,
0+
1L
0F
0B
1/
b101111101011100 @
#31815008
0'
#31820008
1'
10
1:
0L
16
0/
b10011000100100001000100010000 3
b1011000010100000100100001000 K
b111000001100000010100000100 7
#31825008
0'
#31830008
1'
b10011000100100001000100010000 G
0:
1>
06
04
1J
#31835008
0'
#31840008
1'
0J
12
1+
14
b100101001001001 <
0>
b1100010100000100 (
#31845008
0'
#31850008
1'
02
00
0+
1B
1F
#31855008
0'
#31860008
1'
0F
1L
b101111101100000 @
b101111101011100 ,
0B
16
1/
b10111000101100001010100010100 3
#31865008
0'
#31870008
1'
b1011000010100000100100001000 7
0L
1J
1:
b10111000101100001010100010100 G
0/
1>
04
b1111000011100000110100001100 K
06
10
#31875008
0'
#31880008
1'
b100101001001001 (
0:
0J
0>
1+
b100101001001100 <
14
#31885008
0'
#31890008
1'
12
0+
#31895008
0'
#31900008
1'
00
b10000000010000000000000000 3
1F
02
16
1B
#31905008
0'
#31910008
1'
0B
b101111101100100 @
04
1L
06
0F
b101111101100000 ,
1/
b10000000010000000000000000 G
1J
1>
#31915008
0'
#31920008
1'
0>
14
1+
10
b100101001001100 (
b1111000011100000110100001100 7
1:
0J
0L
b10011000100100001000100010000 K
0/
b100101001010000 <
#31925008
0'
#31930008
1'
0+
0:
#31935008
0'
#31940008
1'
b110000001010000010000000011 3
16
12
#31945008
0'
#31950008
1'
02
04
1>
00
1B
06
1F
b110000001010000010000000011 G
1J
#31955008
0'
#31960008
1'
0J
0?
0>
b100101001010000 (
b101111101101000 @
14
0B
b101111101100100 ,
1+
1/
0F
1L
#31965008
0'
#31970008
1'
0L
1:
10
b10011000100100001000100010000 7
b11 M
0/
b1010100010100 K
0+
#31975008
0'
#31980008
1'
0:
b100000000111 3
16
#31985008
0'
#31990008
1'
06
12
1J
1>
b100000000111 G
04
#31995008
0'
#32000008
1'
0J
02
00
1B
1F
#32005008
0'
#32010008
1'
0F
b1111110001010100 @
1L
0B
b101111101101000 ,
1/
#32015008
0'
#32020008
1'
0/
b1010100010100 7
b11 9
0L
10
1:
b11000000100000000100000000 K
b1111 M
#32025008
0'
#32030008
1'
0:
#32035008
0'
#32040008
1'
12
#32045008
0'
#32050008
1'
02
1F
1B
00
#32055008
0'
#32060008
1'
1/
b1111110001011000 @
0B
b1111110001010100 ,
0F
1L
#32065008
0'
#32070008
1'
0L
0/
10
b11000000100000000100000000 7
b111000001100000010100000100 K
b1111 9
1:
#32075008
0'
#32080008
1'
0:
#32085008
0'
#32090008
1'
12
#32095008
0'
#32100008
1'
02
00
1F
1B
#32105008
0'
#32110008
1'
0B
1/
1L
1?
b101111101010100 <
0F
b1111110001011100 @
b1111110001011000 ,
#32115008
0'
#32120008
1'
14
1:
1+
0L
b101111101010100 (
0/
b101111101011000 <
0>
10
b1011000010100000100100001000 K
b111000001100000010100000100 7
#32125008
0'
#32130008
1'
0:
0+
#32135008
0'
#32140008
1'
12
16
b11000000100000000100000000 3
#32145008
0'
#32150008
1'
04
1B
02
1J
06
b11000000100000000100000000 G
00
1F
1>
#32155008
0'
#32160008
1'
0>
1+
b101111101011000 (
b1111110001011100 ,
0B
14
1L
0F
0J
1/
b101100011000 @
b101111101011100 <
#32165008
0'
#32170008
1'
0+
1:
b1011000010100000100100001000 7
b11000000100000000100000000 K
0L
0/
10
#32175008
0'
#32180008
1'
b111000001100000010100000100 3
0:
16
#32185008
0'
#32190008
1'
06
04
12
1>
1J
b111000001100000010100000100 G
#32195008
0'
#32200008
1'
02
14
00
b101111101100000 <
b101111101011100 (
1+
1B
0J
1F
0>
#32205008
0'
#32210008
1'
0+
b101100011000 ,
0F
0B
b101100011100 @
1L
1/
#32215008
0'
#32220008
1'
0/
16
b1011000010100000100100001000 3
10
0L
b11000000100000000100000000 7
1:
b111000001100000010100000100 K
#32225008
0'
#32230008
1'
1>
b1011000010100000100100001000 G
04
06
0:
1J
#32235008
0'
#32240008
1'
0J
14
0>
12
1+
b101111101100000 (
b101111101100100 <
#32245008
0'
#32250008
1'
0+
02
1F
00
1B
#32255008
0'
#32260008
1'
0B
b1111000011100000110100001100 3
1/
1L
b101100011100 ,
0F
b101100100000 @
16
#32265008
0'
#32270008
1'
06
04
1J
b1011000010100000100100001000 K
1>
b1111000011100000110100001100 G
0/
10
1:
0L
b111000001100000010100000100 7
#32275008
0'
#32280008
1'
0>
14
b101111101100100 (
0J
1+
b101111101101000 <
0:
#32285008
0'
#32290008
1'
0+
12
#32295008
0'
#32300008
1'
02
b10011000100100001000100010000 3
16
1B
00
1F
#32305008
0'
#32310008
1'
0F
06
1>
1J
04
1/
b10011000100100001000100010000 G
b101100100100 @
0B
1L
b101100100000 ,
#32315008
0'
#32320008
1'
0J
b1011000010100000100100001000 7
1:
0>
b1111000011100000110100001100 K
b101111101101000 (
0L
0/
b1111110001010100 <
14
10
1+
#32325008
0'
#32330008
1'
0+
0:
#32335008
0'
#32340008
1'
12
b1010100010100 3
16
#32345008
0'
#32350008
1'
06
1J
1F
02
1>
00
04
1B
b1010100010100 G
#32355008
0'
#32360008
1'
b101100100100 ,
0F
1+
0J
0B
b1111110001011000 <
b1111110001010100 (
1/
1L
14
0>
b101100101000 @
#32365008
0'
#32370008
1'
1:
b10011000100100001000100010000 K
0+
b1111000011100000110100001100 7
0/
10
0L
#32375008
0'
#32380008
1'
16
0:
b11000000100000000100000000 3
#32385008
0'
#32390008
1'
b11000000100000000100000000 G
12
06
1J
1>
04
#32395008
0'
#32400008
1'
14
02
1+
1F
0>
00
b1111110001011000 (
b1111110001011100 <
1B
0J
#32405008
0'
#32410008
1'
0+
1L
b101100101100 @
b101100101000 ,
0B
0F
1/
#32415008
0'
#32420008
1'
0/
b111000001100000010100000100 3
0L
b1010100010100 K
b11 M
1:
10
16
b10011000100100001000100010000 7
#32425008
0'
#32430008
1'
04
1J
b111000001100000010100000100 G
06
1>
0:
#32435008
0'
#32440008
1'
0J
0?
1+
14
12
0>
b1111110001011100 (
#32445008
0'
#32450008
1'
0+
02
1F
1B
00
#32455008
0'
#32460008
1'
b1000101010010000 @
b1011000010100000100100001000 3
1/
1L
0B
b101100101100 ,
0F
16
#32465008
0'
#32470008
1'
06
10
1:
04
1J
b1010100010100 7
b1111 M
0/
b11000000100000000100000000 K
0L
b1011000010100000100100001000 G
1>
b11 9
#32475008
0'
#32480008
1'
0J
0:
#32485008
0'
#32490008
1'
12
#32495008
0'
#32500008
1'
00
02
1F
1B
#32505008
0'
#32510008
1'
0B
1/
b1000101010010100 @
0F
1L
b1000101010010000 ,
#32515008
0'
#32520008
1'
0/
1:
b1111 9
b11000000100000000100000000 7
0L
10
b111000001100000010100000100 K
#32525008
0'
#32530008
1'
0:
1?
b101100011000 <
#32535008
0'
#32540008
1'
b101100011100 <
14
b101100011000 (
1+
0>
12
#32545008
0'
#32550008
1'
02
1B
0+
00
1F
#32555008
0'
#32560008
1'
0F
b1000101010010100 ,
16
1/
b11000000100000000100000000 3
b11001111110100 @
1L
0B
#32565008
0'
#32570008
1'
0/
04
1J
06
1:
b11000000100000000100000000 K
0L
10
b111000001100000010100000100 7
1>
b11000000100000000100000000 G
#32575008
0'
#32580008
1'
0:
14
b101100100000 <
0J
0>
1+
b101100011100 (
#32585008
0'
#32590008
1'
12
0+
#32595008
0'
#32600008
1'
1B
1F
16
02
b111000001100000010100000100 3
00
#32605008
0'
#32610008
1'
0F
b111000001100000010100000100 G
b11001111110100 ,
1/
0B
04
06
1L
b11001111111000 @
1>
1J
#32615008
0'
#32620008
1'
0J
10
1+
0/
b101100100000 (
b101100100100 <
1:
0>
14
b111000001100000010100000100 K
b11000000100000000100000000 7
0L
#32625008
0'
#32630008
1'
0+
0:
#32635008
0'
#32640008
1'
b1011000010100000100100001000 3
12
16
#32645008
0'
#32650008
1'
1B
1J
b1011000010100000100100001000 G
1F
00
06
1>
02
04
#32655008
0'
#32660008
1'
14
0F
b101100101000 <
0J
0B
1L
b101100100100 (
b11001111111000 ,
1/
1+
0>
b11001111111100 @
#32665008
0'
#32670008
1'
1:
0L
10
b111000001100000010100000100 7
0+
0/
b1011000010100000100100001000 K
#32675008
0'
#32680008
1'
0:
16
b1111000011100000110100001100 3
#32685008
0'
#32690008
1'
04
1J
b1111000011100000110100001100 G
06
1>
12
#32695008
0'
#32700008
1'
02
b101100101100 <
1F
0J
14
1B
b101100101000 (
0>
00
1+
#32705008
0'
#32710008
1'
0+
0B
b11010000000000 @
b11001111111100 ,
0F
1L
1/
#32715008
0'
#32720008
1'
0/
b10011000100100001000100010000 3
b11100000110100001100 K
b111 M
0L
10
16
1:
b1011000010100000100100001000 7
#32725008
0'
#32730008
1'
04
1J
0:
b10011000100100001000100010000 G
06
1>
#32735008
0'
#32740008
1'
0>
12
1+
14
b1000101010010000 <
0J
b101100101100 (
#32745008
0'
#32750008
1'
1B
0+
02
00
1F
#32755008
0'
#32760008
1'
0F
b11010000000000 ,
0B
b1010100010100 3
b1011010110010000 @
1/
16
1L
#32765008
0'
#32770008
1'
0L
04
1>
b111 9
b11000000100000000100000000 K
b11100000110100001100 7
06
0/
10
b1111 M
1J
b1010100010100 G
1:
#32775008
0'
#32780008
1'
0:
b1000101010010000 (
0>
14
1+
0J
b1000101010010100 <
#32785008
0'
#32790008
1'
0+
12
#32795008
0'
#32800008
1'
1F
b11000000100000000100000000 3
1B
02
16
00
#32805008
0'
#32810008
1'
04
b1011010110010100 @
1L
1>
b1011010110010000 ,
0F
06
0B
1/
1J
b11000000100000000100000000 G
#32815008
0'
#32820008
1'
b111000001100000010100000100 K
14
b1000101010010100 (
1:
10
0>
b1111 9
0L
0J
0?
b11000000100000000100000000 7
0/
1+
#32825008
0'
#32830008
1'
0+
0:
#32835008
0'
#32840008
1'
b111000001100000010100000100 3
16
12
#32845008
0'
#32850008
1'
02
04
b111000001100000010100000100 G
1>
00
06
1J
1F
1B
#32855008
0'
#32860008
1'
0B
b1011010110010100 ,
b1011010110011000 @
b11001111110100 <
0F
1/
1L
0J
1?
#32865008
0'
#32870008
1'
0>
b11001111110100 (
b1011000010100000100100001000 K
1:
1+
14
b11001111111000 <
10
0L
b111000001100000010100000100 7
0/
#32875008
0'
#32880008
1'
0+
0:
#32885008
0'
#32890008
1'
12
16
b11000000100000000100000000 3
#32895008
0'
#32900008
1'
1>
b11000000100000000100000000 G
1B
06
04
1J
1F
02
00
#32905008
0'
#32910008
1'
b111010111101111 @
1/
1+
b11001111111000 (
b1011010110011000 ,
0>
14
0B
0F
1L
b11001111111100 <
0J
#32915008
0'
#32920008
1'
10
1:
0/
0+
b0 K
b1011000010100000100100001000 7
0L
b1000 M
#32925008
0'
#32930008
1'
b111000001100000010100000100 3
0:
16
#32935008
0'
#32940008
1'
06
1J
b111000001100000010100000100 G
1>
12
04
#32945008
0'
#32950008
1'
14
0J
1+
b11001111111100 (
00
02
b11010000000000 <
0>
1B
1F
#32955008
0'
#32960008
1'
0F
b111010111101111 ,
0+
b111010111110000 @
1/
0B
1L
#32965008
0'
#32970008
1'
0L
b1111 M
b1000 9
16
b1011000010100000100100001000 3
0/
10
1:
b0 7
b100000000110000001000000001 K
#32975008
0'
#32980008
1'
06
04
1J
b1011000010100000100100001000 G
0:
1>
#32985008
0'
#32990008
1'
0>
14
b11010000000000 (
0?
1+
0J
12
#32995008
0'
#33000008
1'
02
1F
1B
0+
00
#33005008
0'
#33010008
1'
1?
1L
b111010111110100 @
16
b111010111110000 ,
1/
b11100000110100001100 3
0B
0F
b1011010110010000 <
#33015008
0'
#33020008
1'
06
b101 K
10
04
1>
b1 M
0L
b1111 9
b100000000110000001000000001 7
1J
1:
b11100000110100001100 G
0/
#33025008
0'
#33030008
1'
b1011010110010100 <
b1011010110010000 (
0>
14
1+
0:
0J
#33035008
0'
#33040008
1'
12
0+
#33045008
0'
#33050008
1'
00
16
02
1F
1B
b11000000100000000100000000 3
#33055008
0'
#33060008
1'
1L
1/
1J
1>
b1010110101001101 @
0B
06
b111010111110100 ,
b11000000100000000100000000 G
0F
04
#33065008
0'
#33070008
1'
14
0>
10
b10000000010000000000000000 K
1+
0J
0/
0L
b1110 M
b1011010110010100 (
b1011010110011000 <
b1 9
1:
b101 7
#33075008
0'
#33080008
1'
0+
0:
#33085008
0'
#33090008
1'
b111000001100000010100000100 3
16
12
#33095008
0'
#33100008
1'
02
00
1>
04
1J
06
1F
1B
b111000001100000010100000100 G
#33105008
0'
#33110008
1'
14
b1011010110011000 (
0?
0>
1L
1/
0B
b1010110101010000 @
0J
1+
0F
b1010110101001101 ,
#33115008
0'
#33120008
1'
0L
1:
10
b10000000010000000000000000 7
b1111 M
b110000001010000010000000011 K
0/
0+
b1110 9
#33125008
0'
#33130008
1'
0:
16
b1011000010100000100100001000 3
#33135008
0'
#33140008
1'
04
b1011000010100000100100001000 G
12
1>
06
1J
#33145008
0'
#33150008
1'
0J
02
00
1?
1F
1B
b111010111101111 <
#33155008
0'
#33160008
1'
b111010111110000 <
b1010110101010000 ,
14
1L
b111010111101111 (
0B
1+
b1010110101010100 @
0F
0>
1/
#33165008
0'
#33170008
1'
0/
0L
10
b1111 9
b110000001010000010000000011 7
0+
1:
b1010000010010000100000000111 K
#33175008
0'
#33180008
1'
b0 3
0:
16
#33185008
0'
#33190008
1'
06
04
b0 G
12
1J
1>
#33195008
0'
#33200008
1'
0>
b111010111110100 <
02
00
14
0J
1B
b111010111110000 (
1F
1+
#33205008
0'
#33210008
1'
0+
1/
b1010110101010100 ,
1L
0F
b1010110101011000 @
0B
#33215008
0'
#33220008
1'
10
b1110000011010000110000001011 K
0/
16
b100000000110000001000000001 3
1:
0L
b1010000010010000100000000111 7
#33225008
0'
#33230008
1'
1>
b100000000110000001000000001 G
1J
04
0:
06
#33235008
0'
#33240008
1'
1+
0>
12
0?
14
b111010111110100 (
0J
#33245008
0'
#33250008
1'
1B
0+
00
02
1F
#33255008
0'
#33260008
1'
0F
b1010110101011000 ,
16
1/
0B
1L
b1010110101011100 @
b101 3
#33265008
0'
#33270008
1'
0/
1J
06
1>
b1110000011010000110000001011 7
b10010000100010001000000001111 K
b101 G
1:
0L
04
10
#33275008
0'
#33280008
1'
0J
0:
#33285008
0'
#33290008
1'
12
#33295008
0'
#33300008
1'
1F
00
02
1B
#33305008
0'
#33310008
1'
0B
b1010110101011100 ,
0F
1/
b1010110101100000 @
1L
#33315008
0'
#33320008
1'
0L
1:
b10010000100010001000000001111 7
10
b10110000101010001010000010011 K
0/
#33325008
0'
#33330008
1'
0:
#33335008
0'
#33340008
1'
12
#33345008
0'
#33350008
1'
1F
1B
02
00
#33355008
0'
#33360008
1'
1/
1L
0F
b1010110101100000 ,
b1010110101100100 @
0B
#33365008
0'
#33370008
1'
10
1:
0L
0/
b11010000110010001100000010111 K
b10110000101010001010000010011 7
#33375008
0'
#33380008
1'
0:
#33385008
0'
#33390008
1'
12
#33395008
0'
#33400008
1'
1B
1F
00
02
#33405008
0'
#33410008
1'
0F
1L
0B
1/
b1010110101101000 @
b1010110101100100 ,
#33415008
0'
#33420008
1'
0L
1:
b11010000110010001100000010111 7
10
b11110000111010001110000011011 K
0/
#33425008
0'
#33430008
1'
0:
#33435008
0'
#33440008
1'
12
#33445008
0'
#33450008
1'
02
1F
1B
00
#33455008
0'
#33460008
1'
1/
b1010110101101000 ,
1L
0B
b110110001100100 @
0F
#33465008
0'
#33470008
1'
10
1:
0/
0L
b11000000100000000100000000 K
b11110000111010001110000011011 7
#33475008
0'
#33480008
1'
0:
#33485008
0'
#33490008
1'
12
#33495008
0'
#33500008
1'
02
1F
00
1B
#33505008
0'
#33510008
1'
0B
0F
b110110001100100 ,
1L
1/
b110110001101000 @
#33515008
0'
#33520008
1'
b11000000100000000100000000 7
1:
0/
0L
10
b111000001100000010100000100 K
#33525008
0'
#33530008
1'
0:
#33535008
0'
#33540008
1'
12
b1010110101001101 <
1?
#33545008
0'
#33550008
1'
1F
1B
02
0>
1+
b1010110101010000 <
00
b1010110101001101 (
14
#33555008
0'
#33560008
1'
b110110001101100 @
0F
0B
0+
1/
b110110001101000 ,
1L
#33565008
0'
#33570008
1'
0L
b10000000010000000000000000 3
b111000001100000010100000100 7
16
b1011000010100000100100001000 K
0/
1:
10
#33575008
0'
#33580008
1'
06
04
1>
0:
1J
b10000000010000000000000000 G
#33585008
0'
#33590008
1'
14
12
0J
0>
1+
b1010110101010000 (
b1010110101010100 <
#33595008
0'
#33600008
1'
00
1F
02
1B
0+
#33605008
0'
#33610008
1'
16
1L
b110000001010000010000000011 3
b110110001110000 @
0B
0F
1/
b110110001101100 ,
#33615008
0'
#33620008
1'
b110000001010000010000000011 G
10
04
b1011000010100000100100001000 7
0L
06
0/
1>
1J
1:
b1111000011100000110100001100 K
#33625008
0'
#33630008
1'
1+
b1010110101011000 <
14
0:
b1010110101010100 (
0J
0>
#33635008
0'
#33640008
1'
0+
12
#33645008
0'
#33650008
1'
02
b1010000010010000100000000111 3
00
16
1B
1F
#33655008
0'
#33660008
1'
0F
b110110001110000 ,
1>
b1010000010010000100000000111 G
1L
0B
b110110001110100 @
04
1/
06
1J
#33665008
0'
#33670008
1'
0J
b1010110101011100 <
b10011000100100001000100010000 K
0>
b1111000011100000110100001100 7
1+
0L
0/
14
b1010110101011000 (
10
1:
#33675008
0'
#33680008
1'
0:
0+
#33685008
0'
#33690008
1'
b1110000011010000110000001011 3
12
16
#33695008
0'
#33700008
1'
06
1>
b1110000011010000110000001011 G
1J
1F
02
1B
00
04
#33705008
0'
#33710008
1'
14
0J
0>
b1010110101100000 <
1+
b110110001110100 ,
0F
b110110001111000 @
0B
b1010110101011100 (
1L
1/
#33715008
0'
#33720008
1'
0/
0+
b10111000101100001010100010100 K
0L
10
1:
b10011000100100001000100010000 7
#33725008
0'
#33730008
1'
16
b10010000100010001000000001111 3
0:
#33735008
0'
#33740008
1'
04
06
b10010000100010001000000001111 G
1>
1J
12
#33745008
0'
#33750008
1'
02
1+
0>
b1010110101100100 <
14
0J
00
1F
b1010110101100000 (
1B
#33755008
0'
#33760008
1'
0B
1/
0+
b110110001111000 ,
1L
0F
b110110001111100 @
#33765008
0'
#33770008
1'
b10111000101100001010100010100 7
1:
0/
16
b11011000110100001100100011000 K
0L
b10110000101010001010000010011 3
10
#33775008
0'
#33780008
1'
0:
1>
b10110000101010001010000010011 G
04
06
1J
#33785008
0'
#33790008
1'
0J
b1010110101101000 <
0>
12
1+
b1010110101100100 (
14
#33795008
0'
#33800008
1'
00
1B
02
1F
0+
#33805008
0'
#33810008
1'
1/
b1110110100110111 @
0F
0B
16
b11010000110010001100000010111 3
1L
b110110001111100 ,
#33815008
0'
#33820008
1'
0/
1>
b1000 M
10
1J
1:
04
b11011000110100001100100011000 7
0L
06
b11010000110010001100000010111 G
b0 K
#33825008
0'
#33830008
1'
14
1+
0?
0:
0>
0J
b1010110101101000 (
#33835008
0'
#33840008
1'
0+
12
#33845008
0'
#33850008
1'
02
00
1B
1F
16
b11110000111010001110000011011 3
#33855008
0'
#33860008
1'
1>
b1110110100110111 ,
04
1/
06
b11110000111010001110000011011 G
b1110110100111000 @
0F
0B
1J
1L
#33865008
0'
#33870008
1'
0L
b1000 9
b100000000110000001000000001 K
1:
b1111 M
0J
10
0/
b0 7
#33875008
0'
#33880008
1'
0:
#33885008
0'
#33890008
1'
12
#33895008
0'
#33900008
1'
02
b110110001100100 <
1?
00
1B
1F
#33905008
0'
#33910008
1'
0F
1L
b1110110100111000 ,
0>
14
b110110001101000 <
b110110001100100 (
0B
1+
b1110110100111100 @
1/
#33915008
0'
#33920008
1'
0/
0L
b100000000110000001000000001 7
1:
b1000000001110000011000000101 K
b1111 9
0+
10
#33925008
0'
#33930008
1'
b11000000100000000100000000 3
0:
16
#33935008
0'
#33940008
1'
06
04
1>
12
1J
b11000000100000000100000000 G
#33945008
0'
#33950008
1'
00
b110110001101100 <
1F
0>
14
0J
b110110001101000 (
1+
02
1B
#33955008
0'
#33960008
1'
0B
1/
b1110110100111100 ,
0F
1L
0+
b1110110101000000 @
#33965008
0'
#33970008
1'
b1001 K
10
0/
b111000001100000010100000100 3
b1000000001110000011000000101 7
16
1:
b1 M
0L
#33975008
0'
#33980008
1'
1>
b111000001100000010100000100 G
06
1J
04
0:
#33985008
0'
#33990008
1'
0>
b110110001110000 <
14
1+
0J
12
b110110001101100 (
#33995008
0'
#34000008
1'
1F
1B
00
02
0+
#34005008
0'
#34010008
1'
0B
1L
b1100101000101 @
0F
b1110110101000000 ,
b1011000010100000100100001000 3
1/
16
#34015008
0'
#34020008
1'
06
1:
b1001 7
0L
1>
b10000000010000000000000000 K
0/
b1110 M
b1011000010100000100100001000 G
10
04
b1 9
1J
#34025008
0'
#34030008
1'
0J
0>
1+
b110110001110000 (
0:
b110110001110100 <
14
#34035008
0'
#34040008
1'
0+
12
#34045008
0'
#34050008
1'
02
b1111000011100000110100001100 3
16
1B
1F
00
#34055008
0'
#34060008
1'
0B
1>
1J
06
1L
b1100101000101 ,
04
b1100101001000 @
0F
1/
b1111000011100000110100001100 G
#34065008
0'
#34070008
1'
14
b110110001110100 (
10
0J
0>
b10000000010000000000000000 7
0L
0/
b1110 9
b110110001111000 <
b110000001010000010000000011 K
1+
b1111 M
1:
#34075008
0'
#34080008
1'
0:
0+
#34085008
0'
#34090008
1'
b10011000100100001000100010000 3
12
16
#34095008
0'
#34100008
1'
06
02
b10011000100100001000100010000 G
04
1B
00
1>
1J
1F
#34105008
0'
#34110008
1'
0F
0>
1+
b110110001111000 (
b1100101001000 ,
0B
14
0J
b1100101001100 @
1/
1L
b110110001111100 <
#34115008
0'
#34120008
1'
b110000001010000010000000011 7
10
0+
0L
b1111 9
0/
1:
b1010000010010000100000000111 K
#34125008
0'
#34130008
1'
16
b10111000101100001010100010100 3
0:
#34135008
0'
#34140008
1'
b10111000101100001010100010100 G
12
06
1>
1J
04
#34145008
0'
#34150008
1'
14
b1110110100110111 <
1B
1F
02
00
b110110001111100 (
0J
0>
1+
#34155008
0'
#34160008
1'
0+
0B
b1100101001100 ,
0F
b10000101010101 @
1/
1L
#34165008
0'
#34170008
1'
0L
10
b10000000010000000000000000 K
16
1:
b1010000010010000100000000111 7
0/
b11011000110100001100100011000 3
b1110 M
#34175008
0'
#34180008
1'
0:
04
06
b11011000110100001100100011000 G
1J
1>
#34185008
0'
#34190008
1'
0>
b1110110100111000 <
14
12
1+
0J
b1110110100110111 (
#34195008
0'
#34200008
1'
02
00
1B
0+
1F
#34205008
0'
#34210008
1'
0F
1L
16
b10000101010101 ,
b0 3
0B
1/
b10000101011000 @
#34215008
0'
#34220008
1'
06
b110000001010000010000000011 K
b1111 M
10
0L
04
1>
1:
0/
b10000000010000000000000000 7
1J
b0 G
b1110 9
#34225008
0'
#34230008
1'
0>
b1110110100111000 (
14
b1110110100111100 <
1+
0:
0J
#34235008
0'
#34240008
1'
12
0+
#34245008
0'
#34250008
1'
1F
16
00
02
b100000000110000001000000001 3
1B
#34255008
0'
#34260008
1'
0B
06
b10000101011100 @
04
0F
1J
1L
1>
b100000000110000001000000001 G
1/
b10000101011000 ,
#34265008
0'
#34270008
1'
0L
b1111 9
b1010000010010000100000000111 K
1+
0J
14
b1110110100111100 (
0/
0>
b110000001010000010000000011 7
b1110110101000000 <
1:
10
#34275008
0'
#34280008
1'
0+
0:
#34285008
0'
#34290008
1'
16
b1000000001110000011000000101 3
12
#34295008
0'
#34300008
1'
02
04
1B
00
1J
1F
1>
06
b1000000001110000011000000101 G
#34305008
0'
#34310008
1'
0J
b10000101011100 ,
1L
b10000101100000 @
0B
14
b1110110101000000 (
1+
1/
0>
0F
b1100101000101 <
#34315008
0'
#34320008
1'
1:
10
b1110000011010000110000001011 K
0L
0/
0+
b1010000010010000100000000111 7
#34325008
0'
#34330008
1'
0:
b1001 3
16
#34335008
0'
#34340008
1'
06
1J
12
b1001 G
04
1>
#34345008
0'
#34350008
1'
0>
02
1B
0J
b1100101001000 <
00
14
b1100101000101 (
1+
1F
#34355008
0'
#34360008
1'
0F
0B
b10000101100100 @
b10000101100000 ,
0+
1/
1L
#34365008
0'
#34370008
1'
0L
16
b1110000011010000110000001011 7
b10010000100010001000000001111 K
0/
b10000000010000000000000000 3
10
1:
#34375008
0'
#34380008
1'
0:
1>
06
1J
04
b10000000010000000000000000 G
#34385008
0'
#34390008
1'
b1100101001100 <
12
0>
14
0J
1+
b1100101001000 (
#34395008
0'
#34400008
1'
02
1B
1F
0+
00
#34405008
0'
#34410008
1'
16
b10000101101000 @
0B
1L
0F
b110000001010000010000000011 3
1/
b10000101100100 ,
#34415008
0'
#34420008
1'
10
b110000001010000010000000011 G
b10010000100010001000000001111 7
1:
06
0/
0L
b10110000101010001010000010011 K
04
1>
1J
#34425008
0'
#34430008
1'
0J
0:
b1100101001100 (
0>
1+
14
0?
#34435008
0'
#34440008
1'
12
0+
#34445008
0'
#34450008
1'
00
1B
02
16
1F
b1010000010010000100000000111 3
#34455008
0'
#34460008
1'
1J
b10000101101000 ,
b10000101101100 @
b1010000010010000100000000111 G
0F
1/
0B
06
04
1L
1>
#34465008
0'
#34470008
1'
10
1:
0J
b10110000101010001010000010011 7
0L
0/
b11010000110010001100000010111 K
#34475008
0'
#34480008
1'
0:
#34485008
0'
#34490008
1'
12
#34495008
0'
#34500008
1'
00
02
1F
1B
#34505008
0'
#34510008
1'
0B
b10000101110000 @
b10000101101100 ,
0F
1/
1L
#34515008
0'
#34520008
1'
0L
b111 M
1:
b111010001110000011011 K
0/
10
b11010000110010001100000010111 7
#34525008
0'
#34530008
1'
0:
#34535008
0'
#34540008
1'
12
#34545008
0'
#34550008
1'
1B
02
00
1F
#34555008
0'
#34560008
1'
0F
b1101111010100101 @
1L
b10000101110000 ,
1/
0B
#34565008
0'
#34570008
1'
b111 9
b111010001110000011011 7
1:
b1110 M
0/
10
b10000000010000000000000000 K
0L
#34575008
0'
#34580008
1'
0:
#34585008
0'
#34590008
1'
12
#34595008
0'
#34600008
1'
1B
1F
02
00
#34605008
0'
#34610008
1'
b1101111010101000 @
0B
1L
1/
0F
b1101111010100101 ,
#34615008
0'
#34620008
1'
10
1:
1?
b10000101010101 <
b10000000010000000000000000 7
b1110 9
b111 M
0/
b1010000010000000011 K
0L
#34625008
0'
#34630008
1'
0>
1+
b10000101011000 <
0:
b10000101010101 (
14
#34635008
0'
#34640008
1'
0+
12
#34645008
0'
#34650008
1'
02
b10000000010000000000000000 3
00
1B
1F
16
#34655008
0'
#34660008
1'
06
1J
1L
b1101111010101000 ,
04
b1001010001010100 @
1>
0F
b10000000010000000000000000 G
0B
1/
#34665008
0'
#34670008
1'
0/
10
0J
b10000101011100 <
b1010000010000000011 7
14
0L
0>
b11000000100000000100000000 K
1+
b10000101011000 (
b111 9
1:
b1111 M
#34675008
0'
#34680008
1'
0:
0+
#34685008
0'
#34690008
1'
16
b110000001010000010000000011 3
12
#34695008
0'
#34700008
1'
02
04
1J
00
06
1B
1>
b110000001010000010000000011 G
1F
#34705008
0'
#34710008
1'
0F
b1001010001011000 @
14
1/
0J
b10000101100000 <
b1001010001010100 ,
1+
1L
0>
0B
b10000101011100 (
#34715008
0'
#34720008
1'
10
b11000000100000000100000000 7
0/
b111000001100000010100000100 K
0+
1:
0L
b1111 9
#34725008
0'
#34730008
1'
b1010000010010000100000000111 3
16
0:
#34735008
0'
#34740008
1'
12
1J
04
06
b1010000010010000100000000111 G
1>
#34745008
0'
#34750008
1'
0>
b10000101100100 <
b10000101100000 (
1F
0J
02
00
14
1B
1+
#34755008
0'
#34760008
1'
0+
b1001010001011100 @
0F
0B
b1001010001011000 ,
1L
1/
#34765008
0'
#34770008
1'
0/
1:
b111000001100000010100000100 7
0L
10
b1110000011010000110000001011 3
16
b1011000010100000100100001000 K
#34775008
0'
#34780008
1'
0:
1>
1J
06
b1110000011010000110000001011 G
04
#34785008
0'
#34790008
1'
14
0>
b10000101101000 <
12
1+
b10000101100100 (
0J
#34795008
0'
#34800008
1'
0+
02
1B
1F
00
#34805008
0'
#34810008
1'
b1001010001100000 @
1/
0F
0B
b10010000100010001000000001111 3
b1001010001011100 ,
16
1L
#34815008
0'
#34820008
1'
0L
10
1J
1>
b11100000110100001100 K
b111 M
04
1:
06
b10010000100010001000000001111 G
b1011000010100000100100001000 7
0/
#34825008
0'
#34830008
1'
14
0>
0J
b10000101101100 <
1+
0:
b10000101101000 (
#34835008
0'
#34840008
1'
0+
12
#34845008
0'
#34850008
1'
00
02
16
1F
b10110000101010001010000010011 3
1B
#34855008
0'
#34860008
1'
0B
04
1L
1/
1J
b1100000110100000 @
1>
0F
b10110000101010001010000010011 G
b1001010001100000 ,
06
#34865008
0'
#34870008
1'
b11000000100000000100000000 K
14
b10000101101100 (
b10000101110000 <
0J
0L
b1111 M
b111 9
0/
10
1:
1+
b11100000110100001100 7
0>
#34875008
0'
#34880008
1'
0:
0+
#34885008
0'
#34890008
1'
16
b11010000110010001100000010111 3
12
#34895008
0'
#34900008
1'
02
1>
04
1B
1J
00
06
b11010000110010001100000010111 G
1F
#34905008
0'
#34910008
1'
0F
0B
b1100000110100100 @
0>
14
b1101111010100101 <
b10000101110000 (
1L
b1100000110100000 ,
1/
0J
1+
#34915008
0'
#34920008
1'
0+
b1111 9
b111000001100000010100000100 K
0L
b11000000100000000100000000 7
0/
1:
10
#34925008
0'
#34930008
1'
0:
b111010001110000011011 3
16
#34935008
0'
#34940008
1'
12
1>
04
06
1J
b111010001110000011011 G
#34945008
0'
#34950008
1'
00
1B
b1101111010100101 (
1F
1+
0>
b1101111010101000 <
02
0J
14
#34955008
0'
#34960008
1'
0B
0F
b1100000110101000 @
0+
1/
1L
b1100000110100100 ,
#34965008
0'
#34970008
1'
10
0L
b1011000010100000100100001000 K
16
b10000000010000000000000000 3
0/
1:
b111000001100000010100000100 7
#34975008
0'
#34980008
1'
b10000000010000000000000000 G
04
1>
0:
06
1J
#34985008
0'
#34990008
1'
0J
14
b1101111010101000 (
b1001010001010100 <
12
0>
1+
#34995008
0'
#35000008
1'
0+
1F
1B
00
02
#35005008
0'
#35010008
1'
b1100000110101000 ,
0F
b1100000110101100 @
16
1L
0B
1/
b1010000010000000011 3
#35015008
0'
#35020008
1'
04
b1011000010100000100100001000 7
1J
b1010000010000000011 G
0/
b1111000011100000110100001100 K
10
1>
06
1:
0L
#35025008
0'
#35030008
1'
0J
b1001010001010100 (
14
1+
0:
0>
b1001010001011000 <
#35035008
0'
#35040008
1'
12
0+
#35045008
0'
#35050008
1'
b11000000100000000100000000 3
1F
02
00
1B
16
#35055008
0'
#35060008
1'
06
1L
1J
04
b1100000110101100 ,
0B
b1100000110110000 @
1/
b11000000100000000100000000 G
0F
1>
#35065008
0'
#35070008
1'
0>
14
1+
0L
b1001010001011100 <
0J
b1001010001011000 (
b1111000011100000110100001100 7
b10011000100100001000100010000 K
0/
10
1:
#35075008
0'
#35080008
1'
0:
0+
#35085008
0'
#35090008
1'
16
b111000001100000010100000100 3
12
#35095008
0'
#35100008
1'
02
1>
04
06
1J
1F
1B
00
b111000001100000010100000100 G
#35105008
0'
#35110008
1'
b1001010001011100 (
1+
14
0>
1L
b1001010001100000 <
0J
b1100000110110100 @
b1100000110110000 ,
0B
0F
1/
#35115008
0'
#35120008
1'
0/
0L
1:
0+
10
b10011000100100001000100010000 7
b10111000101100001010100010100 K
#35125008
0'
#35130008
1'
0:
16
b1011000010100000100100001000 3
#35135008
0'
#35140008
1'
b1011000010100000100100001000 G
12
1>
04
06
1J
#35145008
0'
#35150008
1'
0J
0>
02
b1001010001100000 (
0?
14
1F
00
1B
1+
#35155008
0'
#35160008
1'
0+
1/
1L
0B
b1100000110111000 @
0F
b1100000110110100 ,
#35165008
0'
#35170008
1'
0/
b11011000110100001100100011000 K
b11100000110100001100 3
1:
b10111000101100001010100010100 7
16
10
0L
#35175008
0'
#35180008
1'
1J
1>
b11100000110100001100 G
0:
06
04
#35185008
0'
#35190008
1'
12
0J
#35195008
0'
#35200008
1'
02
00
1F
1B
#35205008
0'
#35210008
1'
0B
b1100000110111000 ,
1/
1L
0F
b1100000110111100 @
#35215008
0'
#35220008
1'
0/
b111100001110100011100 K
b111 M
0L
10
1:
b11011000110100001100100011000 7
#35225008
0'
#35230008
1'
0:
#35235008
0'
#35240008
1'
12
#35245008
0'
#35250008
1'
1B
02
00
1F
#35255008
0'
#35260008
1'
0F
b100111000010001 @
1/
b1100000110111100 ,
0B
1L
#35265008
0'
#35270008
1'
0L
0/
b111100001110100011100 7
b111 9
b10000000010000000000000000 K
1:
10
b1110 M
#35275008
0'
#35280008
1'
0:
#35285008
0'
#35290008
1'
12
#35295008
0'
#35300008
1'
1F
02
1B
00
#35305008
0'
#35310008
1'
1/
1L
b100111000010100 @
0B
0F
b100111000010001 ,
#35315008
0'
#35320008
1'
0L
10
b10000000010000000000000000 7
b1110 9
0/
b1111 M
1:
b110000001010000010000000011 K
#35325008
0'
#35330008
1'
0:
#35335008
0'
#35340008
1'
12
#35345008
0'
#35350008
1'
00
02
1B
1F
#35355008
0'
#35360008
1'
0F
1/
b100111000010100 ,
1L
0B
b101000000100001 @
#35365008
0'
#35370008
1'
0/
b10000000010000000000000000 K
b1111 9
b110000001010000010000000011 7
0L
1:
10
b1110 M
#35375008
0'
#35380008
1'
0:
#35385008
0'
#35390008
1'
12
#35395008
0'
#35400008
1'
1F
02
1B
00
#35405008
0'
#35410008
1'
b101000000100001 ,
b101000000100100 @
1/
0B
0F
1?
b1100000110100000 <
1L
#35415008
0'
#35420008
1'
0L
10
b1110 9
b1100000110100000 (
b1111 M
b110000001010000010000000011 K
0>
1+
14
b1100000110100100 <
0/
1:
b10000000010000000000000000 7
#35425008
0'
#35430008
1'
0+
0:
#35435008
0'
#35440008
1'
b11000000100000000100000000 3
16
12
#35445008
0'
#35450008
1'
02
00
1>
1J
06
1F
04
1B
b11000000100000000100000000 G
#35455008
0'
#35460008
1'
0>
b101000000101000 @
1L
b1100000110100100 (
b101000000100100 ,
0B
0F
1+
0J
14
1/
b1100000110101000 <
#35465008
0'
#35470008
1'
b110000001010000010000000011 7
1:
b1111 9
0L
10
b1010000010010000100000000111 K
0/
0+
#35475008
0'
#35480008
1'
0:
16
b111000001100000010100000100 3
#35485008
0'
#35490008
1'
1>
b111000001100000010100000100 G
12
06
04
1J
#35495008
0'
#35500008
1'
0J
b1100000110101000 (
b1100000110101100 <
00
0>
1+
14
1F
1B
02
#35505008
0'
#35510008
1'
1L
b101000000101100 @
0B
b101000000101000 ,
0+
1/
0F
#35515008
0'
#35520008
1'
b1011000010100000100100001000 3
b1010000010010000100000000111 7
0L
10
0/
b1110000011010000110000001011 K
16
1:
#35525008
0'
#35530008
1'
0:
b1011000010100000100100001000 G
1>
1J
06
04
#35535008
0'
#35540008
1'
14
0>
b1100000110101100 (
12
b1100000110110000 <
0J
1+
#35545008
0'
#35550008
1'
0+
02
1F
1B
00
#35555008
0'
#35560008
1'
1L
b1111000011100000110100001100 3
0B
b101000000101100 ,
16
b101000000110000 @
0F
1/
#35565008
0'
#35570008
1'
0/
10
04
b1111000011100000110100001100 G
1:
0L
b1110000011010000110000001011 7
b111 M
1>
1J
b100010001000000001111 K
06
#35575008
0'
#35580008
1'
14
1+
0:
b1100000110110000 (
0J
0>
b1100000110110100 <
#35585008
0'
#35590008
1'
12
0+
#35595008
0'
#35600008
1'
16
00
02
1F
1B
b10011000100100001000100010000 3
#35605008
0'
#35610008
1'
1/
06
04
b10011000100100001000100010000 G
1L
0B
0F
b101000000110000 ,
1>
1J
b1111111101110000 @
#35615008
0'
#35620008
1'
1:
10
b1100000110111000 <
b1111 M
1+
14
0/
b100010001000000001111 7
b111 9
0J
0L
0>
b1100000110110100 (
b11000000100000000100000000 K
#35625008
0'
#35630008
1'
0:
0+
#35635008
0'
#35640008
1'
b10111000101100001010100010100 3
16
12
#35645008
0'
#35650008
1'
02
00
b10111000101100001010100010100 G
04
06
1F
1B
1>
1J
#35655008
0'
#35660008
1'
0J
1+
b1111111101110100 @
b1100000110111100 <
1/
0>
b1100000110111000 (
14
0B
b1111111101110000 ,
0F
1L
#35665008
0'
#35670008
1'
0L
b111000001100000010100000100 K
0+
b11000000100000000100000000 7
10
1:
0/
b1111 9
#35675008
0'
#35680008
1'
b11011000110100001100100011000 3
0:
16
#35685008
0'
#35690008
1'
06
b11011000110100001100100011000 G
1J
12
1>
04
#35695008
0'
#35700008
1'
14
0J
b100111000010001 <
00
1+
0>
1F
02
b1100000110111100 (
1B
#35705008
0'
#35710008
1'
0B
1L
b1111111101111000 @
0+
1/
0F
b1111111101110100 ,
#35715008
0'
#35720008
1'
0L
10
b1000 K
16
b111000001100000010100000100 7
b1 M
1:
b111100001110100011100 3
0/
#35725008
0'
#35730008
1'
1J
04
06
b111100001110100011100 G
0:
1>
#35735008
0'
#35740008
1'
0>
14
b100111000010100 <
0J
b100111000010001 (
1+
12
#35745008
0'
#35750008
1'
02
00
1B
0+
1F
#35755008
0'
#35760008
1'
0F
16
1/
b1111111101111000 ,
1L
0B
b111011000100 @
b10000000010000000000000000 3
#35765008
0'
#35770008
1'
b1000 7
0/
06
10
04
b11000000100000000100000000 K
1>
b1 9
0L
b1111 M
1:
1J
b10000000010000000000000000 G
#35775008
0'
#35780008
1'
0>
b101000000100001 <
14
0J
1+
0:
b100111000010100 (
#35785008
0'
#35790008
1'
12
0+
#35795008
0'
#35800008
1'
b110000001010000010000000011 3
1F
16
00
02
1B
#35805008
0'
#35810008
1'
0B
06
b111011000100 ,
1/
b110000001010000010000000011 G
0F
1>
04
b111011001000 @
1L
1J
#35815008
0'
#35820008
1'
0J
1+
b11000000100000000100000000 7
b101000000100001 (
b101000000100100 <
b111000001100000010100000100 K
0/
0L
14
0>
b1111 9
10
1:
#35825008
0'
#35830008
1'
0:
0+
#35835008
0'
#35840008
1'
16
b10000000010000000000000000 3
12
#35845008
0'
#35850008
1'
02
1J
1F
1B
06
b10000000010000000000000000 G
00
04
1>
#35855008
0'
#35860008
1'
0>
b111011001000 ,
0J
1+
0B
0F
b101000000101000 <
b101000000100100 (
14
1L
1/
b1000000101000001 @
#35865008
0'
#35870008
1'
b10000000010000000000000000 K
0+
b111000001100000010100000100 7
1:
0/
0L
10
b1110 M
#35875008
0'
#35880008
1'
16
b110000001010000010000000011 3
0:
#35885008
0'
#35890008
1'
1>
12
1J
04
b110000001010000010000000011 G
06
#35895008
0'
#35900008
1'
02
b101000000101100 <
0>
1+
1F
1B
0J
00
b101000000101000 (
14
#35905008
0'
#35910008
1'
0F
b1000000101000100 @
b1000000101000001 ,
0+
0B
1L
1/
#35915008
0'
#35920008
1'
0/
16
1:
b1111 M
b10000000010000000000000000 7
b110000001010000010000000011 K
0L
b1010000010010000100000000111 3
10
b1110 9
#35925008
0'
#35930008
1'
04
06
0:
1>
b1010000010010000100000000111 G
1J
#35935008
0'
#35940008
1'
0J
b101000000110000 <
12
14
0>
b101000000101100 (
1+
#35945008
0'
#35950008
1'
0+
1F
02
00
1B
#35955008
0'
#35960008
1'
0B
0F
b1000000101000100 ,
1/
16
b1000000101001000 @
b1110000011010000110000001011 3
1L
#35965008
0'
#35970008
1'
0L
06
b110000001010000010000000011 7
1:
b1111 9
0/
1J
b1010000010010000100000000111 K
04
b1110000011010000110000001011 G
1>
10
#35975008
0'
#35980008
1'
1+
b1111111101110000 <
0:
0>
b101000000110000 (
0J
14
#35985008
0'
#35990008
1'
0+
12
#35995008
0'
#36000008
1'
02
16
1F
1B
00
b100010001000000001111 3
#36005008
0'
#36010008
1'
0B
06
1/
1L
0F
04
b1000000101001000 ,
1>
1J
b1000000101001100 @
b100010001000000001111 G
#36015008
0'
#36020008
1'
14
b1010000010010000100000000111 7
0L
0/
b1111111101110100 <
10
b1110000011010000110000001011 K
1+
1:
0J
0>
b1111111101110000 (
#36025008
0'
#36030008
1'
0:
0+
#36035008
0'
#36040008
1'
16
b11000000100000000100000000 3
12
#36045008
0'
#36050008
1'
02
b11000000100000000100000000 G
06
1B
04
1F
00
1>
1J
#36055008
0'
#36060008
1'
0J
14
1/
b1111111101110100 (
0B
1L
0>
1+
b1000000101010000 @
b1111111101111000 <
b1000000101001100 ,
0F
#36065008
0'
#36070008
1'
0/
b1110000011010000110000001011 7
0+
0L
b10010000100010001000000001111 K
10
1:
#36075008
0'
#36080008
1'
0:
b111000001100000010100000100 3
16
#36085008
0'
#36090008
1'
06
04
b111000001100000010100000100 G
12
1J
1>
#36095008
0'
#36100008
1'
0>
02
1B
14
b1111111101111000 (
1F
0J
00
1+
b111011000100 <
#36105008
0'
#36110008
1'
1/
0B
0+
b1000000101010000 ,
0F
1L
b1000000101010100 @
#36115008
0'
#36120008
1'
b1000 3
16
0/
1:
0L
b10010000100010001000000001111 7
b10110000101010001010000010011 K
10
#36125008
0'
#36130008
1'
1>
b1000 G
06
04
0:
1J
#36135008
0'
#36140008
1'
0J
12
b111011000100 (
0>
b111011001000 <
14
1+
#36145008
0'
#36150008
1'
0+
00
02
1B
1F
#36155008
0'
#36160008
1'
0F
16
1/
b1000000101011000 @
b11000000100000000100000000 3
0B
1L
b1000000101010100 ,
#36165008
0'
#36170008
1'
10
06
1>
1J
0/
b11000000100000000100000000 G
0L
04
b11010000110010001100000010111 K
1:
b10110000101010001010000010011 7
#36175008
0'
#36180008
1'
0J
0>
1+
b111011001000 (
0:
14
0?
#36185008
0'
#36190008
1'
0+
12
#36195008
0'
#36200008
1'
02
16
1F
00
1B
b111000001100000010100000100 3
#36205008
0'
#36210008
1'
0F
b1000000101011100 @
06
1/
b1000000101011000 ,
1>
1J
0B
b111000001100000010100000100 G
1L
04
#36215008
0'
#36220008
1'
b11010000110010001100000010111 7
0/
0L
0J
10
b11110000111010001110000011011 K
1:
#36225008
0'
#36230008
1'
0:
#36235008
0'
#36240008
1'
12
#36245008
0'
#36250008
1'
02
1F
1B
00
#36255008
0'
#36260008
1'
b1000000101100000 @
b1000000101011100 ,
0B
1/
0F
1L
#36265008
0'
#36270008
1'
0L
10
1:
b11110000111010001110000011011 7
b1 M
b11111 K
0/
#36275008
0'
#36280008
1'
0:
#36285008
0'
#36290008
1'
12
#36295008
0'
#36300008
1'
02
00
1F
1B
#36305008
0'
#36310008
1'
0B
1L
b11101011001110 @
1/
0F
b1000000101100000 ,
#36315008
0'
#36320008
1'
1:
b11111 7
0L
b1 9
0/
b0 K
10
b100 M
#36325008
0'
#36330008
1'
0:
#36335008
0'
#36340008
1'
12
#36345008
0'
#36350008
1'
02
1B
00
1F
#36355008
0'
#36360008
1'
0F
1L
b11101011001110 ,
b1011010000010101 @
0B
1/
#36365008
0'
#36370008
1'
0/
0L
b1110 M
b0 7
1:
10
b100 9
b10000000010000000000000000 K
#36375008
0'
#36380008
1'
1?
0:
b1000000101000001 <
#36385008
0'
#36390008
1'
b1000000101000100 <
0>
12
14
b1000000101000001 (
1+
#36395008
0'
#36400008
1'
0+
02
1F
1B
00
#36405008
0'
#36410008
1'
b10000000010000000000000000 3
b1011010000010101 ,
16
1/
1L
0B
0F
b1011010000011000 @
#36415008
0'
#36420008
1'
0/
b10000000010000000000000000 7
10
06
1>
b11 K
b1 M
1:
b1110 9
0L
b10000000010000000000000000 G
04
1J
#36425008
0'
#36430008
1'
0J
1+
0>
b1000000101001000 <
14
b1000000101000100 (
0:
#36435008
0'
#36440008
1'
12
0+
#36445008
0'
#36450008
1'
b110000001010000010000000011 3
02
16
00
1F
1B
#36455008
0'
#36460008
1'
0B
1>
1/
b111000110000000 @
06
1J
b1011010000011000 ,
0F
04
b110000001010000010000000011 G
1L
#36465008
0'
#36470008
1'
0L
0J
1+
0>
1:
b11000000100000000100000000 K
b11 7
0/
b1000000101001000 (
b1000000101001100 <
b1111 M
14
10
b1 9
#36475008
0'
#36480008
1'
0+
0:
#36485008
0'
#36490008
1'
16
12
b1010000010010000100000000111 3
#36495008
0'
#36500008
1'
1>
1J
1B
02
06
00
b1010000010010000100000000111 G
04
1F
#36505008
0'
#36510008
1'
0F
0>
1L
0B
0J
1+
b111000110000100 @
14
b1000000101001100 (
1/
b1000000101010000 <
b111000110000000 ,
#36515008
0'
#36520008
1'
0+
b1111 9
b11000000100000000100000000 7
0L
1:
b111000001100000010100000100 K
0/
10
#36525008
0'
#36530008
1'
0:
b1110000011010000110000001011 3
16
#36535008
0'
#36540008
1'
06
12
1J
1>
04
b1110000011010000110000001011 G
#36545008
0'
#36550008
1'
0J
00
1F
1+
02
1B
14
0>
b1000000101010000 (
b1000000101010100 <
#36555008
0'
#36560008
1'
b111000110000100 ,
0+
1L
0F
1/
b111000110001000 @
0B
#36565008
0'
#36570008
1'
10
1:
0L
16
b111000001100000010100000100 7
b10010000100010001000000001111 3
0/
b1011000010100000100100001000 K
#36575008
0'
#36580008
1'
06
b10010000100010001000000001111 G
1J
0:
1>
04
#36585008
0'
#36590008
1'
14
0J
12
b1000000101011000 <
1+
0>
b1000000101010100 (
#36595008
0'
#36600008
1'
1B
02
00
0+
1F
#36605008
0'
#36610008
1'
0F
16
0B
1L
b111000110001000 ,
b111000110001100 @
b10110000101010001010000010011 3
1/
#36615008
0'
#36620008
1'
0/
0L
1J
04
b1111000011100000110100001100 K
b10110000101010001010000010011 G
06
10
1>
1:
b1011000010100000100100001000 7
#36625008
0'
#36630008
1'
0J
b1000000101011000 (
b1000000101011100 <
14
0:
1+
0>
#36635008
0'
#36640008
1'
12
0+
#36645008
0'
#36650008
1'
1B
1F
02
16
b11010000110010001100000010111 3
00
#36655008
0'
#36660008
1'
b11010000110010001100000010111 G
1J
1L
1/
0B
1>
0F
04
06
b111000110010000 @
b111000110001100 ,
#36665008
0'
#36670008
1'
b1000000101100000 <
0J
10
b1111000011100000110100001100 7
0/
0L
b1000000101011100 (
1+
b10011000100100001000100010000 K
0>
1:
14
#36675008
0'
#36680008
1'
0+
0:
#36685008
0'
#36690008
1'
b11110000111010001110000011011 3
12
16
#36695008
0'
#36700008
1'
04
1B
1J
b11110000111010001110000011011 G
00
06
02
1>
1F
#36705008
0'
#36710008
1'
0F
0B
b11101011001110 <
b111000110010000 ,
14
0J
b1000000101100000 (
1L
1/
0>
1+
b111000110010100 @
#36715008
0'
#36720008
1'
0L
1:
b10011000100100001000100010000 7
0+
0/
10
b10111000101100001010100010100 K
#36725008
0'
#36730008
1'
0:
16
b11111 3
#36735008
0'
#36740008
1'
b11111 G
1J
04
06
1>
12
#36745008
0'
#36750008
1'
02
b1011010000010101 <
1B
1F
0J
b11101011001110 (
0>
14
1+
00
#36755008
0'
#36760008
1'
b111000110011000 @
0F
0B
b111000110010100 ,
1L
0+
1/
#36765008
0'
#36770008
1'
0/
10
b0 3
b1100100011000 K
b10111000101100001010100010100 7
0L
16
1:
b11 M
#36775008
0'
#36780008
1'
1J
b0 G
0:
1>
06
04
#36785008
0'
#36790008
1'
14
b1011010000011000 <
12
0J
1+
b1011010000010101 (
0>
#36795008
0'
#36800008
1'
02
00
1B
1F
0+
#36805008
0'
#36810008
1'
0B
b10000000010000000000000000 3
1/
b1010111101110100 @
b111000110011000 ,
0F
16
1L
#36815008
0'
#36820008
1'
0L
1>
04
b1111 M
0/
10
b11 9
06
1J
b10000000010000000000000000 G
1:
b11000000100000000100000000 K
b1100100011000 7
#36825008
0'
#36830008
1'
1+
0>
14
0?
0:
0J
b1011010000011000 (
#36835008
0'
#36840008
1'
0+
12
#36845008
0'
#36850008
1'
02
00
1B
b11 3
16
1F
#36855008
0'
#36860008
1'
0F
0B
1>
b1010111101111000 @
1L
1/
06
1J
b1010111101110100 ,
04
b11 G
#36865008
0'
#36870008
1'
0L
b11000000100000000100000000 7
10
b111000001100000010100000100 K
0/
b1111 9
1:
0J
#36875008
0'
#36880008
1'
b111000110000000 <
0:
1?
#36885008
0'
#36890008
1'
0>
12
1+
b111000110000000 (
14
b111000110000100 <
#36895008
0'
#36900008
1'
0+
1B
1F
02
00
#36905008
0'
#36910008
1'
0F
0B
1L
b1010111101111100 @
16
b1010111101111000 ,
b11000000100000000100000000 3
1/
#36915008
0'
#36920008
1'
0/
10
b111000001100000010100000100 7
b11000000100000000100000000 G
0L
1>
1J
04
1:
b1011000010100000100100001000 K
06
#36925008
0'
#36930008
1'
0>
1+
b111000110001000 <
14
0J
0:
b111000110000100 (
#36935008
0'
#36940008
1'
0+
12
#36945008
0'
#36950008
1'
02
00
16
1B
1F
b111000001100000010100000100 3
#36955008
0'
#36960008
1'
0B
1/
1>
06
1L
b111000001100000010100000100 G
0F
1J
04
b1010111110000000 @
b1010111101111100 ,
#36965008
0'
#36970008
1'
0L
b111000110001000 (
0/
10
0>
b1011000010100000100100001000 7
1+
b111000110001100 <
1:
b1111000011100000110100001100 K
14
0J
#36975008
0'
#36980008
1'
0+
0:
#36985008
0'
#36990008
1'
12
b1011000010100000100100001000 3
16
#36995008
0'
#37000008
1'
06
1J
1B
1>
02
00
04
1F
b1011000010100000100100001000 G
#37005008
0'
#37010008
1'
b1010111110000000 ,
0J
0>
0B
1L
1/
b111000110001100 (
0F
b1010111110000100 @
b111000110010000 <
14
1+
#37015008
0'
#37020008
1'
0+
0/
0L
1:
b1111000011100000110100001100 7
10
b10011000100100001000100010000 K
#37025008
0'
#37030008
1'
b1111000011100000110100001100 3
16
0:
#37035008
0'
#37040008
1'
12
b1111000011100000110100001100 G
1J
1>
06
04
#37045008
0'
#37050008
1'
14
0J
1+
02
1B
0>
1F
b111000110010000 (
00
b111000110010100 <
#37055008
0'
#37060008
1'
1/
0+
b1010111110000100 ,
0B
1L
0F
b1010111110001000 @
#37065008
0'
#37070008
1'
b10011000100100001000100010000 3
b10111000101100001010100010100 K
1:
0/
16
10
0L
b10011000100100001000100010000 7
#37075008
0'
#37080008
1'
0:
b10011000100100001000100010000 G
1J
04
1>
06
#37085008
0'
#37090008
1'
b111000110011000 <
12
0J
1+
0>
14
b111000110010100 (
#37095008
0'
#37100008
1'
02
1F
0+
1B
00
#37105008
0'
#37110008
1'
16
b10111000101100001010100010100 3
b1010111110001100 @
0B
b1010111110001000 ,
1L
1/
0F
#37115008
0'
#37120008
1'
b10111000101100001010100010100 7
06
1J
10
b11011000110100001100100011000 K
b10111000101100001010100010100 G
1:
0/
04
0L
1>
#37125008
0'
#37130008
1'
0>
0?
b111000110011000 (
0J
0:
14
1+
#37135008
0'
#37140008
1'
0+
12
#37145008
0'
#37150008
1'
02
b1100100011000 3
16
1F
00
1B
#37155008
0'
#37160008
1'
0B
0F
b1100100011000 G
06
1>
b1010111110001100 ,
1L
b1010111110010000 @
04
1/
1J
#37165008
0'
#37170008
1'
0J
b11011000110100001100100011000 7
b1110100011100 K
b11 M
0/
10
0L
1:
#37175008
0'
#37180008
1'
0:
#37185008
0'
#37190008
1'
12
#37195008
0'
#37200008
1'
02
1B
1F
00
#37205008
0'
#37210008
1'
0B
0F
b1010111110010000 ,
1L
1/
b110111001000111 @
#37215008
0'
#37220008
1'
10
1:
b0 K
b1110100011100 7
0/
b1000 M
0L
b11 9
#37225008
0'
#37230008
1'
0:
#37235008
0'
#37240008
1'
12
#37245008
0'
#37250008
1'
02
00
1B
1F
#37255008
0'
#37260008
1'
0F
b110111001001000 @
0B
1L
1/
b110111001000111 ,
#37265008
0'
#37270008
1'
b100000000110000001000000001 K
1:
b1000 9
0/
b0 7
0L
b1111 M
10
#37275008
0'
#37280008
1'
0:
#37285008
0'
#37290008
1'
12
#37295008
0'
#37300008
1'
02
1F
00
1B
#37305008
0'
#37310008
1'
0B
0F
b110111001001000 ,
b110111001001100 @
1/
1L
#37315008
0'
#37320008
1'
0L
1:
b1000000001110000011000000101 K
0/
10
b1111 9
b100000000110000001000000001 7
#37325008
0'
#37330008
1'
0:
b1010111101110100 <
1?
#37335008
0'
#37340008
1'
b1010111101110100 (
b1010111101111000 <
12
1+
0>
14
#37345008
0'
#37350008
1'
1F
1B
02
0+
00
#37355008
0'
#37360008
1'
0F
16
b11000000100000000100000000 3
1L
1/
0B
b110111001010000 @
b110111001001100 ,
#37365008
0'
#37370008
1'
b1000000001110000011000000101 7
10
04
06
1J
b11000000100000000100000000 G
1:
1>
b1100000010110000101000001001 K
0/
0L
#37375008
0'
#37380008
1'
0J
14
b1010111101111100 <
b1010111101111000 (
0:
1+
0>
#37385008
0'
#37390008
1'
0+
12
#37395008
0'
#37400008
1'
b111000001100000010100000100 3
1F
00
16
02
1B
#37405008
0'
#37410008
1'
0B
b111000001100000010100000100 G
1>
b110111001010000 ,
0F
04
1L
1J
1/
b110111001010100 @
06
#37415008
0'
#37420008
1'
0L
10
b1100000010110000101000001001 7
14
0>
b1010111110000000 <
0J
b1010111101111100 (
0/
1:
1+
b10000000011110000111000001101 K
#37425008
0'
#37430008
1'
0+
0:
#37435008
0'
#37440008
1'
16
b1011000010100000100100001000 3
12
#37445008
0'
#37450008
1'
02
1>
b1011000010100000100100001000 G
1B
06
00
04
1F
1J
#37455008
0'
#37460008
1'
0J
14
0>
1L
b110111001010100 ,
0B
0F
b110111001011000 @
b1010111110000100 <
1+
1/
b1010111110000000 (
#37465008
0'
#37470008
1'
b1001000010001 K
0L
10
b10000000011110000111000001101 7
0/
1:
0+
b11 M
#37475008
0'
#37480008
1'
16
0:
b1111000011100000110100001100 3
#37485008
0'
#37490008
1'
04
1J
12
b1111000011100000110100001100 G
1>
06
#37495008
0'
#37500008
1'
14
b1010111110000100 (
02
0J
00
0>
1F
1B
1+
b1010111110001000 <
#37505008
0'
#37510008
1'
b110111001011000 ,
1L
0+
0B
1/
0F
b1110011110110110 @
#37515008
0'
#37520008
1'
16
b10011000100100001000100010000 3
b1100 M
b1000000000000000000000000 K
b1001000010001 7
10
b11 9
0/
0L
1:
#37525008
0'
#37530008
1'
0:
1J
b10011000100100001000100010000 G
06
04
1>
#37535008
0'
#37540008
1'
0>
b1010111110001100 <
12
0J
b1010111110001000 (
14
1+
#37545008
0'
#37550008
1'
0+
02
1F
00
1B
#37555008
0'
#37560008
1'
0B
16
b1110011110111000 @
b10111000101100001010100010100 3
b1110011110110110 ,
1L
0F
1/
#37565008
0'
#37570008
1'
0/
b1111 M
1J
1:
06
b10111000101100001010100010100 G
1>
10
b1000000000000000000000000 7
04
b101000001000000001100000010 K
0L
b1100 9
#37575008
0'
#37580008
1'
0J
1+
0:
b1010111110010000 <
0>
14
b1010111110001100 (
#37585008
0'
#37590008
1'
0+
12
#37595008
0'
#37600008
1'
02
b11011000110100001100100011000 3
1B
16
1F
00
#37605008
0'
#37610008
1'
0B
b11011000110100001100100011000 G
1/
b1110011110111100 @
1J
0F
06
1L
04
1>
b1110011110111000 ,
#37615008
0'
#37620008
1'
10
0?
0/
b1010111110010000 (
b1111 9
1:
0>
0J
1+
b101000001000000001100000010 7
14
b1001000010000000011100000110 K
0L
#37625008
0'
#37630008
1'
1?
0:
0+
b110111001000111 <
#37635008
0'
#37640008
1'
12
b1110100011100 3
16
#37645008
0'
#37650008
1'
06
1B
02
00
b1110100011100 G
1F
1J
1>
04
#37655008
0'
#37660008
1'
14
b1011001011110 @
b110111001001000 <
b1110011110111100 ,
1L
b110111001000111 (
0B
1/
0>
0F
0J
1+
#37665008
0'
#37670008
1'
0+
10
b1100 M
0L
0/
b1000000000000000000000000 K
1:
b1001000010000000011100000110 7
#37675008
0'
#37680008
1'
16
0:
b0 3
#37685008
0'
#37690008
1'
04
12
06
1J
b0 G
1>
#37695008
0'
#37700008
1'
0>
1B
1+
14
00
b110111001001100 <
b110111001001000 (
02
0J
1F
#37705008
0'
#37710008
1'
0F
b1011001100000 @
0+
0B
b1011001011110 ,
1L
1/
#37715008
0'
#37720008
1'
0/
b100000000110000001000000001 3
b1111 M
b1100 9
10
b1000000000000000000000000 7
0L
1:
16
b101000001000000001100000010 K
#37725008
0'
#37730008
1'
1>
04
06
1J
b100000000110000001000000001 G
0:
#37735008
0'
#37740008
1'
b110111001010000 <
0>
1+
14
0J
12
b110111001001100 (
#37745008
0'
#37750008
1'
1B
00
1F
02
0+
#37755008
0'
#37760008
1'
b1000000001110000011000000101 3
1/
0B
b1011001100100 @
1L
16
0F
b1011001100000 ,
#37765008
0'
#37770008
1'
1:
b11100000110 K
10
0/
1>
b11 M
b1111 9
b1000000001110000011000000101 G
b101000001000000001100000010 7
06
0L
1J
04
#37775008
0'
#37780008
1'
14
0:
1+
b110111001010000 (
0>
b110111001010100 <
0J
#37785008
0'
#37790008
1'
0+
12
#37795008
0'
#37800008
1'
02
1B
00
b1100000010110000101000001001 3
1F
16
#37805008
0'
#37810008
1'
06
1>
04
b1011001100100 ,
0B
1J
1/
0F
b10000111101111 @
b1100000010110000101000001001 G
1L
#37815008
0'
#37820008
1'
0L
0J
10
0>
1:
b1000 M
14
b110111001010100 (
b0 K
0/
1+
b110111001011000 <
b11 9
b11100000110 7
#37825008
0'
#37830008
1'
0:
0+
#37835008
0'
#37840008
1'
16
12
b10000000011110000111000001101 3
#37845008
0'
#37850008
1'
1>
1J
00
06
04
1B
02
b10000000011110000111000001101 G
1F
#37855008
0'
#37860008
1'
0F
14
1+
0>
b110111001011000 (
1L
0J
b10000111101111 ,
0B
1/
b1110011110110110 <
b10000111110000 @
#37865008
0'
#37870008
1'
0+
0L
10
b1111 M
b0 7
b1000 9
b100000000110000001000000001 K
0/
1:
#37875008
0'
#37880008
1'
0:
b1001000010001 3
16
#37885008
0'
#37890008
1'
06
1>
04
1J
b1001000010001 G
12
#37895008
0'
#37900008
1'
02
14
0>
1F
00
1+
b1110011110110110 (
b1110011110111000 <
0J
1B
#37905008
0'
#37910008
1'
0B
0+
b10000111110100 @
0F
1L
b10000111110000 ,
1/
#37915008
0'
#37920008
1'
0/
b1000000000000000000000000 3
16
1:
10
0L
b100000000110000001000000001 7
b1000000001110000011000000101 K
b1111 9
#37925008
0'
#37930008
1'
0:
04
06
1>
b1000000000000000000000000 G
1J
#37935008
0'
#37940008
1'
0J
12
14
1+
0>
b1110011110111100 <
b1110011110111000 (
#37945008
0'
#37950008
1'
1F
1B
02
00
0+
#37955008
0'
#37960008
1'
0B
1/
16
0F
b10000111111000 @
b101000001000000001100000010 3
b10000111110100 ,
1L
#37965008
0'
#37970008
1'
0L
04
0/
1:
b1 M
06
1J
10
b101000001000000001100000010 G
b1001 K
b1000000001110000011000000101 7
1>
#37975008
0'
#37980008
1'
0>
b1110011110111100 (
1+
14
0:
0J
b1011001011110 <
#37985008
0'
#37990008
1'
0+
12
#37995008
0'
#38000008
1'
02
1B
16
1F
00
b1001000010000000011100000110 3
#38005008
0'
#38010008
1'
06
b1101111110010100 @
1>
04
0B
1L
1/
b10000111111000 ,
0F
1J
b1001000010000000011100000110 G
#38015008
0'
#38020008
1'
0L
b1 9
0>
b1011001100000 <
b1111 M
14
b1011001011110 (
0J
10
1+
1:
b1001 7
0/
b11000000100000000100000000 K
#38025008
0'
#38030008
1'
0+
0:
#38035008
0'
#38040008
1'
b1000000000000000000000000 3
12
16
#38045008
0'
#38050008
1'
06
02
04
b1000000000000000000000000 G
1B
1>
00
1J
1F
#38055008
0'
#38060008
1'
0F
0B
b1101111110011000 @
1L
14
b1011001100100 <
0J
0>
b1011001100000 (
1/
1+
b1101111110010100 ,
#38065008
0'
#38070008
1'
b111000001100000010100000100 K
0L
b1111 9
0+
1:
0/
10
b11000000100000000100000000 7
#38075008
0'
#38080008
1'
16
b101000001000000001100000010 3
0:
#38085008
0'
#38090008
1'
06
12
04
b101000001000000001100000010 G
1>
1J
#38095008
0'
#38100008
1'
0J
14
1F
02
1B
0>
00
1+
0?
b1011001100100 (
#38105008
0'
#38110008
1'
b1101111110011000 ,
0F
1L
b1101111110011100 @
0+
0B
1/
#38115008
0'
#38120008
1'
0/
1:
b111000001100000010100000100 7
16
0L
b10100000100100001000 K
b111 M
b11100000110 3
10
#38125008
0'
#38130008
1'
0:
1J
06
04
b11100000110 G
1>
#38135008
0'
#38140008
1'
12
0J
b10000111101111 <
1?
#38145008
0'
#38150008
1'
0>
b10000111101111 (
00
02
1F
b10000111110000 <
1B
14
1+
#38155008
0'
#38160008
1'
0+
1/
1L
b1101111110011100 ,
0F
0B
b1001011100111000 @
#38165008
0'
#38170008
1'
0L
16
b11000000100000000100000000 K
0/
10
b10100000100100001000 7
1:
b0 3
b111 9
b1111 M
#38175008
0'
#38180008
1'
1>
06
0:
04
b0 G
1J
#38185008
0'
#38190008
1'
0J
12
0>
b10000111110000 (
1+
14
b10000111110100 <
#38195008
0'
#38200008
1'
00
02
1B
0+
1F
#38205008
0'
#38210008
1'
0F
b1100100010000011 @
1L
1/
16
0B
b100000000110000001000000001 3
b1001011100111000 ,
#38215008
0'
#38220008
1'
0L
b1000 M
b11000000100000000100000000 7
1>
1J
b0 K
10
b1111 9
04
1:
0/
06
b100000000110000001000000001 G
#38225008
0'
#38230008
1'
b10000111110100 (
0J
0>
b10000111111000 <
1+
0:
14
#38235008
0'
#38240008
1'
0+
12
#38245008
0'
#38250008
1'
1F
02
16
00
b1000000001110000011000000101 3
1B
#38255008
0'
#38260008
1'
0B
04
b1000000001110000011000000101 G
b1100100010000011 ,
1L
1>
b1100100010000100 @
1J
06
0F
1/
#38265008
0'
#38270008
1'
0/
14
b100000000110000001000000001 K
0>
b0 7
b1111 M
0L
b10000111111000 (
0J
b1000 9
1+
1:
10
b1101111110010100 <
#38275008
0'
#38280008
1'
0:
0+
#38285008
0'
#38290008
1'
b1001 3
12
16
#38295008
0'
#38300008
1'
b1001 G
1B
04
1>
06
02
1F
1J
00
#38305008
0'
#38310008
1'
14
b1101111110011000 <
1/
b1100100010001000 @
1L
0B
b1100100010000100 ,
0J
0>
1+
b1101111110010100 (
0F
#38315008
0'
#38320008
1'
0/
10
0L
b1000000001110000011000000101 K
b100000000110000001000000001 7
0+
1:
b1111 9
#38325008
0'
#38330008
1'
0:
16
b11000000100000000100000000 3
#38335008
0'
#38340008
1'
04
b11000000100000000100000000 G
06
1>
1J
12
#38345008
0'
#38350008
1'
02
1B
b1101111110011100 <
1F
14
00
0J
0>
1+
b1101111110011000 (
#38355008
0'
#38360008
1'
0B
0F
1/
b1100100010001100 @
1L
0+
b1100100010001000 ,
#38365008
0'
#38370008
1'
b1100000010110000101000001001 K
0/
0L
b111000001100000010100000100 3
16
10
1:
b1000000001110000011000000101 7
#38375008
0'
#38380008
1'
04
0:
b111000001100000010100000100 G
1>
1J
06
#38385008
0'
#38390008
1'
b1101111110011100 (
12
b1001011100111000 <
0J
14
1+
0>
#38395008
0'
#38400008
1'
02
1B
1F
0+
00
#38405008
0'
#38410008
1'
16
b1100100010001100 ,
0B
b1100100010010000 @
1L
1/
0F
b10100000100100001000 3
#38415008
0'
#38420008
1'
10
1>
b1100000010110000101000001001 7
06
b10000000011110000111000001101 K
1J
0/
04
1:
0L
b10100000100100001000 G
#38425008
0'
#38430008
1'
0?
b1001011100111000 (
0>
1+
0:
0J
14
#38435008
0'
#38440008
1'
12
0+
#38445008
0'
#38450008
1'
16
00
1B
b11000000100000000100000000 3
02
1F
#38455008
0'
#38460008
1'
0F
0B
b11000000100000000100000000 G
06
04
b1100100010010000 ,
1L
b1100100010010100 @
1J
1>
1/
#38465008
0'
#38470008
1'
0/
10
b10000000011110000111000001101 7
0J
0L
b10100000100110001001000010001 K
1:
#38475008
0'
#38480008
1'
0:
#38485008
0'
#38490008
1'
12
#38495008
0'
#38500008
1'
00
1B
1F
02
#38505008
0'
#38510008
1'
0B
1/
0F
b1100100010010100 ,
1L
b1100100010011000 @
#38515008
0'
#38520008
1'
1:
10
b111 M
0L
0/
b101110001011000010101 K
b10100000100110001001000010001 7
#38525008
0'
#38530008
1'
0:
#38535008
0'
#38540008
1'
12
#38545008
0'
#38550008
1'
02
00
1B
1F
#38555008
0'
#38560008
1'
0F
b100111110101100 @
0B
1L
b1100100010011000 ,
1/
#38565008
0'
#38570008
1'
0/
1:
10
b111 9
b101110001011000010101 7
b1111 M
0L
b11000000100000000100000000 K
#38575008
0'
#38580008
1'
0:
#38585008
0'
#38590008
1'
12
#38595008
0'
#38600008
1'
02
1F
00
1B
#38605008
0'
#38610008
1'
0B
0F
1/
b100111110101100 ,
b100111110110000 @
1L
#38615008
0'
#38620008
1'
0L
b111000001100000010100000100 K
b1111 9
1:
0/
10
b11000000100000000100000000 7
#38625008
0'
#38630008
1'
1?
0:
b1100100010000011 <
#38635008
0'
#38640008
1'
b1100100010000100 <
1+
14
12
b1100100010000011 (
0>
#38645008
0'
#38650008
1'
02
1F
1B
0+
00
#38655008
0'
#38660008
1'
0B
1L
0F
16
b100111110110100 @
b0 3
1/
b100111110110000 ,
#38665008
0'
#38670008
1'
1>
10
0L
b111000001100000010100000100 7
b0 G
04
b100100001000 K
0/
06
1:
b11 M
1J
#38675008
0'
#38680008
1'
0J
14
b1100100010001000 <
0>
1+
b1100100010000100 (
0:
#38685008
0'
#38690008
1'
12
0+
#38695008
0'
#38700008
1'
1F
00
1B
02
b100000000110000001000000001 3
16
#38705008
0'
#38710008
1'
06
1J
b100111110110100 ,
0F
04
b100000000110000001000000001 G
1L
1>
b101100001000100 @
0B
1/
#38715008
0'
#38720008
1'
0/
1:
1+
b1100100010001100 <
b11 9
14
0J
10
b100100001000 7
b1 M
b0 K
b1100100010001000 (
0>
0L
#38725008
0'
#38730008
1'
0+
0:
#38735008
0'
#38740008
1'
16
b1000000001110000011000000101 3
12
#38745008
0'
#38750008
1'
02
b1000000001110000011000000101 G
00
1J
04
1F
1>
1B
06
#38755008
0'
#38760008
1'
14
1+
1L
1/
0J
b1100100010010000 <
b101100001000100 ,
0B
0F
0>
b1100100010001100 (
b1111001011000111 @
#38765008
0'
#38770008
1'
1:
0+
0/
0L
b1 9
10
b0 7
b1000 M
#38775008
0'
#38780008
1'
16
0:
b1100000010110000101000001001 3
#38785008
0'
#38790008
1'
12
04
06
1J
b1100000010110000101000001001 G
1>
#38795008
0'
#38800008
1'
0>
0J
b1100100010010100 <
02
1+
14
b1100100010010000 (
1F
1B
00
#38805008
0'
#38810008
1'
0+
b1111001011001000 @
1L
1/
0B
b1111001011000111 ,
0F
#38815008
0'
#38820008
1'
0L
10
b10000000011110000111000001101 3
b1000 9
b1111 M
16
0/
1:
b100000000110000001000000001 K
#38825008
0'
#38830008
1'
1>
1J
0:
b10000000011110000111000001101 G
04
06
#38835008
0'
#38840008
1'
0>
12
1+
b1100100010011000 <
14
0J
b1100100010010100 (
#38845008
0'
#38850008
1'
00
1F
0+
02
1B
#38855008
0'
#38860008
1'
0B
b10100000100110001001000010001 3
1L
0F
16
b1111001011001100 @
b1111001011001000 ,
1/
#38865008
0'
#38870008
1'
0/
06
b1000000001110000011000000101 K
0L
b1111 9
10
1>
b100000000110000001000000001 7
1J
04
b10100000100110001001000010001 G
1:
#38875008
0'
#38880008
1'
0:
b1100100010011000 (
1+
b100111110101100 <
14
0>
0J
#38885008
0'
#38890008
1'
12
0+
#38895008
0'
#38900008
1'
1B
00
16
1F
b101110001011000010101 3
02
#38905008
0'
#38910008
1'
0F
1J
1/
06
0B
1L
1>
b101110001011000010101 G
b1111001011001100 ,
04
b1111001011010000 @
#38915008
0'
#38920008
1'
1:
b100111110101100 (
0J
10
0/
b1100000010110000101000001001 K
14
0>
0L
1+
b100111110110000 <
b1000000001110000011000000101 7
#38925008
0'
#38930008
1'
0:
0+
#38935008
0'
#38940008
1'
12
16
b11000000100000000100000000 3
#38945008
0'
#38950008
1'
1F
1B
02
00
1J
06
04
b11000000100000000100000000 G
1>
#38955008
0'
#38960008
1'
0>
1/
b1111001011010100 @
1+
0F
0B
b100111110110000 (
0J
14
b100111110110100 <
b1111001011010000 ,
1L
#38965008
0'
#38970008
1'
0L
0/
10
b1100000010110000101000001001 7
0+
1:
b10000000011110000111000001101 K
#38975008
0'
#38980008
1'
b111000001100000010100000100 3
0:
16
#38985008
0'
#38990008
1'
06
1>
12
b111000001100000010100000100 G
1J
04
#38995008
0'
#39000008
1'
14
0>
1B
00
1F
0J
1+
b100111110110100 (
02
b101100001000100 <
#39005008
0'
#39010008
1'
1L
0B
1/
b1111001011011000 @
0F
b1111001011010100 ,
0+
#39015008
0'
#39020008
1'
10
b10100000100110001001000010001 K
b10000000011110000111000001101 7
0/
16
0L
1:
b100100001000 3
#39025008
0'
#39030008
1'
06
04
1>
0:
b100100001000 G
1J
#39035008
0'
#39040008
1'
0J
14
1+
0?
12
0>
b101100001000100 (
#39045008
0'
#39050008
1'
00
1B
0+
02
1F
#39055008
0'
#39060008
1'
0F
b0 3
1/
16
b1111001011011000 ,
b1111001011011100 @
0B
1L
#39065008
0'
#39070008
1'
0L
0/
1J
04
10
b11000000101110001011000010101 K
b10100000100110001001000010001 7
06
1>
b0 G
1:
#39075008
0'
#39080008
1'
0:
0J
#39085008
0'
#39090008
1'
12
#39095008
0'
#39100008
1'
00
1F
02
1B
#39105008
0'
#39110008
1'
0B
1/
1L
0F
b1111001011011100 ,
b1111001011100000 @
#39115008
0'
#39120008
1'
0/
b111 M
b110110001101000011001 K
10
1:
b11000000101110001011000010101 7
0L
#39125008
0'
#39130008
1'
0:
#39135008
0'
#39140008
1'
12
#39145008
0'
#39150008
1'
00
1B
02
1F
#39155008
0'
#39160008
1'
0F
b1110001 @
1L
1/
b1111001011100000 ,
0B
#39165008
0'
#39170008
1'
0L
10
b10000000010000000000000000 K
b1110 M
b111 9
1:
0/
b110110001101000011001 7
#39175008
0'
#39180008
1'
0:
#39185008
0'
#39190008
1'
12
#39195008
0'
#39200008
1'
1B
1F
00
02
#39205008
0'
#39210008
1'
0F
b1110100 @
0B
1L
b1110001 ,
1/
#39215008
0'
#39220008
1'
0/
b1111 M
b10000000010000000000000000 7
b110000001010000010000000011 K
10
1:
0L
b1110 9
#39225008
0'
#39230008
1'
0:
#39235008
0'
#39240008
1'
b1111001011000111 <
12
1?
#39245008
0'
#39250008
1'
b1111001011001000 <
1B
b1111001011000111 (
1F
14
02
0>
1+
00
#39255008
0'
#39260008
1'
0F
1/
b1111000 @
0B
0+
b1110100 ,
1L
#39265008
0'
#39270008
1'
0L
10
b1111 9
b110000001010000010000000011 7
0/
b1010000010010000100000000111 K
16
1:
#39275008
0'
#39280008
1'
0:
1J
06
04
1>
#39285008
0'
#39290008
1'
0>
b1111001011001100 <
b1111001011001000 (
14
1+
0J
12
#39295008
0'
#39300008
1'
02
00
1F
1B
0+
#39305008
0'
#39310008
1'
b1111100 @
1L
b100000000110000001000000001 3
0B
1/
b1111000 ,
0F
16
#39315008
0'
#39320008
1'
06
0L
b1010000010010000100000000111 7
10
1:
1>
b100000000110000001000000001 G
1J
0/
b1110000011010000110000001011 K
04
#39325008
0'
#39330008
1'
14
0:
1+
b1111001011010000 <
0>
0J
b1111001011001100 (
#39335008
0'
#39340008
1'
0+
12
#39345008
0'
#39350008
1'
02
16
00
1B
1F
b1000000001110000011000000101 3
#39355008
0'
#39360008
1'
06
04
1L
b10000000 @
0F
0B
1J
1>
b1000000001110000011000000101 G
b1111100 ,
1/
#39365008
0'
#39370008
1'
0/
0L
b1111001011010000 (
1:
14
1+
b1 M
b1110000011010000110000001011 7
b1111 K
10
0J
0>
b1111001011010100 <
#39375008
0'
#39380008
1'
0+
0:
#39385008
0'
#39390008
1'
16
b1100000010110000101000001001 3
12
#39395008
0'
#39400008
1'
02
06
04
1>
1F
1J
b1100000010110000101000001001 G
1B
00
#39405008
0'
#39410008
1'
1L
1/
1+
b1111001011011000 <
b1111001011010100 (
0B
14
b10000000 ,
b1000101111010111 @
0F
0>
0J
#39415008
0'
#39420008
1'
10
1:
b1000 M
0+
0/
0L
b1 9
b1111 7
b0 K
#39425008
0'
#39430008
1'
b10000000011110000111000001101 3
0:
16
#39435008
0'
#39440008
1'
06
1J
12
1>
04
b10000000011110000111000001101 G
#39445008
0'
#39450008
1'
0J
b1111001011011100 <
00
1+
14
02
1B
b1111001011011000 (
0>
1F
#39455008
0'
#39460008
1'
0F
1L
1/
0+
b1000101111010111 ,
0B
b1000101111011000 @
#39465008
0'
#39470008
1'
0L
10
b100000000110000001000000001 K
b10100000100110001001000010001 3
b1111 M
16
1:
b0 7
b1000 9
0/
#39475008
0'
#39480008
1'
06
1J
b10100000100110001001000010001 G
1>
04
0:
#39485008
0'
#39490008
1'
0J
b1111001011100000 <
14
12
0>
b1111001011011100 (
1+
#39495008
0'
#39500008
1'
0+
00
1F
1B
02
#39505008
0'
#39510008
1'
16
1L
b1000101111011100 @
1/
b11000000101110001011000010101 3
0B
0F
b1000101111011000 ,
#39515008
0'
#39520008
1'
0/
0L
1:
06
1J
10
b1000000001110000011000000101 K
b11000000101110001011000010101 G
b1111 9
04
1>
b100000000110000001000000001 7
#39525008
0'
#39530008
1'
0J
1+
0:
0>
b1110001 <
b1111001011100000 (
14
#39535008
0'
#39540008
1'
12
0+
#39545008
0'
#39550008
1'
00
02
16
1F
1B
b110110001101000011001 3
#39555008
0'
#39560008
1'
04
1L
b1000101111011100 ,
1/
b1000101111100000 @
1J
0B
1>
0F
06
b110110001101000011001 G
#39565008
0'
#39570008
1'
0L
1+
14
0/
b1000000001110000011000000101 7
10
0J
b1100000010110000101000001001 K
b1110001 (
1:
b1110100 <
0>
#39575008
0'
#39580008
1'
0+
0:
#39585008
0'
#39590008
1'
b10000000010000000000000000 3
12
16
#39595008
0'
#39600008
1'
06
b10000000010000000000000000 G
1>
04
02
1J
00
1F
1B
#39605008
0'
#39610008
1'
0B
0>
1L
b1000101111100100 @
1/
b1000101111100000 ,
0F
14
1+
0J
b1111000 <
b1110100 (
#39615008
0'
#39620008
1'
0/
1:
b1100000010110000101000001001 7
0L
b10000000011110000111000001101 K
10
0+
#39625008
0'
#39630008
1'
0:
b110000001010000010000000011 3
16
#39635008
0'
#39640008
1'
06
1>
b110000001010000010000000011 G
12
1J
04
#39645008
0'
#39650008
1'
14
0>
1B
b1111000 (
1+
0J
00
1F
b1111100 <
02
#39655008
0'
#39660008
1'
1/
0B
b1000101111101000 @
0+
b1000101111100100 ,
0F
1L
#39665008
0'
#39670008
1'
0L
b10000000011110000111000001101 7
16
b1010000010010000100000000111 3
0/
1:
10
b10100000100110001001000010001 K
#39675008
0'
#39680008
1'
1>
04
06
1J
0:
b1010000010010000100000000111 G
#39685008
0'
#39690008
1'
14
12
b1111100 (
0>
b10000000 <
0J
1+
#39695008
0'
#39700008
1'
0+
02
1B
00
1F
#39705008
0'
#39710008
1'
0F
1/
1L
b1110000011010000110000001011 3
0B
b1000101111101100 @
16
b1000101111101000 ,
#39715008
0'
#39720008
1'
0L
b1110000011010000110000001011 G
b11000000101110001011000010101 K
04
0/
b10100000100110001001000010001 7
06
10
1J
1:
1>
#39725008
0'
#39730008
1'
0>
0?
b10000000 (
14
1+
0:
0J
#39735008
0'
#39740008
1'
12
0+
#39745008
0'
#39750008
1'
1F
02
00
b1111 3
16
1B
#39755008
0'
#39760008
1'
0B
04
1/
1>
b1111 G
b1000101111101100 ,
1L
1J
06
0F
b1000101111110000 @
#39765008
0'
#39770008
1'
0L
0/
b11100000110110001101000011001 K
0J
10
b11000000101110001011000010101 7
1:
#39775008
0'
#39780008
1'
0:
#39785008
0'
#39790008
1'
12
#39795008
0'
#39800008
1'
1B
02
1F
00
#39805008
0'
#39810008
1'
1/
b11111011010101 @
1L
b1000101111110000 ,
0F
0B
#39815008
0'
#39820008
1'
0L
10
1:
b1110 M
0/
b11100000110110001101000011001 7
b10000000010000000000000000 K
#39825008
0'
#39830008
1'
0:
#39835008
0'
#39840008
1'
12
#39845008
0'
#39850008
1'
1B
00
02
1F
#39855008
0'
#39860008
1'
0F
1L
0B
b11111011011000 @
b11111011010101 ,
1/
#39865008
0'
#39870008
1'
0/
1:
b1111 M
0L
b110000001010000010000000011 K
10
b10000000010000000000000000 7
b1110 9
#39875008
0'
#39880008
1'
1?
0:
b1000101111010111 <
#39885008
0'
#39890008
1'
b1000101111011000 <
14
0>
b1000101111010111 (
1+
12
#39895008
0'
#39900008
1'
02
1B
1F
0+
00
#39905008
0'
#39910008
1'
0B
1/
1L
b11111011011100 @
b11111011011000 ,
0F
16
b0 3
#39915008
0'
#39920008
1'
0/
b0 G
10
1>
04
b1111 9
06
0L
1:
1J
b110000001010000010000000011 7
b1010000010010000100000000111 K
#39925008
0'
#39930008
1'
14
b1000101111011000 (
b1000101111011100 <
0>
1+
0J
0:
#39935008
0'
#39940008
1'
12
0+
#39945008
0'
#39950008
1'
b100000000110000001000000001 3
1B
00
02
16
1F
#39955008
0'
#39960008
1'
0F
0B
1/
04
b100000000110000001000000001 G
06
1L
1J
b11111011100000 @
1>
b11111011011100 ,
#39965008
0'
#39970008
1'
14
b1000101111100000 <
1+
b1110000011010000110000001011 K
0/
b1000101111011100 (
1:
0>
10
b1010000010010000100000000111 7
0J
0L
#39975008
0'
#39980008
1'
0+
0:
#39985008
0'
#39990008
1'
b1000000001110000011000000101 3
16
12
#39995008
0'
#40000008
1'
02
04
1B
1F
06
1J
1>
b1000000001110000011000000101 G
00
#40005008
0'
#40010008
1'
0B
b11111011100000 ,
14
b1000101111100000 (
b1000101111100100 <
1/
1L
0J
0F
0>
1+
b11111011100100 @
#40015008
0'
#40020008
1'
0/
10
1:
b10010000100010001000000001111 K
0+
0L
b1110000011010000110000001011 7
#40025008
0'
#40030008
1'
0:
16
b1100000010110000101000001001 3
#40035008
0'
#40040008
1'
04
12
06
b1100000010110000101000001001 G
1>
1J
#40045008
0'
#40050008
1'
0J
14
1B
00
b1000101111101000 <
b1000101111100100 (
0>
02
1+
1F
#40055008
0'
#40060008
1'
0F
b11111011101000 @
b11111011100100 ,
0B
1/
0+
1L
#40065008
0'
#40070008
1'
0L
b10000000011110000111000001101 3
b10010000100010001000000001111 7
10
0/
b10110000101010001010000010011 K
16
1:
#40075008
0'
#40080008
1'
0:
1J
04
06
1>
b10000000011110000111000001101 G
#40085008
0'
#40090008
1'
0J
b1000101111101100 <
0>
1+
b1000101111101000 (
12
14
#40095008
0'
#40100008
1'
1F
1B
02
00
0+
#40105008
0'
#40110008
1'
0F
1L
b10100000100110001001000010001 3
b11111011101000 ,
b11111011101100 @
0B
16
1/
#40115008
0'
#40120008
1'
0/
b10100000100110001001000010001 G
04
b10110000101010001010000010011 7
1J
1:
0L
06
10
1>
b11010000110010001100000010111 K
#40125008
0'
#40130008
1'
0:
14
1+
0J
0>
b1000101111110000 <
b1000101111101100 (
#40135008
0'
#40140008
1'
0+
12
#40145008
0'
#40150008
1'
02
b11000000101110001011000010101 3
1F
16
00
1B
#40155008
0'
#40160008
1'
0B
b11111011101100 ,
b11000000101110001011000010101 G
1/
04
1J
1L
06
1>
b11111011110000 @
0F
#40165008
0'
#40170008
1'
0/
b1000101111110000 (
1:
b11110000111010001110000011011 K
0?
b11010000110010001100000010111 7
14
10
1+
0>
0L
0J
#40175008
0'
#40180008
1'
0:
0+
#40185008
0'
#40190008
1'
b11100000110110001101000011001 3
12
16
#40195008
0'
#40200008
1'
06
1F
1B
1J
b11100000110110001101000011001 G
02
04
1>
00
#40205008
0'
#40210008
1'
0J
1/
b11111011110000 ,
0B
0F
b11111011110100 @
1L
#40215008
0'
#40220008
1'
0L
10
0/
b1 M
b11111 K
b11110000111010001110000011011 7
1:
#40225008
0'
#40230008
1'
0:
#40235008
0'
#40240008
1'
12
#40245008
0'
#40250008
1'
1B
00
02
1F
#40255008
0'
#40260008
1'
0F
0B
1L
b11111011110100 ,
1/
b1011101011110110 @
#40265008
0'
#40270008
1'
1:
b1100 M
0L
0/
b1 9
10
b11111 7
b1000000000000000000000000 K
#40275008
0'
#40280008
1'
0:
#40285008
0'
#40290008
1'
12
#40295008
0'
#40300008
1'
1F
1B
02
00
#40305008
0'
#40310008
1'
b1011101011111000 @
0F
b1011101011110110 ,
1L
0B
1/
#40315008
0'
#40320008
1'
0/
10
b1111 M
b101000001000000001100000010 K
1:
b1000000000000000000000000 7
0L
b1100 9
#40325008
0'
#40330008
1'
0:
#40335008
0'
#40340008
1'
12
#40345008
0'
#40350008
1'
1F
00
02
1B
#40355008
0'
#40360008
1'
0B
1/
0F
b1011101011111100 @
1L
b1011101011111000 ,
#40365008
0'
#40370008
1'
b1001000010000000011100000110 K
0/
b1111 9
0L
10
1:
b101000001000000001100000010 7
#40375008
0'
#40380008
1'
0:
#40385008
0'
#40390008
1'
12
#40395008
0'
#40400008
1'
1?
1F
1B
02
00
b11111011010101 <
#40405008
0'
#40410008
1'
b11111011011000 <
0F
b1011101011111100 ,
b11111011010101 (
1/
1+
1L
0>
b1011101100000000 @
0B
14
#40415008
0'
#40420008
1'
0/
b1001000010000000011100000110 7
b11 M
b101100001010 K
0+
10
1:
0L
#40425008
0'
#40430008
1'
16
b10000000010000000000000000 3
0:
#40435008
0'
#40440008
1'
04
1J
06
b10000000010000000000000000 G
12
1>
#40445008
0'
#40450008
1'
0>
0J
1F
b11111011011100 <
14
b11111011011000 (
02
1B
00
1+
#40455008
0'
#40460008
1'
0+
1L
0F
1/
b1011101100000000 ,
0B
b111010011011010 @
#40465008
0'
#40470008
1'
0/
b1100 M
1:
b101100001010 7
0L
b11 9
b110000001010000010000000011 3
b1000000000000000000000000 K
10
16
#40475008
0'
#40480008
1'
06
1J
04
1>
0:
b110000001010000010000000011 G
#40485008
0'
#40490008
1'
0>
0J
14
b11111011100000 <
1+
b11111011011100 (
12
#40495008
0'
#40500008
1'
02
1F
1B
0+
00
#40505008
0'
#40510008
1'
16
1/
b111010011011100 @
1L
0B
b111010011011010 ,
0F
b1010000010010000100000000111 3
#40515008
0'
#40520008
1'
0/
b1000000000000000000000000 7
06
b1010000010010000100000000111 G
10
04
1>
1J
b1111 M
b1100 9
1:
b101000001000000001100000010 K
0L
#40525008
0'
#40530008
1'
0J
b11111011100100 <
0>
14
1+
b11111011100000 (
0:
#40535008
0'
#40540008
1'
12
0+
#40545008
0'
#40550008
1'
b1110000011010000110000001011 3
16
00
02
1F
1B
#40555008
0'
#40560008
1'
0B
06
1>
1L
1/
b1110000011010000110000001011 G
1J
0F
04
b111010011011100 ,
b111010011100000 @
#40565008
0'
#40570008
1'
0>
1+
b101000001000000001100000010 7
0/
b11111011101000 <
0L
1:
0J
10
b1001000010000000011100000110 K
14
b11111011100100 (
b1111 9
#40575008
0'
#40580008
1'
0+
0:
#40585008
0'
#40590008
1'
16
b10010000100010001000000001111 3
12
#40595008
0'
#40600008
1'
02
b10010000100010001000000001111 G
1>
1B
06
1J
04
1F
00
#40605008
0'
#40610008
1'
0B
1L
b111010011100100 @
0>
b11111011101100 <
1/
0F
b11111011101000 (
b111010011100000 ,
14
1+
0J
#40615008
0'
#40620008
1'
1:
10
0L
b1001000010000000011100000110 7
0+
0/
b1101000011000000101100001010 K
#40625008
0'
#40630008
1'
0:
b10110000101010001010000010011 3
16
#40635008
0'
#40640008
1'
06
1J
b10110000101010001010000010011 G
12
1>
04
#40645008
0'
#40650008
1'
14
02
b11111011110000 <
0J
1B
00
0>
1F
1+
b11111011101100 (
#40655008
0'
#40660008
1'
0B
1L
b111010011101000 @
0+
1/
0F
b111010011100100 ,
#40665008
0'
#40670008
1'
0L
16
b10001000100000000111100001110 K
10
b1101000011000000101100001010 7
0/
b11010000110010001100000010111 3
1:
#40675008
0'
#40680008
1'
0:
06
04
1J
b11010000110010001100000010111 G
1>
#40685008
0'
#40690008
1'
0>
0J
b11111011110100 <
12
b11111011110000 (
14
1+
#40695008
0'
#40700008
1'
0+
02
1B
1F
00
#40705008
0'
#40710008
1'
b111010011101000 ,
16
1L
0F
b111010011101100 @
0B
1/
b11110000111010001110000011011 3
#40715008
0'
#40720008
1'
10
1J
1:
1>
06
0/
0L
04
b10101000101000001001100010010 K
b11110000111010001110000011011 G
b10001000100000000111100001110 7
#40725008
0'
#40730008
1'
0>
b1011101011110110 <
0J
b11111011110100 (
0:
1+
14
#40735008
0'
#40740008
1'
12
0+
#40745008
0'
#40750008
1'
b11111 3
00
02
16
1B
1F
#40755008
0'
#40760008
1'
0F
1>
04
1J
b111010011101100 ,
0B
1L
1/
06
b11111 G
b111010011110000 @
#40765008
0'
#40770008
1'
0J
b10101000101000001001100010010 7
1+
b1011101011111000 <
1:
14
0>
b1011101011110110 (
10
0L
0/
b11001000110000001011100010110 K
#40775008
0'
#40780008
1'
0+
0:
#40785008
0'
#40790008
1'
b1000000000000000000000000 3
16
12
#40795008
0'
#40800008
1'
02
1>
1J
1F
04
06
b1000000000000000000000000 G
1B
00
#40805008
0'
#40810008
1'
0F
b111010011110100 @
0J
1+
0>
b1011101011111100 <
0B
14
b111010011110000 ,
1/
1L
b1011101011111000 (
#40815008
0'
#40820008
1'
10
b11101000111000001101100011010 K
b11001000110000001011100010110 7
1:
0+
0L
0/
#40825008
0'
#40830008
1'
0:
16
b101000001000000001100000010 3
#40835008
0'
#40840008
1'
1>
12
1J
06
04
b101000001000000001100000010 G
#40845008
0'
#40850008
1'
02
b1011101011111100 (
00
0>
1F
14
1B
b1011101100000000 <
0J
1+
#40855008
0'
#40860008
1'
0+
1/
b111010011111000 @
0F
1L
0B
b111010011110100 ,
#40865008
0'
#40870008
1'
0/
b1001000010000000011100000110 3
b11110 K
10
b11101000111000001101100011010 7
b1 M
0L
16
1:
#40875008
0'
#40880008
1'
0:
1>
b1001000010000000011100000110 G
06
1J
04
#40885008
0'
#40890008
1'
14
0>
12
b1011101100000000 (
0?
1+
0J
#40895008
0'
#40900008
1'
00
02
0+
1B
1F
#40905008
0'
#40910008
1'
0F
b111010011111000 ,
1/
b101100001010 3
0B
b1010001010010001 @
16
1L
#40915008
0'
#40920008
1'
0L
0/
04
1:
1J
1>
b10000000010000000000000000 K
b1 9
10
06
b101100001010 G
b1110 M
b11110 7
#40925008
0'
#40930008
1'
0J
0:
#40935008
0'
#40940008
1'
12
#40945008
0'
#40950008
1'
1F
02
00
1B
#40955008
0'
#40960008
1'
0B
1/
1L
b1010001010010001 ,
0F
b1010001010010100 @
#40965008
0'
#40970008
1'
0L
b1110 9
1:
0/
b10000000010000000000000000 7
b110000001010000010000000011 K
10
b1111 M
#40975008
0'
#40980008
1'
1?
0:
b111010011011010 <
#40985008
0'
#40990008
1'
b111010011011100 <
14
0>
b111010011011010 (
12
1+
#40995008
0'
#41000008
1'
0+
1B
02
1F
00
#41005008
0'
#41010008
1'
1L
b1010001010011000 @
1/
0F
0B
b1000000000000000000000000 3
16
b1010001010010100 ,
#41015008
0'
#41020008
1'
b110000001010000010000000011 7
10
1>
b11 M
0L
04
b1111 9
1J
06
1:
0/
b100000000111 K
b1000000000000000000000000 G
#41025008
0'
#41030008
1'
1+
14
0>
b111010011100000 <
0:
0J
b111010011011100 (
#41035008
0'
#41040008
1'
0+
12
#41045008
0'
#41050008
1'
02
00
1F
16
b101000001000000001100000010 3
1B
#41055008
0'
#41060008
1'
0B
b110011011001100 @
b101000001000000001100000010 G
b1010001010011000 ,
04
1L
1>
06
1J
0F
1/
#41065008
0'
#41070008
1'
0/
0L
b100000000111 7
b11 9
14
b111010011100000 (
b1111 M
10
b111010011100100 <
1+
b11000000100000000100000000 K
0J
1:
0>
#41075008
0'
#41080008
1'
0:
0+
#41085008
0'
#41090008
1'
12
b1001000010000000011100000110 3
16
#41095008
0'
#41100008
1'
06
1>
1B
04
b1001000010000000011100000110 G
1F
00
02
1J
#41105008
0'
#41110008
1'
0J
14
b111010011100100 (
1L
b110011011010000 @
1/
0B
0>
b110011011001100 ,
b111010011101000 <
0F
1+
#41115008
0'
#41120008
1'
0+
0L
b1111 9
b11000000100000000100000000 7
0/
10
1:
b111000001100000010100000100 K
#41125008
0'
#41130008
1'
16
0:
b1101000011000000101100001010 3
#41135008
0'
#41140008
1'
1>
1J
04
06
b1101000011000000101100001010 G
12
#41145008
0'
#41150008
1'
02
0J
0>
b111010011101000 (
1+
1B
14
00
1F
b111010011101100 <
#41155008
0'
#41160008
1'
0+
b110011011010100 @
1L
0F
0B
1/
b110011011010000 ,
#41165008
0'
#41170008
1'
b1011000010100000100100001000 K
b111000001100000010100000100 7
b10001000100000000111100001110 3
0/
1:
16
10
0L
#41175008
0'
#41180008
1'
1J
1>
b10001000100000000111100001110 G
06
04
0:
#41185008
0'
#41190008
1'
b111010011110000 <
12
0J
b111010011101100 (
1+
14
0>
#41195008
0'
#41200008
1'
02
00
0+
1B
1F
#41205008
0'
#41210008
1'
0F
1L
b110011011010100 ,
b110011011011000 @
0B
1/
b10101000101000001001100010010 3
16
#41215008
0'
#41220008
1'
06
b1011000010100000100100001000 7
b1100 K
1:
0L
1>
1J
04
b1 M
0/
10
b10101000101000001001100010010 G
#41225008
0'
#41230008
1'
0>
b111010011110000 (
b111010011110100 <
0:
0J
1+
14
#41235008
0'
#41240008
1'
0+
12
#41245008
0'
#41250008
1'
1F
16
02
00
1B
b11001000110000001011100010110 3
#41255008
0'
#41260008
1'
0F
b11001000110000001011100010110 G
04
b110011011011000 ,
1L
1>
0B
06
b1110100000000111 @
1J
1/
#41265008
0'
#41270008
1'
0/
0L
b1100 7
b111010011111000 <
b111010011110100 (
b0 K
b1 9
14
0J
10
0>
1+
1:
b1000 M
#41275008
0'
#41280008
1'
0:
0+
#41285008
0'
#41290008
1'
b11101000111000001101100011010 3
12
16
#41295008
0'
#41300008
1'
06
b11101000111000001101100011010 G
1F
02
1B
1J
04
1>
00
#41305008
0'
#41310008
1'
1L
1/
b1010001010010001 <
b1110100000000111 ,
b111010011111000 (
0>
0B
1+
0F
14
b1110100000001000 @
0J
#41315008
0'
#41320008
1'
b1000 9
10
b1111 M
0L
b100000000110000001000000001 K
b0 7
0/
0+
1:
#41325008
0'
#41330008
1'
0:
16
b11110 3
#41335008
0'
#41340008
1'
1J
b11110 G
06
1>
12
04
#41345008
0'
#41350008
1'
14
0J
00
b1010001010010100 <
02
b1010001010010001 (
1B
0>
1+
1F
#41355008
0'
#41360008
1'
0F
b1110100000001000 ,
1L
0+
b1110100000001100 @
0B
1/
#41365008
0'
#41370008
1'
0/
10
b10000000010000000000000000 3
b100000000110000001000000001 7
b1111 9
1:
b1000000001110000011000000101 K
16
0L
#41375008
0'
#41380008
1'
0:
04
1J
06
b10000000010000000000000000 G
1>
#41385008
0'
#41390008
1'
0>
14
0J
12
b1010001010011000 <
b1010001010010100 (
1+
#41395008
0'
#41400008
1'
0+
00
1F
1B
02
#41405008
0'
#41410008
1'
b1110100000001100 ,
1L
b110000001010000010000000011 3
1/
0B
0F
16
b1110100000010000 @
#41415008
0'
#41420008
1'
10
0L
b1000000001110000011000000101 7
1>
1:
06
b110000001010000010000000011 G
1J
04
0/
b1100000010110000101000001001 K
#41425008
0'
#41430008
1'
0>
1+
b1010001010011000 (
0:
14
0J
b110011011001100 <
#41435008
0'
#41440008
1'
12
0+
#41445008
0'
#41450008
1'
b100000000111 3
00
02
16
1F
1B
#41455008
0'
#41460008
1'
0B
b1110100000010000 ,
b1110100000010100 @
1>
1L
0F
b100000000111 G
1J
1/
06
04
#41465008
0'
#41470008
1'
14
0>
b110011011010000 <
1+
b10000000011110000111000001101 K
b1100000010110000101000001001 7
10
0L
0/
0J
b110011011001100 (
1:
#41475008
0'
#41480008
1'
0:
0+
#41485008
0'
#41490008
1'
b11000000100000000100000000 3
16
12
#41495008
0'
#41500008
1'
02
04
1B
1>
06
b11000000100000000100000000 G
1F
00
1J
#41505008
0'
#41510008
1'
0J
0B
b110011011010100 <
14
1+
b1110100000011000 @
b1110100000010100 ,
b110011011010000 (
0>
0F
1L
1/
#41515008
0'
#41520008
1'
0/
b10100000100110001001000010001 K
0+
1:
0L
10
b10000000011110000111000001101 7
#41525008
0'
#41530008
1'
16
0:
b111000001100000010100000100 3
#41535008
0'
#41540008
1'
1J
12
04
06
1>
b111000001100000010100000100 G
#41545008
0'
#41550008
1'
02
b110011011011000 <
1B
1+
0J
0>
00
1F
b110011011010100 (
14
#41555008
0'
#41560008
1'
0+
b1111010111111 @
0B
1/
1L
b1110100000011000 ,
0F
#41565008
0'
#41570008
1'
b10100000100110001001000010001 7
b1000 M
b0 K
0/
1:
0L
16
10
b1011000010100000100100001000 3
#41575008
0'
#41580008
1'
b1011000010100000100100001000 G
04
1J
06
1>
0:
#41585008
0'
#41590008
1'
12
1+
0?
0>
b110011011011000 (
14
0J
#41595008
0'
#41600008
1'
1F
1B
0+
02
00
#41605008
0'
#41610008
1'
b1100 3
0B
b1111011000000 @
0F
b1111010111111 ,
16
1/
1L
#41615008
0'
#41620008
1'
0L
10
1:
b1100 G
b1110100000000111 <
1J
b1111 M
b1000 9
b0 7
0/
b100000000110000001000000001 K
04
1?
06
1>
#41625008
0'
#41630008
1'
0>
0:
1+
b1110100000001000 <
0J
b1110100000000111 (
14
#41635008
0'
#41640008
1'
0+
12
#41645008
0'
#41650008
1'
02
00
1B
b0 3
1F
16
#41655008
0'
#41660008
1'
06
0B
b0 G
1L
1>
04
b1111011000100 @
0F
1/
1J
b1111011000000 ,
#41665008
0'
#41670008
1'
14
b1110100000001100 <
b1111 9
0>
0L
10
1:
0J
b1000000001110000011000000101 K
b1110100000001000 (
b100000000110000001000000001 7
0/
1+
#41675008
0'
#41680008
1'
0+
0:
#41685008
0'
#41690008
1'
16
12
b100000000110000001000000001 3
#41695008
0'
#41700008
1'
b100000000110000001000000001 G
00
1B
04
06
1>
02
1J
1F
#41705008
0'
#41710008
1'
0F
b1111011000100 ,
14
b1110100000010000 <
0B
1L
0J
0>
b1111011001000 @
1/
1+
b1110100000001100 (
#41715008
0'
#41720008
1'
1:
10
0+
0L
b1100000010110000101000001001 K
0/
b1000000001110000011000000101 7
#41725008
0'
#41730008
1'
0:
16
b1000000001110000011000000101 3
#41735008
0'
#41740008
1'
06
b1000000001110000011000000101 G
04
1>
1J
12
#41745008
0'
#41750008
1'
02
1B
b1110100000010000 (
1F
b1110100000010100 <
0J
14
1+
00
0>
#41755008
0'
#41760008
1'
0F
0B
b1111011001000 ,
1/
0+
1L
b1111011001100 @
#41765008
0'
#41770008
1'
b1100000010110000101000001001 3
b1100000010110000101000001001 7
1:
16
0L
10
0/
b10000000011110000111000001101 K
#41775008
0'
#41780008
1'
0:
b1100000010110000101000001001 G
1>
06
04
1J
#41785008
0'
#41790008
1'
0J
12
b1110100000010100 (
14
b1110100000011000 <
0>
1+
#41795008
0'
#41800008
1'
0+
02
1B
1F
00
#41805008
0'
#41810008
1'
0B
b10000000011110000111000001101 3
b1111011010000 @
0F
16
1/
b1111011001100 ,
1L
#41815008
0'
#41820008
1'
0L
b10100000100110001001000010001 K
b10000000011110000111000001101 G
1:
10
1J
b10000000011110000111000001101 7
04
0/
1>
06
#41825008
0'
#41830008
1'
0J
0:
1+
0>
b1110100000011000 (
0?
14
#41835008
0'
#41840008
1'
12
0+
#41845008
0'
#41850008
1'
16
b10100000100110001001000010001 3
1B
00
02
1F
#41855008
0'
#41860008
1'
0F
0B
06
b10100000100110001001000010001 G
1L
04
1J
b1111011010000 ,
b1111011010100 @
1/
1>
#41865008
0'
#41870008
1'
b101110001011000010101 K
0L
1:
b111 M
0/
0J
10
b10100000100110001001000010001 7
#41875008
0'
#41880008
1'
0:
#41885008
0'
#41890008
1'
12
#41895008
0'
#41900008
1'
1B
1F
02
00
#41905008
0'
#41910008
1'
0B
1L
0F
1/
b10011111101101 @
b1111011010100 ,
#41915008
0'
#41920008
1'
10
1:
b101110001011000010101 7
b10000000010000000000000000 K
b111 9
0L
b1110 M
0/
#41925008
0'
#41930008
1'
0:
#41935008
0'
#41940008
1'
12
#41945008
0'
#41950008
1'
00
1B
02
1F
#41955008
0'
#41960008
1'
0F
b10011111101101 ,
1/
b10011111110000 @
0B
1L
#41965008
0'
#41970008
1'
0L
b110000001010000010000000011 K
10
1:
b10000000010000000000000000 7
b1111 M
b1110 9
0/
#41975008
0'
#41980008
1'
0:
#41985008
0'
#41990008
1'
12
#41995008
0'
#42000008
1'
00
1F
02
1?
1B
b1111010111111 <
#42005008
0'
#42010008
1'
b1111011000000 <
1/
1+
b10011111110000 ,
14
0>
1L
0B
0F
b1111010111111 (
b10011111110100 @
#42015008
0'
#42020008
1'
0+
0/
10
1:
b1010000010010000100000000111 K
0L
b1111 9
b110000001010000010000000011 7
#42025008
0'
#42030008
1'
0:
16
b0 3
#42035008
0'
#42040008
1'
06
1>
04
b0 G
12
1J
#42045008
0'
#42050008
1'
0J
14
b1111011000100 <
0>
1+
00
02
b1111011000000 (
1F
1B
#42055008
0'
#42060008
1'
0B
0+
b10011111110100 ,
b10011111111000 @
1/
0F
1L
#42065008
0'
#42070008
1'
0L
b100000000110000001000000001 3
b1010000010010000100000000111 7
1:
16
0/
10
b1110000011010000110000001011 K
#42075008
0'
#42080008
1'
0:
1J
1>
04
06
b100000000110000001000000001 G
#42085008
0'
#42090008
1'
0>
1+
0J
b1111011001000 <
14
b1111011000100 (
12
#42095008
0'
#42100008
1'
02
1B
0+
00
1F
#42105008
0'
#42110008
1'
0F
0B
1L
b10011111111100 @
b10011111111000 ,
b1000000001110000011000000101 3
1/
16
#42115008
0'
#42120008
1'
06
b1000000001110000011000000101 G
1J
b10010000100010001000000001111 K
1:
b1110000011010000110000001011 7
0L
1>
0/
10
04
#42125008
0'
#42130008
1'
14
0J
0:
0>
1+
b1111011001000 (
b1111011001100 <
#42135008
0'
#42140008
1'
12
0+
#42145008
0'
#42150008
1'
16
1B
1F
02
00
b1100000010110000101000001001 3
#42155008
0'
#42160008
1'
0B
b10011111111100 ,
06
1L
b1100000010110000101000001001 G
1J
b10100000000000 @
04
0F
1>
1/
#42165008
0'
#42170008
1'
0/
1+
0J
0L
b1111011010000 <
b10010000100010001000000001111 7
b10110000101010001010000010011 K
0>
14
10
1:
b1111011001100 (
#42175008
0'
#42180008
1'
0+
0:
#42185008
0'
#42190008
1'
b10000000011110000111000001101 3
16
12
#42195008
0'
#42200008
1'
02
1B
1J
b10000000011110000111000001101 G
06
04
1>
1F
00
#42205008
0'
#42210008
1'
0J
b10100000000000 ,
b10100000000100 @
0B
b1111011010000 (
b1111011010100 <
1/
1L
0F
0>
1+
14
#42215008
0'
#42220008
1'
0/
b10110000101010001010000010011 7
1:
10
0+
b11010000110010001100000010111 K
0L
#42225008
0'
#42230008
1'
0:
b10100000100110001001000010001 3
16
#42235008
0'
#42240008
1'
06
04
1J
12
b10100000100110001001000010001 G
1>
#42245008
0'
#42250008
1'
0>
0J
14
1B
b1111011010100 (
00
02
1+
0?
1F
#42255008
0'
#42260008
1'
0F
0B
1L
1/
b10100000001000 @
b10100000000100 ,
0+
#42265008
0'
#42270008
1'
1:
16
b11010000110010001100000010111 7
0/
0L
b101110001011000010101 3
b11110000111010001110000011011 K
10
#42275008
0'
#42280008
1'
0:
06
04
1>
1J
b101110001011000010101 G
#42285008
0'
#42290008
1'
0J
12
#42295008
0'
#42300008
1'
00
1B
1F
02
#42305008
0'
#42310008
1'
0B
b10100000001100 @
1/
0F
1L
b10100000001000 ,
#42315008
0'
#42320008
1'
10
1:
b11110000111010001110000011011 7
0L
0/
b11111 K
b1 M
#42325008
0'
#42330008
1'
0:
#42335008
0'
#42340008
1'
12
#42345008
0'
#42350008
1'
02
1B
00
1F
#42355008
0'
#42360008
1'
0F
0B
b10100000001100 ,
b1101000010101100 @
1L
1/
#42365008
0'
#42370008
1'
0/
1:
b1111 M
0L
10
b1 9
b11000000100000000100000000 K
b11111 7
#42375008
0'
#42380008
1'
0:
#42385008
0'
#42390008
1'
12
#42395008
0'
#42400008
1'
02
1B
1F
00
#42405008
0'
#42410008
1'
0B
b1101000010101100 ,
1/
0F
1L
b1101000010110000 @
#42415008
0'
#42420008
1'
b11000000100000000100000000 7
10
1:
0L
0/
b111000001100000010100000100 K
b1111 9
#42425008
0'
#42430008
1'
0:
#42435008
0'
#42440008
1'
12
#42445008
0'
#42450008
1'
02
00
1B
b10011111101101 <
1F
1?
#42455008
0'
#42460008
1'
0B
b1101000010110000 ,
b1101000010110100 @
1+
0>
14
0F
1/
1L
b10011111110000 <
b10011111101101 (
#42465008
0'
#42470008
1'
0+
10
b111000001100000010100000100 7
b1011000010100000100100001000 K
0L
0/
1:
#42475008
0'
#42480008
1'
0:
16
b10000000010000000000000000 3
#42485008
0'
#42490008
1'
1>
b10000000010000000000000000 G
12
06
04
1J
#42495008
0'
#42500008
1'
0J
1B
0>
1+
b10011111110000 (
00
14
02
b10011111110100 <
1F
#42505008
0'
#42510008
1'
0F
b1101000010110100 ,
0+
0B
b1101000010111000 @
1/
1L
#42515008
0'
#42520008
1'
0L
b110000001010000010000000011 3
1:
0/
10
b1111000011100000110100001100 K
b1011000010100000100100001000 7
16
#42525008
0'
#42530008
1'
06
b110000001010000010000000011 G
1J
1>
0:
04
#42535008
0'
#42540008
1'
14
0J
b10011111110100 (
1+
0>
12
b10011111111000 <
#42545008
0'
#42550008
1'
1B
1F
02
0+
00
#42555008
0'
#42560008
1'
b1010000010010000100000000111 3
0B
1L
b1101000010111000 ,
16
0F
1/
b1101000010111100 @
#42565008
0'
#42570008
1'
10
04
0L
1J
b1010000010010000100000000111 G
0/
1:
b1111000011100000110100001100 7
06
1>
b10011000100100001000100010000 K
#42575008
0'
#42580008
1'
0J
b10011111111000 (
b10011111111100 <
14
0>
1+
0:
#42585008
0'
#42590008
1'
0+
12
#42595008
0'
#42600008
1'
00
b1110000011010000110000001011 3
1B
02
1F
16
#42605008
0'
#42610008
1'
06
1J
b1101000011000000 @
b1101000010111100 ,
1L
0F
04
1/
b1110000011010000110000001011 G
1>
0B
#42615008
0'
#42620008
1'
b10100000000000 <
b10111000101100001010100010100 K
1:
b10011111111100 (
0J
10
0>
14
0L
1+
0/
b10011000100100001000100010000 7
#42625008
0'
#42630008
1'
0:
0+
#42635008
0'
#42640008
1'
16
b10010000100010001000000001111 3
12
#42645008
0'
#42650008
1'
02
1J
1B
06
1>
00
1F
b10010000100010001000000001111 G
04
#42655008
0'
#42660008
1'
14
0B
1+
b1101000011000000 ,
0J
b10100000000100 <
b1101000011000100 @
b10100000000000 (
0>
0F
1/
1L
#42665008
0'
#42670008
1'
0L
0+
b10111000101100001010100010100 7
b11011000110100001100100011000 K
0/
1:
10
#42675008
0'
#42680008
1'
0:
16
b10110000101010001010000010011 3
#42685008
0'
#42690008
1'
12
04
1J
06
b10110000101010001010000010011 G
1>
#42695008
0'
#42700008
1'
0>
14
00
1B
02
1+
b10100000001000 <
0J
1F
b10100000000100 (
#42705008
0'
#42710008
1'
0+
b1101000011001000 @
0B
b1101000011000100 ,
1L
0F
1/
#42715008
0'
#42720008
1'
0/
10
b11011000110100001100100011000 7
b111 M
b11010000110010001100000010111 3
1:
0L
16
b111100001110100011100 K
#42725008
0'
#42730008
1'
1>
04
06
b11010000110010001100000010111 G
0:
1J
#42735008
0'
#42740008
1'
0J
0>
b10100000001000 (
1+
12
14
b10100000001100 <
#42745008
0'
#42750008
1'
0+
00
1B
1F
02
#42755008
0'
#42760008
1'
b1101000011001000 ,
1/
b1001100000111101 @
0F
0B
b11110000111010001110000011011 3
16
1L
#42765008
0'
#42770008
1'
0L
b10000000010000000000000000 K
b111 9
1J
0/
1>
10
06
04
b1110 M
1:
b111100001110100011100 7
b11110000111010001110000011011 G
#42775008
0'
#42780008
1'
0>
0?
1+
b10100000001100 (
0J
14
0:
#42785008
0'
#42790008
1'
12
0+
#42795008
0'
#42800008
1'
02
00
16
b11111 3
1B
1F
#42805008
0'
#42810008
1'
0F
b11111 G
1L
1>
1/
b1001100000111101 ,
0B
04
1J
b1001100001000000 @
06
#42815008
0'
#42820008
1'
0/
1:
b110000001010000010000000011 K
b1110 9
0L
b10000000010000000000000000 7
b1111 M
0J
10
#42825008
0'
#42830008
1'
0:
#42835008
0'
#42840008
1'
12
#42845008
0'
#42850008
1'
1F
b1101000010101100 <
00
1?
02
1B
#42855008
0'
#42860008
1'
0B
1/
b1101000010101100 (
b1101000010110000 <
0>
1+
0F
b1001100001000000 ,
1L
b1100001000110111 @
14
#42865008
0'
#42870008
1'
0+
1:
b1111 9
10
0/
b0 K
0L
b1000 M
b110000001010000010000000011 7
#42875008
0'
#42880008
1'
16
0:
b11000000100000000100000000 3
#42885008
0'
#42890008
1'
06
04
1>
b11000000100000000100000000 G
1J
12
#42895008
0'
#42900008
1'
02
0>
1B
1+
14
00
b1101000010110000 (
b1101000010110100 <
0J
1F
#42905008
0'
#42910008
1'
0F
1/
0+
0B
b1100001000110111 ,
1L
b1100001000111000 @
#42915008
0'
#42920008
1'
b111000001100000010100000100 3
b0 7
0/
10
16
b1000 9
0L
1:
b1111 M
b100000000110000001000000001 K
#42925008
0'
#42930008
1'
06
1>
04
1J
b111000001100000010100000100 G
0:
#42935008
0'
#42940008
1'
0>
b1101000010110100 (
1+
12
14
b1101000010111000 <
0J
#42945008
0'
#42950008
1'
0+
1F
00
02
1B
#42955008
0'
#42960008
1'
0B
b1100001000111100 @
0F
16
b1011000010100000100100001000 3
1/
b1100001000111000 ,
1L
#42965008
0'
#42970008
1'
0L
1:
1J
b1000000001110000011000000101 K
1>
06
b100000000110000001000000001 7
b1011000010100000100100001000 G
b1111 9
0/
10
04
#42975008
0'
#42980008
1'
14
0J
0:
b1101000010111000 (
0>
1+
b1101000010111100 <
#42985008
0'
#42990008
1'
0+
12
#42995008
0'
#43000008
1'
b1111000011100000110100001100 3
16
1B
1F
02
00
#43005008
0'
#43010008
1'
0B
1>
1J
04
1L
06
b1100001001000000 @
0F
b1100001000111100 ,
b1111000011100000110100001100 G
1/
#43015008
0'
#43020008
1'
0/
10
0J
0>
b1101000011000000 <
0L
14
b1101000010111100 (
b1100000010110000101000001001 K
1:
b1000000001110000011000000101 7
1+
#43025008
0'
#43030008
1'
0+
0:
#43035008
0'
#43040008
1'
16
b10011000100100001000100010000 3
12
#43045008
0'
#43050008
1'
02
1J
00
1B
06
1>
04
b10011000100100001000100010000 G
1F
#43055008
0'
#43060008
1'
0F
0>
0J
1/
1L
b1101000011000100 <
0B
b1101000011000000 (
b1100001001000100 @
1+
14
b1100001001000000 ,
#43065008
0'
#43070008
1'
b10000000011110000111000001101 K
1:
10
0L
0/
0+
b1100000010110000101000001001 7
#43075008
0'
#43080008
1'
16
0:
b10111000101100001010100010100 3
#43085008
0'
#43090008
1'
1>
12
06
1J
b10111000101100001010100010100 G
04
#43095008
0'
#43100008
1'
14
1B
1F
02
0>
00
b1101000011001000 <
b1101000011000100 (
1+
0J
#43105008
0'
#43110008
1'
b1100001001000100 ,
1L
0F
0B
0+
b1100001001001000 @
1/
#43115008
0'
#43120008
1'
0/
16
b11011000110100001100100011000 3
10
0L
b10000000011110000111000001101 7
b10100000100110001001000010001 K
1:
#43125008
0'
#43130008
1'
0:
06
1J
04
1>
b11011000110100001100100011000 G
#43135008
0'
#43140008
1'
14
0J
12
0>
b1001100000111101 <
1+
b1101000011001000 (
#43145008
0'
#43150008
1'
1F
00
0+
02
1B
#43155008
0'
#43160008
1'
0B
16
1/
0F
1L
b1100001001001000 ,
b111100001110100011100 3
b1100001001001100 @
#43165008
0'
#43170008
1'
b111100001110100011100 G
1:
b10100000100110001001000010001 7
0L
0/
06
04
1J
b11000000101110001011000010101 K
10
1>
#43175008
0'
#43180008
1'
0>
14
b1001100000111101 (
0:
0J
1+
b1001100001000000 <
#43185008
0'
#43190008
1'
0+
12
#43195008
0'
#43200008
1'
1B
16
1F
02
00
b10000000010000000000000000 3
#43205008
0'
#43210008
1'
b1100001001001100 ,
1>
b1100001001010000 @
b10000000010000000000000000 G
06
04
1L
0B
1/
0F
1J
#43215008
0'
#43220008
1'
0J
0>
b1001100001000000 (
0L
b11000000101110001011000010101 7
14
10
1+
0/
b11100000110110001101000011001 K
1:
0?
#43225008
0'
#43230008
1'
0:
0+
#43235008
0'
#43240008
1'
b110000001010000010000000011 3
16
12
#43245008
0'
#43250008
1'
02
1J
1B
1>
b110000001010000010000000011 G
06
1F
04
00
#43255008
0'
#43260008
1'
b1100001001010000 ,
0B
0J
b1100001001010100 @
1L
0F
1/
#43265008
0'
#43270008
1'
0/
10
b11100000110110001101000011001 7
b11 M
0L
1:
b1111000011101 K
#43275008
0'
#43280008
1'
0:
#43285008
0'
#43290008
1'
12
#43295008
0'
#43300008
1'
02
00
1B
1F
#43305008
0'
#43310008
1'
0F
1/
b1100001001010100 ,
b100011000101110 @
0B
1L
#43315008
0'
#43320008
1'
0L
10
b1000000000000000000000000 K
0/
1:
b1111000011101 7
b11 9
b1100 M
#43325008
0'
#43330008
1'
0:
#43335008
0'
#43340008
1'
12
#43345008
0'
#43350008
1'
02
00
1F
1B
#43355008
0'
#43360008
1'
0B
1L
b100011000101110 ,
0F
1/
b100011000110000 @
#43365008
0'
#43370008
1'
0L
b101000001000000001100000010 K
10
b1111 M
0/
1:
b1100 9
b1000000000000000000000000 7
#43375008
0'
#43380008
1'
0:
#43385008
0'
#43390008
1'
12
#43395008
0'
#43400008
1'
02
00
1B
1F
#43405008
0'
#43410008
1'
0F
b100011000110100 @
1L
0B
b100011000110000 ,
1/
#43415008
0'
#43420008
1'
0/
10
b101000001000000001100000010 7
b1001000010000000011100000110 K
1:
b1111 9
0L
#43425008
0'
#43430008
1'
0:
#43435008
0'
#43440008
1'
b1100001000110111 <
1?
12
#43445008
0'
#43450008
1'
02
b1100001000111000 <
0>
00
1F
b1100001000110111 (
1+
1B
14
#43455008
0'
#43460008
1'
0F
b100011000111000 @
1L
1/
0B
0+
b100011000110100 ,
#43465008
0'
#43470008
1'
0L
b1001000010000000011100000110 7
b0 3
10
1:
16
0/
b1101000011000000101100001010 K
#43475008
0'
#43480008
1'
04
1J
1>
b0 G
06
0:
#43485008
0'
#43490008
1'
12
0J
b1100001000111100 <
14
1+
0>
b1100001000111000 (
#43495008
0'
#43500008
1'
1F
02
00
0+
1B
#43505008
0'
#43510008
1'
0B
b100011000111000 ,
b100000000110000001000000001 3
0F
b100011000111100 @
1L
16
1/
#43515008
0'
#43520008
1'
0/
1:
b10001000100000000111100001110 K
1J
b1101000011000000101100001010 7
06
0L
1>
10
04
b100000000110000001000000001 G
#43525008
0'
#43530008
1'
0J
b1100001000111100 (
0:
b1100001001000000 <
14
1+
0>
#43535008
0'
#43540008
1'
0+
12
#43545008
0'
#43550008
1'
1B
1F
b1000000001110000011000000101 3
02
16
00
#43555008
0'
#43560008
1'
1>
b1000000001110000011000000101 G
1/
b100011001000000 @
0F
b100011000111100 ,
0B
1J
06
04
1L
#43565008
0'
#43570008
1'
0L
10
1:
0>
0/
b1100001001000000 (
b10101000101000001001100010010 K
14
b1100001001000100 <
b10001000100000000111100001110 7
0J
1+
#43575008
0'
#43580008
1'
0+
0:
#43585008
0'
#43590008
1'
b1100000010110000101000001001 3
12
16
#43595008
0'
#43600008
1'
1B
00
b1100000010110000101000001001 G
1>
1F
06
1J
04
02
#43605008
0'
#43610008
1'
0>
b1100001001000100 (
0B
1L
1+
1/
b100011001000000 ,
b100011001000100 @
14
0F
0J
b1100001001001000 <
#43615008
0'
#43620008
1'
1:
0/
0L
0+
10
b111 M
b110000001011100010110 K
b10101000101000001001100010010 7
#43625008
0'
#43630008
1'
0:
16
b10000000011110000111000001101 3
#43635008
0'
#43640008
1'
12
1>
b10000000011110000111000001101 G
06
1J
04
#43645008
0'
#43650008
1'
14
0>
b1100001001001100 <
b1100001001001000 (
02
1B
1+
0J
00
1F
#43655008
0'
#43660008
1'
0F
0B
b100011001000100 ,
1L
1/
0+
b101100111111010 @
#43665008
0'
#43670008
1'
0L
b10100000100110001001000010001 3
b110000001011100010110 7
0/
10
b1000000000000000000000000 K
16
b111 9
1:
b1100 M
#43675008
0'
#43680008
1'
1>
04
0:
b10100000100110001001000010001 G
1J
06
#43685008
0'
#43690008
1'
0>
12
b1100001001010000 <
b1100001001001100 (
0J
14
1+
#43695008
0'
#43700008
1'
0+
1F
02
1B
00
#43705008
0'
#43710008
1'
b11000000101110001011000010101 3
16
b101100111111100 @
0F
1L
b101100111111010 ,
0B
1/
#43715008
0'
#43720008
1'
0/
0L
b1111 M
10
06
1>
1J
b1000000000000000000000000 7
04
b11000000101110001011000010101 G
b1100 9
1:
b101000001000000001100000010 K
#43725008
0'
#43730008
1'
b1100001001010100 <
1+
0:
0>
b1100001001010000 (
0J
14
#43735008
0'
#43740008
1'
12
0+
#43745008
0'
#43750008
1'
16
b11100000110110001101000011001 3
00
1F
02
1B
#43755008
0'
#43760008
1'
0B
04
1L
1/
06
b101101000000000 @
0F
1J
b101100111111100 ,
1>
b11100000110110001101000011001 G
#43765008
0'
#43770008
1'
10
14
1+
0/
0L
b100011000101110 <
b1001000010000000011100000110 K
0>
1:
b1111 9
b101000001000000001100000010 7
0J
b1100001001010100 (
#43775008
0'
#43780008
1'
0+
0:
#43785008
0'
#43790008
1'
16
b1111000011101 3
12
#43795008
0'
#43800008
1'
02
00
b1111000011101 G
1B
06
04
1F
1J
1>
#43805008
0'
#43810008
1'
0>
b100011000110000 <
0B
b100011000101110 (
1L
1/
0J
1+
b101101000000100 @
0F
14
b101101000000000 ,
#43815008
0'
#43820008
1'
0L
10
1:
0/
b1101000011000000101100001010 K
0+
b1001000010000000011100000110 7
#43825008
0'
#43830008
1'
16
0:
b1000000000000000000000000 3
#43835008
0'
#43840008
1'
12
1>
b1000000000000000000000000 G
06
04
1J
#43845008
0'
#43850008
1'
0J
00
0>
02
b100011000110000 (
b100011000110100 <
1B
14
1+
1F
#43855008
0'
#43860008
1'
0F
b101101000000100 ,
1L
0+
0B
b101101000001000 @
1/
#43865008
0'
#43870008
1'
0/
b101000001000000001100000010 3
b1101000011000000101100001010 7
10
0L
16
1:
b10001000100000000111100001110 K
#43875008
0'
#43880008
1'
1>
1J
0:
b101000001000000001100000010 G
06
04
#43885008
0'
#43890008
1'
14
b100011000111000 <
0>
b100011000110100 (
12
0J
1+
#43895008
0'
#43900008
1'
0+
1F
00
02
1B
#43905008
0'
#43910008
1'
0B
b101101000001000 ,
1/
b1001000010000000011100000110 3
b101101000001100 @
16
1L
0F
#43915008
0'
#43920008
1'
0/
b10001000100000000111100001110 7
1>
04
b10101000101000001001100010010 K
0L
1J
06
10
1:
b1001000010000000011100000110 G
#43925008
0'
#43930008
1'
14
1+
b100011000111000 (
0>
b100011000111100 <
0:
0J
#43935008
0'
#43940008
1'
0+
12
#43945008
0'
#43950008
1'
02
1B
1F
b1101000011000000101100001010 3
00
16
#43955008
0'
#43960008
1'
06
0B
b1101000011000000101100001010 G
04
1>
1J
1/
b101101000001100 ,
b101101000010000 @
1L
0F
#43965008
0'
#43970008
1'
0/
0J
0>
14
b10101000101000001001100010010 7
b100011000111100 (
0L
10
1+
1:
b11001000110000001011100010110 K
b100011001000000 <
#43975008
0'
#43980008
1'
0+
0:
#43985008
0'
#43990008
1'
12
16
b10001000100000000111100001110 3
#43995008
0'
#44000008
1'
02
b10001000100000000111100001110 G
1B
1F
04
1J
1>
06
00
#44005008
0'
#44010008
1'
0J
b100011001000100 <
14
0B
1/
0F
0>
b100011001000000 (
1L
1+
b101101000010100 @
b101101000010000 ,
#44015008
0'
#44020008
1'
0/
10
b11001000110000001011100010110 7
b1 M
b11010 K
0+
1:
0L
#44025008
0'
#44030008
1'
b10101000101000001001100010010 3
0:
16
#44035008
0'
#44040008
1'
06
b10101000101000001001100010010 G
12
1J
04
1>
#44045008
0'
#44050008
1'
0>
0J
0?
02
00
1B
14
1F
1+
b100011001000100 (
#44055008
0'
#44060008
1'
b101101000010100 ,
1L
1/
0+
0B
b1111111010010011 @
0F
#44065008
0'
#44070008
1'
0L
b11010 7
16
10
0/
1:
b110000001011100010110 3
b1000 M
b0 K
b1 9
#44075008
0'
#44080008
1'
06
1>
1J
b110000001011100010110 G
04
0:
#44085008
0'
#44090008
1'
0J
12
#44095008
0'
#44100008
1'
02
1F
00
1B
#44105008
0'
#44110008
1'
0B
1L
b1111111010010011 ,
1/
b1111111010010100 @
0F
#44115008
0'
#44120008
1'
0L
1:
b0 7
b1000 9
10
0/
b1111 M
b100000000110000001000000001 K
#44125008
0'
#44130008
1'
0:
#44135008
0'
#44140008
1'
12
#44145008
0'
#44150008
1'
02
1F
1B
00
#44155008
0'
#44160008
1'
0F
1L
1?
b101100111111010 <
0B
b1111111010011000 @
b1111111010010100 ,
1/
#44165008
0'
#44170008
1'
0/
1:
10
b100000000110000001000000001 7
b101100111111010 (
b1000000001110000011000000101 K
0L
0>
1+
b101100111111100 <
14
b1111 9
#44175008
0'
#44180008
1'
0:
0+
#44185008
0'
#44190008
1'
12
16
b1000000000000000000000000 3
#44195008
0'
#44200008
1'
00
02
1F
1J
06
04
1B
1>
b1000000000000000000000000 G
#44205008
0'
#44210008
1'
1L
1/
0F
1+
b101100111111100 (
0>
14
0J
b1111111010011000 ,
0B
b1111111010011100 @
b101101000000000 <
#44215008
0'
#44220008
1'
0+
b1000000001110000011000000101 7
10
b1100000010110000101000001001 K
0/
0L
1:
#44225008
0'
#44230008
1'
0:
b101000001000000001100000010 3
16
#44235008
0'
#44240008
1'
06
b101000001000000001100000010 G
12
04
1>
1J
#44245008
0'
#44250008
1'
0J
b101101000000100 <
1+
1F
00
0>
02
b101101000000000 (
14
1B
#44255008
0'
#44260008
1'
0B
0F
1/
0+
1L
b1111111010100000 @
b1111111010011100 ,
#44265008
0'
#44270008
1'
0/
1:
16
b10000000011110000111000001101 K
b1100000010110000101000001001 7
10
b1001000010000000011100000110 3
0L
#44275008
0'
#44280008
1'
b1001000010000000011100000110 G
06
1J
0:
04
1>
#44285008
0'
#44290008
1'
0>
0J
b101101000001000 <
14
b101101000000100 (
12
1+
#44295008
0'
#44300008
1'
0+
1B
1F
02
00
#44305008
0'
#44310008
1'
0B
1L
b1111111010100000 ,
16
1/
b1101000011000000101100001010 3
b1111111010100100 @
0F
#44315008
0'
#44320008
1'
06
b10100000100110001001000010001 K
10
0L
1J
1>
b1101000011000000101100001010 G
0/
b10000000011110000111000001101 7
1:
04
#44325008
0'
#44330008
1'
14
0>
0J
1+
0:
b101101000001000 (
b101101000001100 <
#44335008
0'
#44340008
1'
12
0+
#44345008
0'
#44350008
1'
16
1B
1F
00
02
b10001000100000000111100001110 3
#44355008
0'
#44360008
1'
0F
06
1J
0B
04
b1111111010100100 ,
1>
1L
b1111111010101000 @
1/
b10001000100000000111100001110 G
#44365008
0'
#44370008
1'
0>
b101101000010000 <
0J
b11000000101110001011000010101 K
14
0/
b101101000001100 (
0L
10
1:
b10100000100110001001000010001 7
1+
#44375008
0'
#44380008
1'
0+
0:
#44385008
0'
#44390008
1'
b10101000101000001001100010010 3
16
12
#44395008
0'
#44400008
1'
02
b10101000101000001001100010010 G
1F
1J
1>
1B
06
04
00
#44405008
0'
#44410008
1'
0>
0J
b1111111010101000 ,
0F
b101101000010100 <
14
0B
b1111111010101100 @
1+
1/
1L
b101101000010000 (
#44415008
0'
#44420008
1'
10
b110110001101000011001 K
1:
0L
0/
0+
b11000000101110001011000010101 7
b111 M
#44425008
0'
#44430008
1'
b11001000110000001011100010110 3
0:
16
#44435008
0'
#44440008
1'
06
12
b11001000110000001011100010110 G
1J
1>
04
#44445008
0'
#44450008
1'
14
0J
0?
00
b101101000010100 (
1F
02
0>
1B
1+
#44455008
0'
#44460008
1'
0+
0F
b1111111010101100 ,
0B
b11001101101 @
1/
1L
#44465008
0'
#44470008
1'
0L
b10000000010000000000000000 K
b111 9
b1110 M
10
16
0/
1:
b11010 3
b110110001101000011001 7
#44475008
0'
#44480008
1'
1J
04
b11010 G
06
0:
1>
#44485008
0'
#44490008
1'
0J
12
#44495008
0'
#44500008
1'
02
1F
00
1B
#44505008
0'
#44510008
1'
0B
0F
1L
b11001101101 ,
1/
b11001110000 @
#44515008
0'
#44520008
1'
b10000000010000000000000000 7
b1111 M
b1110 9
b110000001010000010000000011 K
0/
10
1:
0L
#44525008
0'
#44530008
1'
0:
#44535008
0'
#44540008
1'
12
#44545008
0'
#44550008
1'
02
1F
1B
00
#44555008
0'
#44560008
1'
0F
1L
b11001110100 @
0B
1/
b11001110000 ,
#44565008
0'
#44570008
1'
0L
10
b1111 9
b110000001010000010000000011 7
0/
b1010000010010000100000000111 K
1:
#44575008
0'
#44580008
1'
0:
1?
b1111111010010011 <
#44585008
0'
#44590008
1'
b1111111010010100 <
12
14
0>
1+
b1111111010010011 (
#44595008
0'
#44600008
1'
0+
1F
02
00
1B
#44605008
0'
#44610008
1'
0B
b11001110100 ,
0F
1L
b11001111000 @
b0 3
1/
16
#44615008
0'
#44620008
1'
06
1:
1>
04
0/
0L
b1010000010010000100000000111 7
10
b1110000011010000110000001011 K
1J
b0 G
#44625008
0'
#44630008
1'
0>
b1111111010010100 (
b1111111010011000 <
0:
1+
0J
14
#44635008
0'
#44640008
1'
12
0+
#44645008
0'
#44650008
1'
1F
16
1B
02
b100000000110000001000000001 3
00
#44655008
0'
#44660008
1'
04
b100000000110000001000000001 G
1>
06
b11001111000 ,
0F
1J
1L
1/
0B
b11001111100 @
#44665008
0'
#44670008
1'
14
1+
1:
10
b1111111010011100 <
b1111111010011000 (
0>
0J
b1110000011010000110000001011 7
0/
b10010000100010001000000001111 K
0L
#44675008
0'
#44680008
1'
0+
0:
#44685008
0'
#44690008
1'
16
b1000000001110000011000000101 3
12
#44695008
0'
#44700008
1'
02
04
b1000000001110000011000000101 G
00
1B
1>
1F
06
1J
#44705008
0'
#44710008
1'
0J
1L
b11010000000 @
b11001111100 ,
b1111111010011100 (
14
1+
b1111111010100000 <
0B
0F
0>
1/
#44715008
0'
#44720008
1'
0/
0+
0L
1:
b10110000101010001010000010011 K
10
b10010000100010001000000001111 7
#44725008
0'
#44730008
1'
0:
16
b1100000010110000101000001001 3
#44735008
0'
#44740008
1'
b1100000010110000101000001001 G
1J
04
12
06
1>
#44745008
0'
#44750008
1'
0>
14
0J
1+
b1111111010100000 (
02
00
b1111111010100100 <
1F
1B
#44755008
0'
#44760008
1'
0B
0+
1/
b11010000100 @
1L
b11010000000 ,
0F
#44765008
0'
#44770008
1'
0L
0/
b10110000101010001010000010011 7
b1 M
16
b10000000011110000111000001101 3
1:
b10111 K
10
#44775008
0'
#44780008
1'
1J
04
1>
b10000000011110000111000001101 G
06
0:
#44785008
0'
#44790008
1'
1+
0>
14
0J
b1111111010100100 (
b1111111010101000 <
12
#44795008
0'
#44800008
1'
02
1F
1B
00
0+
#44805008
0'
#44810008
1'
1L
0B
1/
0F
b1000101000001001 @
16
b11010000100 ,
b10100000100110001001000010001 3
#44815008
0'
#44820008
1'
b1 9
10
b10111 7
1:
0/
04
1>
0L
b10000000010000000000000000 K
b1110 M
06
b10100000100110001001000010001 G
1J
#44825008
0'
#44830008
1'
0J
0>
1+
14
0:
b1111111010101100 <
b1111111010101000 (
#44835008
0'
#44840008
1'
12
0+
#44845008
0'
#44850008
1'
00
b11000000101110001011000010101 3
02
1F
1B
16
#44855008
0'
#44860008
1'
06
0F
1J
04
1>
1/
0B
b11000000101110001011000010101 G
b1000101000001100 @
1L
b1000101000001001 ,
#44865008
0'
#44870008
1'
0>
1+
b1111111010101100 (
b1110 9
14
10
b10000000010000000000000000 7
0J
0L
0/
b110000001010000010000000011 K
0?
1:
b1111 M
#44875008
0'
#44880008
1'
0+
0:
#44885008
0'
#44890008
1'
16
12
b110110001101000011001 3
#44895008
0'
#44900008
1'
1F
1>
02
00
06
04
1J
b110110001101000011001 G
1B
#44905008
0'
#44910008
1'
0B
b1000101000001100 ,
0F
0J
b11101010010110 @
1L
1/
#44915008
0'
#44920008
1'
0/
1:
b110000001010000010000000011 7
b1100 M
10
b1111 9
0L
b1000000000000000000000000 K
#44925008
0'
#44930008
1'
0:
#44935008
0'
#44940008
1'
12
1?
b11001101101 <
#44945008
0'
#44950008
1'
b11001110000 <
00
1B
b11001101101 (
0>
1F
14
1+
02
#44955008
0'
#44960008
1'
b11101010010110 ,
1/
0B
0+
0F
1L
b11101010011000 @
#44965008
0'
#44970008
1'
0/
16
b10000000010000000000000000 3
b1100000010 K
1:
b1000000000000000000000000 7
10
b11 M
0L
b1100 9
#44975008
0'
#44980008
1'
06
0:
b10000000010000000000000000 G
1>
04
1J
#44985008
0'
#44990008
1'
0J
b11001110000 (
12
b11001110100 <
14
0>
1+
#44995008
0'
#45000008
1'
0+
02
00
1B
1F
#45005008
0'
#45010008
1'
0F
b1011111101111110 @
1/
16
b110000001010000010000000011 3
b11101010011000 ,
0B
1L
#45015008
0'
#45020008
1'
0L
b11 9
1J
06
0/
b1100000010 7
b1000000000000000000000000 K
1:
1>
10
04
b1100 M
b110000001010000010000000011 G
#45025008
0'
#45030008
1'
1+
b11001110100 (
0J
14
0>
0:
b11001111000 <
#45035008
0'
#45040008
1'
12
0+
#45045008
0'
#45050008
1'
b1010000010010000100000000111 3
1F
02
16
1B
00
#45055008
0'
#45060008
1'
b1010000010010000100000000111 G
1L
0F
1/
b1011111110000000 @
0B
b1011111101111110 ,
06
1J
1>
04
#45065008
0'
#45070008
1'
14
0/
b11001111100 <
10
1+
b1000000000000000000000000 7
0L
b1100 9
b11001111000 (
0>
1:
b1100000010 K
0J
b11 M
#45075008
0'
#45080008
1'
0+
0:
#45085008
0'
#45090008
1'
12
b1110000011010000110000001011 3
16
#45095008
0'
#45100008
1'
06
00
04
02
1F
b1110000011010000110000001011 G
1>
1B
1J
#45105008
0'
#45110008
1'
0J
0F
b11010000000 <
1/
14
1L
0B
b111111100110110 @
b11001111100 (
0>
1+
b1011111110000000 ,
#45115008
0'
#45120008
1'
1:
b11 9
0/
10
b1100 M
b1100000010 7
0+
0L
b1000000000000000000000000 K
#45125008
0'
#45130008
1'
16
0:
b10010000100010001000000001111 3
#45135008
0'
#45140008
1'
04
1J
06
12
1>
b10010000100010001000000001111 G
#45145008
0'
#45150008
1'
1F
0J
14
00
b11010000100 <
0>
1B
02
1+
b11010000000 (
#45155008
0'
#45160008
1'
b111111100110110 ,
0F
1/
0+
1L
b111111100111000 @
0B
#45165008
0'
#45170008
1'
b101000001000000001100000010 K
16
b10110000101010001010000010011 3
b1111 M
10
b1100 9
0/
b1000000000000000000000000 7
0L
1:
#45175008
0'
#45180008
1'
0:
06
b10110000101010001010000010011 G
04
1J
1>
#45185008
0'
#45190008
1'
0>
14
b11010000100 (
0J
b1000101000001001 <
12
1+
#45195008
0'
#45200008
1'
0+
00
1B
1F
02
#45205008
0'
#45210008
1'
0B
16
b10111 3
b111111100111000 ,
0F
b111111100111100 @
1L
1/
#45215008
0'
#45220008
1'
0/
1>
04
1:
b10000000011100000110 K
10
b10111 G
b111 M
06
0L
b1111 9
b101000001000000001100000010 7
1J
#45225008
0'
#45230008
1'
0J
14
0>
1+
0:
b1000101000001001 (
b1000101000001100 <
#45235008
0'
#45240008
1'
0+
12
#45245008
0'
#45250008
1'
02
b10000000010000000000000000 3
00
1B
16
1F
#45255008
0'
#45260008
1'
0F
04
1J
1/
1>
b10000000010000000000000000 G
06
b111111100111100 ,
0B
b1010110011011110 @
1L
#45265008
0'
#45270008
1'
0L
0>
b11101010010110 <
14
1+
b1100 M
0/
0J
10
b1000000000000000000000000 K
b10000000011100000110 7
b1000101000001100 (
b111 9
1:
#45275008
0'
#45280008
1'
0:
0+
#45285008
0'
#45290008
1'
b110000001010000010000000011 3
12
16
#45295008
0'
#45300008
1'
06
00
04
1>
1F
1J
02
b110000001010000010000000011 G
1B
#45305008
0'
#45310008
1'
0B
0F
14
b11101010011000 <
1L
0>
1/
1+
0J
b1010110011100000 @
b11101010010110 (
b1010110011011110 ,
#45315008
0'
#45320008
1'
0/
10
b1111 M
0L
1:
0+
b101000001000000001100000010 K
b1100 9
b1000000000000000000000000 7
#45325008
0'
#45330008
1'
16
b1000000000000000000000000 3
0:
#45335008
0'
#45340008
1'
04
06
1>
b1000000000000000000000000 G
12
1J
#45345008
0'
#45350008
1'
0J
1F
1B
14
b1011111101111110 <
00
02
b11101010011000 (
0>
1+
#45355008
0'
#45360008
1'
0+
1L
b1010110011100000 ,
0F
0B
1/
b1010110011100100 @
#45365008
0'
#45370008
1'
b101000001000000001100000010 7
1:
16
0L
0/
10
b1100000010 3
b1111 9
b1001000010000000011100000110 K
#45375008
0'
#45380008
1'
06
1J
0:
04
1>
b1100000010 G
#45385008
0'
#45390008
1'
1+
b1011111110000000 <
0J
0>
14
b1011111101111110 (
12
#45395008
0'
#45400008
1'
02
1B
0+
1F
00
#45405008
0'
#45410008
1'
b1010110011101000 @
0B
16
b1010110011100100 ,
0F
1L
1/
b1000000000000000000000000 3
#45415008
0'
#45420008
1'
10
b1000000000000000000000000 G
b1101000011000000101100001010 K
1:
06
b1001000010000000011100000110 7
0/
0L
04
1J
1>
#45425008
0'
#45430008
1'
0>
b111111100110110 <
1+
0:
0J
b1011111110000000 (
14
#45435008
0'
#45440008
1'
0+
12
#45445008
0'
#45450008
1'
02
16
b1100000010 3
00
1B
1F
#45455008
0'
#45460008
1'
0F
04
06
1>
b1100000010 G
b1010110011101100 @
0B
b1010110011101000 ,
1J
1/
1L
#45465008
0'
#45470008
1'
0L
10
14
0>
1+
b111111100111000 <
b10001000100000000111100001110 K
0/
1:
b111111100110110 (
0J
b1101000011000000101100001010 7
#45475008
0'
#45480008
1'
0+
0:
#45485008
0'
#45490008
1'
16
12
b1000000000000000000000000 3
#45495008
0'
#45500008
1'
02
b1000000000000000000000000 G
1F
06
04
00
1>
1J
1B
#45505008
0'
#45510008
1'
0B
1L
b111111100111100 <
14
0F
0J
1/
b1010110011110000 @
0>
1+
b111111100111000 (
b1010110011101100 ,
#45515008
0'
#45520008
1'
1:
10
0L
b1 M
b10001000100000000111100001110 7
b10010 K
0+
0/
#45525008
0'
#45530008
1'
b101000001000000001100000010 3
0:
16
#45535008
0'
#45540008
1'
06
12
04
b101000001000000001100000010 G
1J
1>
#45545008
0'
#45550008
1'
0>
14
1B
02
00
0J
1+
1F
b111111100111100 (
0?
#45555008
0'
#45560008
1'
b1010110011110000 ,
1/
0B
1L
0F
0+
b110101101100111 @
#45565008
0'
#45570008
1'
b1000 M
16
0/
1:
b10000000011100000110 3
0L
10
b10010 7
b0 K
b1 9
#45575008
0'
#45580008
1'
0:
1>
06
04
1J
b10000000011100000110 G
#45585008
0'
#45590008
1'
12
0J
#45595008
0'
#45600008
1'
1B
02
1F
00
#45605008
0'
#45610008
1'
b110101101101000 @
b110101101100111 ,
1/
0F
0B
1L
#45615008
0'
#45620008
1'
0L
10
b1000 9
b11 M
1:
b1000000001 K
b0 7
0/
#45625008
0'
#45630008
1'
0:
#45635008
0'
#45640008
1'
12
#45645008
0'
#45650008
1'
00
02
1B
1F
#45655008
0'
#45660008
1'
0F
1L
1/
b110101101101000 ,
b1110000111110000 @
0B
#45665008
0'
#45670008
1'
b1111 M
1?
0/
b1010110011011110 <
0L
b11 9
10
1:
b1000000001 7
b11000000100000000100000000 K
#45675008
0'
#45680008
1'
b1010110011100000 <
0>
1+
b1010110011011110 (
0:
14
#45685008
0'
#45690008
1'
0+
12
#45695008
0'
#45700008
1'
1B
16
1F
02
b1000000000000000000000000 3
00
#45705008
0'
#45710008
1'
06
b1000000000000000000000000 G
04
1L
b1110000111110000 ,
1J
0B
1/
0F
b1110000111110100 @
1>
#45715008
0'
#45720008
1'
0>
10
0L
14
0J
b1010110011100100 <
b1100000010100000100 K
b111 M
0/
b11000000100000000100000000 7
1:
b1010110011100000 (
1+
b1111 9
#45725008
0'
#45730008
1'
0+
0:
#45735008
0'
#45740008
1'
16
b101000001000000001100000010 3
12
#45745008
0'
#45750008
1'
02
1B
00
1>
b101000001000000001100000010 G
1J
04
1F
06
#45755008
0'
#45760008
1'
0J
0B
0>
b1010110011101000 <
1L
b1110000111110100 ,
0F
b1100001000000 @
14
1+
1/
b1010110011100100 (
#45765008
0'
#45770008
1'
0L
b111 9
10
b11000000100000000100000000 K
0/
b1111 M
1:
0+
b1100000010100000100 7
#45775008
0'
#45780008
1'
16
b1001000010000000011100000110 3
0:
#45785008
0'
#45790008
1'
12
1J
b1001000010000000011100000110 G
1>
06
04
#45795008
0'
#45800008
1'
14
b1010110011101000 (
00
0J
b1010110011101100 <
1B
02
1+
0>
1F
#45805008
0'
#45810008
1'
0F
0B
1L
b1100001000000 ,
1/
0+
b1100001000100 @
#45815008
0'
#45820008
1'
1:
b1111 9
b11000000100000000100000000 7
10
0L
16
b111000001100000010100000100 K
0/
b1101000011000000101100001010 3
#45825008
0'
#45830008
1'
0:
04
b1101000011000000101100001010 G
1J
1>
06
#45835008
0'
#45840008
1'
14
b1010110011110000 <
b1010110011101100 (
0>
1+
0J
12
#45845008
0'
#45850008
1'
02
1B
1F
00
0+
#45855008
0'
#45860008
1'
0B
b10001000100000000111100001110 3
b1100001001000 @
16
1/
1L
0F
b1100001000100 ,
#45865008
0'
#45870008
1'
b10001000100000000111100001110 G
b111000001100000010100000100 7
04
1:
06
1J
10
0L
0/
1>
b1011000010100000100100001000 K
#45875008
0'
#45880008
1'
14
1+
b110101101100111 <
0>
0:
b1010110011110000 (
0J
#45885008
0'
#45890008
1'
0+
12
#45895008
0'
#45900008
1'
02
1B
b10010 3
1F
16
00
#45905008
0'
#45910008
1'
0B
b1100001001100 @
1J
b1100001001000 ,
04
b10010 G
06
1>
0F
1/
1L
#45915008
0'
#45920008
1'
0L
14
10
1+
b1111000011100000110100001100 K
b1011000010100000100100001000 7
0J
0/
b110101101100111 (
b110101101101000 <
1:
0>
#45925008
0'
#45930008
1'
0+
0:
#45935008
0'
#45940008
1'
12
b0 3
16
#45945008
0'
#45950008
1'
06
00
04
1B
1>
1J
b0 G
02
1F
#45955008
0'
#45960008
1'
0F
0B
1L
b1100001010000 @
14
b1100001001100 ,
0>
1/
1+
0J
b1110000111110000 <
b110101101101000 (
#45965008
0'
#45970008
1'
b1111000011100000110100001100 7
10
0L
1:
b10011000100100001000100010000 K
0/
0+
#45975008
0'
#45980008
1'
0:
16
b1000000001 3
#45985008
0'
#45990008
1'
04
06
12
1>
1J
b1000000001 G
#45995008
0'
#46000008
1'
1+
1B
1F
b1110000111110000 (
00
0J
14
0>
02
b1110000111110100 <
#46005008
0'
#46010008
1'
0B
0+
0F
b1100001010100 @
1L
1/
b1100001010000 ,
#46015008
0'
#46020008
1'
1:
b11000000100000000100000000 3
b10011000100100001000100010000 7
0/
0L
10
16
b10111000101100001010100010100 K
#46025008
0'
#46030008
1'
b11000000100000000100000000 G
0:
06
1>
1J
04
#46035008
0'
#46040008
1'
14
b1110000111110100 (
1+
0?
0J
12
0>
#46045008
0'
#46050008
1'
0+
1F
1B
02
00
#46055008
0'
#46060008
1'
b1100001011000 @
b1100001010100 ,
b1100000010100000100 3
0F
1L
1/
0B
16
#46065008
0'
#46070008
1'
06
1>
b11011000110100001100100011000 K
10
04
b1100000010100000100 G
b10111000101100001010100010100 7
0/
1J
1:
0L
#46075008
0'
#46080008
1'
0:
0J
#46085008
0'
#46090008
1'
12
#46095008
0'
#46100008
1'
00
02
1F
1B
#46105008
0'
#46110008
1'
0B
b1100001011100 @
1L
b1100001011000 ,
0F
1/
#46115008
0'
#46120008
1'
0/
0L
b11100 K
10
b11011000110100001100100011000 7
1:
b1 M
#46125008
0'
#46130008
1'
0:
#46135008
0'
#46140008
1'
12
#46145008
0'
#46150008
1'
1B
02
1F
00
#46155008
0'
#46160008
1'
1L
1/
b10001111110110 @
0F
0B
b1100001011100 ,
#46165008
0'
#46170008
1'
10
0/
b1 9
0L
b1100 M
1:
b11100 7
b1000000000000000000000000 K
#46175008
0'
#46180008
1'
0:
#46185008
0'
#46190008
1'
12
#46195008
0'
#46200008
1'
00
02
1B
1F
#46205008
0'
#46210008
1'
0F
b10001111110110 ,
1L
1/
0B
b10001111111000 @
#46215008
0'
#46220008
1'
0L
b1100 9
b101000001000000001100000010 K
0/
10
b1000000000000000000000000 7
1:
b1111 M
#46225008
0'
#46230008
1'
0:
#46235008
0'
#46240008
1'
12
#46245008
0'
#46250008
1'
1F
02
1B
00
#46255008
0'
#46260008
1'
b10001111111100 @
b10001111111000 ,
1L
0B
0F
1/
#46265008
0'
#46270008
1'
0/
10
b1111 9
0L
b1001000010000000011100000110 K
b101000001000000001100000010 7
1:
#46275008
0'
#46280008
1'
0:
#46285008
0'
#46290008
1'
12
#46295008
0'
#46300008
1'
00
02
1F
1B
#46305008
0'
#46310008
1'
0B
b1100001000000 <
1/
b10001111111100 ,
b10010000000000 @
0F
1?
1L
#46315008
0'
#46320008
1'
0L
1:
14
0>
0/
b111 M
1+
b1100001000000 (
b1100001000100 <
10
b1001000010000000011100000110 7
b11000000101100001010 K
#46325008
0'
#46330008
1'
0:
0+
#46335008
0'
#46340008
1'
b11000000100000000100000000 3
16
12
#46345008
0'
#46350008
1'
02
1>
04
1B
06
1J
1F
b11000000100000000100000000 G
00
#46355008
0'
#46360008
1'
1+
1L
b10010000000000 ,
b1100001000100 (
14
0>
1/
0B
b1101000101111110 @
0F
0J
b1100001001000 <
#46365008
0'
#46370008
1'
b1000000000000000000000000 K
0L
10
0+
1:
b1100 M
0/
b111 9
b11000000101100001010 7
#46375008
0'
#46380008
1'
0:
b111000001100000010100000100 3
16
#46385008
0'
#46390008
1'
06
1>
04
12
1J
b111000001100000010100000100 G
#46395008
0'
#46400008
1'
14
b1100001001100 <
0>
1+
b1100001001000 (
00
0J
02
1F
1B
#46405008
0'
#46410008
1'
0B
1L
0+
b1101000101111110 ,
0F
1/
b1101000110000000 @
#46415008
0'
#46420008
1'
1:
b1000000000000000000000000 7
b101000001000000001100000010 K
0L
16
0/
10
b1011000010100000100100001000 3
b1111 M
b1100 9
#46425008
0'
#46430008
1'
0:
b1011000010100000100100001000 G
04
1>
06
1J
#46435008
0'
#46440008
1'
0J
14
1+
b1100001001100 (
b1100001010000 <
0>
12
#46445008
0'
#46450008
1'
02
0+
1B
00
1F
#46455008
0'
#46460008
1'
0F
1L
b1101000110000100 @
1/
0B
16
b1111000011100000110100001100 3
b1101000110000000 ,
#46465008
0'
#46470008
1'
0L
04
1J
b1111 9
b1111000011100000110100001100 G
b1001000010000000011100000110 K
1:
b101000001000000001100000010 7
10
1>
06
0/
#46475008
0'
#46480008
1'
0:
14
b1100001010000 (
0J
1+
0>
b1100001010100 <
#46485008
0'
#46490008
1'
12
0+
#46495008
0'
#46500008
1'
1F
02
b10011000100100001000100010000 3
16
00
1B
#46505008
0'
#46510008
1'
0B
b1101000110000100 ,
1J
1L
1/
04
b10011000100100001000100010000 G
0F
06
1>
b1001110111010010 @
#46515008
0'
#46520008
1'
14
1+
0J
1:
0/
b1100001011000 <
b1100001010100 (
b1000000000000000000000000 K
0L
0>
10
b1001000010000000011100000110 7
b1100 M
#46525008
0'
#46530008
1'
0+
0:
#46535008
0'
#46540008
1'
16
b10111000101100001010100010100 3
12
#46545008
0'
#46550008
1'
04
1B
1J
02
00
1>
1F
b10111000101100001010100010100 G
06
#46555008
0'
#46560008
1'
0B
b1001110111010100 @
b1001110111010010 ,
14
1+
b1100001011000 (
1/
b1100001011100 <
0J
1L
0F
0>
#46565008
0'
#46570008
1'
0/
1:
b101000001000000001100000010 K
b1111 M
0+
b1100 9
0L
10
b1000000000000000000000000 7
#46575008
0'
#46580008
1'
16
0:
b11011000110100001100100011000 3
#46585008
0'
#46590008
1'
06
1>
04
b11011000110100001100100011000 G
12
1J
#46595008
0'
#46600008
1'
0J
0>
1+
1B
b1100001011100 (
02
14
b10001111110110 <
1F
00
#46605008
0'
#46610008
1'
0B
1/
0+
b1001110111010100 ,
b1001110111011000 @
0F
1L
#46615008
0'
#46620008
1'
0L
10
b11100 3
b101000001000000001100000010 7
0/
16
b1001000010000000011100000110 K
1:
b1111 9
#46625008
0'
#46630008
1'
06
1>
1J
0:
b11100 G
04
#46635008
0'
#46640008
1'
14
0>
1+
12
b10001111110110 (
b10001111111000 <
0J
#46645008
0'
#46650008
1'
00
1B
0+
1F
02
#46655008
0'
#46660008
1'
1L
b1001110111011000 ,
16
1/
b1000000000000000000000000 3
0F
0B
b1001110111011100 @
#46665008
0'
#46670008
1'
0/
0L
1J
1>
06
10
04
b1001000010000000011100000110 7
b1000000000000000000000000 G
1:
b1101000011000000101100001010 K
#46675008
0'
#46680008
1'
14
0>
0J
0:
b10001111111100 <
1+
b10001111111000 (
#46685008
0'
#46690008
1'
12
0+
#46695008
0'
#46700008
1'
00
16
02
1B
b101000001000000001100000010 3
1F
#46705008
0'
#46710008
1'
0F
1/
b1001110111100000 @
1L
1>
04
b1001110111011100 ,
06
1J
0B
b101000001000000001100000010 G
#46715008
0'
#46720008
1'
14
0/
b10001111111100 (
b10001000100000000111100001110 K
0>
10
0L
1+
0J
b10010000000000 <
b1101000011000000101100001010 7
1:
#46725008
0'
#46730008
1'
0:
0+
#46735008
0'
#46740008
1'
b1001000010000000011100000110 3
12
16
#46745008
0'
#46750008
1'
04
b1001000010000000011100000110 G
1F
00
1>
06
02
1B
1J
#46755008
0'
#46760008
1'
0J
14
1L
1/
1+
0F
b10010000000000 (
b1001110111100100 @
0B
0>
b1001110111100000 ,
b1101000101111110 <
#46765008
0'
#46770008
1'
0L
10
0+
0/
b10101000101000001001100010010 K
1:
b10001000100000000111100001110 7
#46775008
0'
#46780008
1'
0:
b11000000101100001010 3
16
#46785008
0'
#46790008
1'
04
1J
b11000000101100001010 G
06
12
1>
#46795008
0'
#46800008
1'
0>
0J
b1101000110000000 <
b1101000101111110 (
14
1F
1+
00
02
1B
#46805008
0'
#46810008
1'
0B
0+
1/
0F
1L
b1001110111100100 ,
b1001110111101000 @
#46815008
0'
#46820008
1'
b10101000101000001001100010010 7
0/
b11 M
0L
10
16
b1000000000000000000000000 3
b1011100010110 K
1:
#46825008
0'
#46830008
1'
0:
1>
1J
04
06
b1000000000000000000000000 G
#46835008
0'
#46840008
1'
0J
0>
1+
b1101000110000100 <
b1101000110000000 (
12
14
#46845008
0'
#46850008
1'
1F
1B
0+
02
00
#46855008
0'
#46860008
1'
0B
b1100111011111110 @
0F
1/
16
b1001110111101000 ,
1L
b101000001000000001100000010 3
#46865008
0'
#46870008
1'
b11 9
10
b101000001000000001100000010 G
1:
04
1J
b1011100010110 7
1>
0L
0/
b100 M
06
b0 K
#46875008
0'
#46880008
1'
0J
0:
14
0?
0>
1+
b1101000110000100 (
#46885008
0'
#46890008
1'
0+
12
#46895008
0'
#46900008
1'
1F
00
b1001000010000000011100000110 3
1B
02
16
#46905008
0'
#46910008
1'
06
0F
b1001000010000000011100000110 G
b100001100101001 @
1J
0B
1L
04
1>
1/
b1100111011111110 ,
#46915008
0'
#46920008
1'
b0 7
b100 9
10
b10000000010000000000000000 K
1:
0/
0J
b1110 M
0L
#46925008
0'
#46930008
1'
0:
#46935008
0'
#46940008
1'
12
#46945008
0'
#46950008
1'
00
1F
02
1B
#46955008
0'
#46960008
1'
0B
b100001100101100 @
b100001100101001 ,
1L
0F
1/
#46965008
0'
#46970008
1'
0/
b110000001010000010000000011 K
b10000000010000000000000000 7
10
b1110 9
b1111 M
1:
0L
#46975008
0'
#46980008
1'
0:
#46985008
0'
#46990008
1'
12
#46995008
0'
#47000008
1'
00
1B
02
1F
#47005008
0'
#47010008
1'
0F
b100001100101100 ,
1L
b100001100110000 @
b1001110111010010 <
1/
0B
1?
#47015008
0'
#47020008
1'
b1001110111010100 <
10
b1001110111010010 (
b110000001010000010000000011 7
0L
b1010000010010000100000000111 K
b1111 9
1:
1+
0/
0>
14
#47025008
0'
#47030008
1'
0:
0+
#47035008
0'
#47040008
1'
b1000000000000000000000000 3
16
12
#47045008
0'
#47050008
1'
02
04
1F
b1000000000000000000000000 G
00
06
1B
1>
1J
#47055008
0'
#47060008
1'
0J
b1001110111011000 <
1L
0F
b100001100110100 @
b100001100110000 ,
14
b1001110111010100 (
0>
1+
0B
1/
#47065008
0'
#47070008
1'
0/
0L
b1010000010010000100000000111 7
10
b1110000011010000110000001011 K
0+
1:
#47075008
0'
#47080008
1'
0:
b101000001000000001100000010 3
16
#47085008
0'
#47090008
1'
06
04
1J
12
b101000001000000001100000010 G
1>
#47095008
0'
#47100008
1'
0>
02
0J
14
b1001110111011100 <
1F
1B
b1001110111011000 (
1+
00
#47105008
0'
#47110008
1'
1L
1/
b100001100110100 ,
b100001100111000 @
0+
0F
0B
#47115008
0'
#47120008
1'
1:
16
0/
10
0L
b1110000011010000110000001011 7
b1001000010000000011100000110 3
b10010000100010001000000001111 K
#47125008
0'
#47130008
1'
1>
0:
04
06
1J
b1001000010000000011100000110 G
#47135008
0'
#47140008
1'
12
b1001110111100000 <
14
0>
0J
1+
b1001110111011100 (
#47145008
0'
#47150008
1'
00
1B
02
0+
1F
#47155008
0'
#47160008
1'
0F
0B
16
1/
b100001100111000 ,
b1101000011000000101100001010 3
b100001100111100 @
1L
#47165008
0'
#47170008
1'
0L
0/
04
b1101000011000000101100001010 G
b101010001010000010011 K
06
10
1:
b10010000100010001000000001111 7
b111 M
1J
1>
#47175008
0'
#47180008
1'
0>
14
b1001110111100000 (
b1001110111100100 <
0J
1+
0:
#47185008
0'
#47190008
1'
0+
12
#47195008
0'
#47200008
1'
00
1B
1F
16
02
b10001000100000000111100001110 3
#47205008
0'
#47210008
1'
1>
1/
1L
0F
0B
04
b10001000100000000111100001110 G
b100001100111100 ,
06
1J
b101011101101000 @
#47215008
0'
#47220008
1'
14
0>
1:
b1001110111100100 (
0L
0/
10
b11000000100000000100000000 K
0J
b111 9
1+
b1001110111101000 <
b1111 M
b101010001010000010011 7
#47225008
0'
#47230008
1'
0:
0+
#47235008
0'
#47240008
1'
b10101000101000001001100010010 3
12
16
#47245008
0'
#47250008
1'
06
00
04
1>
1B
1F
02
1J
b10101000101000001001100010010 G
#47255008
0'
#47260008
1'
0B
1+
b101011101101100 @
0>
14
1/
1L
b1001110111101000 (
0J
0F
b101011101101000 ,
b1100111011111110 <
#47265008
0'
#47270008
1'
0L
10
0/
0+
b11000000100000000100000000 7
b1111 9
1:
b111000001100000010100000100 K
#47275008
0'
#47280008
1'
16
0:
b1011100010110 3
#47285008
0'
#47290008
1'
b1011100010110 G
04
1>
06
12
1J
#47295008
0'
#47300008
1'
0J
0?
1+
1B
14
00
02
b1100111011111110 (
1F
0>
#47305008
0'
#47310008
1'
0B
0+
1L
b101011101110000 @
1/
0F
b101011101101100 ,
#47315008
0'
#47320008
1'
b0 3
b1011000010100000100100001000 K
0L
0/
10
b111000001100000010100000100 7
16
1:
#47325008
0'
#47330008
1'
0:
04
1J
1>
b0 G
06
#47335008
0'
#47340008
1'
0J
12
#47345008
0'
#47350008
1'
02
1B
1F
00
#47355008
0'
#47360008
1'
b101011101110000 ,
1?
b100001100101001 <
b101011101110100 @
0F
1/
1L
0B
#47365008
0'
#47370008
1'
b100001100101100 <
b1111000011100000110100001100 K
0>
1:
10
14
1+
0L
0/
b100001100101001 (
b1011000010100000100100001000 7
#47375008
0'
#47380008
1'
0:
0+
#47385008
0'
#47390008
1'
12
16
b10000000010000000000000000 3
#47395008
0'
#47400008
1'
04
1B
1>
06
02
00
1F
1J
b10000000010000000000000000 G
#47405008
0'
#47410008
1'
14
b101011101110100 ,
b100001100110000 <
0B
1+
0>
0J
b101011101111000 @
0F
b100001100101100 (
1/
1L
#47415008
0'
#47420008
1'
0L
0+
b100100001000100010000 K
b1111000011100000110100001100 7
0/
10
1:
b111 M
#47425008
0'
#47430008
1'
b110000001010000010000000011 3
16
0:
#47435008
0'
#47440008
1'
04
12
b110000001010000010000000011 G
06
1>
1J
#47445008
0'
#47450008
1'
0J
02
14
1+
1B
b100001100110100 <
0>
00
b100001100110000 (
1F
#47455008
0'
#47460008
1'
0F
0B
1L
0+
b101011101111000 ,
1/
b1111110111110110 @
#47465008
0'
#47470008
1'
b1000000000000000000000000 K
b1100 M
1:
0L
b1010000010010000100000000111 3
0/
b111 9
b100100001000100010000 7
10
16
#47475008
0'
#47480008
1'
06
1J
0:
04
b1010000010010000100000000111 G
1>
#47485008
0'
#47490008
1'
0>
1+
0J
12
b100001100110100 (
14
b100001100111000 <
#47495008
0'
#47500008
1'
1F
0+
1B
00
02
#47505008
0'
#47510008
1'
1L
b1111110111111000 @
0F
16
1/
b1110000011010000110000001011 3
0B
b1111110111110110 ,
#47515008
0'
#47520008
1'
1:
1J
b101000001000000001100000010 K
1>
b1111 M
0L
06
b1110000011010000110000001011 G
10
04
0/
b1100 9
b1000000000000000000000000 7
#47525008
0'
#47530008
1'
0:
b100001100111100 <
0>
0J
1+
14
b100001100111000 (
#47535008
0'
#47540008
1'
12
0+
#47545008
0'
#47550008
1'
1F
02
1B
16
00
b10010000100010001000000001111 3
#47555008
0'
#47560008
1'
1J
b1111110111111000 ,
1>
b1111110111111100 @
b10010000100010001000000001111 G
0F
1L
06
0B
04
1/
#47565008
0'
#47570008
1'
0/
0>
b100001100111100 (
1+
b101000001000000001100000010 7
0J
b101011101101000 <
1:
b1001000010000000011100000110 K
14
10
0L
b1111 9
#47575008
0'
#47580008
1'
0:
0+
#47585008
0'
#47590008
1'
b101010001010000010011 3
12
16
#47595008
0'
#47600008
1'
06
1>
1J
02
b101010001010000010011 G
1B
1F
00
04
#47605008
0'
#47610008
1'
14
0>
b101011101101000 (
1+
1/
b101011101101100 <
b1111110111111100 ,
0J
1L
b1111111000000000 @
0F
0B
#47615008
0'
#47620008
1'
b1 M
0/
0+
b1001000010000000011100000110 7
1:
b1010 K
10
0L
#47625008
0'
#47630008
1'
16
0:
b11000000100000000100000000 3
#47635008
0'
#47640008
1'
04
1>
1J
06
12
b11000000100000000100000000 G
#47645008
0'
#47650008
1'
14
b101011101101100 (
b101011101110000 <
1B
1+
02
00
1F
0>
0J
#47655008
0'
#47660008
1'
0B
1L
1/
0+
b1111111000000000 ,
0F
b10101011100 @
#47665008
0'
#47670008
1'
b111000001100000010100000100 3
b1 9
0L
b1010 7
b1111 M
0/
1:
16
b11000000100000000100000000 K
10
#47675008
0'
#47680008
1'
b111000001100000010100000100 G
1J
04
1>
06
0:
#47685008
0'
#47690008
1'
0J
b101011101110000 (
b101011101110100 <
12
0>
14
1+
#47695008
0'
#47700008
1'
0+
00
1B
1F
02
#47705008
0'
#47710008
1'
b10101100000 @
1L
b1011000010100000100100001000 3
0F
16
0B
1/
b10101011100 ,
#47715008
0'
#47720008
1'
b11000000100000000100000000 7
10
b1011000010100000100100001000 G
1:
0L
b1111 9
1J
0/
04
b1100000010100000100 K
b111 M
06
1>
#47725008
0'
#47730008
1'
0>
b101011101110100 (
1+
0:
14
0J
b101011101111000 <
#47735008
0'
#47740008
1'
0+
12
#47745008
0'
#47750008
1'
02
00
b1111000011100000110100001100 3
16
1B
1F
#47755008
0'
#47760008
1'
0F
b10101100000 ,
1L
b1111000011100000110100001100 G
b1000001010010110 @
1>
0B
1J
1/
06
04
#47765008
0'
#47770008
1'
14
b1111110111110110 <
1+
b111 9
b1100000010100000100 7
b101011101111000 (
0L
1:
0>
10
0/
0J
b1100 M
b1000000000000000000000000 K
#47775008
0'
#47780008
1'
0+
0:
#47785008
0'
#47790008
1'
12
16
b100100001000100010000 3
#47795008
0'
#47800008
1'
04
b100100001000100010000 G
1F
06
1B
02
1J
1>
00
#47805008
0'
#47810008
1'
b1000001010011000 @
b1111110111110110 (
b1111110111111000 <
14
b1000001010010110 ,
0>
0F
1+
1L
0J
0B
1/
#47815008
0'
#47820008
1'
0/
10
1:
b101000001000000001100000010 K
b1000000000000000000000000 7
b1100 9
b1111 M
0+
0L
#47825008
0'
#47830008
1'
b1000000000000000000000000 3
0:
16
#47835008
0'
#47840008
1'
06
04
b1000000000000000000000000 G
1>
1J
12
#47845008
0'
#47850008
1'
02
14
00
b1111110111111100 <
b1111110111111000 (
0J
1B
1F
0>
1+
#47855008
0'
#47860008
1'
0+
1L
b1000001010011100 @
1/
b1000001010011000 ,
0F
0B
#47865008
0'
#47870008
1'
b101000001000000001100000010 7
0L
10
16
b101000001000000001100000010 3
b1001000010000000011100000110 K
1:
0/
b1111 9
#47875008
0'
#47880008
1'
06
04
1J
1>
0:
b101000001000000001100000010 G
#47885008
0'
#47890008
1'
b1111111000000000 <
12
1+
14
b1111110111111100 (
0>
0J
#47895008
0'
#47900008
1'
02
1B
00
0+
1F
#47905008
0'
#47910008
1'
0F
0B
b1000001010100000 @
b1001000010000000011100000110 3
1L
16
1/
b1000001010011100 ,
#47915008
0'
#47920008
1'
0L
1J
b1001000010000000011100000110 G
b1001000010000000011100000110 7
0/
1>
10
1:
06
04
b1101000011000000101100001010 K
#47925008
0'
#47930008
1'
b10101011100 <
0J
14
0>
1+
b1111111000000000 (
0:
#47935008
0'
#47940008
1'
12
0+
#47945008
0'
#47950008
1'
1B
1F
b1010 3
02
16
00
#47955008
0'
#47960008
1'
0F
b1010 G
1L
b1000001010100000 ,
0B
b1000001010100100 @
06
04
1J
1/
1>
#47965008
0'
#47970008
1'
0>
b10001000100000000111100001110 K
10
1+
1:
b10101100000 <
0L
0/
14
b1101000011000000101100001010 7
0J
b10101011100 (
#47975008
0'
#47980008
1'
0:
0+
#47985008
0'
#47990008
1'
16
12
b11000000100000000100000000 3
#47995008
0'
#48000008
1'
1B
1>
b11000000100000000100000000 G
1F
00
1J
02
04
06
#48005008
0'
#48010008
1'
0F
0>
1+
0B
b1000001010100100 ,
b10101100000 (
0?
14
b11001101110011 @
1/
1L
0J
#48015008
0'
#48020008
1'
b0 K
1:
0+
0L
0/
10
b1000 M
b10001000100000000111100001110 7
#48025008
0'
#48030008
1'
16
0:
b1100000010100000100 3
#48035008
0'
#48040008
1'
1J
1>
06
b1100000010100000100 G
04
12
#48045008
0'
#48050008
1'
02
1F
0J
1B
00
#48055008
0'
#48060008
1'
0F
b11001101110011 ,
0B
b11001101110100 @
1L
1/
#48065008
0'
#48070008
1'
0/
b1000001010010110 <
b0 7
10
b1000 9
b100000000110000001000000001 K
0L
1:
b1111 M
1?
#48075008
0'
#48080008
1'
b1000001010010110 (
b1000001010011000 <
0>
0:
14
1+
#48085008
0'
#48090008
1'
0+
12
#48095008
0'
#48100008
1'
02
16
b1000000000000000000000000 3
00
1F
1B
#48105008
0'
#48110008
1'
0B
1J
1/
06
0F
b11001101110100 ,
1L
04
1>
b11001101111000 @
b1000000000000000000000000 G
#48115008
0'
#48120008
1'
0/
10
b1111 9
0J
1+
b1000001010011000 (
b1000001010011100 <
b100000000110000001000000001 7
b1000000001110000011000000101 K
0>
0L
14
1:
#48125008
0'
#48130008
1'
0:
0+
#48135008
0'
#48140008
1'
12
b101000001000000001100000010 3
16
#48145008
0'
#48150008
1'
06
b101000001000000001100000010 G
1B
02
00
1J
04
1F
1>
#48155008
0'
#48160008
1'
0>
1+
b1000001010100000 <
1/
0B
b1000001010011100 (
0F
0J
b11001101111100 @
14
b11001101111000 ,
1L
#48165008
0'
#48170008
1'
0L
10
0+
0/
1:
b1 M
b1000000001110000011000000101 7
b1001 K
#48175008
0'
#48180008
1'
16
b1001000010000000011100000110 3
0:
#48185008
0'
#48190008
1'
1>
b1001000010000000011100000110 G
12
06
04
1J
#48195008
0'
#48200008
1'
0J
1B
1+
00
0>
b1000001010100100 <
14
1F
b1000001010100000 (
02
#48205008
0'
#48210008
1'
1/
1L
0+
0B
b11001101111100 ,
0F
b1011111010011111 @
#48215008
0'
#48220008
1'
1:
b0 K
0L
b1 9
0/
10
b1001 7
16
b1101000011000000101100001010 3
b1000 M
#48225008
0'
#48230008
1'
1>
0:
1J
b1101000011000000101100001010 G
04
06
#48235008
0'
#48240008
1'
1+
12
0?
0J
0>
14
b1000001010100100 (
#48245008
0'
#48250008
1'
0+
02
1F
00
1B
#48255008
0'
#48260008
1'
0B
1/
b1011111010100000 @
16
1L
b10001000100000000111100001110 3
0F
b1011111010011111 ,
#48265008
0'
#48270008
1'
06
b1111 M
0/
1J
1:
b1000 9
b100000000110000001000000001 K
10
04
1>
0L
b10001000100000000111100001110 G
b0 7
#48275008
0'
#48280008
1'
0:
0J
#48285008
0'
#48290008
1'
12
#48295008
0'
#48300008
1'
1B
02
00
1F
#48305008
0'
#48310008
1'
0F
b1011111010100000 ,
1/
b1011111010100100 @
0B
1L
#48315008
0'
#48320008
1'
0L
0/
b1111 9
1:
b100000000110000001000000001 7
10
b1000000001110000011000000101 K
#48325008
0'
#48330008
1'
0:
#48335008
0'
#48340008
1'
12
#48345008
0'
#48350008
1'
1F
02
00
1B
#48355008
0'
#48360008
1'
0B
1L
b1011111010100100 ,
1?
1/
0F
b11001101110011 <
b1011111010101000 @
#48365008
0'
#48370008
1'
b1100000010110000101000001001 K
b11001101110011 (
1:
0L
1+
b11001101110100 <
0/
b1000000001110000011000000101 7
10
14
0>
#48375008
0'
#48380008
1'
0:
0+
#48385008
0'
#48390008
1'
16
12
b0 3
#48395008
0'
#48400008
1'
1J
1>
1B
02
04
06
00
1F
b0 G
#48405008
0'
#48410008
1'
1+
1L
b1011111010101100 @
0>
0J
b1011111010101000 ,
b11001101110100 (
0F
0B
1/
b11001101111000 <
14
#48415008
0'
#48420008
1'
0+
b1 M
0L
b1101 K
1:
0/
10
b1100000010110000101000001001 7
#48425008
0'
#48430008
1'
b100000000110000001000000001 3
0:
16
#48435008
0'
#48440008
1'
06
04
b100000000110000001000000001 G
1J
1>
12
#48445008
0'
#48450008
1'
02
0J
14
1+
0>
b11001101111100 <
b11001101111000 (
1B
1F
00
#48455008
0'
#48460008
1'
1L
b1011111010101100 ,
b111111011011000 @
0F
0+
0B
1/
#48465008
0'
#48470008
1'
0/
10
b1101 7
16
0L
b1 9
b1000000001110000011000000101 3
b0 K
1:
#48475008
0'
#48480008
1'
0:
04
06
1J
b1000000001110000011000000101 G
1>
#48485008
0'
#48490008
1'
0>
0J
0?
14
12
b11001101111100 (
1+
#48495008
0'
#48500008
1'
0+
00
02
1B
1F
#48505008
0'
#48510008
1'
0F
1L
b111111011011000 ,
1/
16
0B
b1010000000101010 @
b1001 3
#48515008
0'
#48520008
1'
0/
0L
04
1>
1:
b0 7
b1100 M
1J
06
b1000000000000000000000000 K
b1001 G
10
#48525008
0'
#48530008
1'
0:
0J
#48535008
0'
#48540008
1'
12
#48545008
0'
#48550008
1'
1F
00
02
1B
#48555008
0'
#48560008
1'
0B
1/
1L
0F
b1010000000101010 ,
b1010000000101100 @
#48565008
0'
#48570008
1'
b11 M
0L
0/
b1000000000000000000000000 7
1?
b1011111010011111 <
10
b1100000010 K
1:
b1100 9
#48575008
0'
#48580008
1'
1+
0>
14
0:
b1011111010011111 (
b1011111010100000 <
#48585008
0'
#48590008
1'
0+
12
#48595008
0'
#48600008
1'
02
1F
1B
b0 3
16
00
#48605008
0'
#48610008
1'
0B
b110100000111011 @
0F
1J
1>
1/
1L
06
b0 G
b1010000000101100 ,
04
#48615008
0'
#48620008
1'
14
0/
10
b11 9
0>
b1011111010100100 <
b1100000010 7
0J
b1000 M
1+
0L
b1011111010100000 (
b0 K
1:
#48625008
0'
#48630008
1'
0:
0+
#48635008
0'
#48640008
1'
12
16
b100000000110000001000000001 3
#48645008
0'
#48650008
1'
1J
04
1B
00
1F
1>
06
02
b100000000110000001000000001 G
#48655008
0'
#48660008
1'
0F
1/
0J
1+
b110100000111100 @
14
0B
b1011111010101000 <
b110100000111011 ,
0>
b1011111010100100 (
1L
#48665008
0'
#48670008
1'
0L
0/
10
b0 7
b1000 9
0+
b100000000110000001000000001 K
1:
b1111 M
#48675008
0'
#48680008
1'
b1000000001110000011000000101 3
0:
16
#48685008
0'
#48690008
1'
06
b1000000001110000011000000101 G
1J
04
12
1>
#48695008
0'
#48700008
1'
0>
0J
1F
1B
00
02
1+
b1011111010101000 (
14
b1011111010101100 <
#48705008
0'
#48710008
1'
0B
0F
1/
1L
b110100001000000 @
0+
b110100000111100 ,
#48715008
0'
#48720008
1'
16
b1111 9
0L
0/
b100000000110000001000000001 7
b1000000001110000011000000101 K
10
1:
b1100000010110000101000001001 3
#48725008
0'
#48730008
1'
1J
1>
06
b1100000010110000101000001001 G
0:
04
#48735008
0'
#48740008
1'
14
b111111011011000 <
0>
0J
12
1+
b1011111010101100 (
#48745008
0'
#48750008
1'
1B
1F
0+
02
00
#48755008
0'
#48760008
1'
16
b1101 3
b110100001000000 ,
1/
0B
1L
b110100001000100 @
0F
#48765008
0'
#48770008
1'
b1 M
10
1>
06
0/
04
1J
b1001 K
1:
b1000000001110000011000000101 7
0L
b1101 G
#48775008
0'
#48780008
1'
b1010000000101010 <
0>
b111111011011000 (
0J
14
1+
0:
#48785008
0'
#48790008
1'
0+
12
#48795008
0'
#48800008
1'
1B
00
1F
b0 3
16
02
#48805008
0'
#48810008
1'
1/
0B
0F
1>
b110100001000100 ,
b0 G
06
b1110011000011011 @
1L
04
1J
#48815008
0'
#48820008
1'
0J
10
1:
b1000 M
0>
0/
b1 9
b1010000000101100 <
14
b1010000000101010 (
b0 K
0L
b1001 7
1+
#48825008
0'
#48830008
1'
0+
0:
#48835008
0'
#48840008
1'
b1000000000000000000000000 3
12
16
#48845008
0'
#48850008
1'
06
00
1J
1B
1>
1F
02
04
b1000000000000000000000000 G
#48855008
0'
#48860008
1'
0>
b1110011000011011 ,
0B
1+
1/
0J
14
0F
1L
b1010000000101100 (
0?
b1110011000011100 @
#48865008
0'
#48870008
1'
0/
b1000 9
1:
0+
b1111 M
10
1?
b0 7
b110100000111011 <
0L
b100000000110000001000000001 K
#48875008
0'
#48880008
1'
16
b1100000010 3
0:
#48885008
0'
#48890008
1'
b1100000010 G
06
1>
1J
12
04
#48895008
0'
#48900008
1'
14
1+
1B
02
0>
00
0J
b110100000111100 <
1F
b110100000111011 (
#48905008
0'
#48910008
1'
b1110011000100000 @
1/
0+
b1110011000011100 ,
0F
0B
1L
#48915008
0'
#48920008
1'
0L
1:
b0 3
b1000000001110000011000000101 K
0/
b1111 9
16
10
b100000000110000001000000001 7
#48925008
0'
#48930008
1'
0:
b0 G
04
06
1>
1J
#48935008
0'
#48940008
1'
0J
1+
b110100000111100 (
0>
12
b110100001000000 <
14
#48945008
0'
#48950008
1'
0+
1F
02
00
1B
#48955008
0'
#48960008
1'
0B
1L
1/
b100000000110000001000000001 3
b1110011000100100 @
b1110011000100000 ,
16
0F
#48965008
0'
#48970008
1'
b1000000001110000011000000101 7
04
1J
0/
0L
b100000000110000001000000001 G
1:
b1100000010110000101000001001 K
06
10
1>
#48975008
0'
#48980008
1'
0>
0:
0J
14
b110100001000100 <
b110100001000000 (
1+
#48985008
0'
#48990008
1'
0+
12
#48995008
0'
#49000008
1'
02
b1000000001110000011000000101 3
1F
1B
00
16
#49005008
0'
#49010008
1'
06
0F
1J
1>
b1000000001110000011000000101 G
1L
1/
04
0B
b1110011000100100 ,
b1110011000101000 @
#49015008
0'
#49020008
1'
0L
b1100000010110000101000001001 7
1:
0>
0J
10
0?
1+
b10000000011110000111000001101 K
b110100001000100 (
14
0/
#49025008
0'
#49030008
1'
0:
0+
#49035008
0'
#49040008
1'
16
12
b1001 3
#49045008
0'
#49050008
1'
02
1>
06
b1001 G
1F
00
1J
04
1B
#49055008
0'
#49060008
1'
0B
b1110011000101100 @
1/
1L
0F
b1110011000101000 ,
0J
#49065008
0'
#49070008
1'
0/
b10000000011110000111000001101 7
0L
1:
10
b10100000100110001001000010001 K
#49075008
0'
#49080008
1'
0:
#49085008
0'
#49090008
1'
12
#49095008
0'
#49100008
1'
02
1B
00
1F
#49105008
0'
#49110008
1'
0F
1/
b1110011000110000 @
b1110011000101100 ,
0B
1L
#49115008
0'
#49120008
1'
0L
0/
b11000000101110001011000010101 K
10
b10100000100110001001000010001 7
1:
#49125008
0'
#49130008
1'
0:
#49135008
0'
#49140008
1'
12
#49145008
0'
#49150008
1'
02
1F
1B
00
#49155008
0'
#49160008
1'
1/
1L
0B
0F
b1110011000110000 ,
b1100111111011 @
#49165008
0'
#49170008
1'
b1000 M
0/
10
1:
b11000000101110001011000010101 7
b0 K
0L
#49175008
0'
#49180008
1'
0:
#49185008
0'
#49190008
1'
12
#49195008
0'
#49200008
1'
02
00
1F
1B
#49205008
0'
#49210008
1'
0B
b1100111111100 @
1L
1/
0F
b1100111111011 ,
#49215008
0'
#49220008
1'
0L
b1000 9
b1111 M
0/
b100000000110000001000000001 K
10
b0 7
1:
#49225008
0'
#49230008
1'
0:
1?
b1110011000011011 <
#49235008
0'
#49240008
1'
b1110011000011100 <
1+
12
0>
14
b1110011000011011 (
#49245008
0'
#49250008
1'
02
0+
1B
1F
00
#49255008
0'
#49260008
1'
b0 3
b1100111111100 ,
1L
16
b1101000000000 @
0F
0B
1/
#49265008
0'
#49270008
1'
0/
06
10
b1111 9
1J
b0 G
0L
04
b100000000110000001000000001 7
1>
1:
b1000000001110000011000000101 K
#49275008
0'
#49280008
1'
b1110011000011100 (
0J
1+
b1110011000100000 <
0:
0>
14
#49285008
0'
#49290008
1'
0+
12
#49295008
0'
#49300008
1'
02
00
16
b100000000110000001000000001 3
1B
1F
#49305008
0'
#49310008
1'
0F
06
b100000000110000001000000001 G
1/
1J
04
b1101000000000 ,
0B
1>
1L
b1101000000100 @
#49315008
0'
#49320008
1'
14
b1100000010110000101000001001 K
0J
10
1+
b1110011000100000 (
0/
0L
0>
1:
b1110011000100100 <
b1000000001110000011000000101 7
#49325008
0'
#49330008
1'
0+
0:
#49335008
0'
#49340008
1'
16
12
b1000000001110000011000000101 3
#49345008
0'
#49350008
1'
06
1F
1J
04
00
b1000000001110000011000000101 G
02
1B
1>
#49355008
0'
#49360008
1'
0>
b1110011000100100 (
b1101000001000 @
14
0J
0F
0B
b1101000000100 ,
b1110011000101000 <
1/
1+
1L
#49365008
0'
#49370008
1'
0L
10
1:
b1100000010110000101000001001 7
b10000000011110000111000001101 K
0+
0/
#49375008
0'
#49380008
1'
b1100000010110000101000001001 3
0:
16
#49385008
0'
#49390008
1'
06
1J
1>
04
b1100000010110000101000001001 G
12
#49395008
0'
#49400008
1'
02
0>
0J
00
b1110011000101000 (
1+
1F
14
1B
b1110011000101100 <
#49405008
0'
#49410008
1'
1/
1L
b1101000001100 @
0B
0+
0F
b1101000001000 ,
#49415008
0'
#49420008
1'
0L
10
16
b10000000011110000111000001101 7
0/
1:
b10000000011110000111000001101 3
b1 M
b10001 K
#49425008
0'
#49430008
1'
0:
06
1J
1>
b10000000011110000111000001101 G
04
#49435008
0'
#49440008
1'
14
b1110011000110000 <
0J
12
b1110011000101100 (
0>
1+
#49445008
0'
#49450008
1'
0+
00
1F
02
1B
#49455008
0'
#49460008
1'
0B
b1101000001100 ,
1L
1/
16
0F
b10100000100110001001000010001 3
b10010001000110 @
#49465008
0'
#49470008
1'
0/
b0 K
b1 9
1J
0L
04
b10001 7
1:
1>
b10100000100110001001000010001 G
b100 M
06
10
#49475008
0'
#49480008
1'
1+
14
0J
0>
0:
0?
b1110011000110000 (
#49485008
0'
#49490008
1'
0+
12
#49495008
0'
#49500008
1'
02
00
1B
b11000000101110001011000010101 3
16
1F
#49505008
0'
#49510008
1'
0F
b1101110001011100 @
1/
04
1L
b10010001000110 ,
06
0B
1>
1J
b11000000101110001011000010101 G
#49515008
0'
#49520008
1'
0L
b0 7
b11000000100000000100000000 K
10
b100 9
0/
0J
1:
b1111 M
#49525008
0'
#49530008
1'
0:
#49535008
0'
#49540008
1'
12
#49545008
0'
#49550008
1'
02
1F
00
1B
#49555008
0'
#49560008
1'
0B
0F
1L
b1101110001100000 @
b1101110001011100 ,
1/
#49565008
0'
#49570008
1'
0/
0L
b1111 9
b11000000100000000100000000 7
b111000001100000010100000100 K
10
1:
#49575008
0'
#49580008
1'
0:
#49585008
0'
#49590008
1'
12
#49595008
0'
#49600008
1'
02
1B
1F
00
#49605008
0'
#49610008
1'
0B
1L
1/
b1100111111011 <
0F
b1101110001100000 ,
b1101110001100100 @
1?
#49615008
0'
#49620008
1'
0/
10
b111000001100000010100000100 7
0L
14
b1100111111011 (
1:
b1100111111100 <
b1011000010100000100100001000 K
1+
0>
#49625008
0'
#49630008
1'
0+
0:
#49635008
0'
#49640008
1'
12
16
b0 3
#49645008
0'
#49650008
1'
b0 G
1B
1>
04
00
06
02
1J
1F
#49655008
0'
#49660008
1'
0F
14
b1100111111100 (
1/
0>
0B
1L
0J
b1101110001101000 @
1+
b1101000000000 <
b1101110001100100 ,
#49665008
0'
#49670008
1'
b1011000010100000100100001000 7
0/
1:
0L
0+
10
b1111000011100000110100001100 K
#49675008
0'
#49680008
1'
b100000000110000001000000001 3
0:
16
#49685008
0'
#49690008
1'
06
04
1>
b100000000110000001000000001 G
1J
12
#49695008
0'
#49700008
1'
02
0>
1B
1F
14
b1101000000000 (
0J
b1101000000100 <
1+
00
#49705008
0'
#49710008
1'
0F
0B
b1101110001101000 ,
0+
b1101110001101100 @
1/
1L
#49715008
0'
#49720008
1'
0L
b10011000100100001000100010000 K
10
16
b1111000011100000110100001100 7
0/
1:
b1000000001110000011000000101 3
#49725008
0'
#49730008
1'
06
04
1>
0:
b1000000001110000011000000101 G
1J
#49735008
0'
#49740008
1'
0J
14
12
b1101000000100 (
1+
0>
b1101000001000 <
#49745008
0'
#49750008
1'
00
1B
1F
02
0+
#49755008
0'
#49760008
1'
b1100000010110000101000001001 3
16
0B
1L
b1101110001101100 ,
0F
1/
b1101110001110000 @
#49765008
0'
#49770008
1'
04
1J
06
b10111000101100001010100010100 K
10
0/
b10011000100100001000100010000 7
1>
b1100000010110000101000001001 G
0L
1:
#49775008
0'
#49780008
1'
0:
1+
14
b1101000001100 <
0J
0>
b1101000001000 (
#49785008
0'
#49790008
1'
0+
12
#49795008
0'
#49800008
1'
02
1B
16
b10000000011110000111000001101 3
00
1F
#49805008
0'
#49810008
1'
0F
06
b1101110001110100 @
0B
04
1>
1/
1J
b1101110001110000 ,
1L
b10000000011110000111000001101 G
#49815008
0'
#49820008
1'
b10010001000110 <
b11000 K
b1 M
b1101000001100 (
1:
0L
14
b10111000101100001010100010100 7
10
1+
0>
0J
0/
#49825008
0'
#49830008
1'
0:
0+
#49835008
0'
#49840008
1'
12
16
b10001 3
#49845008
0'
#49850008
1'
1B
1F
b10001 G
02
06
1J
04
1>
00
#49855008
0'
#49860008
1'
b10010001000110 (
0B
0?
0F
b1100110101011111 @
1/
0>
1L
14
b1101110001110100 ,
0J
1+
#49865008
0'
#49870008
1'
0+
10
b1000 M
b0 K
b1 9
0/
b11000 7
1:
0L
#49875008
0'
#49880008
1'
b0 3
0:
16
#49885008
0'
#49890008
1'
06
b0 G
1J
12
1>
04
#49895008
0'
#49900008
1'
1F
1B
00
02
0J
#49905008
0'
#49910008
1'
1L
b1100110101100000 @
0B
0F
b1100110101011111 ,
1/
#49915008
0'
#49920008
1'
0/
b1000000001 K
b11 M
0L
1:
b1000 9
10
b0 7
#49925008
0'
#49930008
1'
0:
#49935008
0'
#49940008
1'
12
#49945008
0'
#49950008
1'
1B
b1101110001011100 <
1?
02
1F
00
#49955008
0'
#49960008
1'
b1101110001100000 <
b1101110001011100 (
0B
b1001100000110000 @
14
1+
1/
0F
1L
b1100110101100000 ,
0>
#49965008
0'
#49970008
1'
0+
10
b1000000001 7
b1111 M
b11000000100000000100000000 K
0/
0L
1:
b11 9
#49975008
0'
#49980008
1'
16
0:
b11000000100000000100000000 3
#49985008
0'
#49990008
1'
1>
1J
04
06
b11000000100000000100000000 G
12
#49995008
0'
#50000008
1'
02
0J
00
1+
0>
1B
b1101110001100000 (
b1101110001100100 <
14
1F
#50005008
0'
#50010008
1'
0F
0B
0+
b1001100000110100 @
b1001100000110000 ,
1/
1L
#50015008
0'
#50020008
1'
0L
b111000001100000010100000100 3
b1111 9
10
b11000000100000000100000000 7
0/
1:
16
b111000001100000010100000100 K
#50025008
0'
#50030008
1'
1J
1>
06
04
b111000001100000010100000100 G
0:
#50035008
0'
#50040008
1'
12
b1101110001100100 (
0J
1+
b1101110001101000 <
0>
14
#50045008
0'
#50050008
1'
00
02
1B
1F
0+
#50055008
0'
#50060008
1'
1L
0B
b1011000010100000100100001000 3
0F
16
1/
b1001100000110100 ,
b1001100000111000 @
#50065008
0'
#50070008
1'
04
1J
1:
b1011000010100000100100001000 K
0L
10
1>
b1011000010100000100100001000 G
b111000001100000010100000100 7
0/
06
#50075008
0'
#50080008
1'
0J
1+
14
b1101110001101000 (
0:
0>
b1101110001101100 <
#50085008
0'
#50090008
1'
12
0+
#50095008
0'
#50100008
1'
16
02
1B
b1111000011100000110100001100 3
00
1F
#50105008
0'
#50110008
1'
0F
1L
b1001100000111100 @
1J
04
06
0B
1/
1>
b1001100000111000 ,
b1111000011100000110100001100 G
#50115008
0'
#50120008
1'
14
0L
1+
b1101110001101100 (
0J
b1111000011100000110100001100 K
b1101110001110000 <
0/
10
0>
1:
b1011000010100000100100001000 7
#50125008
0'
#50130008
1'
0+
0:
#50135008
0'
#50140008
1'
12
16
b10011000100100001000100010000 3
#50145008
0'
#50150008
1'
04
b10011000100100001000100010000 G
1F
1J
06
1B
02
00
1>
#50155008
0'
#50160008
1'
0>
0F
14
1L
b1101110001110000 (
b1001100001000000 @
0J
b1001100000111100 ,
1+
b1101110001110100 <
1/
0B
#50165008
0'
#50170008
1'
b10011000100100001000100010000 K
0L
1:
b1111000011100000110100001100 7
0/
10
0+
#50175008
0'
#50180008
1'
b10111000101100001010100010100 3
0:
16
#50185008
0'
#50190008
1'
06
1>
04
b10111000101100001010100010100 G
1J
12
#50195008
0'
#50200008
1'
02
14
1+
1B
1F
b1101110001110100 (
0>
0J
00
b1100110101011111 <
#50205008
0'
#50210008
1'
0B
0+
0F
1L
b1001100001000000 ,
b1001100001000100 @
1/
#50215008
0'
#50220008
1'
0/
b10111000101100001010100010100 K
16
b11000 3
0L
1:
10
b10011000100100001000100010000 7
#50225008
0'
#50230008
1'
04
06
0:
1J
b11000 G
1>
#50235008
0'
#50240008
1'
0>
b1100110101011111 (
12
b1100110101100000 <
14
1+
0J
#50245008
0'
#50250008
1'
1F
02
1B
0+
00
#50255008
0'
#50260008
1'
0F
1/
0B
b1001100001001000 @
1L
b0 3
16
b1001100001000100 ,
#50265008
0'
#50270008
1'
1J
04
b10111000101100001010100010100 7
1>
10
b11011000110100001100100011000 K
06
0/
0L
b0 G
1:
#50275008
0'
#50280008
1'
0:
14
b1100110101100000 (
0J
0>
1+
0?
#50285008
0'
#50290008
1'
12
0+
#50295008
0'
#50300008
1'
00
1F
02
1B
16
b1000000001 3
#50305008
0'
#50310008
1'
1J
04
b1001100001001000 ,
06
0F
b1000000001 G
b1001100001001100 @
0B
1>
1L
1/
#50315008
0'
#50320008
1'
0/
b1 M
0J
1:
10
b11011000110100001100100011000 7
0L
b11100 K
#50325008
0'
#50330008
1'
0:
#50335008
0'
#50340008
1'
12
#50345008
0'
#50350008
1'
00
02
1F
1B
#50355008
0'
#50360008
1'
0B
1/
0F
b1001100001001100 ,
1L
b100001000001010 @
#50365008
0'
#50370008
1'
1:
b1100 M
b1000000000000000000000000 K
b1 9
0L
0/
b11100 7
10
#50375008
0'
#50380008
1'
0:
#50385008
0'
#50390008
1'
12
#50395008
0'
#50400008
1'
1B
00
02
1F
#50405008
0'
#50410008
1'
0F
b100001000001100 @
0B
1/
1L
b100001000001010 ,
#50415008
0'
#50420008
1'
1:
b101000001000000001100000010 K
b1111 M
0L
b1100 9
0/
10
b1000000000000000000000000 7
#50425008
0'
#50430008
1'
0:
b1001100000110000 <
1?
#50435008
0'
#50440008
1'
14
1+
b1001100000110100 <
b1001100000110000 (
12
0>
#50445008
0'
#50450008
1'
0+
1F
02
00
1B
#50455008
0'
#50460008
1'
0B
b100001000001100 ,
b11000000100000000100000000 3
b100001000010000 @
0F
16
1/
1L
#50465008
0'
#50470008
1'
0L
b1001000010000000011100000110 K
1>
04
b101000001000000001100000010 7
1:
1J
0/
10
06
b11000000100000000100000000 G
b1111 9
#50475008
0'
#50480008
1'
0:
b1001100000111000 <
1+
14
0>
0J
b1001100000110100 (
#50485008
0'
#50490008
1'
0+
12
#50495008
0'
#50500008
1'
02
b111000001100000010100000100 3
1B
16
00
1F
#50505008
0'
#50510008
1'
0F
04
b100001000010000 ,
1L
1J
b111000001100000010100000100 G
b100001000010100 @
06
1>
1/
0B
#50515008
0'
#50520008
1'
14
b1001100000111000 (
b1001000010000000011100000110 7
b1101000011000000101100001010 K
b1001100000111100 <
1:
0/
0J
10
0L
0>
1+
#50525008
0'
#50530008
1'
0+
0:
#50535008
0'
#50540008
1'
b1011000010100000100100001000 3
12
16
#50545008
0'
#50550008
1'
06
1F
04
1B
02
1>
1J
b1011000010100000100100001000 G
00
#50555008
0'
#50560008
1'
14
b100001000010100 ,
0F
b1001100001000000 <
b1001100000111100 (
0B
1/
0J
1+
b100001000011000 @
0>
1L
#50565008
0'
#50570008
1'
0L
10
1:
b10001000100000000111100001110 K
b1101000011000000101100001010 7
0/
0+
#50575008
0'
#50580008
1'
b1111000011100000110100001100 3
0:
16
#50585008
0'
#50590008
1'
06
04
12
b1111000011100000110100001100 G
1>
1J
#50595008
0'
#50600008
1'
0J
1+
b1001100001000100 <
1F
00
0>
14
b1001100001000000 (
1B
02
#50605008
0'
#50610008
1'
0F
1L
0+
b100001000011000 ,
0B
1/
b101000110111001 @
#50615008
0'
#50620008
1'
b10000000010000000000000000 K
0L
16
1:
b10011000100100001000100010000 3
0/
10
b1110 M
b10001000100000000111100001110 7
#50625008
0'
#50630008
1'
1J
0:
06
1>
b10011000100100001000100010000 G
04
#50635008
0'
#50640008
1'
14
1+
12
0J
b1001100001001000 <
0>
b1001100001000100 (
#50645008
0'
#50650008
1'
02
0+
1F
00
1B
#50655008
0'
#50660008
1'
0B
b101000110111100 @
1L
b101000110111001 ,
1/
b10111000101100001010100010100 3
0F
16
#50665008
0'
#50670008
1'
06
1J
04
b10000000010000000000000000 7
b1110 9
1:
b110000001010000010000000011 K
b1111 M
0L
10
b10111000101100001010100010100 G
0/
1>
#50675008
0'
#50680008
1'
0>
0:
14
0J
1+
b1001100001001000 (
b1001100001001100 <
#50685008
0'
#50690008
1'
0+
12
#50695008
0'
#50700008
1'
02
16
1B
1F
b11011000110100001100100011000 3
00
#50705008
0'
#50710008
1'
06
b101000111000000 @
1>
1J
04
b101000110111100 ,
0F
1/
b11011000110100001100100011000 G
0B
1L
#50715008
0'
#50720008
1'
0L
0J
10
0?
1:
0>
1+
b1111 9
b110000001010000010000000011 7
b1001100001001100 (
b1010000010010000100000000111 K
14
0/
#50725008
0'
#50730008
1'
b100001000001010 <
0+
0:
1?
#50735008
0'
#50740008
1'
16
12
b11100 3
#50745008
0'
#50750008
1'
00
1J
06
1>
02
04
1B
b11100 G
1F
#50755008
0'
#50760008
1'
0F
1/
1L
0J
1+
b100001000001100 <
b101000111000100 @
0>
0B
b101000111000000 ,
14
b100001000001010 (
#50765008
0'
#50770008
1'
0+
0L
0/
10
1:
b1010000010010000100000000111 7
b1110000011010000110000001011 K
#50775008
0'
#50780008
1'
b1000000000000000000000000 3
16
0:
#50785008
0'
#50790008
1'
1J
06
04
b1000000000000000000000000 G
12
1>
#50795008
0'
#50800008
1'
0>
1F
b100001000010000 <
1+
b100001000001100 (
00
02
14
0J
1B
#50805008
0'
#50810008
1'
0B
0+
0F
1/
1L
b101000111000100 ,
b101000111001000 @
#50815008
0'
#50820008
1'
b10010000100010001000000001111 K
b101000001000000001100000010 3
0/
1:
10
16
0L
b1110000011010000110000001011 7
#50825008
0'
#50830008
1'
1>
0:
06
1J
04
b101000001000000001100000010 G
#50835008
0'
#50840008
1'
b100001000010000 (
1+
b100001000010100 <
14
12
0J
0>
#50845008
0'
#50850008
1'
0+
1F
1B
02
00
#50855008
0'
#50860008
1'
b1111000110101111 @
1/
0F
b1001000010000000011100000110 3
1L
b101000111001000 ,
0B
16
#50865008
0'
#50870008
1'
06
10
b10010000100010001000000001111 7
b1001000010000000011100000110 G
0/
1>
b0 K
b1000 M
04
1:
0L
1J
#50875008
0'
#50880008
1'
0J
0>
1+
b100001000010100 (
b100001000011000 <
0:
14
#50885008
0'
#50890008
1'
0+
12
#50895008
0'
#50900008
1'
02
00
1F
16
1B
b1101000011000000101100001010 3
#50905008
0'
#50910008
1'
0F
04
1>
1/
b1101000011000000101100001010 G
1J
b1111000110110000 @
0B
06
1L
b1111000110101111 ,
#50915008
0'
#50920008
1'
0J
0?
10
b1000 9
14
b0 7
0/
0>
0L
1:
1+
b100000000110000001000000001 K
b100001000011000 (
b1111 M
#50925008
0'
#50930008
1'
0+
0:
#50935008
0'
#50940008
1'
b10001000100000000111100001110 3
12
16
#50945008
0'
#50950008
1'
06
1J
00
b10001000100000000111100001110 G
1F
04
02
1B
1>
#50955008
0'
#50960008
1'
0F
b1111000110110000 ,
1/
0J
0B
1L
b1111000110110100 @
#50965008
0'
#50970008
1'
0/
b100000000110000001000000001 7
10
b1111 9
0L
1:
b1000000001110000011000000101 K
#50975008
0'
#50980008
1'
1?
0:
b101000110111001 <
#50985008
0'
#50990008
1'
b101000110111100 <
0>
12
14
1+
b101000110111001 (
#50995008
0'
#51000008
1'
1F
00
0+
1B
02
#51005008
0'
#51010008
1'
b1111000110111000 @
b10000000010000000000000000 3
0F
b1111000110110100 ,
16
1/
0B
1L
#51015008
0'
#51020008
1'
0L
06
b1100000010110000101000001001 K
b10000000010000000000000000 G
b1000000001110000011000000101 7
10
1>
1:
1J
0/
04
#51025008
0'
#51030008
1'
14
b101000111000000 <
b101000110111100 (
0>
0J
1+
0:
#51035008
0'
#51040008
1'
12
0+
#51045008
0'
#51050008
1'
b110000001010000010000000011 3
16
1F
02
1B
00
#51055008
0'
#51060008
1'
1L
04
b110000001010000010000000011 G
06
b1111000110111000 ,
b1111000110111100 @
0B
1/
0F
1J
1>
#51065008
0'
#51070008
1'
0>
1:
0L
b101000111000100 <
10
14
b10000000011110000111000001101 K
1+
0J
b1100000010110000101000001001 7
b101000111000000 (
0/
#51075008
0'
#51080008
1'
0:
0+
#51085008
0'
#51090008
1'
16
b1010000010010000100000000111 3
12
#51095008
0'
#51100008
1'
02
1>
06
04
b1010000010010000100000000111 G
00
1B
1F
1J
#51105008
0'
#51110008
1'
0J
b1111000110111100 ,
1/
1L
14
0>
b101000111001000 <
1+
0F
b101000111000100 (
b1111000111000000 @
0B
#51115008
0'
#51120008
1'
b10100000100110001001000010001 K
0L
0/
0+
1:
b10000000011110000111000001101 7
10
#51125008
0'
#51130008
1'
16
b1110000011010000110000001011 3
0:
#51135008
0'
#51140008
1'
b1110000011010000110000001011 G
1J
1>
12
04
06
#51145008
0'
#51150008
1'
02
1B
0>
00
0J
14
1F
b101000111001000 (
0?
1+
#51155008
0'
#51160008
1'
0+
b1111000111000000 ,
0B
1L
1/
b1111000111000100 @
0F
#51165008
0'
#51170008
1'
16
10
1:
b11000000101110001011000010101 K
0L
b10100000100110001001000010001 7
0/
b10010000100010001000000001111 3
#51175008
0'
#51180008
1'
0:
06
b10010000100010001000000001111 G
1>
1J
04
#51185008
0'
#51190008
1'
12
0J
#51195008
0'
#51200008
1'
1B
1F
00
02
#51205008
0'
#51210008
1'
0F
0B
b1111000111000100 ,
1/
b1111000111001000 @
1L
#51215008
0'
#51220008
1'
0L
b111 M
1:
b110110001101000011001 K
10
0/
b11000000101110001011000010101 7
#51225008
0'
#51230008
1'
0:
#51235008
0'
#51240008
1'
12
#51245008
0'
#51250008
1'
02
1F
1B
00
#51255008
0'
#51260008
1'
0F
1L
0B
1/
b1111000111001000 ,
b100010101000 @
#51265008
0'
#51270008
1'
b110110001101000011001 7
b1111 M
10
0/
0L
1:
b11000000100000000100000000 K
b111 9
#51275008
0'
#51280008
1'
0:
#51285008
0'
#51290008
1'
12
#51295008
0'
#51300008
1'
02
1F
00
1B
#51305008
0'
#51310008
1'
0B
b100010101100 @
0F
b100010101000 ,
1/
1L
#51315008
0'
#51320008
1'
0L
b1111 9
b11000000100000000100000000 7
0/
10
1:
b111000001100000010100000100 K
#51325008
0'
#51330008
1'
0:
#51335008
0'
#51340008
1'
b1111000110101111 <
12
1?
#51345008
0'
#51350008
1'
1B
b1111000110110000 <
14
1+
02
00
0>
1F
b1111000110101111 (
#51355008
0'
#51360008
1'
0B
1L
0F
b100010110000 @
1/
0+
b100010101100 ,
#51365008
0'
#51370008
1'
b1011000010100000100100001000 K
b0 3
16
1:
0L
b111000001100000010100000100 7
0/
10
#51375008
0'
#51380008
1'
b0 G
1J
04
0:
06
1>
#51385008
0'
#51390008
1'
0>
0J
b1111000110110100 <
b1111000110110000 (
14
1+
12
#51395008
0'
#51400008
1'
02
00
1B
0+
1F
#51405008
0'
#51410008
1'
0F
b100000000110000001000000001 3
b100010110000 ,
0B
16
1/
b100010110100 @
1L
#51415008
0'
#51420008
1'
0L
10
1J
b100000000110000001000000001 G
1>
b1111000011100000110100001100 K
0/
04
b1011000010100000100100001000 7
06
1:
#51425008
0'
#51430008
1'
0:
0>
b1111000110111000 <
0J
b1111000110110100 (
1+
14
#51435008
0'
#51440008
1'
12
0+
#51445008
0'
#51450008
1'
b1000000001110000011000000101 3
1F
00
02
1B
16
#51455008
0'
#51460008
1'
06
0F
1>
1L
04
b1000000001110000011000000101 G
0B
1J
b100010110100 ,
b100010111000 @
1/
#51465008
0'
#51470008
1'
0/
14
b1111000110111100 <
1+
1:
b111 M
0L
0>
10
b1111000110111000 (
b100100001000100010000 K
0J
b1111000011100000110100001100 7
#51475008
0'
#51480008
1'
0+
0:
#51485008
0'
#51490008
1'
16
b1100000010110000101000001001 3
12
#51495008
0'
#51500008
1'
02
04
06
1F
1J
1B
b1100000010110000101000001001 G
1>
00
#51505008
0'
#51510008
1'
1L
b1111000111000000 <
1/
14
1+
0>
0J
b1000000100000110 @
0F
b100010111000 ,
0B
b1111000110111100 (
#51515008
0'
#51520008
1'
0L
10
b100100001000100010000 7
0/
1:
b111 9
b1100 M
0+
b1000000000000000000000000 K
#51525008
0'
#51530008
1'
16
0:
b10000000011110000111000001101 3
#51535008
0'
#51540008
1'
04
06
12
1J
1>
b10000000011110000111000001101 G
#51545008
0'
#51550008
1'
b1111000111000000 (
00
b1111000111000100 <
14
0>
02
1+
1B
0J
1F
#51555008
0'
#51560008
1'
0F
1L
1/
0B
b1000000100000110 ,
0+
b1000000100001000 @
#51565008
0'
#51570008
1'
0L
b1100 9
b10100000100110001001000010001 3
b101000001000000001100000010 K
10
16
b1000000000000000000000000 7
1:
b1111 M
0/
#51575008
0'
#51580008
1'
06
b10100000100110001001000010001 G
04
1>
0:
1J
#51585008
0'
#51590008
1'
0J
b1111000111001000 <
b1111000111000100 (
1+
12
0>
14
#51595008
0'
#51600008
1'
1F
00
02
0+
1B
#51605008
0'
#51610008
1'
0B
16
b1000000100001100 @
1/
1L
0F
b11000000101110001011000010101 3
b1000000100001000 ,
#51615008
0'
#51620008
1'
06
b1111 9
0L
0/
b1001000010000000011100000110 K
04
1J
b11000000101110001011000010101 G
1:
1>
10
b101000001000000001100000010 7
#51625008
0'
#51630008
1'
14
0?
0J
b1111000111001000 (
0>
1+
0:
#51635008
0'
#51640008
1'
b100010101000 <
0+
1?
12
#51645008
0'
#51650008
1'
02
1F
1B
16
00
b110110001101000011001 3
#51655008
0'
#51660008
1'
0B
b1000000100010000 @
04
b1000000100001100 ,
0F
1/
1L
06
1>
1J
b110110001101000011001 G
#51665008
0'
#51670008
1'
0/
b1001000010000000011100000110 7
1:
b11000000101100001010 K
14
0J
10
b100010101100 <
b111 M
0>
0L
1+
b100010101000 (
#51675008
0'
#51680008
1'
0:
0+
#51685008
0'
#51690008
1'
b11000000100000000100000000 3
12
16
#51695008
0'
#51700008
1'
06
b11000000100000000100000000 G
1B
1F
02
00
04
1J
1>
#51705008
0'
#51710008
1'
0>
0B
1+
b11011000101100 @
b100010101100 (
1/
b1000000100010000 ,
0J
0F
14
b100010110000 <
1L
#51715008
0'
#51720008
1'
0L
0/
b11000000100000000100000000 K
0+
b111 9
b11000000101100001010 7
10
b1111 M
1:
#51725008
0'
#51730008
1'
0:
16
b111000001100000010100000100 3
#51735008
0'
#51740008
1'
06
1>
b111000001100000010100000100 G
12
04
1J
#51745008
0'
#51750008
1'
0J
0>
1B
1+
b100010110000 (
14
b100010110100 <
02
00
1F
#51755008
0'
#51760008
1'
0F
0+
1L
0B
1/
b1011011111010101 @
b11011000101100 ,
#51765008
0'
#51770008
1'
0/
b1011000010100000100100001000 3
1:
b1111 9
16
0L
b10000000010000000000000000 K
10
b1110 M
b11000000100000000100000000 7
#51775008
0'
#51780008
1'
1J
06
1>
0:
04
b1011000010100000100100001000 G
#51785008
0'
#51790008
1'
0>
1+
0J
14
b100010110100 (
12
b100010111000 <
#51795008
0'
#51800008
1'
1F
0+
1B
02
00
#51805008
0'
#51810008
1'
1L
b1111000011100000110100001100 3
b1011011111010101 ,
1/
0F
16
b1011011111011000 @
0B
#51815008
0'
#51820008
1'
b10000000010000000000000000 7
10
0L
0/
b1111000011100000110100001100 G
1>
b1110 9
b110000001010000010000000011 K
1J
06
b1111 M
04
1:
#51825008
0'
#51830008
1'
0:
0>
b1000000100000110 <
1+
14
b100010111000 (
0J
#51835008
0'
#51840008
1'
12
0+
#51845008
0'
#51850008
1'
1F
b100100001000100010000 3
1B
00
02
16
#51855008
0'
#51860008
1'
06
0B
0F
1J
1>
b100100001000100010000 G
b1011011111011000 ,
1/
1L
b1011011111011100 @
04
#51865008
0'
#51870008
1'
14
0/
b1000000100001000 <
1:
b110000001010000010000000011 7
0J
0>
b1111 9
b1000000100000110 (
0L
b1010000010010000100000000111 K
10
1+
#51875008
0'
#51880008
1'
0+
0:
#51885008
0'
#51890008
1'
16
b1000000000000000000000000 3
12
#51895008
0'
#51900008
1'
02
1J
04
1B
06
1F
b1000000000000000000000000 G
00
1>
#51905008
0'
#51910008
1'
0>
0F
b1000000100001100 <
0J
1/
14
1+
b1011011111011100 ,
0B
b1011011111100000 @
1L
b1000000100001000 (
#51915008
0'
#51920008
1'
1:
0+
0/
b1010000010010000100000000111 7
0L
10
b1110000011010000110000001011 K
#51925008
0'
#51930008
1'
16
0:
b101000001000000001100000010 3
#51935008
0'
#51940008
1'
12
1>
06
1J
04
b101000001000000001100000010 G
#51945008
0'
#51950008
1'
0J
b1000000100010000 <
1F
b1000000100001100 (
02
1+
0>
14
00
1B
#51955008
0'
#51960008
1'
0B
0+
b1011011111100000 ,
0F
1/
1L
b1011011111100100 @
#51965008
0'
#51970008
1'
b1001000010000000011100000110 3
16
b10010000100010001000000001111 K
0L
b1110000011010000110000001011 7
1:
0/
10
#51975008
0'
#51980008
1'
b1001000010000000011100000110 G
1J
06
1>
0:
04
#51985008
0'
#51990008
1'
14
0J
b11011000101100 <
1+
12
b1000000100010000 (
0>
#51995008
0'
#52000008
1'
02
00
1B
1F
0+
#52005008
0'
#52010008
1'
0F
b1011011111101000 @
0B
b1011011111100100 ,
b11000000101100001010 3
1/
1L
16
#52015008
0'
#52020008
1'
06
10
1>
04
1J
b11000000101100001010 G
0L
b10110000101010001010000010011 K
0/
1:
b10010000100010001000000001111 7
#52025008
0'
#52030008
1'
0J
1+
14
0>
0:
b11011000101100 (
0?
#52035008
0'
#52040008
1'
12
0+
#52045008
0'
#52050008
1'
16
00
02
1B
1F
b11000000100000000100000000 3
#52055008
0'
#52060008
1'
0B
04
b1011011111101000 ,
06
1J
b1011011111101100 @
0F
b11000000100000000100000000 G
1>
1/
1L
#52065008
0'
#52070008
1'
0L
0J
b10110000101010001010000010011 7
10
0/
1:
b111 M
b110010001100000010111 K
#52075008
0'
#52080008
1'
0:
#52085008
0'
#52090008
1'
12
#52095008
0'
#52100008
1'
02
1B
00
1F
#52105008
0'
#52110008
1'
0F
1L
b1011011111101100 ,
0B
b111111010000100 @
1/
#52115008
0'
#52120008
1'
0/
0L
b110010001100000010111 7
b11000000100000000100000000 K
10
1:
b111 9
b1111 M
#52125008
0'
#52130008
1'
0:
#52135008
0'
#52140008
1'
12
#52145008
0'
#52150008
1'
02
1F
1B
00
#52155008
0'
#52160008
1'
1/
1L
0B
b111111010001000 @
b111111010000100 ,
0F
#52165008
0'
#52170008
1'
10
b11000000100000000100000000 7
0/
0L
b111000001100000010100000100 K
b1111 9
1:
#52175008
0'
#52180008
1'
0:
#52185008
0'
#52190008
1'
12
#52195008
0'
#52200008
1'
02
1F
00
1B
#52205008
0'
#52210008
1'
0B
0F
1/
b111111010001000 ,
b111111010001100 @
1L
#52215008
0'
#52220008
1'
0L
b111000001100000010100000100 7
1?
1:
b1011011111010101 <
10
b1011000010100000100100001000 K
0/
#52225008
0'
#52230008
1'
0:
1+
14
b1011011111010101 (
0>
b1011011111011000 <
#52235008
0'
#52240008
1'
0+
12
#52245008
0'
#52250008
1'
02
1B
b10000000010000000000000000 3
16
1F
00
#52255008
0'
#52260008
1'
1/
1L
0B
1J
0F
1>
b111111010010000 @
06
b111111010001100 ,
04
b10000000010000000000000000 G
#52265008
0'
#52270008
1'
b1011011111011100 <
10
0L
0/
1+
1:
b1011000010100000100100001000 7
14
0J
b1111000011100000110100001100 K
0>
b1011011111011000 (
#52275008
0'
#52280008
1'
0:
0+
#52285008
0'
#52290008
1'
b110000001010000010000000011 3
12
16
#52295008
0'
#52300008
1'
06
1B
b110000001010000010000000011 G
00
02
04
1F
1>
1J
#52305008
0'
#52310008
1'
0J
1+
b1011011111011100 (
0B
b1011011111100000 <
1/
1L
0>
0F
14
b111111010010000 ,
b111111010010100 @
#52315008
0'
#52320008
1'
0/
b11 M
0+
1:
10
b1111000011100000110100001100 7
0L
b1000100010000 K
#52325008
0'
#52330008
1'
b1010000010010000100000000111 3
16
0:
#52335008
0'
#52340008
1'
b1010000010010000100000000111 G
1J
06
12
04
1>
#52345008
0'
#52350008
1'
0>
1+
b1011011111100100 <
1B
b1011011111100000 (
14
0J
02
00
1F
#52355008
0'
#52360008
1'
0F
0B
b1010011010011001 @
1/
0+
1L
b111111010010100 ,
#52365008
0'
#52370008
1'
0/
1:
b10000000010000000000000000 K
b1110000011010000110000001011 3
b1110 M
0L
10
b11 9
16
b1000100010000 7
#52375008
0'
#52380008
1'
b1110000011010000110000001011 G
0:
1>
06
1J
04
#52385008
0'
#52390008
1'
14
b1011011111101000 <
0J
b1011011111100100 (
1+
12
0>
#52395008
0'
#52400008
1'
1F
1B
02
0+
00
#52405008
0'
#52410008
1'
b10010000100010001000000001111 3
b1010011010011001 ,
1/
0F
b1010011010011100 @
1L
0B
16
#52415008
0'
#52420008
1'
06
1>
1:
b10000000010000000000000000 7
10
0/
b10010000100010001000000001111 G
04
b110000001010000010000000011 K
1J
b1111 M
0L
b1110 9
#52425008
0'
#52430008
1'
14
0:
0>
1+
b1011011111101100 <
0J
b1011011111101000 (
#52435008
0'
#52440008
1'
12
0+
#52445008
0'
#52450008
1'
1F
b10110000101010001010000010011 3
16
00
1B
02
#52455008
0'
#52460008
1'
06
0F
04
b1010011010011100 ,
b10110000101010001010000010011 G
1/
0B
1>
1L
b1010011010100000 @
1J
#52465008
0'
#52470008
1'
0J
1:
b1111 9
b1011011111101100 (
b110000001010000010000000011 7
14
b1010000010010000100000000111 K
0/
1+
0L
10
b111111010000100 <
0>
#52475008
0'
#52480008
1'
0:
0+
#52485008
0'
#52490008
1'
16
12
b110010001100000010111 3
#52495008
0'
#52500008
1'
02
b110010001100000010111 G
1>
1J
06
1F
1B
04
00
#52505008
0'
#52510008
1'
1+
0J
b111111010000100 (
b1010011010100000 ,
0>
14
0F
b1010011010100100 @
0B
b111111010001000 <
1/
1L
#52515008
0'
#52520008
1'
0L
10
b1010000010010000100000000111 7
0+
0/
b1011 K
1:
b1 M
#52525008
0'
#52530008
1'
b11000000100000000100000000 3
16
0:
#52535008
0'
#52540008
1'
b11000000100000000100000000 G
12
1J
06
04
1>
#52545008
0'
#52550008
1'
0>
02
b111111010001000 (
00
14
0J
1+
1F
b111111010001100 <
1B
#52555008
0'
#52560008
1'
0B
1L
b1010011010100100 ,
1/
0F
b110100011011000 @
0+
#52565008
0'
#52570008
1'
0L
b1011 7
1:
b1111 M
b111000001100000010100000100 3
b1 9
10
16
b11000000100000000100000000 K
0/
#52575008
0'
#52580008
1'
0:
b111000001100000010100000100 G
1>
04
06
1J
#52585008
0'
#52590008
1'
0J
1+
b111111010001100 (
12
b111111010010000 <
14
0>
#52595008
0'
#52600008
1'
0+
1B
1F
02
00
#52605008
0'
#52610008
1'
1/
b1011000010100000100100001000 3
1L
16
b110100011011100 @
0F
b110100011011000 ,
0B
#52615008
0'
#52620008
1'
0/
1J
b11000000100000000100000000 7
10
b1011000010100000100100001000 G
b111 M
1>
1:
0L
b1111 9
b1100000010100000100 K
06
04
#52625008
0'
#52630008
1'
14
0>
b111111010010000 (
0J
1+
0:
b111111010010100 <
#52635008
0'
#52640008
1'
12
0+
#52645008
0'
#52650008
1'
1B
b1111000011100000110100001100 3
00
16
02
1F
#52655008
0'
#52660008
1'
0F
1>
1J
04
1/
0B
b1111000011100000110100001100 G
b110100011011100 ,
1L
06
b1110111011001111 @
#52665008
0'
#52670008
1'
0J
0>
b1010011010011001 <
0/
b1000 M
b1100000010100000100 7
14
b111111010010100 (
1+
1:
0L
10
b0 K
b111 9
#52675008
0'
#52680008
1'
0:
0+
#52685008
0'
#52690008
1'
b1000100010000 3
16
12
#52695008
0'
#52700008
1'
02
04
1J
1B
1F
1>
06
b1000100010000 G
00
#52705008
0'
#52710008
1'
0F
0J
14
b1110111011010000 @
0B
b1010011010011100 <
1/
0>
1+
b1010011010011001 (
1L
b1110111011001111 ,
#52715008
0'
#52720008
1'
b1000 9
10
b0 7
b1111 M
0L
0/
1:
b100000000110000001000000001 K
0+
#52725008
0'
#52730008
1'
b10000000010000000000000000 3
0:
16
#52735008
0'
#52740008
1'
1J
12
04
06
1>
b10000000010000000000000000 G
#52745008
0'
#52750008
1'
02
b1010011010100000 <
1+
1F
0J
00
1B
0>
14
b1010011010011100 (
#52755008
0'
#52760008
1'
b1110111011010000 ,
0F
0+
b1110111011010100 @
0B
1L
1/
#52765008
0'
#52770008
1'
0/
10
b100000000110000001000000001 7
b1111 9
0L
16
b1000000001110000011000000101 K
1:
b110000001010000010000000011 3
#52775008
0'
#52780008
1'
b110000001010000010000000011 G
1J
0:
04
1>
06
#52785008
0'
#52790008
1'
b1010011010100100 <
12
b1010011010100000 (
1+
0>
0J
14
#52795008
0'
#52800008
1'
02
00
1F
0+
1B
#52805008
0'
#52810008
1'
0B
b1010000010010000100000000111 3
1/
16
b1110111011010100 ,
1L
0F
b1110111011011000 @
#52815008
0'
#52820008
1'
06
b1000000001110000011000000101 7
0/
04
10
b1010000010010000100000000111 G
b11 M
1J
0L
1>
b101000001001 K
1:
#52825008
0'
#52830008
1'
0:
b1010011010100100 (
b110100011011000 <
14
1+
0>
0J
#52835008
0'
#52840008
1'
12
0+
#52845008
0'
#52850008
1'
00
b1011 3
1B
16
02
1F
#52855008
0'
#52860008
1'
0F
0B
b10111100011011 @
1J
1/
06
b1011 G
1>
04
1L
b1110111011011000 ,
#52865008
0'
#52870008
1'
0J
10
b110100011011100 <
1:
1+
b110100011011000 (
b101000001001 7
0L
0/
b0 K
b11 9
14
b1000 M
0>
#52875008
0'
#52880008
1'
0+
0:
#52885008
0'
#52890008
1'
b11000000100000000100000000 3
12
16
#52895008
0'
#52900008
1'
06
1F
00
1J
1>
1B
02
04
b11000000100000000100000000 G
#52905008
0'
#52910008
1'
0>
b110100011011100 (
0F
b10111100011011 ,
0J
1+
b10111100011100 @
0?
14
1/
1L
0B
#52915008
0'
#52920008
1'
0+
10
1:
0L
b1111 M
b0 7
0/
b100000000110000001000000001 K
b1000 9
#52925008
0'
#52930008
1'
16
0:
b1100000010100000100 3
#52935008
0'
#52940008
1'
b1100000010100000100 G
1>
1J
04
06
12
#52945008
0'
#52950008
1'
02
00
1F
1B
0J
#52955008
0'
#52960008
1'
b10111100100000 @
b1110111011001111 <
0F
b10111100011100 ,
0B
1L
1?
1/
#52965008
0'
#52970008
1'
0/
b1111 9
0>
b1110111011001111 (
b1110111011010000 <
10
1+
b1000000001110000011000000101 K
1:
0L
14
b100000000110000001000000001 7
#52975008
0'
#52980008
1'
0+
0:
#52985008
0'
#52990008
1'
b0 3
12
16
#52995008
0'
#53000008
1'
06
1F
00
1J
1>
b0 G
02
04
1B
#53005008
0'
#53010008
1'
0B
0>
0F
1/
0J
b10111100100100 @
b1110111011010100 <
b1110111011010000 (
14
b10111100100000 ,
1+
1L
#53015008
0'
#53020008
1'
0L
b1000000001110000011000000101 7
10
0/
0+
1:
b1100000010110000101000001001 K
#53025008
0'
#53030008
1'
16
b100000000110000001000000001 3
0:
#53035008
0'
#53040008
1'
1>
06
1J
b100000000110000001000000001 G
12
04
#53045008
0'
#53050008
1'
14
b1110111011011000 <
00
1B
1F
0>
02
0J
b1110111011010100 (
1+
#53055008
0'
#53060008
1'
0+
0F
0B
b10111100101000 @
1L
b10111100100100 ,
1/
#53065008
0'
#53070008
1'
0/
1:
b10000000011110000111000001101 K
16
b1100000010110000101000001001 7
10
b1000000001110000011000000101 3
0L
#53075008
0'
#53080008
1'
04
06
0:
1>
1J
b1000000001110000011000000101 G
#53085008
0'
#53090008
1'
14
1+
0J
12
0?
0>
b1110111011011000 (
#53095008
0'
#53100008
1'
1B
1F
0+
00
02
#53105008
0'
#53110008
1'
1L
b10111100101100 @
1/
0B
16
b10111100101000 ,
b101000001001 3
0F
#53115008
0'
#53120008
1'
0L
b10000000011110000111000001101 7
0/
04
b101000001001 G
b10100000100110001001000010001 K
06
1>
10
1J
1:
#53125008
0'
#53130008
1'
0:
0J
#53135008
0'
#53140008
1'
12
#53145008
0'
#53150008
1'
02
1F
1B
00
#53155008
0'
#53160008
1'
0F
1L
b1011010010000 @
1/
0B
b10111100101100 ,
#53165008
0'
#53170008
1'
10
0L
b10100000100110001001000010001 7
b11000000100000000100000000 K
0/
1:
#53175008
0'
#53180008
1'
0:
#53185008
0'
#53190008
1'
12
#53195008
0'
#53200008
1'
02
00
1F
1B
#53205008
0'
#53210008
1'
0B
b1011010010000 ,
1L
b1011010010100 @
0F
1/
#53215008
0'
#53220008
1'
0/
0L
1:
10
b111000001100000010100000100 K
b11000000100000000100000000 7
#53225008
0'
#53230008
1'
0:
#53235008
0'
#53240008
1'
b10111100011011 <
12
1?
#53245008
0'
#53250008
1'
b10111100011100 <
1B
14
b10111100011011 (
02
0>
00
1F
1+
#53255008
0'
#53260008
1'
0+
1/
0B
b1011010010100 ,
1L
0F
b1011010011000 @
#53265008
0'
#53270008
1'
1:
b111000001100000010100000100 7
0/
0L
b0 3
16
10
b1011000010100000100100001000 K
#53275008
0'
#53280008
1'
b0 G
1J
0:
04
06
1>
#53285008
0'
#53290008
1'
0>
0J
1+
b10111100100000 <
b10111100011100 (
14
12
#53295008
0'
#53300008
1'
02
0+
1B
1F
00
#53305008
0'
#53310008
1'
b1011010011000 ,
b1011010011100 @
0F
16
1L
1/
0B
b100000000110000001000000001 3
#53315008
0'
#53320008
1'
b1011000010100000100100001000 7
10
b1111000011100000110100001100 K
1:
1J
b100000000110000001000000001 G
1>
06
04
0/
0L
#53325008
0'
#53330008
1'
0J
1+
0:
0>
14
b10111100100000 (
b10111100100100 <
#53335008
0'
#53340008
1'
0+
12
#53345008
0'
#53350008
1'
02
00
b1000000001110000011000000101 3
1B
1F
16
#53355008
0'
#53360008
1'
06
b1011010011100 ,
b1000000001110000011000000101 G
1L
1J
0F
1/
b1011010100000 @
0B
04
1>
#53365008
0'
#53370008
1'
0>
0L
10
b1111000011100000110100001100 7
1+
b10011000100100001000100010000 K
b10111100101000 <
14
0J
b10111100100100 (
0/
1:
#53375008
0'
#53380008
1'
0:
0+
#53385008
0'
#53390008
1'
12
16
b1100000010110000101000001001 3
#53395008
0'
#53400008
1'
02
1>
00
b1100000010110000101000001001 G
06
04
1F
1B
1J
#53405008
0'
#53410008
1'
0J
1L
1+
0>
b1011010100000 ,
0B
1/
b10111100101100 <
0F
b10111100101000 (
14
b1011010100100 @
#53415008
0'
#53420008
1'
10
b10111000101100001010100010100 K
0+
1:
0L
b10011000100100001000100010000 7
0/
#53425008
0'
#53430008
1'
b10000000011110000111000001101 3
0:
16
#53435008
0'
#53440008
1'
06
1>
1J
12
b10000000011110000111000001101 G
04
#53445008
0'
#53450008
1'
14
0J
0>
00
0?
1+
1B
02
b10111100101100 (
1F
#53455008
0'
#53460008
1'
0F
1/
b1011010101000 @
1L
b1011010100100 ,
0+
0B
#53465008
0'
#53470008
1'
0/
16
10
b10100000100110001001000010001 3
b1100100011000 K
1:
b10111000101100001010100010100 7
b11 M
0L
#53475008
0'
#53480008
1'
1J
04
06
1>
b10100000100110001001000010001 G
0:
#53485008
0'
#53490008
1'
0J
12
#53495008
0'
#53500008
1'
02
1B
1F
00
#53505008
0'
#53510008
1'
0F
b1101110110011000 @
0B
1L
1/
b1011010101000 ,
#53515008
0'
#53520008
1'
0L
10
b11 9
1:
0/
b1111 M
b11000000100000000100000000 K
b1100100011000 7
#53525008
0'
#53530008
1'
0:
#53535008
0'
#53540008
1'
12
#53545008
0'
#53550008
1'
02
00
1B
1F
#53555008
0'
#53560008
1'
0F
1L
b1101110110011000 ,
0B
b1101110110011100 @
1/
#53565008
0'
#53570008
1'
0/
b11000000100000000100000000 7
b1111 9
0L
10
1:
b111000001100000010100000100 K
#53575008
0'
#53580008
1'
0:
#53585008
0'
#53590008
1'
12
#53595008
0'
#53600008
1'
02
1B
1F
00
#53605008
0'
#53610008
1'
0B
1L
1/
b1101110110011100 ,
0F
b1101110110100000 @
#53615008
0'
#53620008
1'
0/
10
0L
b1011000010100000100100001000 K
b111000001100000010100000100 7
1:
#53625008
0'
#53630008
1'
0:
#53635008
0'
#53640008
1'
12
#53645008
0'
#53650008
1'
02
1B
00
1F
#53655008
0'
#53660008
1'
0F
0B
1?
b1101110110100100 @
1L
1/
b1101110110100000 ,
b1011010010000 <
#53665008
0'
#53670008
1'
b1011010010100 <
0L
1:
b11100000110100001100 K
14
10
b1011010010000 (
b1011000010100000100100001000 7
1+
0/
0>
b111 M
#53675008
0'
#53680008
1'
0:
0+
#53685008
0'
#53690008
1'
b11000000100000000100000000 3
12
16
#53695008
0'
#53700008
1'
06
1B
1F
02
00
04
1>
b11000000100000000100000000 G
1J
#53705008
0'
#53710008
1'
0J
0F
1+
b1011010011000 <
1L
0B
b1100010101100001 @
b1101110110100100 ,
b1011010010100 (
0>
14
1/
#53715008
0'
#53720008
1'
0/
0+
b10000000010000000000000000 K
0L
b1110 M
b111 9
1:
10
b11100000110100001100 7
#53725008
0'
#53730008
1'
16
b111000001100000010100000100 3
0:
#53735008
0'
#53740008
1'
1J
06
04
12
b111000001100000010100000100 G
1>
#53745008
0'
#53750008
1'
0>
1B
1F
0J
1+
b1011010011100 <
14
02
00
b1011010011000 (
#53755008
0'
#53760008
1'
0+
1/
0B
0F
1L
b1100010101100100 @
b1100010101100001 ,
#53765008
0'
#53770008
1'
1:
b10000000010000000000000000 7
b111 M
b1010000010000000011 K
0/
10
b1011000010100000100100001000 3
16
0L
b1110 9
#53775008
0'
#53780008
1'
0:
1>
1J
b1011000010100000100100001000 G
06
04
#53785008
0'
#53790008
1'
14
0>
b1011010011100 (
1+
b1011010100000 <
0J
12
#53795008
0'
#53800008
1'
02
1F
1B
00
0+
#53805008
0'
#53810008
1'
0F
b1100010101100100 ,
b1001010111001101 @
1L
1/
0B
b1111000011100000110100001100 3
16
#53815008
0'
#53820008
1'
06
b111 9
b10000000010000000000000000 K
04
1>
b1110 M
1:
b1010000010000000011 7
1J
10
0L
b1111000011100000110100001100 G
0/
#53825008
0'
#53830008
1'
0:
b1011010100000 (
1+
0>
14
0J
b1011010100100 <
#53835008
0'
#53840008
1'
0+
12
#53845008
0'
#53850008
1'
02
1F
16
b10011000100100001000100010000 3
1B
00
#53855008
0'
#53860008
1'
0F
1/
1>
0B
1J
b1001010111010000 @
b1001010111001101 ,
04
1L
06
b10011000100100001000100010000 G
#53865008
0'
#53870008
1'
0/
10
1:
b1110 9
1+
b1011010101000 <
b110000001010000010000000011 K
b1011010100100 (
b1111 M
0J
0>
b10000000010000000000000000 7
0L
14
#53875008
0'
#53880008
1'
0:
0+
#53885008
0'
#53890008
1'
12
16
b10111000101100001010100010100 3
#53895008
0'
#53900008
1'
b10111000101100001010100010100 G
1F
00
04
06
1J
1B
02
1>
#53905008
0'
#53910008
1'
0>
1+
b1011010101000 (
1/
0F
b1101110110011000 <
1L
14
0B
b1001010111010100 @
0J
b1001010111010000 ,
#53915008
0'
#53920008
1'
10
0+
0/
b111 K
b1111 9
1:
b1 M
0L
b110000001010000010000000011 7
#53925008
0'
#53930008
1'
b1100100011000 3
16
0:
#53935008
0'
#53940008
1'
1>
b1100100011000 G
06
1J
12
04
#53945008
0'
#53950008
1'
14
0>
1F
1+
00
b1101110110011000 (
02
b1101110110011100 <
0J
1B
#53955008
0'
#53960008
1'
0B
b1001010111010100 ,
0+
0F
1/
1L
b100001101111101 @
#53965008
0'
#53970008
1'
10
b111 7
b1 9
1:
b10000000010000000000000000 K
0L
16
0/
b1110 M
b11000000100000000100000000 3
#53975008
0'
#53980008
1'
0:
04
1>
1J
b11000000100000000100000000 G
06
#53985008
0'
#53990008
1'
14
1+
0>
b1101110110011100 (
0J
b1101110110100000 <
12
#53995008
0'
#54000008
1'
02
1F
00
1B
0+
#54005008
0'
#54010008
1'
b111000001100000010100000100 3
b100001110000000 @
16
0F
b100001101111101 ,
0B
1L
1/
#54015008
0'
#54020008
1'
0/
10
b10000000010000000000000000 7
06
1:
b1110 9
04
0L
b111000001100000010100000100 G
b1111 M
b110000001010000010000000011 K
1J
1>
#54025008
0'
#54030008
1'
0>
1+
0:
0J
b1101110110100100 <
14
b1101110110100000 (
#54035008
0'
#54040008
1'
0+
12
#54045008
0'
#54050008
1'
02
1F
b1011000010100000100100001000 3
00
16
1B
#54055008
0'
#54060008
1'
0B
1/
1>
0F
b100001110000100 @
06
1J
b1011000010100000100100001000 G
1L
04
b100001110000000 ,
#54065008
0'
#54070008
1'
1+
10
b1101110110100100 (
b1111 9
0>
b110000001010000010000000011 7
0/
14
0J
1:
0L
b1100010101100001 <
b1010000010010000100000000111 K
#54075008
0'
#54080008
1'
0+
0:
#54085008
0'
#54090008
1'
12
b11100000110100001100 3
16
#54095008
0'
#54100008
1'
06
1F
00
02
1>
1B
04
1J
b11100000110100001100 G
#54105008
0'
#54110008
1'
0>
b100001110000100 ,
0F
b1100010101100001 (
0J
b100001110001000 @
1+
1/
14
b1100010101100100 <
0B
1L
#54115008
0'
#54120008
1'
0L
1:
b1110000011010000110000001011 K
b1010000010010000100000000111 7
10
0+
0/
#54125008
0'
#54130008
1'
0:
16
b10000000010000000000000000 3
#54135008
0'
#54140008
1'
b10000000010000000000000000 G
1>
12
06
1J
04
#54145008
0'
#54150008
1'
14
1F
0>
0J
02
1+
b1100010101100100 (
b1001010111001101 <
00
1B
#54155008
0'
#54160008
1'
0B
0F
1/
1L
b100001110001000 ,
b100001110001100 @
0+
#54165008
0'
#54170008
1'
0L
b1010000010000000011 3
1:
b1110000011010000110000001011 7
0/
b10010000100010001000000001111 K
10
16
#54175008
0'
#54180008
1'
06
0:
b1010000010000000011 G
04
1J
1>
#54185008
0'
#54190008
1'
0>
1+
0J
14
12
b1001010111010000 <
b1001010111001101 (
#54195008
0'
#54200008
1'
1F
1B
0+
00
02
#54205008
0'
#54210008
1'
0F
1/
b10000000010000000000000000 3
1L
16
0B
b100001110010000 @
b100001110001100 ,
#54215008
0'
#54220008
1'
0L
0/
1>
1:
b10010000100010001000000001111 7
b10000000010000000000000000 G
06
1J
10
04
b10110000101010001010000010011 K
#54225008
0'
#54230008
1'
b1001010111010000 (
0:
0>
14
b1001010111010100 <
1+
0J
#54235008
0'
#54240008
1'
12
0+
#54245008
0'
#54250008
1'
1F
b110000001010000010000000011 3
02
16
00
1B
#54255008
0'
#54260008
1'
0B
1J
1L
b100001110010000 ,
0F
1/
b100001110010100 @
1>
b110000001010000010000000011 G
06
04
#54265008
0'
#54270008
1'
14
b11010000110010001100000010111 K
0J
1+
b10110000101010001010000010011 7
0L
1:
0?
b1001010111010100 (
0/
10
0>
#54275008
0'
#54280008
1'
0:
0+
#54285008
0'
#54290008
1'
b111 3
16
12
#54295008
0'
#54300008
1'
1F
1J
04
1B
1>
02
06
00
b111 G
#54305008
0'
#54310008
1'
0B
0J
0F
b100001110010100 ,
1L
b101100100100001 @
1/
#54315008
0'
#54320008
1'
0/
b10000000010000000000000000 K
1:
b11010000110010001100000010111 7
10
0L
b1110 M
#54325008
0'
#54330008
1'
0:
#54335008
0'
#54340008
1'
12
#54345008
0'
#54350008
1'
1B
1F
02
00
#54355008
0'
#54360008
1'
b101100100100001 ,
0B
1/
1L
b101100100100100 @
0F
#54365008
0'
#54370008
1'
10
1:
b1111 M
b110000001010000010000000011 K
b1110 9
0/
0L
b10000000010000000000000000 7
#54375008
0'
#54380008
1'
0:
#54385008
0'
#54390008
1'
12
#54395008
0'
#54400008
1'
1?
00
1F
1B
02
b100001101111101 <
#54405008
0'
#54410008
1'
b100001110000000 <
0F
1+
b101100100100100 ,
14
1L
b100001101111101 (
b101100100101000 @
0>
0B
1/
#54415008
0'
#54420008
1'
0/
b100000000111 K
1:
0+
10
b110000001010000010000000011 7
b11 M
0L
b1111 9
#54425008
0'
#54430008
1'
0:
16
b10000000010000000000000000 3
#54435008
0'
#54440008
1'
b10000000010000000000000000 G
1J
06
12
04
1>
#54445008
0'
#54450008
1'
0>
b100001110000100 <
00
1F
1+
14
1B
0J
b100001110000000 (
02
#54455008
0'
#54460008
1'
0F
b101100100101000 ,
1/
0B
0+
b1111110001000110 @
1L
#54465008
0'
#54470008
1'
0L
b100000000111 7
b110000001010000010000000011 3
10
b1000000000000000000000000 K
b11 9
0/
16
1:
b1100 M
#54475008
0'
#54480008
1'
1>
b110000001010000010000000011 G
0:
04
06
1J
#54485008
0'
#54490008
1'
0J
12
0>
b100001110001000 <
b100001110000100 (
14
1+
#54495008
0'
#54500008
1'
0+
1F
02
00
1B
#54505008
0'
#54510008
1'
0B
1L
b1111110001000110 ,
0F
b1010000010010000100000000111 3
16
b1111110001001000 @
1/
#54515008
0'
#54520008
1'
0/
b101000001000000001100000010 K
1>
b1111 M
b1000000000000000000000000 7
0L
1J
10
b1010000010010000100000000111 G
b1100 9
06
1:
04
#54525008
0'
#54530008
1'
14
1+
0>
0:
0J
b100001110001100 <
b100001110001000 (
#54535008
0'
#54540008
1'
12
0+
#54545008
0'
#54550008
1'
1F
1B
02
b1110000011010000110000001011 3
00
16
#54555008
0'
#54560008
1'
06
0B
1L
1/
0F
b1111110001001000 ,
04
1>
b1111110001001100 @
1J
b1110000011010000110000001011 G
#54565008
0'
#54570008
1'
b100001110001100 (
1+
0L
b101000001000000001100000010 7
b1001000010000000011100000110 K
0/
0J
14
10
b100001110010000 <
0>
1:
b1111 9
#54575008
0'
#54580008
1'
0+
0:
#54585008
0'
#54590008
1'
16
12
b10010000100010001000000001111 3
#54595008
0'
#54600008
1'
1B
b10010000100010001000000001111 G
1F
02
04
1J
06
1>
00
#54605008
0'
#54610008
1'
b1111110001001100 ,
0B
b100001110010000 (
1L
0>
1+
0F
1/
14
b1111110001010000 @
0J
b100001110010100 <
#54615008
0'
#54620008
1'
10
b1101000011000000101100001010 K
1:
b1001000010000000011100000110 7
0+
0L
0/
#54625008
0'
#54630008
1'
0:
b10110000101010001010000010011 3
16
#54635008
0'
#54640008
1'
06
b10110000101010001010000010011 G
12
1J
1>
04
#54645008
0'
#54650008
1'
14
00
b101100100100001 <
b100001110010100 (
1B
0>
02
0J
1+
1F
#54655008
0'
#54660008
1'
0F
1/
b1111110001010000 ,
0+
0B
1L
b1111110001010100 @
#54665008
0'
#54670008
1'
0/
1:
16
10
b10001000100000000111100001110 K
0L
b1101000011000000101100001010 7
b11010000110010001100000010111 3
#54675008
0'
#54680008
1'
04
06
0:
b11010000110010001100000010111 G
1>
1J
#54685008
0'
#54690008
1'
0J
b101100100100001 (
14
b101100100100100 <
0>
12
1+
#54695008
0'
#54700008
1'
0+
00
1F
02
1B
#54705008
0'
#54710008
1'
0B
b1111110001011000 @
1/
b10000000010000000000000000 3
16
b1111110001010100 ,
1L
0F
#54715008
0'
#54720008
1'
10
04
0/
1J
0L
06
b10001000100000000111100001110 7
b10101000101000001001100010010 K
1>
b10000000010000000000000000 G
1:
#54725008
0'
#54730008
1'
0:
14
1+
b101100100100100 (
0J
0>
b101100100101000 <
#54735008
0'
#54740008
1'
0+
12
#54745008
0'
#54750008
1'
02
b110000001010000010000000011 3
1F
1B
00
16
#54755008
0'
#54760008
1'
06
0B
1/
b1111110001011100 @
0F
04
1>
b110000001010000010000000011 G
1L
1J
b1111110001011000 ,
#54765008
0'
#54770008
1'
0?
0/
1:
0J
0>
1+
14
10
0L
b10101000101000001001100010010 7
b101100100101000 (
b11001000110000001011100010110 K
#54775008
0'
#54780008
1'
0+
0:
#54785008
0'
#54790008
1'
16
b100000000111 3
12
#54795008
0'
#54800008
1'
02
1B
06
1F
1>
1J
04
b100000000111 G
00
#54805008
0'
#54810008
1'
0B
b1111110001011100 ,
1/
b1111110001100000 @
0F
0J
1L
#54815008
0'
#54820008
1'
0L
0/
10
b11101000111000001101100011010 K
1:
b11001000110000001011100010110 7
#54825008
0'
#54830008
1'
0:
#54835008
0'
#54840008
1'
12
#54845008
0'
#54850008
1'
02
00
1B
1F
#54855008
0'
#54860008
1'
0F
1/
1L
b1111110001100000 ,
0B
b1101110111 @
#54865008
0'
#54870008
1'
0L
b11101000111000001101100011010 7
10
0/
b1000 M
b0 K
1:
#54875008
0'
#54880008
1'
0:
#54885008
0'
#54890008
1'
12
#54895008
0'
#54900008
1'
02
1F
00
1B
#54905008
0'
#54910008
1'
0B
0F
1/
1L
b1101111000 @
b1101110111 ,
#54915008
0'
#54920008
1'
0L
0/
1:
b1000 9
b0 7
10
b1 K
b1 M
#54925008
0'
#54930008
1'
0:
#54935008
0'
#54940008
1'
12
#54945008
0'
#54950008
1'
02
1F
1B
00
#54955008
0'
#54960008
1'
0F
b1101111000 ,
1L
1/
0B
b1000100010101100 @
#54965008
0'
#54970008
1'
0L
10
b1 9
1:
b1111 M
0/
b11000000100000000100000000 K
b1 7
#54975008
0'
#54980008
1'
0:
#54985008
0'
#54990008
1'
12
1?
b1111110001000110 <
#54995008
0'
#55000008
1'
b1111110001001000 <
00
02
1F
b1111110001000110 (
1+
1B
0>
14
#55005008
0'
#55010008
1'
1L
b1000100010110000 @
b1000100010101100 ,
0F
0B
1/
0+
#55015008
0'
#55020008
1'
b1000000000000000000000000 3
b11000000100000000100000000 7
16
1:
0L
b1111 9
10
0/
b111000001100000010100000100 K
#55025008
0'
#55030008
1'
04
06
0:
1J
1>
b1000000000000000000000000 G
#55035008
0'
#55040008
1'
1+
12
14
b1111110001001100 <
0>
0J
b1111110001001000 (
#55045008
0'
#55050008
1'
02
0+
00
1B
1F
#55055008
0'
#55060008
1'
0F
b1000100010110100 @
b101000001000000001100000010 3
16
1L
0B
1/
b1000100010110000 ,
#55065008
0'
#55070008
1'
06
b101000001000000001100000010 G
b111000001100000010100000100 7
b1011000010100000100100001000 K
04
0/
0L
1J
1:
10
1>
#55075008
0'
#55080008
1'
0>
b1111110001001100 (
b1111110001010000 <
14
0:
0J
1+
#55085008
0'
#55090008
1'
0+
12
#55095008
0'
#55100008
1'
02
1F
16
b1001000010000000011100000110 3
00
1B
#55105008
0'
#55110008
1'
0B
06
b1000100010110100 ,
b1001000010000000011100000110 G
0F
1>
b1000100010111000 @
1J
1L
1/
04
#55115008
0'
#55120008
1'
14
0>
b1111000011100000110100001100 K
1+
b1011000010100000100100001000 7
0/
0J
10
b1111110001010000 (
0L
1:
b1111110001010100 <
#55125008
0'
#55130008
1'
0+
0:
#55135008
0'
#55140008
1'
16
12
b1101000011000000101100001010 3
#55145008
0'
#55150008
1'
06
04
1B
b1101000011000000101100001010 G
1>
1F
02
1J
00
#55155008
0'
#55160008
1'
0>
b1111110001011000 <
b1000100010111000 ,
0B
14
0J
0F
1/
b1000100010111100 @
1+
b1111110001010100 (
1L
#55165008
0'
#55170008
1'
0L
10
1:
b10011000100100001000100010000 K
b1111000011100000110100001100 7
0+
0/
#55175008
0'
#55180008
1'
0:
16
b10001000100000000111100001110 3
#55185008
0'
#55190008
1'
06
b10001000100000000111100001110 G
1>
1J
04
12
#55195008
0'
#55200008
1'
02
1B
00
b1111110001011100 <
14
0>
1F
1+
b1111110001011000 (
0J
#55205008
0'
#55210008
1'
1L
1/
0B
b1000100010111100 ,
0F
0+
b1000100011000000 @
#55215008
0'
#55220008
1'
b10101000101000001001100010010 3
1:
10
0/
0L
16
b10011000100100001000100010000 7
b1010100010100 K
b11 M
#55225008
0'
#55230008
1'
1J
0:
b10101000101000001001100010010 G
1>
04
06
#55235008
0'
#55240008
1'
0J
12
14
b1111110001100000 <
b1111110001011100 (
0>
1+
#55245008
0'
#55250008
1'
0+
1B
00
02
1F
#55255008
0'
#55260008
1'
0F
0B
1L
b11001000110000001011100010110 3
b11010000011001 @
1/
16
b1000100011000000 ,
#55265008
0'
#55270008
1'
0/
b1110 M
0L
b11 9
1:
1J
06
1>
b11001000110000001011100010110 G
04
b10000000010000000000000000 K
10
b1010100010100 7
#55275008
0'
#55280008
1'
0:
1+
0J
0>
b1111110001100000 (
b1101110111 <
14
#55285008
0'
#55290008
1'
0+
12
#55295008
0'
#55300008
1'
1B
1F
b11101000111000001101100011010 3
02
00
16
#55305008
0'
#55310008
1'
06
0F
b11010000011001 ,
04
1/
0B
b11010000011100 @
1L
b11101000111000001101100011010 G
1J
1>
#55315008
0'
#55320008
1'
0>
b1111 M
b10000000010000000000000000 7
14
b1110 9
0/
1:
0J
10
b1101111000 <
1+
b110000001010000010000000011 K
0L
b1101110111 (
#55325008
0'
#55330008
1'
0:
0+
#55335008
0'
#55340008
1'
16
12
b0 3
#55345008
0'
#55350008
1'
1>
1F
1B
04
02
06
1J
00
b0 G
#55355008
0'
#55360008
1'
0B
b11010000011100 ,
b1101111000 (
1/
b11010000100000 @
0F
0>
1L
14
1+
0J
b1000100010101100 <
#55365008
0'
#55370008
1'
b1111 9
0/
b110000001010000010000000011 7
0L
10
0+
1:
b1010000010010000100000000111 K
#55375008
0'
#55380008
1'
b1 3
0:
16
#55385008
0'
#55390008
1'
06
b1 G
12
1J
1>
04
#55395008
0'
#55400008
1'
14
1F
b1000100010101100 (
1B
b1000100010110000 <
0>
02
0J
1+
00
#55405008
0'
#55410008
1'
0B
0F
b11010000100000 ,
b11010000100100 @
1/
0+
1L
#55415008
0'
#55420008
1'
0L
b1110000011010000110000001011 K
10
16
b1010000010010000100000000111 7
1:
0/
b11000000100000000100000000 3
#55425008
0'
#55430008
1'
04
06
b11000000100000000100000000 G
0:
1J
1>
#55435008
0'
#55440008
1'
0>
b1000100010110000 (
0J
14
b1000100010110100 <
1+
12
#55445008
0'
#55450008
1'
02
00
1B
1F
0+
#55455008
0'
#55460008
1'
0B
b11010000101000 @
b111000001100000010100000100 3
1L
b11010000100100 ,
0F
1/
16
#55465008
0'
#55470008
1'
06
0L
b10010000100010001000000001111 K
10
1>
0/
04
1J
b111000001100000010100000100 G
1:
b1110000011010000110000001011 7
#55475008
0'
#55480008
1'
1+
0:
b1000100010110100 (
0>
b1000100010111000 <
0J
14
#55485008
0'
#55490008
1'
12
0+
#55495008
0'
#55500008
1'
00
16
1B
b1011000010100000100100001000 3
02
1F
#55505008
0'
#55510008
1'
0F
0B
04
b11010000101100 @
06
1L
1J
1/
b11010000101000 ,
b1011000010100000100100001000 G
1>
#55515008
0'
#55520008
1'
0>
1+
b10010000100010001000000001111 7
10
b101010001010000010011 K
b111 M
14
0J
0L
1:
b1000100010111100 <
0/
b1000100010111000 (
#55525008
0'
#55530008
1'
0+
0:
#55535008
0'
#55540008
1'
16
12
b1111000011100000110100001100 3
#55545008
0'
#55550008
1'
1B
1F
1>
00
02
1J
04
b1111000011100000110100001100 G
06
#55555008
0'
#55560008
1'
0>
0B
b1000100010111100 (
0F
b1011110101111111 @
0J
1+
14
1/
b11010000101100 ,
b1000100011000000 <
1L
#55565008
0'
#55570008
1'
0L
1:
b1000 M
b101010001010000010011 7
b0 K
b111 9
10
0+
0/
#55575008
0'
#55580008
1'
16
b10011000100100001000100010000 3
0:
#55585008
0'
#55590008
1'
1>
06
b10011000100100001000100010000 G
12
1J
04
#55595008
0'
#55600008
1'
14
1F
0>
b1000100011000000 (
1B
0?
0J
1+
02
00
#55605008
0'
#55610008
1'
0B
1/
1L
0F
b1011110110000000 @
0+
b1011110101111111 ,
#55615008
0'
#55620008
1'
0L
1:
10
b1010100010100 3
b100000000110000001000000001 K
0/
b0 7
b1111 M
16
b1000 9
#55625008
0'
#55630008
1'
0:
1>
04
06
1J
b1010100010100 G
#55635008
0'
#55640008
1'
0J
12
#55645008
0'
#55650008
1'
00
1B
02
1F
#55655008
0'
#55660008
1'
0F
b1011110110000000 ,
1L
1/
0B
b1011110110000100 @
#55665008
0'
#55670008
1'
0L
10
b1111 9
b100000000110000001000000001 7
1:
b1000000001110000011000000101 K
0/
#55675008
0'
#55680008
1'
0:
#55685008
0'
#55690008
1'
12
#55695008
0'
#55700008
1'
00
1F
02
b11010000011001 <
1?
1B
#55705008
0'
#55710008
1'
0B
b1011110110001000 @
1/
1L
b1011110110000100 ,
0>
b11010000011001 (
0F
1+
b11010000011100 <
14
#55715008
0'
#55720008
1'
10
1:
0L
0/
b1000000001110000011000000101 7
0+
b1100000010110000101000001001 K
#55725008
0'
#55730008
1'
0:
b10000000010000000000000000 3
16
#55735008
0'
#55740008
1'
06
1>
04
b10000000010000000000000000 G
1J
12
#55745008
0'
#55750008
1'
02
14
0>
1B
00
0J
b11010000011100 (
1+
b11010000100000 <
1F
#55755008
0'
#55760008
1'
0F
0B
1/
b1011110110001100 @
1L
b1011110110001000 ,
0+
#55765008
0'
#55770008
1'
0L
16
0/
1:
b10000000011110000111000001101 K
10
b110000001010000010000000011 3
b1100000010110000101000001001 7
#55775008
0'
#55780008
1'
0:
04
1>
06
b110000001010000010000000011 G
1J
#55785008
0'
#55790008
1'
0J
0>
1+
12
14
b11010000100100 <
b11010000100000 (
#55795008
0'
#55800008
1'
02
1B
1F
0+
00
#55805008
0'
#55810008
1'
0F
0B
1/
1L
b1011110110010000 @
b1010000010010000100000000111 3
b1011110110001100 ,
16
#55815008
0'
#55820008
1'
06
10
1J
b10000000011110000111000001101 7
1>
0L
0/
1:
b10100000100110001001000010001 K
04
b1010000010010000100000000111 G
#55825008
0'
#55830008
1'
b11010000100100 (
0J
0>
14
1+
b11010000101000 <
0:
#55835008
0'
#55840008
1'
12
0+
#55845008
0'
#55850008
1'
00
16
1B
1F
02
b1110000011010000110000001011 3
#55855008
0'
#55860008
1'
0B
1/
1J
b1110000011010000110000001011 G
06
1L
1>
b1011110110010100 @
b1011110110010000 ,
0F
04
#55865008
0'
#55870008
1'
14
0/
1+
1:
10
b11010000101000 (
b10100000100110001001000010001 7
0J
0>
0L
b101110001011000010101 K
b111 M
b11010000101100 <
#55875008
0'
#55880008
1'
0:
0+
#55885008
0'
#55890008
1'
b10010000100010001000000001111 3
16
12
#55895008
0'
#55900008
1'
02
1B
04
b10010000100010001000000001111 G
00
06
1J
1F
1>
#55905008
0'
#55910008
1'
0>
1+
1/
14
b11010000101100 (
0B
0F
0?
0J
b1011110110010100 ,
1L
b111110011110100 @
#55915008
0'
#55920008
1'
b101110001011000010101 7
0+
1:
0/
b111 9
0L
b1111 M
10
b11000000100000000100000000 K
#55925008
0'
#55930008
1'
b101010001010000010011 3
0:
16
#55935008
0'
#55940008
1'
06
b101010001010000010011 G
12
1>
04
1J
#55945008
0'
#55950008
1'
0J
02
00
1B
1F
#55955008
0'
#55960008
1'
0F
b111110011111000 @
1/
0B
1L
b111110011110100 ,
#55965008
0'
#55970008
1'
b111000001100000010100000100 K
b11000000100000000100000000 7
0L
0/
b1111 9
10
1:
#55975008
0'
#55980008
1'
0:
#55985008
0'
#55990008
1'
12
#55995008
0'
#56000008
1'
1F
02
00
1B
#56005008
0'
#56010008
1'
0B
b111110011111000 ,
b111110011111100 @
0F
1L
1/
#56015008
0'
#56020008
1'
0/
1:
b1011000010100000100100001000 K
0L
10
b111000001100000010100000100 7
#56025008
0'
#56030008
1'
0:
b1011110101111111 <
1?
#56035008
0'
#56040008
1'
b1011110101111111 (
0>
1+
b1011110110000000 <
14
12
#56045008
0'
#56050008
1'
02
1B
0+
00
1F
#56055008
0'
#56060008
1'
0F
b111110011111100 ,
16
b0 3
1/
1L
b111110100000000 @
0B
#56065008
0'
#56070008
1'
b0 G
1>
06
b1011000010100000100100001000 7
1J
1:
0/
04
10
b1111000011100000110100001100 K
0L
#56075008
0'
#56080008
1'
0J
0>
b1011110110000000 (
14
0:
b1011110110000100 <
1+
#56085008
0'
#56090008
1'
0+
12
#56095008
0'
#56100008
1'
02
1B
1F
b100000000110000001000000001 3
16
00
#56105008
0'
#56110008
1'
1L
0B
0F
1J
b100000000110000001000000001 G
1>
b111110100000000 ,
06
b111110100000100 @
1/
04
#56115008
0'
#56120008
1'
14
0>
10
1+
0L
b1111000011100000110100001100 7
0J
0/
b1011110110000100 (
b10011000100100001000100010000 K
1:
b1011110110001000 <
#56125008
0'
#56130008
1'
0+
0:
#56135008
0'
#56140008
1'
b1000000001110000011000000101 3
12
16
#56145008
0'
#56150008
1'
06
04
1>
00
b1000000001110000011000000101 G
1B
1F
02
1J
#56155008
0'
#56160008
1'
0J
0B
0>
14
b1011110110001100 <
1L
0F
1/
1+
b111110100000100 ,
b111110100001000 @
b1011110110001000 (
#56165008
0'
#56170008
1'
b10011000100100001000100010000 7
1:
10
0/
0L
b10111000101100001010100010100 K
0+
#56175008
0'
#56180008
1'
0:
16
b1100000010110000101000001001 3
#56185008
0'
#56190008
1'
06
1J
b1100000010110000101000001001 G
04
1>
12
#56195008
0'
#56200008
1'
02
b1011110110010000 <
b1011110110001100 (
1+
14
1B
0J
0>
00
1F
#56205008
0'
#56210008
1'
0F
0B
0+
b111110100001100 @
1L
b111110100001000 ,
1/
#56215008
0'
#56220008
1'
0/
b10000000011110000111000001101 3
1:
b10111000101100001010100010100 7
16
10
b11011000110100001100100011000 K
0L
#56225008
0'
#56230008
1'
0:
b10000000011110000111000001101 G
04
06
1>
1J
#56235008
0'
#56240008
1'
0J
b1011110110010100 <
12
b1011110110010000 (
0>
14
1+
#56245008
0'
#56250008
1'
0+
02
1B
1F
00
#56255008
0'
#56260008
1'
0B
1/
1L
b10100000100110001001000010001 3
0F
b111110100001100 ,
16
b1010101001100101 @
#56265008
0'
#56270008
1'
0L
10
1J
b11011000110100001100100011000 7
0/
b10100000100110001001000010001 G
1:
06
b10000000010000000000000000 K
1>
04
b1110 M
#56275008
0'
#56280008
1'
1+
0?
0J
14
0:
b1011110110010100 (
0>
#56285008
0'
#56290008
1'
0+
12
#56295008
0'
#56300008
1'
02
00
1B
1F
b101110001011000010101 3
16
#56305008
0'
#56310008
1'
06
b101110001011000010101 G
b1010101001101000 @
1L
1>
1/
0B
1J
04
0F
b1010101001100101 ,
#56315008
0'
#56320008
1'
10
b1111 M
0L
b10000000010000000000000000 7
0/
0J
b1110 9
1:
b110000001010000010000000011 K
#56325008
0'
#56330008
1'
0:
#56335008
0'
#56340008
1'
12
#56345008
0'
#56350008
1'
02
00
1F
1B
#56355008
0'
#56360008
1'
0B
1L
b1010101001101000 ,
b110011111111100 @
0F
1/
#56365008
0'
#56370008
1'
0/
0L
b11000000100000000100000000 K
10
1:
b110000001010000010000000011 7
b1111 9
#56375008
0'
#56380008
1'
1?
b111110011110100 <
0:
#56385008
0'
#56390008
1'
0>
12
1+
b111110011111000 <
b111110011110100 (
14
#56395008
0'
#56400008
1'
1B
02
0+
1F
00
#56405008
0'
#56410008
1'
b110011111111100 ,
16
0B
1L
1/
0F
b11000000100000000100000000 3
b110100000000000 @
#56415008
0'
#56420008
1'
0L
10
1:
b11000000100000000100000000 G
04
06
1>
0/
b111000001100000010100000100 K
b11000000100000000100000000 7
1J
#56425008
0'
#56430008
1'
0J
0:
14
0>
b111110011111000 (
1+
b111110011111100 <
#56435008
0'
#56440008
1'
0+
12
#56445008
0'
#56450008
1'
16
00
1B
02
b111000001100000010100000100 3
1F
#56455008
0'
#56460008
1'
0F
b110100000000100 @
1L
06
b110100000000000 ,
1J
b111000001100000010100000100 G
0B
04
1>
1/
#56465008
0'
#56470008
1'
0/
0J
b111110100000000 <
1:
10
0L
0>
1+
b111000001100000010100000100 7
14
b111110011111100 (
b1011000010100000100100001000 K
#56475008
0'
#56480008
1'
0:
0+
#56485008
0'
#56490008
1'
16
b1011000010100000100100001000 3
12
#56495008
0'
#56500008
1'
02
00
1J
1F
1>
b1011000010100000100100001000 G
06
04
1B
#56505008
0'
#56510008
1'
0B
0J
b111110100000100 <
1/
1+
b110100000001000 @
b110100000000100 ,
14
0F
1L
0>
b111110100000000 (
#56515008
0'
#56520008
1'
10
0+
0/
b1111000011100000110100001100 K
1:
0L
b1011000010100000100100001000 7
#56525008
0'
#56530008
1'
b1111000011100000110100001100 3
0:
16
#56535008
0'
#56540008
1'
1J
12
06
04
1>
b1111000011100000110100001100 G
#56545008
0'
#56550008
1'
0J
b111110100000100 (
1B
b111110100001000 <
1+
00
0>
02
14
1F
#56555008
0'
#56560008
1'
0F
0+
b110100000001100 @
1/
0B
1L
b110100000001000 ,
#56565008
0'
#56570008
1'
0/
b1111000011100000110100001100 7
0L
10
16
b10011000100100001000100010000 3
b10011000100100001000100010000 K
1:
#56575008
0'
#56580008
1'
0:
1J
b10011000100100001000100010000 G
04
06
1>
#56585008
0'
#56590008
1'
0>
0J
b111110100001100 <
1+
b111110100001000 (
14
12
#56595008
0'
#56600008
1'
02
0+
1F
1B
00
#56605008
0'
#56610008
1'
b110100000001100 ,
1/
b110100000010000 @
0B
1L
0F
16
b10111000101100001010100010100 3
#56615008
0'
#56620008
1'
0/
10
1:
1J
1>
06
b10111000101100001010100010100 K
04
b10011000100100001000100010000 7
0L
b10111000101100001010100010100 G
#56625008
0'
#56630008
1'
0J
1+
0:
b1010101001100101 <
0>
b111110100001100 (
14
#56635008
0'
#56640008
1'
12
0+
#56645008
0'
#56650008
1'
b11011000110100001100100011000 3
02
00
16
1B
1F
#56655008
0'
#56660008
1'
0F
04
b11011000110100001100100011000 G
1/
1J
b110100000010000 ,
0B
b110100000010100 @
1L
06
1>
#56665008
0'
#56670008
1'
0>
0J
14
1+
1:
0/
b1010101001100101 (
b11011000110100001100100011000 K
0L
b10111000101100001010100010100 7
10
b1010101001101000 <
#56675008
0'
#56680008
1'
0:
0+
#56685008
0'
#56690008
1'
12
b10000000010000000000000000 3
16
#56695008
0'
#56700008
1'
06
04
1J
1>
1F
02
b10000000010000000000000000 G
00
1B
#56705008
0'
#56710008
1'
0B
0J
14
0F
0?
0>
1+
1/
b110100000010100 ,
b1010101001101000 (
b110100000011000 @
1L
#56715008
0'
#56720008
1'
0L
1:
b11 M
0+
10
0/
b11011000110100001100100011000 7
b1110100011100 K
#56725008
0'
#56730008
1'
16
0:
b110000001010000010000000011 3
#56735008
0'
#56740008
1'
1>
12
06
1J
04
b110000001010000010000000011 G
#56745008
0'
#56750008
1'
0J
1B
02
1F
00
#56755008
0'
#56760008
1'
0B
1L
0F
b1110010011100000 @
1/
b110100000011000 ,
#56765008
0'
#56770008
1'
b11 9
b11000000100000000100000000 K
10
0/
0L
b1111 M
1:
b1110100011100 7
#56775008
0'
#56780008
1'
0:
#56785008
0'
#56790008
1'
12
#56795008
0'
#56800008
1'
02
1B
00
1F
#56805008
0'
#56810008
1'
0F
b1110010011100000 ,
1L
1/
0B
b1110010011100100 @
#56815008
0'
#56820008
1'
b111000001100000010100000100 K
b11000000100000000100000000 7
b1111 9
10
1:
0/
0L
#56825008
0'
#56830008
1'
0:
#56835008
0'
#56840008
1'
12
#56845008
0'
#56850008
1'
02
1F
1B
00
#56855008
0'
#56860008
1'
b1110010011101000 @
1L
0B
b1110010011100100 ,
0F
1/
#56865008
0'
#56870008
1'
0/
10
b111000001100000010100000100 7
b1011000010100000100100001000 K
0L
1:
#56875008
0'
#56880008
1'
0:
#56885008
0'
#56890008
1'
12
b110011111111100 <
1?
#56895008
0'
#56900008
1'
b110100000000000 <
02
00
0>
1F
1+
b110011111111100 (
1B
14
#56905008
0'
#56910008
1'
1/
b1110010011101100 @
0B
1L
b1110010011101000 ,
0+
0F
#56915008
0'
#56920008
1'
1:
b1011000010100000100100001000 7
b11000000100000000100000000 3
0/
10
16
b1111000011100000110100001100 K
0L
#56925008
0'
#56930008
1'
0:
04
b11000000100000000100000000 G
1J
06
1>
#56935008
0'
#56940008
1'
0>
14
12
b110100000000100 <
1+
0J
b110100000000000 (
#56945008
0'
#56950008
1'
00
1F
02
0+
1B
#56955008
0'
#56960008
1'
0B
0F
1L
1/
b111000001100000010100000100 3
16
b1110010011110000 @
b1110010011101100 ,
#56965008
0'
#56970008
1'
0/
1:
b111000001100000010100000100 G
0L
04
1>
b1111000011100000110100001100 7
10
06
b10011000100100001000100010000 K
1J
#56975008
0'
#56980008
1'
0J
b110100000000100 (
0>
0:
14
1+
b110100000001000 <
#56985008
0'
#56990008
1'
0+
12
#56995008
0'
#57000008
1'
1B
1F
02
b1011000010100000100100001000 3
16
00
#57005008
0'
#57010008
1'
1/
b1110010011110000 ,
0B
1J
1L
b1011000010100000100100001000 G
1>
06
0F
b1110010011110100 @
04
#57015008
0'
#57020008
1'
14
10
1:
b10011000100100001000100010000 7
b110100000001100 <
0L
0/
0J
b110100000001000 (
0>
b10111000101100001010100010100 K
1+
#57025008
0'
#57030008
1'
0+
0:
#57035008
0'
#57040008
1'
b1111000011100000110100001100 3
16
12
#57045008
0'
#57050008
1'
1J
00
b1111000011100000110100001100 G
04
1B
02
06
1>
1F
#57055008
0'
#57060008
1'
0F
14
1+
0J
1/
b1110010011110100 ,
1L
b110100000010000 <
0>
b110100000001100 (
b1110010011111000 @
0B
#57065008
0'
#57070008
1'
0L
10
1:
0+
b10111000101100001010100010100 7
0/
b11011000110100001100100011000 K
#57075008
0'
#57080008
1'
0:
16
b10011000100100001000100010000 3
#57085008
0'
#57090008
1'
04
b10011000100100001000100010000 G
1J
06
1>
12
#57095008
0'
#57100008
1'
02
1B
1F
00
14
1+
0>
0J
b110100000010100 <
b110100000010000 (
#57105008
0'
#57110008
1'
1L
b1110010011111000 ,
0F
0B
0+
b10010011000100 @
1/
#57115008
0'
#57120008
1'
0/
b11011000110100001100100011000 7
b10111000101100001010100010100 3
10
b11000000100000000100000000 K
0L
1:
16
#57125008
0'
#57130008
1'
06
04
b10111000101100001010100010100 G
0:
1>
1J
#57135008
0'
#57140008
1'
0J
14
12
b110100000010100 (
0>
b110100000011000 <
1+
#57145008
0'
#57150008
1'
0+
02
00
1F
1B
#57155008
0'
#57160008
1'
0B
1/
16
b11011000110100001100100011000 3
b10010011000100 ,
0F
1L
b10010011001000 @
#57165008
0'
#57170008
1'
10
04
b111000001100000010100000100 K
1J
06
b11000000100000000100000000 7
0/
0L
b11011000110100001100100011000 G
1:
1>
#57175008
0'
#57180008
1'
0>
0?
14
1+
0J
0:
b110100000011000 (
#57185008
0'
#57190008
1'
0+
12
#57195008
0'
#57200008
1'
02
b1110100011100 3
00
16
1B
1F
#57205008
0'
#57210008
1'
0F
06
1>
b10010011001100 @
04
0B
1J
1/
b1110100011100 G
1L
b10010011001000 ,
#57215008
0'
#57220008
1'
b111000001100000010100000100 7
10
b1011000010100000100100001000 K
0L
1:
0/
0J
#57225008
0'
#57230008
1'
1?
0:
b1110010011100000 <
#57235008
0'
#57240008
1'
b1110010011100100 <
12
b1110010011100000 (
0>
1+
14
#57245008
0'
#57250008
1'
1F
02
00
0+
1B
#57255008
0'
#57260008
1'
0B
b10010011010000 @
16
b10010011001100 ,
0F
b11000000100000000100000000 3
1/
1L
#57265008
0'
#57270008
1'
0L
04
1>
1J
b1011000010100000100100001000 7
06
0/
10
1:
b11000000100000000100000000 G
b1111000011100000110100001100 K
#57275008
0'
#57280008
1'
b1110010011101000 <
0J
14
b1110010011100100 (
0>
0:
1+
#57285008
0'
#57290008
1'
0+
12
#57295008
0'
#57300008
1'
02
1F
1B
16
b111000001100000010100000100 3
00
#57305008
0'
#57310008
1'
0F
1L
b10010011010100 @
04
b10010011010000 ,
1J
1/
06
1>
0B
b111000001100000010100000100 G
#57315008
0'
#57320008
1'
b10011000100100001000100010000 K
10
b1111000011100000110100001100 7
14
0L
1+
b1110010011101100 <
b1110010011101000 (
1:
0>
0J
0/
#57325008
0'
#57330008
1'
0+
0:
#57335008
0'
#57340008
1'
12
b1011000010100000100100001000 3
16
#57345008
0'
#57350008
1'
06
1F
b1011000010100000100100001000 G
04
00
1B
02
1J
1>
#57355008
0'
#57360008
1'
0>
14
b10010011010100 ,
b1110010011110000 <
0F
1/
1L
b10010011011000 @
0J
1+
b1110010011101100 (
0B
#57365008
0'
#57370008
1'
0L
b10111000101100001010100010100 K
1:
0/
b10011000100100001000100010000 7
0+
10
#57375008
0'
#57380008
1'
16
0:
b1111000011100000110100001100 3
#57385008
0'
#57390008
1'
04
1>
06
b1111000011100000110100001100 G
12
1J
#57395008
0'
#57400008
1'
0J
00
1B
0>
14
1F
b1110010011110100 <
02
1+
b1110010011110000 (
#57405008
0'
#57410008
1'
0F
1/
1L
b10010011011000 ,
0B
0+
b1011000010111 @
#57415008
0'
#57420008
1'
16
b10011000100100001000100010000 3
0L
10
b0 K
0/
b1000 M
b10111000101100001010100010100 7
1:
#57425008
0'
#57430008
1'
0:
1J
06
04
1>
b10011000100100001000100010000 G
#57435008
0'
#57440008
1'
14
b1110010011110100 (
0J
0>
1+
b1110010011111000 <
12
#57445008
0'
#57450008
1'
02
1F
00
1B
0+
#57455008
0'
#57460008
1'
0F
b1011000010111 ,
b1011000011000 @
b10111000101100001010100010100 3
16
1L
0B
1/
#57465008
0'
#57470008
1'
0/
06
b100000000110000001000000001 K
b10111000101100001010100010100 G
04
1:
1>
1J
b1000 9
0L
b0 7
10
b1111 M
#57475008
0'
#57480008
1'
14
1+
b1110010011111000 (
0>
0:
0J
0?
#57485008
0'
#57490008
1'
0+
12
#57495008
0'
#57500008
1'
02
16
1F
b11011000110100001100100011000 3
00
1B
#57505008
0'
#57510008
1'
0B
0F
04
1/
06
b11011000110100001100100011000 G
b1101001010001111 @
b1011000011000 ,
1J
1>
1L
#57515008
0'
#57520008
1'
0L
b1000 M
b0 K
0/
10
0J
1:
b100000000110000001000000001 7
b1111 9
#57525008
0'
#57530008
1'
0:
#57535008
0'
#57540008
1'
12
1?
b10010011000100 <
#57545008
0'
#57550008
1'
b10010011001000 <
02
1F
1B
14
1+
0>
b10010011000100 (
00
#57555008
0'
#57560008
1'
b1101001010010000 @
0B
0F
1L
0+
1/
b1101001010001111 ,
#57565008
0'
#57570008
1'
10
b1000 9
b100000000110000001000000001 K
b1111 M
16
0/
1:
b11000000100000000100000000 3
b0 7
0L
#57575008
0'
#57580008
1'
04
b11000000100000000100000000 G
06
1>
0:
1J
#57585008
0'
#57590008
1'
0J
12
b10010011001100 <
14
b10010011001000 (
0>
1+
#57595008
0'
#57600008
1'
0+
00
02
1F
1B
#57605008
0'
#57610008
1'
0B
0F
b1101001010010000 ,
1L
b1101001010010100 @
1/
b111000001100000010100000100 3
16
#57615008
0'
#57620008
1'
06
0L
1J
10
b1000000001110000011000000101 K
b1111 9
1>
b100000000110000001000000001 7
1:
0/
04
b111000001100000010100000100 G
#57625008
0'
#57630008
1'
b10010011010000 <
1+
0J
14
0>
b10010011001100 (
0:
#57635008
0'
#57640008
1'
0+
12
#57645008
0'
#57650008
1'
02
16
1F
1B
00
b1011000010100000100100001000 3
#57655008
0'
#57660008
1'
0B
06
b1011000010100000100100001000 G
0F
1L
b1101001010010100 ,
1J
1>
1/
04
b1101001010011000 @
#57665008
0'
#57670008
1'
0L
b1100000010110000101000001001 K
1+
1:
b10010011010100 <
14
10
b10010011010000 (
0/
b1000000001110000011000000101 7
0>
0J
#57675008
0'
#57680008
1'
0:
0+
#57685008
0'
#57690008
1'
b1111000011100000110100001100 3
12
16
#57695008
0'
#57700008
1'
06
02
1B
1J
1F
b1111000011100000110100001100 G
1>
04
00
#57705008
0'
#57710008
1'
0F
1+
b1101001010011100 @
0J
0B
1L
14
b10010011011000 <
0>
b1101001010011000 ,
1/
b10010011010100 (
#57715008
0'
#57720008
1'
10
0+
1:
b10000000011110000111000001101 K
0/
0L
b1100000010110000101000001001 7
#57725008
0'
#57730008
1'
16
0:
b10011000100100001000100010000 3
#57735008
0'
#57740008
1'
12
06
1J
b10011000100100001000100010000 G
04
1>
#57745008
0'
#57750008
1'
0>
b10010011011000 (
1F
1B
02
1+
00
14
0J
b1011000010111 <
#57755008
0'
#57760008
1'
0+
0F
0B
b1101001010100000 @
1L
1/
b1101001010011100 ,
#57765008
0'
#57770008
1'
b10111000101100001010100010100 3
b10000000011110000111000001101 7
16
1:
0/
b10100000100110001001000010001 K
0L
10
#57775008
0'
#57780008
1'
06
1>
0:
1J
04
b10111000101100001010100010100 G
#57785008
0'
#57790008
1'
b1011000011000 <
b1011000010111 (
12
1+
14
0>
0J
#57795008
0'
#57800008
1'
02
00
1B
1F
0+
#57805008
0'
#57810008
1'
0B
16
b1101001010100000 ,
b0 3
0F
1L
b1101001010100100 @
1/
#57815008
0'
#57820008
1'
0/
1J
b0 G
06
10
b10100000100110001001000010001 7
1>
0L
04
b11000000101110001011000010101 K
1:
#57825008
0'
#57830008
1'
0:
1+
0J
b1011000011000 (
0?
14
0>
#57835008
0'
#57840008
1'
0+
12
#57845008
0'
#57850008
1'
02
00
1B
16
b100000000110000001000000001 3
1F
#57855008
0'
#57860008
1'
0F
0B
1J
b1101001010100100 ,
1/
b100000000110000001000000001 G
1>
04
b1101001010101000 @
06
1L
#57865008
0'
#57870008
1'
0L
0J
0/
10
1:
b11100000110110001101000011001 K
b11000000101110001011000010101 7
#57875008
0'
#57880008
1'
0:
#57885008
0'
#57890008
1'
12
#57895008
0'
#57900008
1'
02
00
1B
1F
#57905008
0'
#57910008
1'
0F
0B
1/
1L
b1101001010101000 ,
b1100001001111111 @
#57915008
0'
#57920008
1'
0L
b1000 M
10
b11100000110110001101000011001 7
0/
1:
b0 K
#57925008
0'
#57930008
1'
0:
#57935008
0'
#57940008
1'
12
#57945008
0'
#57950008
1'
02
00
1F
1B
#57955008
0'
#57960008
1'
0B
b1100001010000000 @
1L
0F
1/
b1100001001111111 ,
#57965008
0'
#57970008
1'
0L
b100000000110000001000000001 K
b0 7
b1111 M
10
0/
b1000 9
1:
#57975008
0'
#57980008
1'
0:
#57985008
0'
#57990008
1'
12
#57995008
0'
#58000008
1'
02
1B
00
1F
#58005008
0'
#58010008
1'
0F
b1100001010000000 ,
1L
b1100001010000100 @
0B
1/
#58015008
0'
#58020008
1'
0/
0L
b101 K
b1 M
1:
b100000000110000001000000001 7
b1111 9
10
#58025008
0'
#58030008
1'
0:
#58035008
0'
#58040008
1'
12
#58045008
0'
#58050008
1'
02
00
1F
b1101001010001111 <
1B
1?
#58055008
0'
#58060008
1'
0F
1L
1/
b1100001010000100 ,
1+
0B
0>
b1101001010010000 <
b1001000111001000 @
b1101001010001111 (
14
#58065008
0'
#58070008
1'
1:
0/
0L
10
b1111 M
b11000000100000000100000000 K
0+
b1 9
b101 7
#58075008
0'
#58080008
1'
0:
16
b0 3
#58085008
0'
#58090008
1'
04
12
b0 G
1J
06
1>
#58095008
0'
#58100008
1'
0>
14
1F
02
00
b1101001010010000 (
0J
1+
1B
b1101001010010100 <
#58105008
0'
#58110008
1'
b1001000111001000 ,
0F
1L
1/
0B
0+
b1001000111001100 @
#58115008
0'
#58120008
1'
b100000000110000001000000001 3
0L
b11000000100000000100000000 7
16
1:
b1111 9
b111000001100000010100000100 K
10
0/
#58125008
0'
#58130008
1'
1>
b100000000110000001000000001 G
04
0:
06
1J
#58135008
0'
#58140008
1'
0J
12
b1101001010011000 <
0>
14
1+
b1101001010010100 (
#58145008
0'
#58150008
1'
02
1F
0+
00
1B
#58155008
0'
#58160008
1'
0B
1/
b1001000111010000 @
1L
b1000000001110000011000000101 3
b1001000111001100 ,
0F
16
#58165008
0'
#58170008
1'
06
b1000000001110000011000000101 G
1J
0L
0/
10
1>
b111000001100000010100000100 7
04
1:
b1011000010100000100100001000 K
#58175008
0'
#58180008
1'
b1101001010011100 <
0J
b1101001010011000 (
0:
14
0>
1+
#58185008
0'
#58190008
1'
0+
12
#58195008
0'
#58200008
1'
02
b1100000010110000101000001001 3
16
1B
00
1F
#58205008
0'
#58210008
1'
0F
06
1L
1J
b1100000010110000101000001001 G
b1001000111010100 @
0B
b1001000111010000 ,
1>
1/
04
#58215008
0'
#58220008
1'
14
b1111000011100000110100001100 K
0J
1+
0L
b1101001010100000 <
0/
10
0>
1:
b1101001010011100 (
b1011000010100000100100001000 7
#58225008
0'
#58230008
1'
0+
0:
#58235008
0'
#58240008
1'
b10000000011110000111000001101 3
12
16
#58245008
0'
#58250008
1'
06
02
b10000000011110000111000001101 G
1F
04
1J
1B
00
1>
#58255008
0'
#58260008
1'
0>
14
1L
0F
1+
b1001000111010100 ,
b1101001010100100 <
b1001000111011000 @
0B
b1101001010100000 (
1/
0J
#58265008
0'
#58270008
1'
0L
1:
b1111000011100000110100001100 7
b10011000100100001000100010000 K
0/
10
0+
#58275008
0'
#58280008
1'
16
0:
b10100000100110001001000010001 3
#58285008
0'
#58290008
1'
12
1J
1>
06
04
b10100000100110001001000010001 G
#58295008
0'
#58300008
1'
14
1+
02
0J
0>
00
1F
b1101001010100100 (
b1101001010101000 <
1B
#58305008
0'
#58310008
1'
0B
0+
1L
b1001000111011000 ,
1/
b1001000111011100 @
0F
#58315008
0'
#58320008
1'
b11000000101110001011000010101 3
b10011000100100001000100010000 7
16
1:
0L
b10111000101100001010100010100 K
0/
10
#58325008
0'
#58330008
1'
06
b11000000101110001011000010101 G
1J
04
0:
1>
#58335008
0'
#58340008
1'
0>
0J
1+
12
14
b1100001001111111 <
b1101001010101000 (
#58345008
0'
#58350008
1'
0+
00
1F
1B
02
#58355008
0'
#58360008
1'
0F
16
b11100000110110001101000011001 3
0B
1/
b1001000111100000 @
1L
b1001000111011100 ,
#58365008
0'
#58370008
1'
06
b11100000110110001101000011001 G
10
b10111000101100001010100010100 7
1J
1>
0L
1:
04
b11011000110100001100100011000 K
0/
#58375008
0'
#58380008
1'
0J
b1100001001111111 (
1+
0>
b1100001010000000 <
14
0:
#58385008
0'
#58390008
1'
12
0+
#58395008
0'
#58400008
1'
16
1F
00
02
1B
b0 3
#58405008
0'
#58410008
1'
1/
1J
b1001000111100000 ,
0F
06
b0 G
0B
04
1L
b1001000111100100 @
1>
#58415008
0'
#58420008
1'
0>
1:
0/
b1100001010000000 (
1+
b11011000110100001100100011000 7
0J
b11111000111100001110100011100 K
10
0L
b1100001010000100 <
14
#58425008
0'
#58430008
1'
0:
0+
#58435008
0'
#58440008
1'
16
b100000000110000001000000001 3
12
#58445008
0'
#58450008
1'
02
06
04
1>
1F
b100000000110000001000000001 G
1J
1B
00
#58455008
0'
#58460008
1'
0>
1+
0?
14
1/
b1100001010000100 (
b1001000111100100 ,
0B
0F
b100101010110011 @
0J
1L
#58465008
0'
#58470008
1'
0L
b11111000111100001110100011100 7
10
0/
0+
1:
b1000 M
b0 K
#58475008
0'
#58480008
1'
0:
16
b101 3
#58485008
0'
#58490008
1'
1>
12
04
06
1J
b101 G
#58495008
0'
#58500008
1'
02
00
0J
1B
1F
#58505008
0'
#58510008
1'
0F
1L
1/
0B
b100101010110011 ,
b100101010110100 @
#58515008
0'
#58520008
1'
0L
b100000000110000001000000001 K
1:
b0 7
1?
0/
b1001000111001000 <
10
b1111 M
b1000 9
#58525008
0'
#58530008
1'
b1001000111001000 (
0:
0>
1+
b1001000111001100 <
14
#58535008
0'
#58540008
1'
12
0+
#58545008
0'
#58550008
1'
b11000000100000000100000000 3
1F
02
16
00
1B
#58555008
0'
#58560008
1'
0B
b100101010111000 @
b11000000100000000100000000 G
1L
04
1>
b100101010110100 ,
1/
06
1J
0F
#58565008
0'
#58570008
1'
14
1+
b1111 9
b100000000110000001000000001 7
0L
1:
b1001000111001100 (
b1000000001110000011000000101 K
0J
0>
10
b1001000111010000 <
0/
#58575008
0'
#58580008
1'
0+
0:
#58585008
0'
#58590008
1'
b111000001100000010100000100 3
16
12
#58595008
0'
#58600008
1'
02
1F
04
1B
b111000001100000010100000100 G
06
1J
00
1>
#58605008
0'
#58610008
1'
0>
0B
1/
0F
b1001000111010000 (
b100101010111100 @
14
1+
1L
0J
b100101010111000 ,
b1001000111010100 <
#58615008
0'
#58620008
1'
0+
0/
1:
b1000000001110000011000000101 7
b11 M
b101000001001 K
10
0L
#58625008
0'
#58630008
1'
0:
b1011000010100000100100001000 3
16
#58635008
0'
#58640008
1'
06
1>
12
04
b1011000010100000100100001000 G
1J
#58645008
0'
#58650008
1'
0J
02
1F
b1001000111011000 <
1B
0>
b1001000111010100 (
1+
14
00
#58655008
0'
#58660008
1'
0F
1L
1/
0B
b101010110001011 @
b100101010111100 ,
0+
#58665008
0'
#58670008
1'
10
16
0/
b11 9
0L
b101000001001 7
b1111000011100000110100001100 3
1:
b0 K
b1000 M
#58675008
0'
#58680008
1'
1J
1>
06
04
0:
b1111000011100000110100001100 G
#58685008
0'
#58690008
1'
b1001000111011000 (
1+
12
0>
b1001000111011100 <
0J
14
#58695008
0'
#58700008
1'
1B
0+
00
02
1F
#58705008
0'
#58710008
1'
0F
1/
0B
1L
b101010110001011 ,
b101010110001100 @
16
b10011000100100001000100010000 3
#58715008
0'
#58720008
1'
04
b1111 M
b1000 9
b10011000100100001000100010000 G
0/
10
1>
06
b100000000110000001000000001 K
1J
1:
b0 7
0L
#58725008
0'
#58730008
1'
b1001000111100000 <
b1001000111011100 (
14
1+
0>
0:
0J
#58735008
0'
#58740008
1'
12
0+
#58745008
0'
#58750008
1'
b10111000101100001010100010100 3
00
1F
02
1B
16
#58755008
0'
#58760008
1'
06
04
1L
b10111000101100001010100010100 G
1J
1/
0B
0F
b101010110010000 @
1>
b101010110001100 ,
#58765008
0'
#58770008
1'
0J
10
b1001000111100100 <
1+
b1001000111100000 (
b1111 9
0L
14
0>
0/
b100000000110000001000000001 7
1:
b1000000001110000011000000101 K
#58775008
0'
#58780008
1'
0+
0:
#58785008
0'
#58790008
1'
16
b11011000110100001100100011000 3
12
#58795008
0'
#58800008
1'
02
00
1J
06
b11011000110100001100100011000 G
04
1>
1F
1B
#58805008
0'
#58810008
1'
0B
b101010110010000 ,
1L
0J
b100101010110011 <
b1001000111100100 (
0F
1+
0>
1/
b101010110010100 @
14
#58815008
0'
#58820008
1'
1:
10
b1100000010110000101000001001 K
0L
0/
0+
b1000000001110000011000000101 7
#58825008
0'
#58830008
1'
16
0:
b11111000111100001110100011100 3
#58835008
0'
#58840008
1'
04
12
06
1J
b11111000111100001110100011100 G
1>
#58845008
0'
#58850008
1'
0>
b100101010110100 <
1B
02
14
00
1+
b100101010110011 (
0J
1F
#58855008
0'
#58860008
1'
0F
0B
b101010110010100 ,
0+
b101010110011000 @
1/
1L
#58865008
0'
#58870008
1'
0L
b1100000010110000101000001001 7
b0 3
16
b10000000011110000111000001101 K
0/
10
1:
#58875008
0'
#58880008
1'
0:
06
04
1>
b0 G
1J
#58885008
0'
#58890008
1'
0J
14
12
b100101010111000 <
0>
b100101010110100 (
1+
#58895008
0'
#58900008
1'
0+
02
1F
1B
00
#58905008
0'
#58910008
1'
0F
16
1L
b100000000110000001000000001 3
0B
1/
b101010110011100 @
b101010110011000 ,
#58915008
0'
#58920008
1'
0L
10
b10000000011110000111000001101 7
1:
06
04
1J
b10100000100110001001000010001 K
0/
1>
b100000000110000001000000001 G
#58925008
0'
#58930008
1'
14
0:
1+
0>
b100101010111000 (
0J
b100101010111100 <
#58935008
0'
#58940008
1'
12
0+
#58945008
0'
#58950008
1'
00
1F
16
02
b1000000001110000011000000101 3
1B
#58955008
0'
#58960008
1'
0B
0F
b101010110011100 ,
b1000000001110000011000000101 G
1L
04
06
1J
b101010110100000 @
1/
1>
#58965008
0'
#58970008
1'
0>
0L
1+
1:
b10100000100110001001000010001 7
10
0/
14
0?
b11000000101110001011000010101 K
0J
b100101010111100 (
#58975008
0'
#58980008
1'
0:
0+
#58985008
0'
#58990008
1'
b101000001001 3
16
12
#58995008
0'
#59000008
1'
1>
1F
1B
b101000001001 G
02
06
1J
00
04
#59005008
0'
#59010008
1'
0B
b101010110100000 ,
0F
1L
1/
0J
b1111001111000111 @
#59015008
0'
#59020008
1'
b11000000101110001011000010101 7
b1000 M
1:
10
0/
0L
b0 K
#59025008
0'
#59030008
1'
0:
#59035008
0'
#59040008
1'
12
#59045008
0'
#59050008
1'
1F
1B
02
00
#59055008
0'
#59060008
1'
b1111001111001000 @
0F
b1111001111000111 ,
0B
1L
1/
#59065008
0'
#59070008
1'
0/
10
b100000000110000001000000001 K
b1111 M
b0 7
b1000 9
0L
1:
#59075008
0'
#59080008
1'
0:
#59085008
0'
#59090008
1'
12
#59095008
0'
#59100008
1'
00
1F
b101010110001011 <
02
1B
1?
#59105008
0'
#59110008
1'
14
1/
0>
1+
0F
b1111001111001100 @
b101010110001011 (
0B
1L
b1111001111001000 ,
b101010110001100 <
#59115008
0'
#59120008
1'
1:
0/
b100000000110000001000000001 7
10
b111 M
0+
b1110000011000000101 K
b1111 9
0L
#59125008
0'
#59130008
1'
0:
16
b0 3
#59135008
0'
#59140008
1'
04
1>
06
1J
b0 G
12
#59145008
0'
#59150008
1'
02
b101010110010000 <
1+
14
1F
00
0>
0J
b101010110001100 (
1B
#59155008
0'
#59160008
1'
0B
0F
b11000001010 @
1L
1/
0+
b1111001111001100 ,
#59165008
0'
#59170008
1'
0/
b100000000110000001000000001 3
0L
b1100 M
b1110000011000000101 7
16
b111 9
10
1:
b1000000000000000000000000 K
#59175008
0'
#59180008
1'
04
0:
b100000000110000001000000001 G
06
1J
1>
#59185008
0'
#59190008
1'
0>
12
b101010110010100 <
0J
14
1+
b101010110010000 (
#59195008
0'
#59200008
1'
02
1F
1B
0+
00
#59205008
0'
#59210008
1'
0F
b11000001010 ,
1L
1/
b1000000001110000011000000101 3
b11000001100 @
0B
16
#59215008
0'
#59220008
1'
06
10
b1111 M
0/
1>
b101000001000000001100000010 K
0L
04
b1000000000000000000000000 7
1J
1:
b1000000001110000011000000101 G
b1100 9
#59225008
0'
#59230008
1'
b101010110010100 (
0>
14
b101010110011000 <
0:
1+
0J
#59235008
0'
#59240008
1'
12
0+
#59245008
0'
#59250008
1'
16
b1100000010110000101000001001 3
00
1F
02
1B
#59255008
0'
#59260008
1'
0B
1J
06
1/
b11000001100 ,
0F
1>
b1100000010110000101000001001 G
1L
04
b11000010000 @
#59265008
0'
#59270008
1'
0/
b1001000010000000011100000110 K
10
b1111 9
1+
b101010110011000 (
0J
14
0>
0L
1:
b101010110011100 <
b101000001000000001100000010 7
#59275008
0'
#59280008
1'
0+
0:
#59285008
0'
#59290008
1'
16
b10000000011110000111000001101 3
12
#59295008
0'
#59300008
1'
02
00
06
1B
1J
1F
04
b10000000011110000111000001101 G
1>
#59305008
0'
#59310008
1'
0>
b11000010100 @
b101010110011100 (
1/
0B
1+
b11000010000 ,
14
0J
b101010110100000 <
0F
1L
#59315008
0'
#59320008
1'
0L
b1101000011000000101100001010 K
10
1:
b1001000010000000011100000110 7
0/
0+
#59325008
0'
#59330008
1'
0:
16
b10100000100110001001000010001 3
#59335008
0'
#59340008
1'
1>
12
06
b10100000100110001001000010001 G
1J
04
#59345008
0'
#59350008
1'
14
1+
b101010110100000 (
0>
00
0J
02
1F
1B
b1111001111000111 <
#59355008
0'
#59360008
1'
b11000011000 @
1L
0+
0B
1/
0F
b11000010100 ,
#59365008
0'
#59370008
1'
b11000000101110001011000010101 3
1:
0L
b10001000100000000111100001110 K
10
0/
16
b1101000011000000101100001010 7
#59375008
0'
#59380008
1'
04
1>
0:
06
1J
b11000000101110001011000010101 G
#59385008
0'
#59390008
1'
0>
b1111001111001000 <
14
b1111001111000111 (
0J
12
1+
#59395008
0'
#59400008
1'
0+
02
1F
1B
00
#59405008
0'
#59410008
1'
b11000011000 ,
1L
b0 3
b11000011100 @
0B
0F
16
1/
#59415008
0'
#59420008
1'
0/
b0 G
10
b10001000100000000111100001110 7
04
0L
1>
06
1:
1J
b10101000101000001001100010010 K
#59425008
0'
#59430008
1'
14
b1111001111001100 <
0J
1+
0>
b1111001111001000 (
0:
#59435008
0'
#59440008
1'
0+
12
#59445008
0'
#59450008
1'
b100000000110000001000000001 3
00
02
16
1B
1F
#59455008
0'
#59460008
1'
0F
1L
b100000000110000001000000001 G
1/
04
b11000011100 ,
0B
1J
06
b11000100000 @
1>
#59465008
0'
#59470008
1'
0>
14
0L
1:
0?
0/
b11001000110000001011100010110 K
b10101000101000001001100010010 7
b1111001111001100 (
10
1+
0J
#59475008
0'
#59480008
1'
0:
0+
#59485008
0'
#59490008
1'
b1110000011000000101 3
16
12
#59495008
0'
#59500008
1'
02
04
1>
1F
1J
b1110000011000000101 G
06
00
1B
#59505008
0'
#59510008
1'
0B
0J
1L
0F
1/
b11000100000 ,
b11000100100 @
#59515008
0'
#59520008
1'
b11101000111000001101100011010 K
0L
0/
b11001000110000001011100010110 7
10
1:
#59525008
0'
#59530008
1'
0:
#59535008
0'
#59540008
1'
12
#59545008
0'
#59550008
1'
02
1F
1B
00
#59555008
0'
#59560008
1'
0F
b11000101000 @
0B
1/
b11000100100 ,
1L
#59565008
0'
#59570008
1'
0L
1:
10
b11110 K
b1 M
0/
b11101000111000001101100011010 7
#59575008
0'
#59580008
1'
0:
#59585008
0'
#59590008
1'
12
#59595008
0'
#59600008
1'
02
1F
00
1B
#59605008
0'
#59610008
1'
0B
0F
1L
1/
b1000000011000011 @
b11000101000 ,
#59615008
0'
#59620008
1'
1:
b0 K
b11110 7
b1 9
0/
10
0L
b1000 M
#59625008
0'
#59630008
1'
0:
#59635008
0'
#59640008
1'
12
#59645008
0'
#59650008
1'
02
1F
1B
00
#59655008
0'
#59660008
1'
0F
b1000000011000011 ,
0B
1/
b1000000011000100 @
1L
#59665008
0'
#59670008
1'
0L
b0 7
10
1:
b1111 M
b100000000110000001000000001 K
b1000 9
0/
#59675008
0'
#59680008
1'
0:
#59685008
0'
#59690008
1'
12
#59695008
0'
#59700008
1'
02
1F
00
1B
#59705008
0'
#59710008
1'
0B
0F
1L
1/
b1000000011000100 ,
b1000000011001000 @
#59715008
0'
#59720008
1'
0L
1:
b100000000110000001000000001 7
0/
b1111 9
10
b1000000001110000011000000101 K
#59725008
0'
#59730008
1'
0:
#59735008
0'
#59740008
1'
12
#59745008
0'
#59750008
1'
02
1B
1F
00
#59755008
0'
#59760008
1'
0B
b1000000011001100 @
1?
1L
0F
1/
b1000000011001000 ,
b11000001010 <
#59765008
0'
#59770008
1'
b11000001100 <
10
b1100000010110000101000001001 K
14
1+
1:
0>
0/
0L
b1000000001110000011000000101 7
b11000001010 (
#59775008
0'
#59780008
1'
0:
0+
#59785008
0'
#59790008
1'
12
b1000000000000000000000000 3
16
#59795008
0'
#59800008
1'
06
00
1J
04
1B
1>
1F
02
b1000000000000000000000000 G
#59805008
0'
#59810008
1'
14
b11000001100 (
b11000010000 <
0J
1+
b1000000011010000 @
0B
b1000000011001100 ,
1/
0F
0>
1L
#59815008
0'
#59820008
1'
0L
0+
b10000000011110000111000001101 K
1:
10
0/
b1100000010110000101000001001 7
#59825008
0'
#59830008
1'
0:
16
b101000001000000001100000010 3
#59835008
0'
#59840008
1'
04
b101000001000000001100000010 G
1J
06
12
1>
#59845008
0'
#59850008
1'
0>
14
b11000010100 <
b11000010000 (
1+
02
0J
1B
1F
00
#59855008
0'
#59860008
1'
1L
0F
1/
0+
b1000000011010100 @
0B
b1000000011010000 ,
#59865008
0'
#59870008
1'
10
b1001000010000000011100000110 3
b10000000011110000111000001101 7
1:
b10100000100110001001000010001 K
0/
0L
16
#59875008
0'
#59880008
1'
06
0:
b1001000010000000011100000110 G
1>
04
1J
#59885008
0'
#59890008
1'
0J
0>
b11000010100 (
b11000011000 <
14
12
1+
#59895008
0'
#59900008
1'
0+
00
02
1B
1F
#59905008
0'
#59910008
1'
0F
16
b1000000011010100 ,
b1101000011000000101100001010 3
0B
1L
b1000000011011000 @
1/
#59915008
0'
#59920008
1'
0/
06
1J
b1101000011000000101100001010 G
b10100000100110001001000010001 7
1>
1:
b11000000101110001011000010101 K
10
0L
04
#59925008
0'
#59930008
1'
14
1+
b11000011000 (
0>
0J
0:
b11000011100 <
#59935008
0'
#59940008
1'
0+
12
#59945008
0'
#59950008
1'
02
1F
16
00
b10001000100000000111100001110 3
1B
#59955008
0'
#59960008
1'
0B
0F
1>
04
b1000000011011000 ,
1/
b10001000100000000111100001110 G
1J
1L
b1000000011011100 @
06
#59965008
0'
#59970008
1'
0/
0>
b11000100000 <
b11000000101110001011000010101 7
14
b11000011100 (
0J
1:
0L
1+
b11100000110110001101000011001 K
10
#59975008
0'
#59980008
1'
0+
0:
#59985008
0'
#59990008
1'
16
12
b10101000101000001001100010010 3
#59995008
0'
#60000008
1'
00
04
1F
1B
06
1>
02
b10101000101000001001100010010 G
1J
#60005008
0'
#60010008
1'
0J
14
0B
1/
b1000000011011100 ,
0F
b11000100100 <
0>
b1000000011100000 @
b11000100000 (
1+
1L
#60015008
0'
#60020008
1'
0L
10
b1 M
b11100000110110001101000011001 7
0/
0+
1:
b11101 K
#60025008
0'
#60030008
1'
16
b11001000110000001011100010110 3
0:
#60035008
0'
#60040008
1'
06
04
1J
b11001000110000001011100010110 G
1>
12
#60045008
0'
#60050008
1'
02
1F
14
00
1B
0>
0J
b11000101000 <
1+
b11000100100 (
#60055008
0'
#60060008
1'
1L
b1000000011100000 ,
0F
0+
1/
0B
b11000010111010 @
#60065008
0'
#60070008
1'
10
1:
b11101 7
b1000000000000000000000000 K
16
b1100 M
0L
b11101000111000001101100011010 3
0/
b1 9
#60075008
0'
#60080008
1'
0:
06
04
1>
1J
b11101000111000001101100011010 G
#60085008
0'
#60090008
1'
0?
b11000101000 (
12
0J
1+
0>
14
#60095008
0'
#60100008
1'
00
02
1B
1F
0+
#60105008
0'
#60110008
1'
b11000010111100 @
b11000010111010 ,
16
0F
1/
0B
b11110 3
1L
#60115008
0'
#60120008
1'
0L
b1100 9
04
b1111 M
b11110 G
1:
b1000000000000000000000000 7
b101000001000000001100000010 K
06
1>
10
1J
0/
#60125008
0'
#60130008
1'
0:
0J
#60135008
0'
#60140008
1'
12
#60145008
0'
#60150008
1'
1?
02
00
1B
1F
b1000000011000011 <
#60155008
0'
#60160008
1'
b1000000011000100 <
1+
14
b1000000011000011 (
1L
1/
b11000010111100 ,
b11000011000000 @
0F
0B
0>
#60165008
0'
#60170008
1'
b101000001000000001100000010 7
0+
b1111 9
0/
0L
1:
b1001000010000000011100000110 K
10
#60175008
0'
#60180008
1'
b0 3
16
0:
#60185008
0'
#60190008
1'
1>
04
1J
b0 G
06
12
#60195008
0'
#60200008
1'
02
0J
00
b1000000011001000 <
14
b1000000011000100 (
0>
1+
1B
1F
#60205008
0'
#60210008
1'
0F
b11000011000000 ,
1/
0B
1L
0+
b11000011000100 @
#60215008
0'
#60220008
1'
b1001000010000000011100000110 7
10
b1 M
0/
16
1:
b1010 K
0L
b100000000110000001000000001 3
#60225008
0'
#60230008
1'
1>
1J
04
06
0:
b100000000110000001000000001 G
#60235008
0'
#60240008
1'
0J
12
0>
b1000000011001000 (
b1000000011001100 <
1+
14
#60245008
0'
#60250008
1'
1F
02
00
0+
1B
#60255008
0'
#60260008
1'
0B
b1011001001101011 @
b11000011000100 ,
b1000000001110000011000000101 3
0F
1L
1/
16
#60265008
0'
#60270008
1'
06
04
b1000000001110000011000000101 G
1J
b1010 7
b1 9
1>
0/
1:
b1000 M
0L
b0 K
10
#60275008
0'
#60280008
1'
b1000000011001100 (
14
0J
0>
1+
0:
b1000000011010000 <
#60285008
0'
#60290008
1'
12
0+
#60295008
0'
#60300008
1'
00
b1100000010110000101000001001 3
16
1B
02
1F
#60305008
0'
#60310008
1'
0F
06
b1011001001101100 @
b1100000010110000101000001001 G
b1011001001101011 ,
04
0B
1J
1/
1L
1>
#60315008
0'
#60320008
1'
0>
1+
b1000 9
10
b1000000011010100 <
b0 7
b1000000011010000 (
0L
14
b100000000110000001000000001 K
0/
1:
0J
b1111 M
#60325008
0'
#60330008
1'
0+
0:
#60335008
0'
#60340008
1'
b10000000011110000111000001101 3
16
12
#60345008
0'
#60350008
1'
02
1F
1>
b10000000011110000111000001101 G
00
06
1B
1J
04
#60355008
0'
#60360008
1'
14
b1011001001101100 ,
0>
b1000000011011000 <
0F
b1011001001110000 @
0J
1L
1+
b1000000011010100 (
0B
1/
#60365008
0'
#60370008
1'
0/
b111 M
b100000000110000001000000001 7
1:
b1111 9
0L
10
0+
b1110000011000000101 K
#60375008
0'
#60380008
1'
0:
b10100000100110001001000010001 3
16
#60385008
0'
#60390008
1'
06
b10100000100110001001000010001 G
12
04
1>
1J
#60395008
0'
#60400008
1'
0J
14
1F
02
b1000000011011100 <
0>
1B
1+
00
b1000000011011000 (
#60405008
0'
#60410008
1'
1/
0F
b1011001001110000 ,
b111111100010101 @
0+
0B
1L
#60415008
0'
#60420008
1'
0L
b10000000010000000000000000 K
16
b1110 M
1:
b1110000011000000101 7
0/
10
b11000000101110001011000010101 3
b111 9
#60425008
0'
#60430008
1'
1J
0:
06
04
b11000000101110001011000010101 G
1>
#60435008
0'
#60440008
1'
0>
b1000000011011100 (
12
14
0J
b1000000011100000 <
1+
#60445008
0'
#60450008
1'
0+
02
1F
1B
00
#60455008
0'
#60460008
1'
1L
16
0B
0F
1/
b11100000110110001101000011001 3
b111111100011000 @
b111111100010101 ,
#60465008
0'
#60470008
1'
10
b1110 9
04
1>
b10000000010000000000000000 7
b110000001010000010000000011 K
0L
1:
b1111 M
b11100000110110001101000011001 G
06
1J
0/
#60475008
0'
#60480008
1'
0:
0>
14
1+
b1000000011100000 (
0J
b11000010111010 <
#60485008
0'
#60490008
1'
0+
12
#60495008
0'
#60500008
1'
02
00
1B
16
b11101 3
1F
#60505008
0'
#60510008
1'
0F
b111111100011000 ,
1/
04
1>
1L
1J
b111111100011100 @
06
0B
b11101 G
#60515008
0'
#60520008
1'
0>
b11000010111100 <
1:
b1111 9
14
0/
1+
b1010000010010000100000000111 K
b110000001010000010000000011 7
0L
b11000010111010 (
10
0J
#60525008
0'
#60530008
1'
0+
0:
#60535008
0'
#60540008
1'
12
b1000000000000000000000000 3
16
#60545008
0'
#60550008
1'
06
b1000000000000000000000000 G
1F
1>
1J
04
00
1B
02
#60555008
0'
#60560008
1'
0J
b11000011000000 <
0>
1+
b111111100011100 ,
0F
1/
0B
14
b11000010111100 (
1L
b111111100100000 @
#60565008
0'
#60570008
1'
b1110000011010000110000001011 K
1:
0+
0L
0/
b1010000010010000100000000111 7
10
#60575008
0'
#60580008
1'
0:
16
b101000001000000001100000010 3
#60585008
0'
#60590008
1'
12
b101000001000000001100000010 G
1J
1>
06
04
#60595008
0'
#60600008
1'
14
0J
1F
00
b11000011000100 <
02
1+
0>
b11000011000000 (
1B
#60605008
0'
#60610008
1'
0B
b111111100100100 @
0F
b111111100100000 ,
1L
0+
1/
#60615008
0'
#60620008
1'
0/
b1001000010000000011100000110 3
1:
b10010000100010001000000001111 K
10
16
b1110000011010000110000001011 7
0L
#60625008
0'
#60630008
1'
1J
04
0:
b1001000010000000011100000110 G
06
1>
#60635008
0'
#60640008
1'
0>
b1011001001101011 <
14
0J
b11000011000100 (
1+
12
#60645008
0'
#60650008
1'
02
1F
1B
0+
00
#60655008
0'
#60660008
1'
0F
1L
1/
b111111100101000 @
b1010 3
0B
16
b111111100100100 ,
#60665008
0'
#60670008
1'
b10110000101010001010000010011 K
04
1:
10
0/
1>
0L
06
1J
b1010 G
b10010000100010001000000001111 7
#60675008
0'
#60680008
1'
0>
14
0:
b1011001001101100 <
1+
0J
b1011001001101011 (
#60685008
0'
#60690008
1'
12
0+
#60695008
0'
#60700008
1'
1F
00
02
b0 3
1B
16
#60705008
0'
#60710008
1'
06
b111111100101100 @
b111111100101000 ,
0F
04
1/
1>
0B
b0 G
1L
1J
#60715008
0'
#60720008
1'
0J
0/
1+
1:
b10110000101010001010000010011 7
b11010000110010001100000010111 K
14
b1011001001101100 (
0L
10
0>
b1011001001110000 <
#60725008
0'
#60730008
1'
0:
0+
#60735008
0'
#60740008
1'
16
b100000000110000001000000001 3
12
#60745008
0'
#60750008
1'
02
04
1J
1F
1B
06
00
1>
b100000000110000001000000001 G
#60755008
0'
#60760008
1'
0J
1+
1/
14
b111111100101100 ,
b1010010011001001 @
0>
1L
b1011001001110000 (
0F
0?
0B
#60765008
0'
#60770008
1'
1:
0/
0+
b10000000010000000000000000 K
b11010000110010001100000010111 7
b1110 M
0L
10
#60775008
0'
#60780008
1'
0:
b1110000011000000101 3
16
#60785008
0'
#60790008
1'
06
b1110000011000000101 G
1J
12
04
1>
#60795008
0'
#60800008
1'
02
1B
0J
00
1F
#60805008
0'
#60810008
1'
0F
b1010010011001001 ,
0B
1/
1L
b1010010011001100 @
#60815008
0'
#60820008
1'
b1110 9
b110000001010000010000000011 K
0L
0/
10
1:
b10000000010000000000000000 7
b1111 M
#60825008
0'
#60830008
1'
0:
#60835008
0'
#60840008
1'
12
#60845008
0'
#60850008
1'
02
1B
1F
00
#60855008
0'
#60860008
1'
0B
b1010010011001100 ,
b1010010011010000 @
0F
1L
1/
#60865008
0'
#60870008
1'
0/
10
b1111 9
0L
b1010000010010000100000000111 K
1:
b110000001010000010000000011 7
#60875008
0'
#60880008
1'
0:
#60885008
0'
#60890008
1'
12
#60895008
0'
#60900008
1'
02
00
b111111100010101 <
1B
1?
1F
#60905008
0'
#60910008
1'
0F
b111111100011000 <
0>
1/
b1010010011010000 ,
1+
b1010010011010100 @
0B
14
1L
b111111100010101 (
#60915008
0'
#60920008
1'
0/
10
b1010000010010000100000000111 7
0L
1:
0+
b1110000011010000110000001011 K
#60925008
0'
#60930008
1'
16
b10000000010000000000000000 3
0:
#60935008
0'
#60940008
1'
1J
b10000000010000000000000000 G
12
1>
06
04
#60945008
0'
#60950008
1'
14
02
1F
0J
00
b111111100011000 (
b111111100011100 <
1+
0>
1B
#60955008
0'
#60960008
1'
0B
b1010010011010100 ,
0F
1/
0+
1L
b1010010011011000 @
#60965008
0'
#60970008
1'
b10010000100010001000000001111 K
1:
10
0L
16
b1110000011010000110000001011 7
b110000001010000010000000011 3
0/
#60975008
0'
#60980008
1'
0:
04
1J
b110000001010000010000000011 G
1>
06
#60985008
0'
#60990008
1'
0J
12
b111111100011100 (
14
0>
1+
b111111100100000 <
#60995008
0'
#61000008
1'
1F
02
1B
0+
00
#61005008
0'
#61010008
1'
16
1/
b1010010011011100 @
b1010010011011000 ,
0F
0B
1L
b1010000010010000100000000111 3
#61015008
0'
#61020008
1'
06
10
1J
1:
b10110000101010001010000010011 K
0/
0L
b1010000010010000100000000111 G
b10010000100010001000000001111 7
1>
04
#61025008
0'
#61030008
1'
14
b111111100100100 <
b111111100100000 (
0:
0J
0>
1+
#61035008
0'
#61040008
1'
0+
12
#61045008
0'
#61050008
1'
02
16
b1110000011010000110000001011 3
00
1F
1B
#61055008
0'
#61060008
1'
0B
04
b1010010011011100 ,
06
b1010010011100000 @
0F
1>
1J
1/
b1110000011010000110000001011 G
1L
#61065008
0'
#61070008
1'
0L
b10111 K
1:
14
1+
b111111100100100 (
b111111100101000 <
b1 M
0/
10
b10110000101010001010000010011 7
0J
0>
#61075008
0'
#61080008
1'
0:
0+
#61085008
0'
#61090008
1'
16
b10010000100010001000000001111 3
12
#61095008
0'
#61100008
1'
02
06
1B
1>
04
1J
1F
b10010000100010001000000001111 G
00
#61105008
0'
#61110008
1'
0>
b111111100101100 <
1+
1L
0B
b111111100101000 (
b1010010011100000 ,
14
b110001010110111 @
0F
0J
1/
#61115008
0'
#61120008
1'
0/
10
0L
0+
b0 K
1:
b1 9
b10111 7
b1000 M
#61125008
0'
#61130008
1'
b10110000101010001010000010011 3
16
0:
#61135008
0'
#61140008
1'
1>
12
06
1J
b10110000101010001010000010011 G
04
#61145008
0'
#61150008
1'
14
0>
b111111100101100 (
00
1B
1+
02
0?
0J
1F
#61155008
0'
#61160008
1'
0F
0B
1/
1L
0+
b110001010110111 ,
b110001010111000 @
#61165008
0'
#61170008
1'
0/
1:
b1111 M
b100000000110000001000000001 K
10
b11010000110010001100000010111 3
0L
16
b1000 9
b0 7
#61175008
0'
#61180008
1'
04
0:
1>
1J
b11010000110010001100000010111 G
06
#61185008
0'
#61190008
1'
b1010010011001001 <
0J
12
1?
#61195008
0'
#61200008
1'
00
14
1B
1F
b1010010011001001 (
02
0>
1+
b1010010011001100 <
#61205008
0'
#61210008
1'
1/
b110001010111100 @
0F
0B
0+
b110001010111000 ,
1L
#61215008
0'
#61220008
1'
0L
16
1:
b100000000110000001000000001 7
0/
b1000000001110000011000000101 K
10
b10000000010000000000000000 3
b1111 9
#61225008
0'
#61230008
1'
06
0:
04
1J
b10000000010000000000000000 G
1>
#61235008
0'
#61240008
1'
0>
b1010010011010000 <
b1010010011001100 (
0J
1+
14
12
#61245008
0'
#61250008
1'
02
1F
1B
00
0+
#61255008
0'
#61260008
1'
1L
1/
b110001011000000 @
16
0F
b110001010111100 ,
0B
b110000001010000010000000011 3
#61265008
0'
#61270008
1'
1>
b101000001001 K
0/
1:
b11 M
0L
b1000000001110000011000000101 7
06
b110000001010000010000000011 G
10
04
1J
#61275008
0'
#61280008
1'
0J
1+
0>
0:
14
b1010010011010100 <
b1010010011010000 (
#61285008
0'
#61290008
1'
12
0+
#61295008
0'
#61300008
1'
b1010000010010000100000000111 3
02
1B
16
00
1F
#61305008
0'
#61310008
1'
0F
1L
1>
b1110011010101100 @
1J
1/
b1010000010010000100000000111 G
06
0B
04
b110001011000000 ,
#61315008
0'
#61320008
1'
0J
1+
b1010010011010100 (
b11 9
b1111 M
b11000000100000000100000000 K
0>
0L
14
10
b1010010011011000 <
b101000001001 7
0/
1:
#61325008
0'
#61330008
1'
0:
0+
#61335008
0'
#61340008
1'
b1110000011010000110000001011 3
12
16
#61345008
0'
#61350008
1'
06
1>
1F
1J
02
00
04
1B
b1110000011010000110000001011 G
#61355008
0'
#61360008
1'
0F
b1110011010101100 ,
0>
1+
b1010010011011000 (
b1110011010110000 @
0B
1/
0J
1L
14
b1010010011011100 <
#61365008
0'
#61370008
1'
1:
0+
b111000001100000010100000100 K
b1111 9
0/
0L
10
b11000000100000000100000000 7
#61375008
0'
#61380008
1'
16
0:
b10010000100010001000000001111 3
#61385008
0'
#61390008
1'
b10010000100010001000000001111 G
06
1>
04
12
1J
#61395008
0'
#61400008
1'
0J
b1010010011100000 <
1F
b1010010011011100 (
1+
02
0>
1B
14
00
#61405008
0'
#61410008
1'
0F
b1110011010110000 ,
0+
b1110011010110100 @
0B
1L
1/
#61415008
0'
#61420008
1'
0/
b111000001100000010100000100 7
b10110000101010001010000010011 3
10
16
b1011000010100000100100001000 K
0L
1:
#61425008
0'
#61430008
1'
0:
06
1J
b10110000101010001010000010011 G
04
1>
#61435008
0'
#61440008
1'
0>
0J
b1010010011100000 (
b110001010110111 <
14
12
1+
#61445008
0'
#61450008
1'
0+
00
1F
02
1B
#61455008
0'
#61460008
1'
0B
1/
16
b10111 3
b1110011010110100 ,
1L
0F
b1110011010111000 @
#61465008
0'
#61470008
1'
06
1J
1:
1>
0/
10
b1011000010100000100100001000 7
b1111000011100000110100001100 K
0L
b10111 G
04
#61475008
0'
#61480008
1'
14
0J
b110001010110111 (
0>
0:
1+
b110001010111000 <
#61485008
0'
#61490008
1'
0+
12
#61495008
0'
#61500008
1'
00
16
1B
02
1F
b0 3
#61505008
0'
#61510008
1'
06
b1110011010111100 @
04
1J
1/
1>
0F
0B
b0 G
1L
b1110011010111000 ,
#61515008
0'
#61520008
1'
0/
b110001010111100 <
1:
0J
10
b110001010111000 (
14
0L
1+
0>
b1111000011100000110100001100 7
b10011000100100001000100010000 K
#61525008
0'
#61530008
1'
0:
0+
#61535008
0'
#61540008
1'
b100000000110000001000000001 3
16
12
#61545008
0'
#61550008
1'
02
00
1J
06
1F
04
b100000000110000001000000001 G
1>
1B
#61555008
0'
#61560008
1'
0B
b110001010111100 (
1+
1/
b1110011010111100 ,
b110001011000000 <
b1110011011000000 @
0>
0J
1L
14
0F
#61565008
0'
#61570008
1'
0+
0/
10
b10100 K
b1 M
1:
0L
b10011000100100001000100010000 7
#61575008
0'
#61580008
1'
b1000000001110000011000000101 3
16
0:
#61585008
0'
#61590008
1'
12
06
1>
04
1J
b1000000001110000011000000101 G
#61595008
0'
#61600008
1'
1F
b110001011000000 (
0?
1B
00
1+
0J
02
14
0>
#61605008
0'
#61610008
1'
0F
0B
b1110011011000000 ,
1/
0+
1L
b10011011101010 @
#61615008
0'
#61620008
1'
b10100 7
10
1:
b1000000000000000000000000 K
0L
0/
16
b1100 M
b1 9
b101000001001 3
#61625008
0'
#61630008
1'
0:
1>
b101000001001 G
04
06
1J
#61635008
0'
#61640008
1'
0J
12
#61645008
0'
#61650008
1'
02
00
1B
1F
#61655008
0'
#61660008
1'
0F
b10011011101100 @
0B
b10011011101010 ,
1L
1/
#61665008
0'
#61670008
1'
0/
1:
10
b1000000000000000000000000 7
0L
b1100 9
b101000001000000001100000010 K
b1111 M
#61675008
0'
#61680008
1'
0:
#61685008
0'
#61690008
1'
12
#61695008
0'
#61700008
1'
02
00
1B
1F
#61705008
0'
#61710008
1'
0F
0B
b10011011110000 @
1/
1L
b10011011101100 ,
#61715008
0'
#61720008
1'
10
1:
0L
b1001000010000000011100000110 K
b101000001000000001100000010 7
0/
b1111 9
#61725008
0'
#61730008
1'
0:
#61735008
0'
#61740008
1'
12
#61745008
0'
#61750008
1'
02
b1110011010101100 <
00
1B
1?
1F
#61755008
0'
#61760008
1'
0F
b10011011110100 @
0>
b1110011010101100 (
0B
b1110011010110000 <
b10011011110000 ,
1/
1L
1+
14
#61765008
0'
#61770008
1'
10
0+
0/
1:
0L
b1001000010000000011100000110 7
b1101000011000000101100001010 K
#61775008
0'
#61780008
1'
b11000000100000000100000000 3
16
0:
#61785008
0'
#61790008
1'
04
1>
12
06
1J
b11000000100000000100000000 G
#61795008
0'
#61800008
1'
b1110011010110100 <
1F
0>
14
b1110011010110000 (
1B
0J
02
1+
00
#61805008
0'
#61810008
1'
b10011011111000 @
0F
0+
0B
b10011011110100 ,
1L
1/
#61815008
0'
#61820008
1'
0/
10
b10001000100000000111100001110 K
1:
0L
16
b111000001100000010100000100 3
b1101000011000000101100001010 7
#61825008
0'
#61830008
1'
b111000001100000010100000100 G
04
1>
1J
06
0:
#61835008
0'
#61840008
1'
b1110011010110100 (
14
b1110011010111000 <
12
1+
0J
0>
#61845008
0'
#61850008
1'
00
1F
0+
1B
02
#61855008
0'
#61860008
1'
1/
b10011011111100 @
0B
b1011000010100000100100001000 3
16
b10011011111000 ,
0F
1L
#61865008
0'
#61870008
1'
0L
1:
b10001000100000000111100001110 7
b10101000101000001001100010010 K
0/
1>
04
b1011000010100000100100001000 G
1J
10
06
#61875008
0'
#61880008
1'
14
0:
0>
b1110011010111000 (
b1110011010111100 <
0J
1+
#61885008
0'
#61890008
1'
0+
12
#61895008
0'
#61900008
1'
02
16
00
1B
1F
b1111000011100000110100001100 3
#61905008
0'
#61910008
1'
1>
1L
04
1/
0F
1J
06
b10011100000000 @
0B
b10011011111100 ,
b1111000011100000110100001100 G
#61915008
0'
#61920008
1'
14
1+
0L
1:
b110000001011100010110 K
b10101000101000001001100010010 7
0>
b111 M
0J
10
0/
b1110011010111100 (
b1110011011000000 <
#61925008
0'
#61930008
1'
0+
0:
#61935008
0'
#61940008
1'
12
b10011000100100001000100010000 3
16
#61945008
0'
#61950008
1'
06
02
1>
b10011000100100001000100010000 G
04
1J
1F
1B
00
#61955008
0'
#61960008
1'
0?
0>
1+
1L
0B
14
b10011100000000 ,
0F
b1110011011000000 (
1/
0J
b1010111001011 @
#61965008
0'
#61970008
1'
10
b111 9
1:
0+
b110000001011100010110 7
b0 K
0L
b1000 M
0/
#61975008
0'
#61980008
1'
16
0:
b10100 3
#61985008
0'
#61990008
1'
12
b10100 G
06
1>
1J
04
#61995008
0'
#62000008
1'
00
02
0J
1B
1F
#62005008
0'
#62010008
1'
0F
1/
b1010111001100 @
0B
1L
b1010111001011 ,
#62015008
0'
#62020008
1'
0/
b0 7
10
b1000 9
0L
1:
b111 M
b110000001000000001 K
#62025008
0'
#62030008
1'
0:
#62035008
0'
#62040008
1'
12
#62045008
0'
#62050008
1'
00
1F
02
1B
#62055008
0'
#62060008
1'
0B
b1010111001100 ,
1/
1?
b10011011101010 <
1L
0F
b1101101001100110 @
#62065008
0'
#62070008
1'
14
10
b1000000000000000000000000 K
0/
b110000001000000001 7
1+
b1100 M
1:
b111 9
0L
b10011011101100 <
0>
b10011011101010 (
#62075008
0'
#62080008
1'
0+
0:
#62085008
0'
#62090008
1'
b1000000000000000000000000 3
16
12
#62095008
0'
#62100008
1'
02
04
00
1B
b1000000000000000000000000 G
06
1>
1F
1J
#62105008
0'
#62110008
1'
0J
0B
b10011011101100 (
b1101101001101000 @
14
1/
b1101101001100110 ,
0F
0>
1+
b10011011110000 <
1L
#62115008
0'
#62120008
1'
0L
0/
b1000000000000000000000000 7
10
b1000000001100000010 K
1:
b111 M
0+
b1100 9
#62125008
0'
#62130008
1'
b101000001000000001100000010 3
16
0:
#62135008
0'
#62140008
1'
1J
04
12
06
b101000001000000001100000010 G
1>
#62145008
0'
#62150008
1'
0>
00
1B
14
0J
b10011011110000 (
02
1+
b10011011110100 <
1F
#62155008
0'
#62160008
1'
0F
1L
0B
1/
b1100100101000110 @
0+
b1101101001101000 ,
#62165008
0'
#62170008
1'
0/
b111 9
1:
10
b1000000001100000010 7
0L
b1000000000000000000000000 K
16
b1001000010000000011100000110 3
b1100 M
#62175008
0'
#62180008
1'
1J
1>
04
0:
b1001000010000000011100000110 G
06
#62185008
0'
#62190008
1'
14
0>
0J
12
1+
b10011011110100 (
b10011011111000 <
#62195008
0'
#62200008
1'
00
1B
1F
02
0+
#62205008
0'
#62210008
1'
16
1/
b1100100101000110 ,
0B
b1101000011000000101100001010 3
0F
b1001110110101101 @
1L
#62215008
0'
#62220008
1'
0L
06
b1110 M
b1000000000000000000000000 7
0/
1>
b1100 9
10
04
1J
b1101000011000000101100001010 G
1:
b10000000010000000000000000 K
#62225008
0'
#62230008
1'
1+
b10011011111100 <
0>
0:
14
b10011011111000 (
0J
#62235008
0'
#62240008
1'
0+
12
#62245008
0'
#62250008
1'
02
00
16
1F
1B
b10001000100000000111100001110 3
#62255008
0'
#62260008
1'
1L
b1001110110101101 ,
1J
1/
0B
1>
b1001110110110000 @
0F
04
06
b10001000100000000111100001110 G
#62265008
0'
#62270008
1'
0J
10
b1010000010000000011 K
b1110 9
b10000000010000000000000000 7
b111 M
0L
b10011100000000 <
b10011011111100 (
0/
1:
14
0>
1+
#62275008
0'
#62280008
1'
0+
0:
#62285008
0'
#62290008
1'
b10101000101000001001100010010 3
12
16
#62295008
0'
#62300008
1'
06
1J
b10101000101000001001100010010 G
00
02
1B
1>
04
1F
#62305008
0'
#62310008
1'
0F
1L
0J
b1001110110110000 ,
14
1+
b10011100000000 (
b1010111001011 <
0>
1/
0B
b100100000110000 @
#62315008
0'
#62320008
1'
1:
0L
b1111 M
b11000000100000000100000000 K
b1010000010000000011 7
b111 9
0+
10
0/
#62325008
0'
#62330008
1'
16
b110000001011100010110 3
0:
#62335008
0'
#62340008
1'
1J
b110000001011100010110 G
06
04
12
1>
#62345008
0'
#62350008
1'
0>
0J
1F
02
00
1B
14
1+
b1010111001011 (
b1010111001100 <
#62355008
0'
#62360008
1'
1/
b100100000110100 @
1L
0F
b100100000110000 ,
0+
0B
#62365008
0'
#62370008
1'
1:
b0 3
0/
b11000000100000000100000000 7
b111000001100000010100000100 K
0L
b1111 9
10
16
#62375008
0'
#62380008
1'
06
b0 G
0:
1>
1J
04
#62385008
0'
#62390008
1'
14
0>
b1101101001100110 <
0J
12
1+
b1010111001100 (
#62395008
0'
#62400008
1'
1B
0+
02
00
1F
#62405008
0'
#62410008
1'
0F
b100100000111000 @
16
1/
b110000001000000001 3
0B
b100100000110100 ,
1L
#62415008
0'
#62420008
1'
0L
0/
1>
b111000001100000010100000100 7
04
06
1:
b110000001000000001 G
10
b1011000010100000100100001000 K
1J
#62425008
0'
#62430008
1'
0J
0:
0>
b1101101001100110 (
14
b1101101001101000 <
1+
#62435008
0'
#62440008
1'
0+
12
#62445008
0'
#62450008
1'
02
1F
16
00
1B
b1000000000000000000000000 3
#62455008
0'
#62460008
1'
1J
1/
1L
0F
1>
b100100000111100 @
0B
b100100000111000 ,
b1000000000000000000000000 G
04
06
#62465008
0'
#62470008
1'
0>
0J
b1101101001101000 (
1:
0L
0/
b1011000010100000100100001000 7
14
1+
b1111000011100000110100001100 K
10
b1100100101000110 <
#62475008
0'
#62480008
1'
0:
0+
#62485008
0'
#62490008
1'
16
b1000000001100000010 3
12
#62495008
0'
#62500008
1'
02
1J
1>
06
1F
04
1B
00
b1000000001100000010 G
#62505008
0'
#62510008
1'
1+
1/
0>
0J
1L
b1100100101000110 (
b1001110110101101 <
0F
b100100001000000 @
0B
14
b100100000111100 ,
#62515008
0'
#62520008
1'
0L
0/
0+
b111 M
1:
10
b1111000011100000110100001100 7
b100100001000100010000 K
#62525008
0'
#62530008
1'
b1000000000000000000000000 3
16
0:
#62535008
0'
#62540008
1'
b1000000000000000000000000 G
12
1>
1J
06
04
#62545008
0'
#62550008
1'
14
0>
b1001110110101101 (
02
1+
0J
b1001110110110000 <
00
1B
1F
#62555008
0'
#62560008
1'
0F
1/
b100100001000000 ,
1L
0B
0+
b101101110111000 @
#62565008
0'
#62570008
1'
b10000000010000000000000000 3
b11000000100000000100000000 K
1:
0/
0L
16
b100100001000100010000 7
b1111 M
10
b111 9
#62575008
0'
#62580008
1'
0:
04
1>
b10000000010000000000000000 G
06
1J
#62585008
0'
#62590008
1'
0J
0>
0?
12
14
b1001110110110000 (
1+
#62595008
0'
#62600008
1'
0+
02
1F
00
1B
#62605008
0'
#62610008
1'
0B
b1010000010000000011 3
b101101110111100 @
b101101110111000 ,
16
1L
1/
0F
#62615008
0'
#62620008
1'
1>
1J
b1111 9
04
b111000001100000010100000100 K
1:
0/
06
10
0L
b1010000010000000011 G
b11000000100000000100000000 7
#62625008
0'
#62630008
1'
0J
0:
#62635008
0'
#62640008
1'
12
#62645008
0'
#62650008
1'
02
1F
1B
00
#62655008
0'
#62660008
1'
0F
b101101111000000 @
0B
1/
b101101110111100 ,
1L
#62665008
0'
#62670008
1'
0L
10
b111000001100000010100000100 7
b1011000010100000100100001000 K
1:
0/
#62675008
0'
#62680008
1'
0:
#62685008
0'
#62690008
1'
12
#62695008
0'
#62700008
1'
02
1F
00
1?
1B
b100100000110000 <
#62705008
0'
#62710008
1'
b100100000110100 <
1/
1L
0>
0F
14
1+
0B
b100100000110000 (
b101101111000100 @
b101101111000000 ,
#62715008
0'
#62720008
1'
10
0/
b1111000011100000110100001100 K
0L
b1011000010100000100100001000 7
1:
0+
#62725008
0'
#62730008
1'
b11000000100000000100000000 3
0:
16
#62735008
0'
#62740008
1'
06
04
12
1>
b11000000100000000100000000 G
1J
#62745008
0'
#62750008
1'
0J
02
00
b100100000111000 <
14
1F
1+
1B
0>
b100100000110100 (
#62755008
0'
#62760008
1'
0F
1L
b101101111000100 ,
1/
b101101111001000 @
0B
0+
#62765008
0'
#62770008
1'
16
0L
10
b10011000100100001000100010000 K
1:
b1111000011100000110100001100 7
0/
b111000001100000010100000100 3
#62775008
0'
#62780008
1'
1J
06
04
1>
b111000001100000010100000100 G
0:
#62785008
0'
#62790008
1'
b100100000111000 (
1+
12
0J
b100100000111100 <
14
0>
#62795008
0'
#62800008
1'
1F
02
00
0+
1B
#62805008
0'
#62810008
1'
0B
b1011000010100000100100001000 3
b101101111001000 ,
16
1L
0F
1/
b101101111001100 @
#62815008
0'
#62820008
1'
0L
1>
1:
1J
06
10
0/
b10111000101100001010100010100 K
04
b1011000010100000100100001000 G
b10011000100100001000100010000 7
#62825008
0'
#62830008
1'
0>
b100100000111100 (
0J
0:
1+
14
b100100001000000 <
#62835008
0'
#62840008
1'
12
0+
#62845008
0'
#62850008
1'
16
1B
b1111000011100000110100001100 3
02
00
1F
#62855008
0'
#62860008
1'
0F
0B
b101101111010000 @
1J
1L
06
1>
b101101111001100 ,
b1111000011100000110100001100 G
1/
04
#62865008
0'
#62870008
1'
14
0>
1+
b10111000101100001010100010100 7
0J
b100100001000000 (
0L
0/
b11000 K
10
0?
b1 M
1:
#62875008
0'
#62880008
1'
0:
0+
#62885008
0'
#62890008
1'
16
b100100001000100010000 3
12
#62895008
0'
#62900008
1'
02
1>
04
1B
1F
1J
06
b100100001000100010000 G
00
#62905008
0'
#62910008
1'
0F
b1111000110010011 @
0B
b101101111010000 ,
1/
1L
0J
#62915008
0'
#62920008
1'
10
1:
b11000 7
b1 9
0L
b1000 M
0/
b0 K
#62925008
0'
#62930008
1'
0:
#62935008
0'
#62940008
1'
12
#62945008
0'
#62950008
1'
02
1F
00
1B
#62955008
0'
#62960008
1'
0B
b1111000110010100 @
0F
1/
b1111000110010011 ,
1L
#62965008
0'
#62970008
1'
0L
1:
b100000000110000001000000001 K
b101101110111000 <
b0 7
10
b1000 9
0/
b1111 M
1?
#62975008
0'
#62980008
1'
b101101110111100 <
0>
b101101110111000 (
14
1+
0:
#62985008
0'
#62990008
1'
0+
12
#62995008
0'
#63000008
1'
02
1B
1F
00
b11000000100000000100000000 3
16
#63005008
0'
#63010008
1'
06
b1111000110011000 @
1>
1J
1L
04
b1111000110010100 ,
b11000000100000000100000000 G
0B
1/
0F
#63015008
0'
#63020008
1'
0L
1:
b101101111000000 <
0J
1+
b1000000001110000011000000101 K
0>
b101101110111100 (
0/
14
b100000000110000001000000001 7
10
b1111 9
#63025008
0'
#63030008
1'
0:
0+
#63035008
0'
#63040008
1'
16
12
b111000001100000010100000100 3
#63045008
0'
#63050008
1'
1F
1>
06
1J
02
00
1B
04
b111000001100000010100000100 G
#63055008
0'
#63060008
1'
1+
1L
b1111000110011100 @
0>
b101101111000100 <
0F
14
0J
b101101111000000 (
1/
0B
b1111000110011000 ,
#63065008
0'
#63070008
1'
0+
0L
1:
b1100000010110000101000001001 K
0/
b1000000001110000011000000101 7
10
#63075008
0'
#63080008
1'
16
b1011000010100000100100001000 3
0:
#63085008
0'
#63090008
1'
b1011000010100000100100001000 G
06
1>
1J
04
12
#63095008
0'
#63100008
1'
02
b101101111001000 <
00
1+
14
0>
1F
0J
1B
b101101111000100 (
#63105008
0'
#63110008
1'
b1111000110011100 ,
1L
b1111000110100000 @
0B
0+
0F
1/
#63115008
0'
#63120008
1'
0/
10
b1111000011100000110100001100 3
1:
0L
16
b1100000010110000101000001001 7
b10000000011110000111000001101 K
#63125008
0'
#63130008
1'
0:
b1111000011100000110100001100 G
04
06
1J
1>
#63135008
0'
#63140008
1'
0>
b101101111001000 (
12
b101101111001100 <
0J
14
1+
#63145008
0'
#63150008
1'
0+
02
00
1F
1B
#63155008
0'
#63160008
1'
0B
1L
1/
b10011000100100001000100010000 3
b1111000110100000 ,
0F
b1111000110100100 @
16
#63165008
0'
#63170008
1'
06
1>
0/
1:
b10100000100110001001000010001 K
0L
b10000000011110000111000001101 7
04
10
b10011000100100001000100010000 G
1J
#63175008
0'
#63180008
1'
0J
1+
0:
0>
b101101111001100 (
14
b101101111010000 <
#63185008
0'
#63190008
1'
12
0+
#63195008
0'
#63200008
1'
1B
b10111000101100001010100010100 3
02
16
1F
00
#63205008
0'
#63210008
1'
1>
0B
1J
1/
0F
1L
b1111000110100100 ,
b1111000110101000 @
06
04
b10111000101100001010100010100 G
#63215008
0'
#63220008
1'
10
1+
b11000000101110001011000010101 K
0?
0J
1:
0>
14
0L
0/
b101101111010000 (
b10100000100110001001000010001 7
#63225008
0'
#63230008
1'
0:
0+
#63235008
0'
#63240008
1'
12
b11000 3
16
#63245008
0'
#63250008
1'
06
00
b11000 G
02
1J
1B
04
1>
1F
#63255008
0'
#63260008
1'
0F
0J
0B
1/
1L
b1111000110101100 @
b1111000110101000 ,
#63265008
0'
#63270008
1'
1:
b11000000101110001011000010101 7
10
b110110001101000011001 K
b111 M
0L
0/
#63275008
0'
#63280008
1'
0:
#63285008
0'
#63290008
1'
12
#63295008
0'
#63300008
1'
02
00
1F
1B
#63305008
0'
#63310008
1'
0B
b1111000110101100 ,
1/
0F
b11111000100 @
1L
#63315008
0'
#63320008
1'
0L
10
1:
b110110001101000011001 7
b111 9
0/
b1111 M
b11000000100000000100000000 K
#63325008
0'
#63330008
1'
0:
#63335008
0'
#63340008
1'
12
#63345008
0'
#63350008
1'
02
1B
00
1F
#63355008
0'
#63360008
1'
0F
b11111000100 ,
0B
1L
b11111001000 @
1/
#63365008
0'
#63370008
1'
0/
b11000000100000000100000000 7
1:
b111000001100000010100000100 K
10
0L
b1111 9
#63375008
0'
#63380008
1'
0:
#63385008
0'
#63390008
1'
12
#63395008
0'
#63400008
1'
02
1B
1F
00
#63405008
0'
#63410008
1'
0B
1/
b11111001000 ,
0F
b11111001100 @
1L
#63415008
0'
#63420008
1'
0L
0/
10
b1111000110010011 <
1:
b111000001100000010100000100 7
1?
b10100000100100001000 K
b111 M
#63425008
0'
#63430008
1'
1+
0:
b1111000110010100 <
0>
14
b1111000110010011 (
#63435008
0'
#63440008
1'
12
0+
#63445008
0'
#63450008
1'
16
02
1B
00
b0 3
1F
#63455008
0'
#63460008
1'
0F
1/
1L
0B
b0 G
06
04
b11111001100 ,
1J
1>
b1000001000111101 @
#63465008
0'
#63470008
1'
b111 9
b10 M
b10100000100100001000 7
1+
0/
1:
0L
b1111000110010100 (
0>
b1111000110011000 <
b0 K
0J
10
14
#63475008
0'
#63480008
1'
0:
0+
#63485008
0'
#63490008
1'
12
16
b100000000110000001000000001 3
#63495008
0'
#63500008
1'
b100000000110000001000000001 G
1F
1B
04
06
02
1>
00
1J
#63505008
0'
#63510008
1'
0J
0B
1L
b11000110101110 @
0F
1+
1/
14
b1111000110011000 (
0>
b1111000110011100 <
b1000001000111101 ,
#63515008
0'
#63520008
1'
0+
b1100 M
b10 9
0L
1:
b0 7
0/
10
b1000000000000000000000000 K
#63525008
0'
#63530008
1'
0:
b1000000001110000011000000101 3
16
#63535008
0'
#63540008
1'
06
1J
b1000000001110000011000000101 G
12
04
1>
#63545008
0'
#63550008
1'
0>
0J
1B
1+
1F
14
00
b1111000110100000 <
02
b1111000110011100 (
#63555008
0'
#63560008
1'
0+
b11000110101110 ,
0B
1L
b11000110110000 @
0F
1/
#63565008
0'
#63570008
1'
0/
0L
1:
b101000001000000001100000010 K
16
b1100 9
b1111 M
b1100000010110000101000001001 3
b1000000000000000000000000 7
10
#63575008
0'
#63580008
1'
1J
1>
06
0:
04
b1100000010110000101000001001 G
#63585008
0'
#63590008
1'
b1111000110100000 (
0>
0J
1+
14
12
b1111000110100100 <
#63595008
0'
#63600008
1'
00
1B
02
0+
1F
#63605008
0'
#63610008
1'
0F
16
1/
1L
b11000110110000 ,
0B
b10000000011110000111000001101 3
b11000110110100 @
#63615008
0'
#63620008
1'
0L
b1111 9
06
b10000000011110000111000001101 G
0/
1J
1>
b110 K
10
b101000001000000001100000010 7
b1 M
1:
04
#63625008
0'
#63630008
1'
14
b1111000110101000 <
0>
0J
b1111000110100100 (
0:
1+
#63635008
0'
#63640008
1'
0+
12
#63645008
0'
#63650008
1'
02
1F
16
00
b10100000100110001001000010001 3
1B
#63655008
0'
#63660008
1'
0B
0F
b1011010001100001 @
1J
1L
1>
1/
b10100000100110001001000010001 G
04
06
b11000110110100 ,
#63665008
0'
#63670008
1'
b1 9
b10000000010000000000000000 K
0/
0L
0J
0>
b1111000110101100 <
1:
1+
b1111000110101000 (
14
b1110 M
10
b110 7
#63675008
0'
#63680008
1'
0:
0+
#63685008
0'
#63690008
1'
12
b11000000101110001011000010101 3
16
#63695008
0'
#63700008
1'
06
1>
1F
1B
b11000000101110001011000010101 G
1J
02
00
04
#63705008
0'
#63710008
1'
14
b1011010001100100 @
0F
0>
b1011010001100001 ,
0B
1L
1/
0J
1+
b11111000100 <
b1111000110101100 (
#63715008
0'
#63720008
1'
0L
b10000000010000000000000000 7
b110000001010000010000000011 K
b1110 9
0/
10
0+
b1111 M
1:
#63725008
0'
#63730008
1'
0:
16
b110110001101000011001 3
#63735008
0'
#63740008
1'
b110110001101000011001 G
04
1>
06
1J
12
#63745008
0'
#63750008
1'
02
14
b11111000100 (
1F
1B
0J
0>
b11111001000 <
1+
00
#63755008
0'
#63760008
1'
0F
b1011010001101000 @
1L
b1011010001100100 ,
0+
0B
1/
#63765008
0'
#63770008
1'
0/
0L
1:
10
b11000000100000000100000000 3
b110000001010000010000000011 7
b1010000010010000100000000111 K
b1111 9
16
#63775008
0'
#63780008
1'
06
0:
04
b11000000100000000100000000 G
1J
1>
#63785008
0'
#63790008
1'
0>
14
12
b11111001000 (
0J
b11111001100 <
1+
#63795008
0'
#63800008
1'
0+
02
00
1F
1B
#63805008
0'
#63810008
1'
0B
1L
1/
16
b111000001100000010100000100 3
b1011010001101100 @
0F
b1011010001101000 ,
#63815008
0'
#63820008
1'
b1010000010010000100000000111 7
0L
10
1>
06
0/
1:
04
1J
b111000001100000010100000100 G
b1110000011010000110000001011 K
#63825008
0'
#63830008
1'
0:
0>
1+
b1000001000111101 <
0J
14
b11111001100 (
#63835008
0'
#63840008
1'
12
0+
#63845008
0'
#63850008
1'
b10100000100100001000 3
1B
00
16
02
1F
#63855008
0'
#63860008
1'
0F
b1011010001101100 ,
1L
0B
1>
1/
b10100000100100001000 G
b1011010001110000 @
06
04
1J
#63865008
0'
#63870008
1'
0J
0>
b1000000001111 K
1+
b1110000011010000110000001011 7
10
0L
b1000001000111101 (
1:
14
0/
b11 M
b11000110101110 <
#63875008
0'
#63880008
1'
0+
0:
#63885008
0'
#63890008
1'
b0 3
12
16
#63895008
0'
#63900008
1'
06
1J
1F
1>
1B
00
02
04
b0 G
#63905008
0'
#63910008
1'
0B
b11000110101110 (
0J
b11000110110000 <
0>
b1011010001110000 ,
0F
1L
14
1+
1/
b111110110011011 @
#63915008
0'
#63920008
1'
b0 K
1:
b1000000001111 7
0/
0L
b1000 M
10
b11 9
0+
#63925008
0'
#63930008
1'
16
0:
b1000000000000000000000000 3
#63935008
0'
#63940008
1'
b1000000000000000000000000 G
06
1J
1>
04
12
#63945008
0'
#63950008
1'
02
1+
b11000110110000 (
1B
1F
0J
b11000110110100 <
14
0>
00
#63955008
0'
#63960008
1'
0+
b111110110011100 @
0F
b111110110011011 ,
0B
1L
1/
#63965008
0'
#63970008
1'
0/
b101000001000000001100000010 3
10
16
b100000000110000001000000001 K
0L
b0 7
b1111 M
1:
b1000 9
#63975008
0'
#63980008
1'
06
1J
b101000001000000001100000010 G
0:
1>
04
#63985008
0'
#63990008
1'
14
0J
b11000110110100 (
12
1+
0>
0?
#63995008
0'
#64000008
1'
02
1F
00
1B
0+
#64005008
0'
#64010008
1'
1?
b111110110011100 ,
1/
0F
16
b110 3
b111110110100000 @
0B
1L
b1011010001100001 <
#64015008
0'
#64020008
1'
1J
b1111 9
04
06
0/
0L
b110 G
1>
b1000000001110000011000000101 K
10
1:
b100000000110000001000000001 7
#64025008
0'
#64030008
1'
1+
0J
b1011010001100100 <
14
b1011010001100001 (
0:
0>
#64035008
0'
#64040008
1'
0+
12
#64045008
0'
#64050008
1'
02
16
b10000000010000000000000000 3
1F
00
1B
#64055008
0'
#64060008
1'
0B
1>
04
06
1J
b111110110100000 ,
b10000000010000000000000000 G
b111110110100100 @
1L
1/
0F
#64065008
0'
#64070008
1'
0J
b1000000001110000011000000101 7
14
0>
1+
b1011010001101000 <
0/
10
0L
1:
b1011010001100100 (
b1100000010110000101000001001 K
#64075008
0'
#64080008
1'
0+
0:
#64085008
0'
#64090008
1'
b110000001010000010000000011 3
12
16
#64095008
0'
#64100008
1'
06
02
1F
1B
1>
1J
04
b110000001010000010000000011 G
00
#64105008
0'
#64110008
1'
0J
0>
0F
0B
1+
b111110110101000 @
b1011010001101100 <
b111110110100100 ,
14
b1011010001101000 (
1/
1L
#64115008
0'
#64120008
1'
0L
10
b10000000011110000111000001101 K
1:
b1100000010110000101000001001 7
0/
0+
#64125008
0'
#64130008
1'
0:
16
b1010000010010000100000000111 3
#64135008
0'
#64140008
1'
06
12
1>
1J
b1010000010010000100000000111 G
04
#64145008
0'
#64150008
1'
14
0>
00
1+
02
1F
1B
0J
b1011010001110000 <
b1011010001101100 (
#64155008
0'
#64160008
1'
1L
0+
1/
b111110110101100 @
0F
b111110110101000 ,
0B
#64165008
0'
#64170008
1'
b1110000011010000110000001011 3
0L
1:
b10001 K
10
16
b10000000011110000111000001101 7
0/
b1 M
#64175008
0'
#64180008
1'
1>
04
0:
b1110000011010000110000001011 G
1J
06
#64185008
0'
#64190008
1'
14
12
0?
b1011010001110000 (
0>
0J
1+
#64195008
0'
#64200008
1'
0+
1B
02
00
1F
#64205008
0'
#64210008
1'
0F
16
0B
b1000000001111 3
1L
1/
b111110110101100 ,
b1010110111101010 @
#64215008
0'
#64220008
1'
b1100 M
04
b1000000000000000000000000 K
b1 9
06
0L
1>
10
0/
b1000000001111 G
b10001 7
1J
1:
#64225008
0'
#64230008
1'
0:
0J
#64235008
0'
#64240008
1'
12
#64245008
0'
#64250008
1'
02
1B
1F
00
#64255008
0'
#64260008
1'
b1010110111101100 @
0B
0F
1L
b1010110111101010 ,
1/
#64265008
0'
#64270008
1'
0/
10
b1100 9
b101000001000000001100000010 K
b1111 M
1?
b111110110011011 <
0L
b1000000000000000000000000 7
1:
#64275008
0'
#64280008
1'
0:
b111110110011011 (
1+
14
0>
b111110110011100 <
#64285008
0'
#64290008
1'
0+
12
#64295008
0'
#64300008
1'
02
b0 3
00
1B
1F
16
#64305008
0'
#64310008
1'
06
1/
1J
b1010110111110000 @
0F
0B
b1010110111101100 ,
1>
04
1L
b0 G
#64315008
0'
#64320008
1'
0J
b111110110100000 <
1:
0/
1+
b111110110011100 (
b1001000010000000011100000110 K
b1111 9
0L
10
14
0>
b101000001000000001100000010 7
#64325008
0'
#64330008
1'
0:
0+
#64335008
0'
#64340008
1'
16
b100000000110000001000000001 3
12
#64345008
0'
#64350008
1'
02
1J
b100000000110000001000000001 G
06
1>
1B
1F
04
00
#64355008
0'
#64360008
1'
1+
0J
b111110110100000 (
b111110110100100 <
1/
14
0>
b1010110111110100 @
0F
b1010110111110000 ,
0B
1L
#64365008
0'
#64370008
1'
0L
10
b1101000011000000101100001010 K
0+
1:
b1001000010000000011100000110 7
0/
#64375008
0'
#64380008
1'
0:
b1000000001110000011000000101 3
16
#64385008
0'
#64390008
1'
06
b1000000001110000011000000101 G
12
1J
04
1>
#64395008
0'
#64400008
1'
0>
02
00
b111110110101000 <
b111110110100100 (
1+
14
1B
0J
1F
#64405008
0'
#64410008
1'
0F
1/
1L
0+
0B
b1010110111110100 ,
b1010110111111000 @
#64415008
0'
#64420008
1'
0/
16
1:
10
b10001000100000000111100001110 K
b1101000011000000101100001010 7
b1100000010110000101000001001 3
0L
#64425008
0'
#64430008
1'
0:
1>
b1100000010110000101000001001 G
06
1J
04
#64435008
0'
#64440008
1'
14
b111110110101000 (
0>
12
b111110110101100 <
0J
1+
#64445008
0'
#64450008
1'
0+
02
00
1F
1B
#64455008
0'
#64460008
1'
0B
b110000100101111 @
1/
1L
0F
b10000000011110000111000001101 3
b1010110111111000 ,
16
#64465008
0'
#64470008
1'
06
0/
b1000 M
10
1>
04
b10000000011110000111000001101 G
1:
b0 K
0L
1J
b10001000100000000111100001110 7
#64475008
0'
#64480008
1'
1+
14
0>
b111110110101100 (
0J
0:
0?
#64485008
0'
#64490008
1'
12
0+
#64495008
0'
#64500008
1'
16
1B
02
00
1F
b10001 3
#64505008
0'
#64510008
1'
1/
b10001 G
0B
06
b110000100110000 @
1>
04
0F
b110000100101111 ,
1L
1J
#64515008
0'
#64520008
1'
0J
b0 7
1?
0/
b1111 M
0L
1:
b1000 9
10
b1010110111101010 <
b100000000110000001000000001 K
#64525008
0'
#64530008
1'
1+
0>
b1010110111101100 <
b1010110111101010 (
14
0:
#64535008
0'
#64540008
1'
0+
12
#64545008
0'
#64550008
1'
02
b1000000000000000000000000 3
16
1B
00
1F
#64555008
0'
#64560008
1'
0F
06
1J
1/
b110000100110100 @
b1000000000000000000000000 G
1L
1>
0B
b110000100110000 ,
04
#64565008
0'
#64570008
1'
14
1:
1+
b1000000001110000011000000101 K
0/
0J
b100000000110000001000000001 7
b1010110111110000 <
10
0L
b1010110111101100 (
0>
b1111 9
#64575008
0'
#64580008
1'
0:
0+
#64585008
0'
#64590008
1'
16
b101000001000000001100000010 3
12
#64595008
0'
#64600008
1'
02
1J
04
1F
06
1>
b101000001000000001100000010 G
1B
00
#64605008
0'
#64610008
1'
0F
b110000100111000 @
0J
1+
14
1/
0B
b110000100110100 ,
b1010110111110000 (
b1010110111110100 <
0>
1L
#64615008
0'
#64620008
1'
0L
10
0+
1:
b1100000010110000101000001001 K
0/
b1000000001110000011000000101 7
#64625008
0'
#64630008
1'
0:
b1001000010000000011100000110 3
16
#64635008
0'
#64640008
1'
06
04
12
1J
1>
b1001000010000000011100000110 G
#64645008
0'
#64650008
1'
02
1F
14
00
1+
0>
0J
b1010110111111000 <
1B
b1010110111110100 (
#64655008
0'
#64660008
1'
b110000100111100 @
1L
0F
0B
1/
0+
b110000100111000 ,
#64665008
0'
#64670008
1'
b1100000010110000101000001001 7
10
16
0L
1:
b1101000011000000101100001010 3
b10000000011110000111000001101 K
0/
#64675008
0'
#64680008
1'
b1101000011000000101100001010 G
06
04
0:
1>
1J
#64685008
0'
#64690008
1'
0J
b1010110111111000 (
12
0?
0>
1+
14
#64695008
0'
#64700008
1'
02
00
0+
1F
1B
#64705008
0'
#64710008
1'
0B
1/
1L
b110000100111100 ,
16
b110000101000000 @
0F
b10001000100000000111100001110 3
#64715008
0'
#64720008
1'
06
04
0/
b10000000011110000111000001101 7
b10001000100000000111100001110 G
0L
1J
10
b10100000100110001001000010001 K
1>
1:
#64725008
0'
#64730008
1'
0:
0J
#64735008
0'
#64740008
1'
12
#64745008
0'
#64750008
1'
02
1B
1F
00
#64755008
0'
#64760008
1'
1L
b110000101000000 ,
1/
0F
0B
b110000101000100 @
#64765008
0'
#64770008
1'
10
0L
b10100000100110001001000010001 7
1:
0/
b11000000101110001011000010101 K
#64775008
0'
#64780008
1'
0:
#64785008
0'
#64790008
1'
12
#64795008
0'
#64800008
1'
02
00
1B
1F
#64805008
0'
#64810008
1'
0F
b110000101001000 @
1L
b110000101000100 ,
0B
1/
#64815008
0'
#64820008
1'
0/
0L
b11100000110110001101000011001 K
1:
10
b11000000101110001011000010101 7
#64825008
0'
#64830008
1'
0:
#64835008
0'
#64840008
1'
12
#64845008
0'
#64850008
1'
02
1F
1B
00
#64855008
0'
#64860008
1'
1L
1/
b110000101001100 @
0B
0F
b110000101001000 ,
#64865008
0'
#64870008
1'
0/
10
0L
b11100000110110001101000011001 7
1:
b11 M
b1111000011101 K
#64875008
0'
#64880008
1'
0:
#64885008
0'
#64890008
1'
12
#64895008
0'
#64900008
1'
02
00
1F
1B
#64905008
0'
#64910008
1'
0B
1L
b110000101001100 ,
1/
0F
b1110001011011000 @
#64915008
0'
#64920008
1'
b11 9
0L
b100000000100000000 K
1:
b1111000011101 7
0/
10
b111 M
#64925008
0'
#64930008
1'
0:
#64935008
0'
#64940008
1'
12
#64945008
0'
#64950008
1'
02
1B
1F
00
#64955008
0'
#64960008
1'
b10100101010011 @
b1110001011011000 ,
1L
0F
0B
1/
#64965008
0'
#64970008
1'
0/
10
b1000 M
b111 9
1:
1?
b0 K
b110000100101111 <
0L
b100000000100000000 7
#64975008
0'
#64980008
1'
14
b110000100101111 (
0:
0>
b110000100110000 <
1+
#64985008
0'
#64990008
1'
0+
12
#64995008
0'
#65000008
1'
02
b0 3
16
00
1B
1F
#65005008
0'
#65010008
1'
0F
06
b10100101010011 ,
04
1J
b0 G
1/
b10100101010100 @
0B
1L
1>
#65015008
0'
#65020008
1'
0>
0/
1+
b1111 M
b0 7
0J
14
0L
b110000100110000 (
b110000100110100 <
b1000 9
10
1:
b100000000110000001000000001 K
#65025008
0'
#65030008
1'
0+
0:
#65035008
0'
#65040008
1'
12
16
b100000000110000001000000001 3
#65045008
0'
#65050008
1'
1J
1F
1>
06
02
b100000000110000001000000001 G
04
00
1B
#65055008
0'
#65060008
1'
0B
0J
1/
0F
b10100101010100 ,
0>
1+
b10100101011000 @
b110000100110100 (
1L
14
b110000100111000 <
#65065008
0'
#65070008
1'
1:
b1000000001110000011000000101 K
b100000000110000001000000001 7
0/
10
0+
0L
b1111 9
#65075008
0'
#65080008
1'
b1000000001110000011000000101 3
16
0:
#65085008
0'
#65090008
1'
12
06
1J
04
1>
b1000000001110000011000000101 G
#65095008
0'
#65100008
1'
1B
b110000100111100 <
02
1F
0>
0J
14
1+
b110000100111000 (
00
#65105008
0'
#65110008
1'
b10100101011000 ,
0B
0F
b10100101011100 @
1L
1/
0+
#65115008
0'
#65120008
1'
10
b1000000001110000011000000101 7
1:
16
b1100000010110000101000001001 K
b1100000010110000101000001001 3
0/
0L
#65125008
0'
#65130008
1'
b1100000010110000101000001001 G
06
0:
1J
1>
04
#65135008
0'
#65140008
1'
14
12
1+
b110000101000000 <
0>
b110000100111100 (
0J
#65145008
0'
#65150008
1'
0+
00
02
1F
1B
#65155008
0'
#65160008
1'
0B
1L
16
b10100101011100 ,
0F
b10100101100000 @
1/
b10000000011110000111000001101 3
#65165008
0'
#65170008
1'
06
10
1J
04
b10000000011110000111000001101 K
0L
b1100000010110000101000001001 7
b10000000011110000111000001101 G
0/
1>
1:
#65175008
0'
#65180008
1'
0:
0J
14
1+
0>
b110000101000000 (
b110000101000100 <
#65185008
0'
#65190008
1'
12
0+
#65195008
0'
#65200008
1'
b10100000100110001001000010001 3
00
16
1B
02
1F
#65205008
0'
#65210008
1'
0F
06
04
1J
1L
1>
b10100101100000 ,
0B
1/
b10100101100100 @
b10100000100110001001000010001 G
#65215008
0'
#65220008
1'
0J
b10000000011110000111000001101 7
b110000101001000 <
14
10
1:
b1001000010001 K
b11 M
0L
1+
b110000101000100 (
0/
0>
#65225008
0'
#65230008
1'
0:
0+
#65235008
0'
#65240008
1'
b11000000101110001011000010101 3
16
12
#65245008
0'
#65250008
1'
02
1F
1J
b11000000101110001011000010101 G
1>
00
04
06
1B
#65255008
0'
#65260008
1'
0B
1+
0F
0>
b110000101001100 <
0J
b1001110100011 @
1L
14
b110000101001000 (
b10100101100100 ,
1/
#65265008
0'
#65270008
1'
0/
10
b0 K
b11 9
0+
b1001000010001 7
1:
b1000 M
0L
#65275008
0'
#65280008
1'
b11100000110110001101000011001 3
16
0:
#65285008
0'
#65290008
1'
12
1>
b11100000110110001101000011001 G
06
1J
04
#65295008
0'
#65300008
1'
14
b1110001011011000 <
1+
1B
00
0>
02
1F
0J
b110000101001100 (
#65305008
0'
#65310008
1'
0+
1/
1L
0B
b1001110100011 ,
0F
b1001110100100 @
#65315008
0'
#65320008
1'
0L
1:
0/
b1000 9
b100000000110000001000000001 K
10
b1111 M
b0 7
16
b1111000011101 3
#65325008
0'
#65330008
1'
04
0:
1>
06
1J
b1111000011101 G
#65335008
0'
#65340008
1'
12
b1110001011011000 (
14
1+
0J
0>
0?
#65345008
0'
#65350008
1'
02
0+
00
1F
1B
#65355008
0'
#65360008
1'
0B
b1001110101000 @
b100000000100000000 3
1L
1/
0F
16
b1001110100100 ,
#65365008
0'
#65370008
1'
0L
04
b1000000001110000011000000101 K
b10100101010011 <
b100000000100000000 G
1?
1:
b1111 9
06
0/
1>
10
1J
b100000000110000001000000001 7
#65375008
0'
#65380008
1'
0:
14
b10100101010100 <
b10100101010011 (
0J
1+
0>
#65385008
0'
#65390008
1'
0+
12
#65395008
0'
#65400008
1'
1B
b0 3
02
16
1F
00
#65405008
0'
#65410008
1'
1>
b1001110101000 ,
1L
0B
04
b0 G
b1001110101100 @
0F
06
1J
1/
#65415008
0'
#65420008
1'
0/
10
0>
b1000000001110000011000000101 7
b1100000010110000101000001001 K
b10100101011000 <
14
0L
1:
0J
1+
b10100101010100 (
#65425008
0'
#65430008
1'
0+
0:
#65435008
0'
#65440008
1'
b100000000110000001000000001 3
16
12
#65445008
0'
#65450008
1'
b100000000110000001000000001 G
1>
00
04
1B
02
1J
06
1F
#65455008
0'
#65460008
1'
0F
14
1L
1/
b10100101011000 (
b1001110101100 ,
0>
b10100101011100 <
0B
1+
0J
b1001110110000 @
#65465008
0'
#65470008
1'
0L
b1100000010110000101000001001 7
10
b10000000011110000111000001101 K
0/
1:
0+
#65475008
0'
#65480008
1'
0:
16
b1000000001110000011000000101 3
#65485008
0'
#65490008
1'
1>
04
b1000000001110000011000000101 G
06
1J
12
#65495008
0'
#65500008
1'
02
14
0>
1+
1F
00
b10100101011100 (
0J
b10100101100000 <
1B
#65505008
0'
#65510008
1'
0B
b1001110110100 @
0F
1L
b1001110110000 ,
0+
1/
#65515008
0'
#65520008
1'
0/
b10100000100110001001000010001 K
10
0L
b10000000011110000111000001101 7
b1100000010110000101000001001 3
16
1:
#65525008
0'
#65530008
1'
0:
1>
04
06
b1100000010110000101000001001 G
1J
#65535008
0'
#65540008
1'
0J
0>
12
14
1+
b10100101100000 (
b10100101100100 <
#65545008
0'
#65550008
1'
00
1B
1F
02
0+
#65555008
0'
#65560008
1'
b1001110110100 ,
1L
1/
0B
b1001110111000 @
0F
16
b10000000011110000111000001101 3
#65565008
0'
#65570008
1'
1>
1J
1:
0/
0L
10
b11000000101110001011000010101 K
06
04
b10000000011110000111000001101 G
b10100000100110001001000010001 7
#65575008
0'
#65580008
1'
0>
1+
0J
0?
0:
b10100101100100 (
14
#65585008
0'
#65590008
1'
0+
12
#65595008
0'
#65600008
1'
02
1B
00
b1001000010001 3
16
1F
#65605008
0'
#65610008
1'
0F
0B
b1001110111000 ,
04
1>
1L
1J
1/
06
b1001000010001 G
b1001110111100 @
#65615008
0'
#65620008
1'
0J
10
b11000000101110001011000010101 7
0L
0/
b1101000011001 K
1:
b11 M
#65625008
0'
#65630008
1'
0:
#65635008
0'
#65640008
1'
12
#65645008
0'
#65650008
1'
02
1F
00
1B
#65655008
0'
#65660008
1'
0B
b1101010001100010 @
0F
b1001110111100 ,
1L
1/
#65665008
0'
#65670008
1'
0/
10
b1100 M
b1101000011001 7
0L
1:
b11 9
b1000000000000000000000000 K
#65675008
0'
#65680008
1'
0:
#65685008
0'
#65690008
1'
12
#65695008
0'
#65700008
1'
02
00
1F
1B
#65705008
0'
#65710008
1'
0B
0F
1/
b1101010001100100 @
1L
b1101010001100010 ,
#65715008
0'
#65720008
1'
0/
1?
b1111 M
10
b101000001000000001100000010 K
b1001110100011 <
0L
1:
b1000000000000000000000000 7
b1100 9
#65725008
0'
#65730008
1'
0>
14
b1001110100100 <
1+
0:
b1001110100011 (
#65735008
0'
#65740008
1'
12
0+
#65745008
0'
#65750008
1'
1B
1F
00
02
16
b0 3
#65755008
0'
#65760008
1'
b1101010001100100 ,
1/
1J
0F
1>
0B
06
04
1L
b0 G
b1101010001101000 @
#65765008
0'
#65770008
1'
0>
1+
b1001110100100 (
b1001000010000000011100000110 K
0/
0J
b1111 9
14
b101000001000000001100000010 7
0L
1:
b1001110101000 <
10
#65775008
0'
#65780008
1'
0+
0:
#65785008
0'
#65790008
1'
b100000000110000001000000001 3
16
12
#65795008
0'
#65800008
1'
02
00
1>
1J
1F
06
1B
b100000000110000001000000001 G
04
#65805008
0'
#65810008
1'
14
0J
b1101010001101100 @
b1101010001101000 ,
0>
1/
b1001110101000 (
1+
0F
0B
b1001110101100 <
1L
#65815008
0'
#65820008
1'
0L
0/
10
1:
b1101000011000000101100001010 K
b1001000010000000011100000110 7
0+
#65825008
0'
#65830008
1'
0:
16
b1000000001110000011000000101 3
#65835008
0'
#65840008
1'
1J
04
12
1>
06
b1000000001110000011000000101 G
#65845008
0'
#65850008
1'
02
1+
0J
14
00
0>
b1001110101100 (
1B
b1001110110000 <
1F
#65855008
0'
#65860008
1'
0F
1/
1L
b1101010001110000 @
0+
b1101010001101100 ,
0B
#65865008
0'
#65870008
1'
b1100000010110000101000001001 3
b111 M
0L
0/
10
16
b1101000011000000101100001010 7
1:
b100000000111100001110 K
#65875008
0'
#65880008
1'
b1100000010110000101000001001 G
04
1J
0:
06
1>
#65885008
0'
#65890008
1'
0>
14
1+
12
b1001110110100 <
0J
b1001110110000 (
#65895008
0'
#65900008
1'
0+
1B
1F
00
02
#65905008
0'
#65910008
1'
0B
1L
b1100011010001110 @
b10000000011110000111000001101 3
b1101010001110000 ,
1/
0F
16
#65915008
0'
#65920008
1'
06
1>
b1000000000000000000000000 K
04
0L
b10000000011110000111000001101 G
b1100 M
1J
10
b111 9
0/
1:
b100000000111100001110 7
#65925008
0'
#65930008
1'
b1001110110100 (
0>
1+
14
0:
0J
b1001110111000 <
#65935008
0'
#65940008
1'
0+
12
#65945008
0'
#65950008
1'
02
16
1B
b10100000100110001001000010001 3
1F
00
#65955008
0'
#65960008
1'
06
b10100000100110001001000010001 G
b1100011010010000 @
1>
1L
0F
0B
04
1J
1/
b1100011010001110 ,
#65965008
0'
#65970008
1'
0>
10
1+
b1001110111000 (
b1000000000000000000000000 7
b1001110111100 <
b101000001000000001100000010 K
0/
0L
b1111 M
0J
1:
b1100 9
14
#65975008
0'
#65980008
1'
0+
0:
#65985008
0'
#65990008
1'
12
16
b11000000101110001011000010101 3
#65995008
0'
#66000008
1'
04
1>
00
02
b11000000101110001011000010101 G
06
1B
1F
1J
#66005008
0'
#66010008
1'
0J
b1100011010010000 ,
14
b1001110111100 (
b1100011010010100 @
0?
0>
0F
1/
0B
1L
1+
#66015008
0'
#66020008
1'
0+
10
b101000001000000001100000010 7
1:
0L
b1001000010000000011100000110 K
0/
b1111 9
#66025008
0'
#66030008
1'
1?
b1101010001100010 <
b1101000011001 3
0:
16
#66035008
0'
#66040008
1'
06
12
1J
04
1>
b1101000011001 G
#66045008
0'
#66050008
1'
0J
b1101010001100100 <
02
00
1+
b1101010001100010 (
0>
14
1F
1B
#66055008
0'
#66060008
1'
0B
0+
b1100011010010100 ,
b1100011010011000 @
0F
1/
1L
#66065008
0'
#66070008
1'
0L
16
10
b1001000010000000011100000110 7
0/
1:
b1000000000000000000000000 3
b1101000011000000101100001010 K
#66075008
0'
#66080008
1'
b1000000000000000000000000 G
06
1J
0:
04
1>
#66085008
0'
#66090008
1'
0>
1+
12
b1101010001101000 <
14
b1101010001100100 (
0J
#66095008
0'
#66100008
1'
00
1B
02
0+
1F
#66105008
0'
#66110008
1'
0F
b1100011010011000 ,
0B
16
1L
1/
b1100011010011100 @
b101000001000000001100000010 3
#66115008
0'
#66120008
1'
06
b10001000100000000111100001110 K
1J
b101000001000000001100000010 G
10
1>
0L
b1101000011000000101100001010 7
0/
04
1:
#66125008
0'
#66130008
1'
0:
0J
14
0>
b1101010001101100 <
1+
b1101010001101000 (
#66135008
0'
#66140008
1'
12
0+
#66145008
0'
#66150008
1'
b1001000010000000011100000110 3
00
16
1B
1F
02
#66155008
0'
#66160008
1'
0B
06
b1100011010011100 ,
b1001000010000000011100000110 G
0F
1>
1J
04
b1100011010100000 @
1L
1/
#66165008
0'
#66170008
1'
0/
b1101010001101100 (
1+
10
1:
b10101000101000001001100010010 K
0L
0J
0>
b1101010001110000 <
14
b10001000100000000111100001110 7
#66175008
0'
#66180008
1'
0:
0+
#66185008
0'
#66190008
1'
12
b1101000011000000101100001010 3
16
#66195008
0'
#66200008
1'
06
02
00
1B
04
b1101000011000000101100001010 G
1F
1>
1J
#66205008
0'
#66210008
1'
0J
1+
1/
0?
b1101010001110000 (
b1100011010100000 ,
0>
14
1L
0B
0F
b1100011010100100 @
#66215008
0'
#66220008
1'
b10101000101000001001100010010 7
0+
0/
10
1:
b1011100010110 K
0L
b11 M
#66225008
0'
#66230008
1'
b100000000111100001110 3
16
0:
#66235008
0'
#66240008
1'
1J
12
06
04
1>
b100000000111100001110 G
#66245008
0'
#66250008
1'
00
0J
02
1F
1B
#66255008
0'
#66260008
1'
0B
b1001010111011100 @
1/
0F
b1100011010100100 ,
1L
#66265008
0'
#66270008
1'
0L
1:
b1111 M
b11 9
b1011100010110 7
10
0/
b11000000100000000100000000 K
#66275008
0'
#66280008
1'
0:
#66285008
0'
#66290008
1'
12
#66295008
0'
#66300008
1'
1B
02
1F
00
#66305008
0'
#66310008
1'
b100110101100000 @
1L
0F
b1001010111011100 ,
1/
0B
#66315008
0'
#66320008
1'
10
b11000000100000000100000000 7
1:
b1111 9
0/
0L
#66325008
0'
#66330008
1'
0:
#66335008
0'
#66340008
1'
12
#66345008
0'
#66350008
1'
1B
00
1?
02
1F
b1100011010001110 <
#66355008
0'
#66360008
1'
b1100011010010000 <
b1100011010001110 (
1L
b100110101100100 @
0B
1+
0F
0>
b100110101100000 ,
14
1/
#66365008
0'
#66370008
1'
0/
1:
b111000001100000010100000100 K
0L
10
0+
#66375008
0'
#66380008
1'
0:
b1000000000000000000000000 3
16
#66385008
0'
#66390008
1'
06
b1000000000000000000000000 G
1J
04
12
1>
#66395008
0'
#66400008
1'
0>
1B
b1100011010010100 <
b1100011010010000 (
1+
02
00
14
1F
0J
#66405008
0'
#66410008
1'
0B
1L
1/
b100110101101000 @
0F
0+
b100110101100100 ,
#66415008
0'
#66420008
1'
0/
16
0L
b1011000010100000100100001000 K
b111000001100000010100000100 7
1:
b101000001000000001100000010 3
10
#66425008
0'
#66430008
1'
1J
1>
06
b101000001000000001100000010 G
0:
04
#66435008
0'
#66440008
1'
14
0>
b1100011010010100 (
0J
b1100011010011000 <
1+
12
#66445008
0'
#66450008
1'
02
00
1B
0+
1F
#66455008
0'
#66460008
1'
0F
b100110101101000 ,
1/
1L
b1001000010000000011100000110 3
b100110101101100 @
0B
16
#66465008
0'
#66470008
1'
06
0/
10
1J
04
b1011000010100000100100001000 7
1>
b1111000011100000110100001100 K
0L
1:
b1001000010000000011100000110 G
#66475008
0'
#66480008
1'
0>
0J
14
b1100011010011000 (
0:
1+
b1100011010011100 <
#66485008
0'
#66490008
1'
12
0+
#66495008
0'
#66500008
1'
00
16
1F
02
1B
b1101000011000000101100001010 3
#66505008
0'
#66510008
1'
06
b1101000011000000101100001010 G
04
1/
1>
b100110101101100 ,
1J
0B
0F
b100110101110000 @
1L
#66515008
0'
#66520008
1'
0L
1+
b1100011010100000 <
0>
14
10
b1111000011100000110100001100 7
0/
0J
b1100011010011100 (
b10011000100100001000100010000 K
1:
#66525008
0'
#66530008
1'
0:
0+
#66535008
0'
#66540008
1'
b10001000100000000111100001110 3
16
12
#66545008
0'
#66550008
1'
02
b10001000100000000111100001110 G
00
1>
04
06
1J
1F
1B
#66555008
0'
#66560008
1'
0B
0>
1+
b100110101110000 ,
1L
b1100011010100100 <
0F
14
b100110101110100 @
1/
0J
b1100011010100000 (
#66565008
0'
#66570008
1'
0L
b10011000100100001000100010000 7
0+
10
1:
0/
b10111000101100001010100010100 K
#66575008
0'
#66580008
1'
b10101000101000001001100010010 3
0:
16
#66585008
0'
#66590008
1'
06
1>
12
b10101000101000001001100010010 G
04
1J
#66595008
0'
#66600008
1'
0J
02
b1100011010100100 (
00
1B
0>
1+
14
b1001010111011100 <
1F
#66605008
0'
#66610008
1'
0F
1L
0B
b100110101110100 ,
0+
b100110101111000 @
1/
#66615008
0'
#66620008
1'
0/
b11011000110100001100100011000 K
0L
10
b10111000101100001010100010100 7
16
1:
b1011100010110 3
#66625008
0'
#66630008
1'
1>
1J
0:
04
06
b1011100010110 G
#66635008
0'
#66640008
1'
0>
b1001010111011100 (
12
0J
14
1+
0?
#66645008
0'
#66650008
1'
1B
00
1F
0+
02
#66655008
0'
#66660008
1'
b11000000100000000100000000 3
0B
1/
1L
16
b100110101111100 @
0F
b100110101111000 ,
#66665008
0'
#66670008
1'
b11000000100000000100000000 G
1>
b11011000110100001100100011000 7
0/
10
b11111000111100001110100011100 K
0L
04
1:
06
1J
#66675008
0'
#66680008
1'
0J
0:
#66685008
0'
#66690008
1'
12
#66695008
0'
#66700008
1'
02
00
1B
1F
#66705008
0'
#66710008
1'
0F
b100110101111100 ,
1/
0B
b101011101010011 @
1L
#66715008
0'
#66720008
1'
0L
1:
10
b11111000111100001110100011100 7
b1000 M
b0 K
0/
#66725008
0'
#66730008
1'
0:
#66735008
0'
#66740008
1'
12
#66745008
0'
#66750008
1'
02
1F
00
1B
#66755008
0'
#66760008
1'
0B
b101011101010011 ,
1L
0F
1/
b101011101010100 @
#66765008
0'
#66770008
1'
b0 7
0L
1:
0/
b1000 9
10
b1111 M
b100000000110000001000000001 K
#66775008
0'
#66780008
1'
0:
#66785008
0'
#66790008
1'
12
#66795008
0'
#66800008
1'
02
1F
1B
00
#66805008
0'
#66810008
1'
0F
b101011101011000 @
b101011101010100 ,
1L
0B
1/
#66815008
0'
#66820008
1'
0/
10
b1000000001110000011000000101 K
b100000000110000001000000001 7
0L
1:
b1111 9
#66825008
0'
#66830008
1'
0:
#66835008
0'
#66840008
1'
12
#66845008
0'
#66850008
1'
02
00
1F
1B
#66855008
0'
#66860008
1'
0B
b101011101011000 ,
1?
1/
b101011101011100 @
0F
b100110101100000 <
1L
#66865008
0'
#66870008
1'
0L
0/
b1100000010110000101000001001 K
b100110101100000 (
10
0>
b100110101100100 <
1+
1:
b1000000001110000011000000101 7
14
#66875008
0'
#66880008
1'
0:
0+
#66885008
0'
#66890008
1'
12
16
#66895008
0'
#66900008
1'
06
00
1B
04
02
1>
1J
1F
#66905008
0'
#66910008
1'
0F
0B
1/
1L
b101011101011100 ,
b100110101100100 (
0J
14
b101011101100000 @
0>
1+
b100110101101000 <
#66915008
0'
#66920008
1'
0L
10
b10000000011110000111000001101 K
0/
0+
1:
b1100000010110000101000001001 7
#66925008
0'
#66930008
1'
16
b111000001100000010100000100 3
0:
#66935008
0'
#66940008
1'
b111000001100000010100000100 G
06
1J
12
1>
04
#66945008
0'
#66950008
1'
14
1B
1F
00
b100110101101100 <
0>
b100110101101000 (
02
0J
1+
#66955008
0'
#66960008
1'
0+
b101011101100000 ,
0F
0B
1L
1/
b101011101100100 @
#66965008
0'
#66970008
1'
10
1:
b10000000011110000111000001101 7
b10100000100110001001000010001 K
0/
16
b1011000010100000100100001000 3
0L
#66975008
0'
#66980008
1'
04
0:
b1011000010100000100100001000 G
06
1>
1J
#66985008
0'
#66990008
1'
0J
14
1+
0>
b100110101110000 <
b100110101101100 (
12
#66995008
0'
#67000008
1'
02
1B
00
1F
0+
#67005008
0'
#67010008
1'
b101011101101000 @
1L
0B
b101011101100100 ,
0F
1/
16
b1111000011100000110100001100 3
#67015008
0'
#67020008
1'
b10100000100110001001000010001 7
10
0L
1J
1:
04
06
b11000000101110001011000010101 K
0/
1>
b1111000011100000110100001100 G
#67025008
0'
#67030008
1'
0:
1+
0J
0>
14
b100110101110000 (
b100110101110100 <
#67035008
0'
#67040008
1'
0+
12
#67045008
0'
#67050008
1'
02
b10011000100100001000100010000 3
1B
00
1F
16
#67055008
0'
#67060008
1'
06
0B
b10011000100100001000100010000 G
1L
b101011101101100 @
0F
1>
1J
b101011101101000 ,
04
1/
#67065008
0'
#67070008
1'
0/
0L
b100110101111000 <
1+
1:
b11000000101110001011000010101 7
14
0>
b11 M
0J
10
b100110101110100 (
b1101000011001 K
#67075008
0'
#67080008
1'
0:
0+
#67085008
0'
#67090008
1'
16
12
b10111000101100001010100010100 3
#67095008
0'
#67100008
1'
02
06
b10111000101100001010100010100 G
1B
04
1F
00
1>
1J
#67105008
0'
#67110008
1'
0J
1+
1L
1/
b100110101111100 <
0>
0B
b100110101111000 (
b1111001100001001 @
14
b101011101101100 ,
0F
#67115008
0'
#67120008
1'
0/
b11 9
0+
b10000000010000000000000000 K
0L
1:
b1101000011001 7
10
b1110 M
#67125008
0'
#67130008
1'
b11011000110100001100100011000 3
16
0:
#67135008
0'
#67140008
1'
1J
b11011000110100001100100011000 G
12
06
1>
04
#67145008
0'
#67150008
1'
14
1F
0?
0J
1+
0>
02
1B
00
b100110101111100 (
#67155008
0'
#67160008
1'
1/
1L
0F
0+
b1111001100001001 ,
0B
b1111001100001100 @
#67165008
0'
#67170008
1'
0L
1:
b1111 M
b1110 9
0/
b11111000111100001110100011100 3
b110000001010000010000000011 K
10
16
b10000000010000000000000000 7
#67175008
0'
#67180008
1'
0:
1J
b11111000111100001110100011100 G
04
06
1>
#67185008
0'
#67190008
1'
0J
12
#67195008
0'
#67200008
1'
02
1B
1F
00
#67205008
0'
#67210008
1'
b1111001100010000 @
1L
1/
1?
0F
b101011101010011 <
0B
b1111001100001100 ,
#67215008
0'
#67220008
1'
0/
10
b110000001010000010000000011 7
b101011101010011 (
0L
0>
b1111 9
1:
14
b101011101010100 <
b1010000010010000100000000111 K
1+
#67225008
0'
#67230008
1'
0+
0:
#67235008
0'
#67240008
1'
b0 3
12
16
#67245008
0'
#67250008
1'
06
b0 G
00
1>
02
1B
1J
1F
04
#67255008
0'
#67260008
1'
14
1/
b1111001100010000 ,
b101011101010100 (
1L
b1111001100010100 @
0F
0>
1+
0J
0B
b101011101011000 <
#67265008
0'
#67270008
1'
0L
1:
10
b1010000010010000100000000111 7
b111 M
0/
b11010000110000001011 K
0+
#67275008
0'
#67280008
1'
16
0:
b100000000110000001000000001 3
#67285008
0'
#67290008
1'
04
06
b100000000110000001000000001 G
12
1J
1>
#67295008
0'
#67300008
1'
0>
b101011101011100 <
1+
14
b101011101011000 (
00
0J
1F
02
1B
#67305008
0'
#67310008
1'
0B
1L
0+
b1111001100010100 ,
b100010010001 @
0F
1/
#67315008
0'
#67320008
1'
0/
b1000000001110000011000000101 3
b1110 M
b111 9
0L
16
b11010000110000001011 7
10
1:
b10000000010000000000000000 K
#67325008
0'
#67330008
1'
06
1>
04
0:
1J
b1000000001110000011000000101 G
#67335008
0'
#67340008
1'
0>
1+
b101011101011100 (
b101011101100000 <
0J
12
14
#67345008
0'
#67350008
1'
0+
1B
02
1F
00
#67355008
0'
#67360008
1'
b1100000010110000101000001001 3
1/
16
1L
0F
0B
b100010010100 @
b100010010001 ,
#67365008
0'
#67370008
1'
06
b1100000010110000101000001001 G
10
1>
b110000001010000010000000011 K
0/
b1110 9
b1111 M
04
0L
b10000000010000000000000000 7
1J
1:
#67375008
0'
#67380008
1'
0:
b101011101100000 (
0>
1+
0J
14
b101011101100100 <
#67385008
0'
#67390008
1'
0+
12
#67395008
0'
#67400008
1'
16
00
b10000000011110000111000001101 3
02
1F
1B
#67405008
0'
#67410008
1'
0B
b100010010100 ,
b10000000011110000111000001101 G
1>
06
1/
0F
04
1J
b100010011000 @
1L
#67415008
0'
#67420008
1'
0L
10
b101011101101000 <
0>
1:
b1111 9
b1010000010010000100000000111 K
b101011101100100 (
14
0/
0J
1+
b110000001010000010000000011 7
#67425008
0'
#67430008
1'
0:
0+
#67435008
0'
#67440008
1'
16
12
b10100000100110001001000010001 3
#67445008
0'
#67450008
1'
1B
1>
00
b10100000100110001001000010001 G
02
1F
06
04
1J
#67455008
0'
#67460008
1'
0J
1+
b100010011000 ,
1L
0>
b101011101101100 <
0B
14
b101011101101000 (
b100010011100 @
1/
0F
#67465008
0'
#67470008
1'
b1110000011010000110000001011 K
0+
10
b1010000010010000100000000111 7
0L
0/
1:
#67475008
0'
#67480008
1'
0:
b11000000101110001011000010101 3
16
#67485008
0'
#67490008
1'
06
1J
1>
04
b11000000101110001011000010101 G
12
#67495008
0'
#67500008
1'
02
0J
b1111001100001001 <
1F
00
1+
0>
1B
14
b101011101101100 (
#67505008
0'
#67510008
1'
0F
b100010011100 ,
0+
0B
1/
1L
b100010100000 @
#67515008
0'
#67520008
1'
10
1:
b1110000011010000110000001011 7
16
b10010000100010001000000001111 K
0L
b111000001100001101000011001 3
0/
#67525008
0'
#67530008
1'
06
1J
0:
04
b111000001100001101000011001 G
1>
#67535008
0'
#67540008
1'
0>
0J
12
b1111001100001001 (
b1111001100001100 <
14
1+
#67545008
0'
#67550008
1'
0+
00
02
1F
1B
#67555008
0'
#67560008
1'
0B
1/
b100010100100 @
16
0F
b10000000010000000000000000 3
b100010100000 ,
1L
#67565008
0'
#67570008
1'
0L
1>
0/
10
b10010000100010001000000001111 7
1J
06
1:
b10110000101010001010000010011 K
04
b10000000010000000000000000 G
#67575008
0'
#67580008
1'
b1111001100001100 (
0>
1+
14
0J
0:
b1111001100010000 <
#67585008
0'
#67590008
1'
12
0+
#67595008
0'
#67600008
1'
1B
00
02
16
b110000001010000010000000011 3
1F
#67605008
0'
#67610008
1'
0F
b110000001010000010000000011 G
b100010101000 @
0B
1>
1L
1/
b100010100100 ,
06
1J
04
#67615008
0'
#67620008
1'
14
0L
1+
b10110000101010001010000010011 7
b1111001100010100 <
0>
b1111001100010000 (
0J
10
1:
0/
b11010000110010001100000010111 K
#67625008
0'
#67630008
1'
0+
0:
#67635008
0'
#67640008
1'
b1010000010010000100000000111 3
16
12
#67645008
0'
#67650008
1'
1>
1F
04
b1010000010010000100000000111 G
1B
02
1J
06
00
#67655008
0'
#67660008
1'
0>
1L
14
b1000010111100000 @
0F
0B
0?
1+
b1111001100010100 (
0J
1/
b100010101000 ,
#67665008
0'
#67670008
1'
b11000000100000000100000000 K
10
1:
b11010000110010001100000010111 7
0L
0/
0+
#67675008
0'
#67680008
1'
0:
16
b11010000110000001011 3
#67685008
0'
#67690008
1'
b11010000110000001011 G
04
1>
06
1J
12
#67695008
0'
#67700008
1'
02
00
0J
1B
1F
#67705008
0'
#67710008
1'
0F
b1000010111100100 @
b1000010111100000 ,
0B
1/
1L
#67715008
0'
#67720008
1'
0L
b111000001100000010100000100 K
b11000000100000000100000000 7
0/
10
1:
#67725008
0'
#67730008
1'
0:
#67735008
0'
#67740008
1'
12
b100010010001 <
1?
#67745008
0'
#67750008
1'
1F
02
1+
14
b100010010100 <
00
1B
0>
b100010010001 (
#67755008
0'
#67760008
1'
1L
b1000010111101000 @
0+
0F
b1000010111100100 ,
0B
1/
#67765008
0'
#67770008
1'
0/
b10000000010000000000000000 3
b1011000010100000100100001000 K
1:
0L
b111000001100000010100000100 7
10
16
#67775008
0'
#67780008
1'
06
0:
b10000000010000000000000000 G
1>
04
1J
#67785008
0'
#67790008
1'
0J
1+
b100010010100 (
12
14
0>
b100010011000 <
#67795008
0'
#67800008
1'
0+
02
1B
00
1F
#67805008
0'
#67810008
1'
0F
1/
16
b1000010111101100 @
b110000001010000010000000011 3
0B
1L
b1000010111101000 ,
#67815008
0'
#67820008
1'
1:
1J
06
b1111000011100000110100001100 K
0/
0L
1>
b110000001010000010000000011 G
04
b1011000010100000100100001000 7
10
#67825008
0'
#67830008
1'
b100010011000 (
0:
b100010011100 <
0J
1+
14
0>
#67835008
0'
#67840008
1'
12
0+
#67845008
0'
#67850008
1'
00
16
1F
02
1B
b1010000010010000100000000111 3
#67855008
0'
#67860008
1'
1>
b1000010111110000 @
b1000010111101100 ,
06
0B
04
1L
1/
1J
0F
b1010000010010000100000000111 G
#67865008
0'
#67870008
1'
0>
b100100001000100010000 K
b111 M
10
b100010100000 <
1:
b100010011100 (
14
b1111000011100000110100001100 7
0J
1+
0/
0L
#67875008
0'
#67880008
1'
0:
0+
#67885008
0'
#67890008
1'
b1110000011010000110000001011 3
16
12
#67895008
0'
#67900008
1'
02
1>
b1110000011010000110000001011 G
00
06
1F
1B
04
1J
#67905008
0'
#67910008
1'
0J
1L
1+
b1000010111110000 ,
0>
b11000100010001 @
b100010100100 <
14
b100010100000 (
0B
1/
0F
#67915008
0'
#67920008
1'
0L
0+
b1110 M
b10000000010000000000000000 K
b111 9
0/
1:
10
b100100001000100010000 7
#67925008
0'
#67930008
1'
16
0:
b10010000100010001000000001111 3
#67935008
0'
#67940008
1'
b10010000100010001000000001111 G
1J
12
1>
06
04
#67945008
0'
#67950008
1'
14
02
1F
0J
1+
00
b100010101000 <
0>
1B
b100010100100 (
#67955008
0'
#67960008
1'
b11000100010100 @
0F
1L
b11000100010001 ,
0B
0+
1/
#67965008
0'
#67970008
1'
0/
b10000000010000000000000000 7
0L
b110000001010000010000000011 K
b1111 M
16
b1110 9
b10110000101010001010000010011 3
1:
10
#67975008
0'
#67980008
1'
04
1J
b10110000101010001010000010011 G
0:
06
1>
#67985008
0'
#67990008
1'
0>
0J
14
b100010101000 (
12
1+
b1000010111100000 <
#67995008
0'
#68000008
1'
00
1F
0+
1B
02
#68005008
0'
#68010008
1'
1/
1L
b11000100011000 @
0B
0F
16
b11000100010100 ,
b11010000110010001100000010111 3
#68015008
0'
#68020008
1'
b1010000010010000100000000111 K
1J
1>
0L
10
04
b110000001010000010000000011 7
0/
06
b11010000110010001100000010111 G
1:
b1111 9
#68025008
0'
#68030008
1'
b1000010111100100 <
b1000010111100000 (
14
0>
0J
0:
1+
#68035008
0'
#68040008
1'
0+
12
#68045008
0'
#68050008
1'
02
b11000000100000000100000000 3
00
1F
1B
16
#68055008
0'
#68060008
1'
06
1>
1L
04
0B
b11000100011100 @
0F
b11000000100000000100000000 G
b11000100011000 ,
1J
1/
#68065008
0'
#68070008
1'
0/
0L
b1010000010010000100000000111 7
b1110000011010000110000001011 K
0>
b1000010111100100 (
b1000010111101000 <
1+
0J
14
10
1:
#68075008
0'
#68080008
1'
0:
0+
#68085008
0'
#68090008
1'
b111000001100000010100000100 3
12
16
#68095008
0'
#68100008
1'
06
02
1>
00
04
1J
1B
b111000001100000010100000100 G
1F
#68105008
0'
#68110008
1'
0F
1+
1L
b1000010111101100 <
1/
b1000010111101000 (
0>
0B
b11000100011100 ,
b11000100100000 @
0J
14
#68115008
0'
#68120008
1'
0/
0L
0+
b10010000100010001000000001111 K
b1110000011010000110000001011 7
1:
10
#68125008
0'
#68130008
1'
16
b1011000010100000100100001000 3
0:
#68135008
0'
#68140008
1'
04
06
12
b1011000010100000100100001000 G
1J
1>
#68145008
0'
#68150008
1'
0>
1F
14
b1000010111110000 <
00
1+
0J
02
b1000010111101100 (
1B
#68155008
0'
#68160008
1'
0B
1/
1L
0F
0+
b11000100100100 @
b11000100100000 ,
#68165008
0'
#68170008
1'
0L
b10110000101010001010000010011 K
10
1:
0/
16
b10010000100010001000000001111 7
b1111000011100000110100001100 3
#68175008
0'
#68180008
1'
0:
1>
04
06
b1111000011100000110100001100 G
1J
#68185008
0'
#68190008
1'
0J
0?
0>
b1000010111110000 (
1+
12
14
#68195008
0'
#68200008
1'
00
1B
02
0+
1F
#68205008
0'
#68210008
1'
0F
b11000100100100 ,
1/
1L
b100100001000100010000 3
b11000100101000 @
16
0B
#68215008
0'
#68220008
1'
0L
b1100000010111 K
0/
10
1J
04
1:
06
b10110000101010001010000010011 7
b100100001000100010000 G
b11 M
1>
#68225008
0'
#68230008
1'
0J
0:
#68235008
0'
#68240008
1'
12
#68245008
0'
#68250008
1'
1B
1F
00
02
#68255008
0'
#68260008
1'
0F
b11000100101000 ,
0B
1L
1/
b1011011110101011 @
#68265008
0'
#68270008
1'
0L
b11 9
1:
b0 K
0/
b1000 M
b1100000010111 7
10
#68275008
0'
#68280008
1'
0:
#68285008
0'
#68290008
1'
12
#68295008
0'
#68300008
1'
02
00
1B
1F
#68305008
0'
#68310008
1'
0F
0B
1L
b1011011110101100 @
b1011011110101011 ,
1/
#68315008
0'
#68320008
1'
0/
1:
0L
b1000 9
10
b0 7
b100000000110000001000000001 K
b1111 M
#68325008
0'
#68330008
1'
0:
#68335008
0'
#68340008
1'
1?
12
b11000100010001 <
#68345008
0'
#68350008
1'
b11000100010100 <
1B
14
1F
02
0>
00
1+
b11000100010001 (
#68355008
0'
#68360008
1'
0B
b1011011110110000 @
0F
1/
1L
0+
b1011011110101100 ,
#68365008
0'
#68370008
1'
0/
b1111 9
1:
0L
b1000000001110000011000000101 K
16
10
b100000000110000001000000001 7
b10000000010000000000000000 3
#68375008
0'
#68380008
1'
04
0:
1>
1J
b10000000010000000000000000 G
06
#68385008
0'
#68390008
1'
b11000100010100 (
12
b11000100011000 <
14
1+
0J
0>
#68395008
0'
#68400008
1'
02
1B
1F
0+
00
#68405008
0'
#68410008
1'
b1011011110110000 ,
1/
16
0B
b110000001010000010000000011 3
b1011011110110100 @
1L
0F
#68415008
0'
#68420008
1'
1>
10
0/
06
0L
b110000001010000010000000011 G
b1000000001110000011000000101 7
1J
1:
04
b1100000010110000101000001001 K
#68425008
0'
#68430008
1'
b11000100011000 (
0>
14
1+
b11000100011100 <
0:
0J
#68435008
0'
#68440008
1'
12
0+
#68445008
0'
#68450008
1'
b1010000010010000100000000111 3
1F
1B
00
02
16
#68455008
0'
#68460008
1'
06
0B
1/
b1011011110110100 ,
0F
1J
1L
04
1>
b1010000010010000100000000111 G
b1011011110111000 @
#68465008
0'
#68470008
1'
b111000001101 K
1+
0/
b11 M
b11000100011100 (
0L
10
0J
0>
14
1:
b11000100100000 <
b1100000010110000101000001001 7
#68475008
0'
#68480008
1'
0+
0:
#68485008
0'
#68490008
1'
16
b1110000011010000110000001011 3
12
#68495008
0'
#68500008
1'
02
1F
1B
06
b1110000011010000110000001011 G
1J
00
04
1>
#68505008
0'
#68510008
1'
0>
0B
b111010000110011 @
0F
b1011011110111000 ,
1/
14
1+
1L
b11000100100000 (
b11000100100100 <
0J
#68515008
0'
#68520008
1'
1:
b1000 M
b11 9
b0 K
b111000001101 7
0+
0/
10
0L
#68525008
0'
#68530008
1'
0:
b10010000100010001000000001111 3
16
#68535008
0'
#68540008
1'
06
1J
1>
12
04
b10010000100010001000000001111 G
#68545008
0'
#68550008
1'
0>
0J
1F
1B
14
00
b11000100101000 <
02
b11000100100100 (
1+
#68555008
0'
#68560008
1'
0+
0F
b111010000110011 ,
1L
b111010000110100 @
0B
1/
#68565008
0'
#68570008
1'
0/
0L
b100000000110000001000000001 K
16
b1000 9
b1111 M
b0 7
b10110000101010001010000010011 3
10
1:
#68575008
0'
#68580008
1'
0:
b10110000101010001010000010011 G
06
1>
1J
04
#68585008
0'
#68590008
1'
14
0>
1+
0?
0J
b11000100101000 (
12
#68595008
0'
#68600008
1'
02
0+
1F
00
1B
#68605008
0'
#68610008
1'
0B
1L
1/
16
b111010000110100 ,
0F
b1100000010111 3
b111010000111000 @
#68615008
0'
#68620008
1'
06
04
b1111 9
0/
0L
1>
1:
b1100000010111 G
b1000000001110000011000000101 K
10
1J
b100000000110000001000000001 7
#68625008
0'
#68630008
1'
0:
0J
#68635008
0'
#68640008
1'
12
#68645008
0'
#68650008
1'
02
1B
00
1F
#68655008
0'
#68660008
1'
0F
b111010000111100 @
1/
1L
1?
0B
b111010000111000 ,
b1011011110101011 <
#68665008
0'
#68670008
1'
b1011011110101100 <
0/
1+
b1000000001110000011000000101 7
14
0>
10
b1011011110101011 (
b1 M
0L
1:
b1001 K
#68675008
0'
#68680008
1'
0+
0:
#68685008
0'
#68690008
1'
16
12
b0 3
#68695008
0'
#68700008
1'
06
b0 G
1J
04
1F
02
00
1>
1B
#68705008
0'
#68710008
1'
0B
14
b1011011110110000 <
0J
1/
b1010000111010010 @
0>
1+
0F
b111010000111100 ,
1L
b1011011110101100 (
#68715008
0'
#68720008
1'
0/
1:
b1 9
b1000000000000000000000000 K
b1001 7
0L
0+
10
b1100 M
#68725008
0'
#68730008
1'
b100000000110000001000000001 3
16
0:
#68735008
0'
#68740008
1'
06
b100000000110000001000000001 G
1J
04
12
1>
#68745008
0'
#68750008
1'
0>
0J
1B
b1011011110110000 (
b1011011110110100 <
02
14
00
1+
1F
#68755008
0'
#68760008
1'
0F
0B
1/
0+
b1010000111010100 @
b1010000111010010 ,
1L
#68765008
0'
#68770008
1'
0L
b101000001000000001100000010 K
1:
b1111 M
16
b1000000001110000011000000101 3
b1100 9
0/
b1000000000000000000000000 7
10
#68775008
0'
#68780008
1'
1J
1>
06
0:
b1000000001110000011000000101 G
04
#68785008
0'
#68790008
1'
14
b1011011110110100 (
0>
0J
12
b1011011110111000 <
1+
#68795008
0'
#68800008
1'
0+
00
1B
1F
02
#68805008
0'
#68810008
1'
0B
1L
b1100000010110000101000001001 3
16
0F
b1010000111010100 ,
1/
b1010000111011000 @
#68815008
0'
#68820008
1'
1:
1>
b1001000010000000011100000110 K
0L
10
04
0/
06
1J
b1100000010110000101000001001 G
b1111 9
b101000001000000001100000010 7
#68825008
0'
#68830008
1'
0:
0>
b1011011110111000 (
1+
0J
14
0?
#68835008
0'
#68840008
1'
12
0+
#68845008
0'
#68850008
1'
b111000001101 3
1B
00
02
16
1F
#68855008
0'
#68860008
1'
0F
0B
1?
b1010000111011100 @
1>
1L
06
04
1/
1J
b111010000110011 <
b111000001101 G
b1010000111011000 ,
#68865008
0'
#68870008
1'
0>
b1001000010000000011100000110 7
1+
b111010000110011 (
b1101000011000000101100001010 K
1:
0L
10
b111010000110100 <
14
0J
0/
#68875008
0'
#68880008
1'
0+
0:
#68885008
0'
#68890008
1'
b0 3
16
12
#68895008
0'
#68900008
1'
02
1B
1>
1F
06
1J
b0 G
04
00
#68905008
0'
#68910008
1'
0>
0B
b1010000111011100 ,
1/
b1010000111100000 @
b111010000110100 (
14
0F
1+
1L
0J
b111010000111000 <
#68915008
0'
#68920008
1'
1:
b100000000111100001110 K
10
0/
b1101000011000000101100001010 7
b111 M
0L
0+
#68925008
0'
#68930008
1'
0:
16
b100000000110000001000000001 3
#68935008
0'
#68940008
1'
1>
12
06
04
b100000000110000001000000001 G
1J
#68945008
0'
#68950008
1'
0J
0>
1+
b111010000111100 <
1B
00
02
b111010000111000 (
14
1F
#68955008
0'
#68960008
1'
0F
0B
b110101001111001 @
1/
0+
b1010000111100000 ,
1L
#68965008
0'
#68970008
1'
0L
b1000000001110000011000000101 3
b100000000111100001110 7
0/
b10000000010000000000000000 K
b111 9
10
1:
b1110 M
16
#68975008
0'
#68980008
1'
06
1>
1J
04
b1000000001110000011000000101 G
0:
#68985008
0'
#68990008
1'
0>
1+
0?
0J
14
b111010000111100 (
12
#68995008
0'
#69000008
1'
02
0+
1F
1B
00
#69005008
0'
#69010008
1'
0F
16
1L
1/
b1001 3
b110101001111100 @
0B
b110101001111001 ,
#69015008
0'
#69020008
1'
06
10
1:
0/
b10000000010000000000000000 7
0L
1>
b110000001010000010000000011 K
b1001 G
b1111 M
b1110 9
04
1J
#69025008
0'
#69030008
1'
0J
b1010000111010010 <
0:
1?
#69035008
0'
#69040008
1'
12
b1010000111010100 <
1+
0>
14
b1010000111010010 (
#69045008
0'
#69050008
1'
1F
02
00
1B
0+
#69055008
0'
#69060008
1'
1L
b110101001111100 ,
b1000000000000000000000000 3
16
0F
1/
0B
b110101010000000 @
#69065008
0'
#69070008
1'
0L
06
b110000001010000010000000011 7
1J
0/
04
1:
b111 K
10
1>
b1111 9
b1 M
b1000000000000000000000000 G
#69075008
0'
#69080008
1'
b1010000111010100 (
1+
b1010000111011000 <
14
0J
0:
0>
#69085008
0'
#69090008
1'
0+
12
#69095008
0'
#69100008
1'
02
1F
16
b101000001000000001100000010 3
1B
00
#69105008
0'
#69110008
1'
06
b1110110111100001 @
1>
b101000001000000001100000010 G
b110101010000000 ,
0F
1L
0B
1/
1J
04
#69115008
0'
#69120008
1'
14
10
0>
1+
b1010000111011000 (
b111 7
0J
0L
b1010000111011100 <
1:
b10 M
0/
b1 9
b0 K
#69125008
0'
#69130008
1'
0+
0:
#69135008
0'
#69140008
1'
16
12
b1001000010000000011100000110 3
#69145008
0'
#69150008
1'
1F
04
06
1>
00
b1001000010000000011100000110 G
02
1J
1B
#69155008
0'
#69160008
1'
0B
b10000100010100 @
b1010000111011100 (
0>
14
0F
b1110110111100001 ,
0J
b1010000111100000 <
1L
1/
1+
#69165008
0'
#69170008
1'
0+
1:
10
b11000000100000000100000000 K
0/
b0 7
0L
b1111 M
b10 9
#69175008
0'
#69180008
1'
b1101000011000000101100001010 3
0:
16
#69185008
0'
#69190008
1'
06
1>
04
1J
b1101000011000000101100001010 G
12
#69195008
0'
#69200008
1'
02
1F
00
1+
0?
1B
0>
b1010000111100000 (
14
0J
#69205008
0'
#69210008
1'
0+
0F
0B
b10000100011000 @
b10000100010100 ,
1L
1/
#69215008
0'
#69220008
1'
0/
b1111 9
10
1:
16
b100000000111100001110 3
0L
b111000001100000010100000100 K
b11000000100000000100000000 7
#69225008
0'
#69230008
1'
06
1J
1>
0:
04
b100000000111100001110 G
#69235008
0'
#69240008
1'
12
0J
#69245008
0'
#69250008
1'
1B
02
1F
00
#69255008
0'
#69260008
1'
1/
0F
1?
0B
1L
b10000100011100 @
b10000100011000 ,
b110101001111001 <
#69265008
0'
#69270008
1'
b110101001111100 <
10
0>
b111000001100000010100000100 7
1+
0/
1:
b1011000010100000100100001000 K
14
b110101001111001 (
0L
#69275008
0'
#69280008
1'
0+
0:
#69285008
0'
#69290008
1'
16
12
b10000000010000000000000000 3
#69295008
0'
#69300008
1'
b10000000010000000000000000 G
00
1J
06
1F
1>
02
04
1B
#69305008
0'
#69310008
1'
0B
0F
1L
b110101010000000 <
0J
14
1+
1/
b10000100011100 ,
b110101001111100 (
b10000100100000 @
0>
#69315008
0'
#69320008
1'
1:
0L
10
b1011000010100000100100001000 7
0+
0/
b1111000011100000110100001100 K
#69325008
0'
#69330008
1'
b110000001010000010000000011 3
0:
16
#69335008
0'
#69340008
1'
06
1>
b110000001010000010000000011 G
1J
04
12
#69345008
0'
#69350008
1'
02
0>
b1110110111100001 <
1F
1B
00
14
0J
1+
b110101010000000 (
#69355008
0'
#69360008
1'
0B
0F
1L
0+
b10000100100100 @
1/
b10000100100000 ,
#69365008
0'
#69370008
1'
16
b10011000100100001000100010000 K
1:
b111 3
0/
0L
10
b1111000011100000110100001100 7
#69375008
0'
#69380008
1'
0:
1>
06
b111 G
04
1J
#69385008
0'
#69390008
1'
0J
0>
b1110110111100001 (
12
0?
14
1+
#69395008
0'
#69400008
1'
0+
02
1F
1B
00
#69405008
0'
#69410008
1'
0F
b10000100100100 ,
0B
b0 3
1L
b10000100101000 @
16
1/
#69415008
0'
#69420008
1'
0/
10
1>
b10011000100100001000100010000 7
1J
1:
b10111000101100001010100010100 K
06
04
b0 G
0L
#69425008
0'
#69430008
1'
0:
0J
#69435008
0'
#69440008
1'
12
#69445008
0'
#69450008
1'
02
00
1F
1B
#69455008
0'
#69460008
1'
0B
1L
1/
0F
b10000100101000 ,
b10000100101100 @
#69465008
0'
#69470008
1'
0L
10
1:
b10111000101100001010100010100 7
0/
b11011000110100001100100011000 K
#69475008
0'
#69480008
1'
0:
#69485008
0'
#69490008
1'
12
#69495008
0'
#69500008
1'
02
1B
00
1F
#69505008
0'
#69510008
1'
0F
0B
b10000100110000 @
1L
b10000100101100 ,
1/
#69515008
0'
#69520008
1'
0/
1:
b1110100011100 K
10
b11011000110100001100100011000 7
b11 M
0L
#69525008
0'
#69530008
1'
0:
#69535008
0'
#69540008
1'
12
#69545008
0'
#69550008
1'
02
1F
1B
00
#69555008
0'
#69560008
1'
0F
1L
1/
b1011000001001 @
0B
b10000100110000 ,
#69565008
0'
#69570008
1'
0/
0L
10
1:
b11 9
b1110 M
b10000000010000000000000000 K
b1110100011100 7
#69575008
0'
#69580008
1'
0:
#69585008
0'
#69590008
1'
12
#69595008
0'
#69600008
1'
02
1F
00
1B
#69605008
0'
#69610008
1'
0B
0F
b1011000001001 ,
1/
1L
b1011000001100 @
#69615008
0'
#69620008
1'
0/
b10000000010000000000000000 7
1:
0L
10
b11 K
b1110 9
b1 M
#69625008
0'
#69630008
1'
0:
#69635008
0'
#69640008
1'
12
#69645008
0'
#69650008
1'
02
b10000100010100 <
1F
1B
00
1?
#69655008
0'
#69660008
1'
0F
b10000100011000 <
b1101100101010111 @
0>
1+
b10000100010100 (
1/
b1011000001100 ,
0B
1L
14
#69665008
0'
#69670008
1'
0/
b11 7
b1000 M
0+
0L
b1 9
10
1:
b0 K
#69675008
0'
#69680008
1'
0:
16
b11000000100000000100000000 3
#69685008
0'
#69690008
1'
04
12
1J
1>
06
b11000000100000000100000000 G
#69695008
0'
#69700008
1'
0J
1F
b10000100011100 <
02
b10000100011000 (
14
1+
0>
1B
00
#69705008
0'
#69710008
1'
0F
b1101100101011000 @
1/
0B
b1101100101010111 ,
1L
0+
#69715008
0'
#69720008
1'
b1111 M
b100000000110000001000000001 K
10
b0 7
0L
16
0/
b1000 9
b111000001100000010100000100 3
1:
#69725008
0'
#69730008
1'
0:
1J
b111000001100000010100000100 G
06
04
1>
#69735008
0'
#69740008
1'
0>
0J
b10000100011100 (
1+
12
b10000100100000 <
14
#69745008
0'
#69750008
1'
02
00
0+
1F
1B
#69755008
0'
#69760008
1'
0B
b1101100101011100 @
0F
b1011000010100000100100001000 3
1L
16
b1101100101011000 ,
1/
#69765008
0'
#69770008
1'
0/
1J
04
1:
1>
10
b1000000001110000011000000101 K
b100000000110000001000000001 7
06
b1111 9
0L
b1011000010100000100100001000 G
#69775008
0'
#69780008
1'
1+
14
0J
0>
0:
b10000100100000 (
b10000100100100 <
#69785008
0'
#69790008
1'
0+
12
#69795008
0'
#69800008
1'
02
00
1B
1F
b1111000011100000110100001100 3
16
#69805008
0'
#69810008
1'
06
b1111000011100000110100001100 G
1/
04
1>
1J
b1101100101011100 ,
1L
b1101100101100000 @
0F
0B
#69815008
0'
#69820008
1'
0>
b10000100101000 <
1:
10
14
1+
0/
b10000100100100 (
0J
b1100000010110000101000001001 K
0L
b1000000001110000011000000101 7
#69825008
0'
#69830008
1'
0+
0:
#69835008
0'
#69840008
1'
16
12
b10011000100100001000100010000 3
#69845008
0'
#69850008
1'
1B
1>
06
04
00
b10011000100100001000100010000 G
02
1F
1J
#69855008
0'
#69860008
1'
0J
b10000100101100 <
14
0B
1+
0>
0F
b1101100101100000 ,
1L
1/
b1101100101100100 @
b10000100101000 (
#69865008
0'
#69870008
1'
0+
1:
10
b1100000010110000101000001001 7
0/
0L
b10000000011110000111000001101 K
#69875008
0'
#69880008
1'
0:
b10111000101100001010100010100 3
16
#69885008
0'
#69890008
1'
06
1J
04
b10111000101100001010100010100 G
1>
12
#69895008
0'
#69900008
1'
02
b10000100101100 (
00
1+
0J
b10000100110000 <
1B
0>
14
1F
#69905008
0'
#69910008
1'
0F
0+
b1101100101100100 ,
0B
1L
1/
b1101100101101000 @
#69915008
0'
#69920008
1'
b11011000110100001100100011000 3
b10100000100110001001000010001 K
10
1:
16
0/
0L
b10000000011110000111000001101 7
#69925008
0'
#69930008
1'
0:
1J
1>
04
b11011000110100001100100011000 G
06
#69935008
0'
#69940008
1'
b1011000001001 <
b10000100110000 (
12
0J
1+
14
0>
#69945008
0'
#69950008
1'
1F
00
02
0+
1B
#69955008
0'
#69960008
1'
0B
b1101100101101100 @
16
0F
b1110100011100 3
b1101100101101000 ,
1L
1/
#69965008
0'
#69970008
1'
0/
b10100000100110001001000010001 7
06
1:
1>
b11000000101110001011000010101 K
0L
04
b1110100011100 G
10
1J
#69975008
0'
#69980008
1'
0J
0>
b1011000001100 <
b1011000001001 (
0:
1+
14
#69985008
0'
#69990008
1'
0+
12
#69995008
0'
#70000008
1'
1F
1B
16
02
00
b10000000010000000000000000 3
#70005008
0'
#70010008
1'
0B
04
1>
1J
0F
1/
b1100010010000001 @
06
1L
b10000000010000000000000000 G
b1101100101101100 ,
#70015008
0'
#70020008
1'
0/
b1011000001100 (
14
0?
0J
0>
b1110 M
b11000000101110001011000010101 7
10
b10000000010000000000000000 K
0L
1:
1+
#70025008
0'
#70030008
1'
0+
0:
#70035008
0'
#70040008
1'
b11 3
12
16
#70045008
0'
#70050008
1'
06
1B
1>
04
1F
1J
02
b11 G
00
#70055008
0'
#70060008
1'
0F
b1100010010000001 ,
1/
0B
0J
b1100010010000100 @
1L
#70065008
0'
#70070008
1'
0L
0/
10
1:
b1111 M
b10000000010000000000000000 7
b1110 9
b110000001010000010000000011 K
#70075008
0'
#70080008
1'
0:
#70085008
0'
#70090008
1'
12
#70095008
0'
#70100008
1'
00
1F
02
1B
#70105008
0'
#70110008
1'
0B
1/
1L
b1100010010000100 ,
0F
b1100010010001000 @
#70115008
0'
#70120008
1'
0L
b10010000100000000111 K
1:
10
0/
b1111 9
b110000001010000010000000011 7
b111 M
#70125008
0'
#70130008
1'
0:
1?
b1101100101010111 <
#70135008
0'
#70140008
1'
b1101100101011000 <
b1101100101010111 (
14
0>
12
1+
#70145008
0'
#70150008
1'
0+
00
1B
02
1F
#70155008
0'
#70160008
1'
0F
b1001000110000110 @
1L
16
b1100010010001000 ,
0B
b0 3
1/
#70165008
0'
#70170008
1'
0/
0L
10
04
b1000000000000000000000000 K
b1100 M
1:
1>
b10010000100000000111 7
b0 G
06
1J
b111 9
#70175008
0'
#70180008
1'
1+
b1101100101011000 (
14
b1101100101011100 <
0J
0>
0:
#70185008
0'
#70190008
1'
0+
12
#70195008
0'
#70200008
1'
02
00
1F
b100000000110000001000000001 3
16
1B
#70205008
0'
#70210008
1'
0B
1/
1L
b1001000110001000 @
04
06
1J
1>
0F
b100000000110000001000000001 G
b1001000110000110 ,
#70215008
0'
#70220008
1'
b1100 9
b1111 M
10
0L
1:
b101000001000000001100000010 K
0/
b1101100101011100 (
1+
14
b1101100101100000 <
b1000000000000000000000000 7
0>
0J
#70225008
0'
#70230008
1'
0:
0+
#70235008
0'
#70240008
1'
12
16
b1000000001110000011000000101 3
#70245008
0'
#70250008
1'
1B
1J
00
06
1>
b1000000001110000011000000101 G
02
1F
04
#70255008
0'
#70260008
1'
14
b1001000110001100 @
1+
1/
b1001000110001000 ,
0J
0B
1L
0F
b1101100101100000 (
0>
b1101100101100100 <
#70265008
0'
#70270008
1'
0+
b1111 9
0/
b1001000010000000011100000110 K
0L
1:
10
b101000001000000001100000010 7
#70275008
0'
#70280008
1'
b1100000010110000101000001001 3
16
0:
#70285008
0'
#70290008
1'
04
1J
06
1>
12
b1100000010110000101000001001 G
#70295008
0'
#70300008
1'
1B
b1101100101101000 <
14
1+
02
0J
00
0>
b1101100101100100 (
1F
#70305008
0'
#70310008
1'
0F
1/
b1001000110010000 @
0B
b1001000110001100 ,
0+
1L
#70315008
0'
#70320008
1'
0L
b1001000010000000011100000110 7
1:
0/
b1101000011000000101100001010 K
b10000000011110000111000001101 3
10
16
#70325008
0'
#70330008
1'
06
0:
04
b10000000011110000111000001101 G
1>
1J
#70335008
0'
#70340008
1'
0J
14
b1101100101101100 <
0>
1+
12
b1101100101101000 (
#70345008
0'
#70350008
1'
1F
1B
02
0+
00
#70355008
0'
#70360008
1'
0F
16
1L
b1001000110010100 @
0B
b1001000110010000 ,
b10100000100110001001000010001 3
1/
#70365008
0'
#70370008
1'
0/
0L
1:
10
04
06
b1 M
1J
b1101000011000000101100001010 7
1>
b10100000100110001001000010001 G
b1110 K
#70375008
0'
#70380008
1'
0J
0:
b1101100101101100 (
14
b1100010010000001 <
1+
0>
#70385008
0'
#70390008
1'
0+
12
#70395008
0'
#70400008
1'
1F
00
16
02
b11000000101110001011000010101 3
1B
#70405008
0'
#70410008
1'
0B
1>
1J
1L
1/
0F
06
04
b11000000101110001011000010101 G
b100000010100111 @
b1001000110010100 ,
#70415008
0'
#70420008
1'
0/
b0 K
0J
0>
b1100010010000001 (
0L
1:
b1 9
10
b1000 M
14
b1100010010000100 <
1+
b1110 7
#70425008
0'
#70430008
1'
0:
0+
#70435008
0'
#70440008
1'
b10000000010000000000000000 3
16
12
#70445008
0'
#70450008
1'
00
1J
1B
1>
02
06
1F
b10000000010000000000000000 G
04
#70455008
0'
#70460008
1'
14
0B
b100000010100111 ,
1/
1+
0J
b1100010010000100 (
1L
b100000010101000 @
0>
0F
b1100010010001000 <
#70465008
0'
#70470008
1'
10
b100000000110000001000000001 K
0/
b0 7
0+
b1000 9
0L
1:
b1111 M
#70475008
0'
#70480008
1'
0:
b110000001010000010000000011 3
16
#70485008
0'
#70490008
1'
04
1J
06
12
b110000001010000010000000011 G
1>
#70495008
0'
#70500008
1'
0>
1+
b1100010010001000 (
1B
b1001000110000110 <
14
00
0J
1F
02
#70505008
0'
#70510008
1'
b100000010101000 ,
0+
0B
1/
0F
1L
b100000010101100 @
#70515008
0'
#70520008
1'
b100000000110000001000000001 7
b1000000001110000011000000101 K
0L
10
b1111 9
16
0/
b10010000100000000111 3
1:
#70525008
0'
#70530008
1'
0:
04
1>
b10010000100000000111 G
1J
06
#70535008
0'
#70540008
1'
14
b1001000110000110 (
12
1+
b1001000110001000 <
0J
0>
#70545008
0'
#70550008
1'
0+
1B
02
00
1F
#70555008
0'
#70560008
1'
0F
0B
16
b100000010110000 @
b100000010101100 ,
b1000000000000000000000000 3
1L
1/
#70565008
0'
#70570008
1'
0/
1>
1:
04
06
b1000000001110000011000000101 7
0L
b1100000010110000101000001001 K
10
1J
b1000000000000000000000000 G
#70575008
0'
#70580008
1'
0>
14
0:
b1001000110001000 (
1+
0J
b1001000110001100 <
#70585008
0'
#70590008
1'
0+
12
#70595008
0'
#70600008
1'
16
1F
1B
02
00
b101000001000000001100000010 3
#70605008
0'
#70610008
1'
0F
b100000010110100 @
b101000001000000001100000010 G
1/
06
1>
04
b100000010110000 ,
1L
1J
0B
#70615008
0'
#70620008
1'
0>
b1001000110010000 <
1:
0/
b1001000110001100 (
0J
14
b10000000011110000111000001101 K
10
b1100000010110000101000001001 7
0L
1+
#70625008
0'
#70630008
1'
0+
0:
#70635008
0'
#70640008
1'
b1001000010000000011100000110 3
16
12
#70645008
0'
#70650008
1'
02
1B
1F
b1001000010000000011100000110 G
1>
06
04
1J
00
#70655008
0'
#70660008
1'
1/
b100000010111000 @
0F
1+
0B
b1001000110010100 <
0J
b1001000110010000 (
0>
14
1L
b100000010110100 ,
#70665008
0'
#70670008
1'
10
b11 M
1:
0+
0/
0L
b1001000010001 K
b10000000011110000111000001101 7
#70675008
0'
#70680008
1'
0:
b1101000011000000101100001010 3
16
#70685008
0'
#70690008
1'
06
b1101000011000000101100001010 G
12
1J
04
1>
#70695008
0'
#70700008
1'
0>
1+
00
1B
0?
1F
14
0J
b1001000110010100 (
02
#70705008
0'
#70710008
1'
0+
b100000010111000 ,
0B
b101000011011111 @
1/
0F
1L
#70715008
0'
#70720008
1'
0L
16
1:
b1001000010001 7
b1000 M
10
b1110 3
b0 K
0/
b11 9
#70725008
0'
#70730008
1'
b1110 G
1>
06
0:
1J
04
#70735008
0'
#70740008
1'
12
0J
#70745008
0'
#70750008
1'
1B
02
00
1F
#70755008
0'
#70760008
1'
0F
1L
b101000011011111 ,
0B
b101000011100000 @
1/
#70765008
0'
#70770008
1'
0/
b1111 M
b1000 9
0L
b0 7
10
1:
b100000000110000001000000001 K
#70775008
0'
#70780008
1'
0:
#70785008
0'
#70790008
1'
12
#70795008
0'
#70800008
1'
1F
02
00
1B
#70805008
0'
#70810008
1'
0B
1L
1/
b101000011100100 @
0F
b101000011100000 ,
#70815008
0'
#70820008
1'
0L
b1000000001110000011000000101 K
b1111 9
10
1:
b100000000110000001000000001 7
0/
#70825008
0'
#70830008
1'
0:
#70835008
0'
#70840008
1'
12
#70845008
0'
#70850008
1'
1B
02
1F
00
#70855008
0'
#70860008
1'
1/
b101000011100100 ,
1?
1L
0F
0B
b100000010100111 <
b101000011101000 @
#70865008
0'
#70870008
1'
0/
14
10
b1100000010110000101000001001 K
0>
1+
b100000010101000 <
b100000010100111 (
0L
b1000000001110000011000000101 7
1:
#70875008
0'
#70880008
1'
0:
0+
#70885008
0'
#70890008
1'
16
12
b0 3
#70895008
0'
#70900008
1'
1J
1>
04
00
b0 G
02
1F
06
1B
#70905008
0'
#70910008
1'
0B
1+
1/
b101000011101100 @
14
b101000011101000 ,
0>
0J
b100000010101100 <
0F
1L
b100000010101000 (
#70915008
0'
#70920008
1'
10
0+
0/
b10000000011110000111000001101 K
0L
b1100000010110000101000001001 7
1:
#70925008
0'
#70930008
1'
0:
b100000000110000001000000001 3
16
#70935008
0'
#70940008
1'
06
1>
04
b100000000110000001000000001 G
1J
12
#70945008
0'
#70950008
1'
02
0>
b100000010101100 (
1B
00
1+
0J
14
1F
b100000010110000 <
#70955008
0'
#70960008
1'
1/
0B
b101000011101100 ,
b101000011110000 @
0F
1L
0+
#70965008
0'
#70970008
1'
1:
10
16
0/
0L
b1000000001110000011000000101 3
b10100000100110001001000010001 K
b10000000011110000111000001101 7
#70975008
0'
#70980008
1'
06
1>
0:
04
b1000000001110000011000000101 G
1J
#70985008
0'
#70990008
1'
0J
0>
b100000010110100 <
1+
12
b100000010110000 (
14
#70995008
0'
#71000008
1'
02
0+
1B
00
1F
#71005008
0'
#71010008
1'
0F
0B
b101000011110000 ,
16
b1100000010110000101000001001 3
1/
1L
b101000011110100 @
#71015008
0'
#71020008
1'
04
1>
b10100000100110001001000010001 7
1J
0L
10
06
0/
b1100000010110000101000001001 G
b11000000101110001011000010101 K
1:
#71025008
0'
#71030008
1'
0:
b100000010111000 <
0>
14
1+
0J
b100000010110100 (
#71035008
0'
#71040008
1'
12
0+
#71045008
0'
#71050008
1'
1B
1F
02
b10000000011110000111000001101 3
16
00
#71055008
0'
#71060008
1'
04
b101000011111000 @
0B
b101000011110100 ,
1>
06
0F
1L
1J
b10000000011110000111000001101 G
1/
#71065008
0'
#71070008
1'
0/
b11000000101110001011000010101 7
10
0?
1:
14
b100000010111000 (
1+
b11100000110110001101000011001 K
0>
0J
0L
#71075008
0'
#71080008
1'
0:
0+
#71085008
0'
#71090008
1'
16
b1001000010001 3
12
#71095008
0'
#71100008
1'
00
1B
04
02
1J
b1001000010001 G
06
1>
1F
#71105008
0'
#71110008
1'
0F
b101000011111000 ,
1/
0B
1L
b101000011111100 @
0J
#71115008
0'
#71120008
1'
0L
b11100000110110001101000011001 7
b111 M
0/
10
1:
b111110001111000011101 K
#71125008
0'
#71130008
1'
0:
#71135008
0'
#71140008
1'
12
#71145008
0'
#71150008
1'
1F
1B
02
00
#71155008
0'
#71160008
1'
1/
0F
b101000011111100 ,
1L
b1111100001011011 @
0B
#71165008
0'
#71170008
1'
10
b0 K
b1000 M
0/
b111110001111000011101 7
1:
b111 9
0L
#71175008
0'
#71180008
1'
0:
#71185008
0'
#71190008
1'
12
#71195008
0'
#71200008
1'
1B
1F
00
02
#71205008
0'
#71210008
1'
1L
1/
0F
b1111100001011011 ,
0B
b1111100001011100 @
#71215008
0'
#71220008
1'
0L
b1111 M
0/
b100000000110000001000000001 K
10
b0 7
1:
b1000 9
#71225008
0'
#71230008
1'
0:
#71235008
0'
#71240008
1'
12
#71245008
0'
#71250008
1'
02
1F
00
1B
#71255008
0'
#71260008
1'
0B
b1111100001011100 ,
b101000011011111 <
1/
b1111100001100000 @
1?
1L
0F
#71265008
0'
#71270008
1'
1+
b1111 9
b101000011011111 (
b101000011100000 <
0/
0L
10
1:
b1000000001110000011000000101 K
14
b100000000110000001000000001 7
0>
#71275008
0'
#71280008
1'
0+
0:
#71285008
0'
#71290008
1'
12
16
b0 3
#71295008
0'
#71300008
1'
1>
1B
1J
1F
06
00
02
04
b0 G
#71305008
0'
#71310008
1'
0J
0B
b101000011100100 <
0>
b101000011100000 (
b1111100001100100 @
b1111100001100000 ,
14
0F
1/
1L
1+
#71315008
0'
#71320008
1'
0+
1:
b1 M
0L
b1000000001110000011000000101 7
0/
10
b1001 K
#71325008
0'
#71330008
1'
b100000000110000001000000001 3
0:
16
#71335008
0'
#71340008
1'
06
b100000000110000001000000001 G
1J
1>
04
12
#71345008
0'
#71350008
1'
02
0J
1B
b101000011100100 (
b101000011101000 <
1+
14
1F
0>
00
#71355008
0'
#71360008
1'
b110011101000 @
0B
0+
b1111100001100100 ,
0F
1/
1L
#71365008
0'
#71370008
1'
0L
10
16
b11000000100000000100000000 K
b1000000001110000011000000101 3
b1 9
0/
1:
b1111 M
b1001 7
#71375008
0'
#71380008
1'
1J
b1000000001110000011000000101 G
06
1>
0:
04
#71385008
0'
#71390008
1'
14
b101000011101100 <
12
0J
b101000011101000 (
0>
1+
#71395008
0'
#71400008
1'
0+
00
02
1B
1F
#71405008
0'
#71410008
1'
0F
b1100000010110000101000001001 3
1L
b110011101100 @
0B
1/
16
b110011101000 ,
#71415008
0'
#71420008
1'
0L
1J
04
10
b11000000100000000100000000 7
b111000001100000010100000100 K
b1100000010110000101000001001 G
06
1>
b1111 9
0/
1:
#71425008
0'
#71430008
1'
0:
0J
14
1+
b101000011110000 <
0>
b101000011101100 (
#71435008
0'
#71440008
1'
0+
12
#71445008
0'
#71450008
1'
02
1F
b10000000011110000111000001101 3
00
16
1B
#71455008
0'
#71460008
1'
0B
b110011101100 ,
1L
0F
04
1J
06
b110011110000 @
b10000000011110000111000001101 G
1>
1/
#71465008
0'
#71470008
1'
0/
14
b101000011110000 (
b1011000010100000100100001000 K
1:
b111000001100000010100000100 7
0L
0>
1+
0J
b101000011110100 <
10
#71475008
0'
#71480008
1'
0:
0+
#71485008
0'
#71490008
1'
b10100000100110001001000010001 3
12
16
#71495008
0'
#71500008
1'
06
1B
04
1F
00
02
1>
b10100000100110001001000010001 G
1J
#71505008
0'
#71510008
1'
0J
0F
1/
1+
14
b101000011110100 (
b110011110000 ,
0B
1L
0>
b101000011111000 <
b110011110100 @
#71515008
0'
#71520008
1'
b1011000010100000100100001000 7
0+
0/
b1111000011100000110100001100 K
1:
10
0L
#71525008
0'
#71530008
1'
16
b11000000101110001011000010101 3
0:
#71535008
0'
#71540008
1'
1J
06
04
b11000000101110001011000010101 G
1>
12
#71545008
0'
#71550008
1'
02
1F
1+
b101000011111000 (
0J
0>
b101000011111100 <
1B
14
00
#71555008
0'
#71560008
1'
1L
b110011110100 ,
b110011111000 @
0+
1/
0F
0B
#71565008
0'
#71570008
1'
0/
0L
1:
10
16
b1111000011100000110100001100 7
b10011000100100001000100010000 K
b11100000110110001101000011001 3
#71575008
0'
#71580008
1'
06
0:
1J
04
b11100000110110001101000011001 G
1>
#71585008
0'
#71590008
1'
0>
b101000011111100 (
1+
12
14
0J
b1111100001011011 <
#71595008
0'
#71600008
1'
0+
1B
00
1F
02
#71605008
0'
#71610008
1'
0B
b111110001111000011101 3
1L
1/
16
b110011111000 ,
b110011111100 @
0F
#71615008
0'
#71620008
1'
06
0L
1>
0/
1J
b10011000100100001000100010000 7
b10111000101100001010100010100 K
10
1:
04
b111110001111000011101 G
#71625008
0'
#71630008
1'
b1111100001011100 <
0>
1+
b1111100001011011 (
14
0J
0:
#71635008
0'
#71640008
1'
12
0+
#71645008
0'
#71650008
1'
b0 3
1B
02
1F
16
00
#71655008
0'
#71660008
1'
0F
b0 G
b110011111100 ,
1>
1L
0B
06
b110100000000 @
1/
1J
04
#71665008
0'
#71670008
1'
14
0L
10
1+
1:
0>
b1111100001100000 <
0J
b1111100001011100 (
0/
b10111000101100001010100010100 7
b11011000110100001100100011000 K
#71675008
0'
#71680008
1'
0:
0+
#71685008
0'
#71690008
1'
12
b100000000110000001000000001 3
16
#71695008
0'
#71700008
1'
06
1>
00
1F
04
02
b100000000110000001000000001 G
1B
1J
#71705008
0'
#71710008
1'
0J
0>
1L
14
0F
1+
b110100000000 ,
0B
b1111100001100100 <
1/
b1111100001100000 (
b110100000100 @
#71715008
0'
#71720008
1'
0+
10
0L
1:
b11100 K
b11011000110100001100100011000 7
b1 M
0/
#71725008
0'
#71730008
1'
0:
16
b1000000001110000011000000101 3
#71735008
0'
#71740008
1'
1J
12
1>
04
06
b1000000001110000011000000101 G
#71745008
0'
#71750008
1'
0>
0?
02
1+
1F
0J
00
b1111100001100100 (
14
1B
#71755008
0'
#71760008
1'
0B
1/
b1000010000101100 @
0F
1L
0+
b110100000100 ,
#71765008
0'
#71770008
1'
0L
b1001 3
1:
0/
b11000000100000000100000000 K
16
b1111 M
b11100 7
b1 9
10
#71775008
0'
#71780008
1'
0:
b1001 G
1J
1>
04
06
#71785008
0'
#71790008
1'
0J
12
#71795008
0'
#71800008
1'
02
00
1B
1F
#71805008
0'
#71810008
1'
0F
0B
b1000010000101100 ,
1L
b1000010000110000 @
1/
#71815008
0'
#71820008
1'
0/
0L
1:
10
b111000001100000010100000100 K
b1111 9
b11000000100000000100000000 7
#71825008
0'
#71830008
1'
0:
#71835008
0'
#71840008
1'
12
#71845008
0'
#71850008
1'
02
1B
1F
00
#71855008
0'
#71860008
1'
0B
1/
1L
b1000010000110000 ,
0F
b1000010000110100 @
#71865008
0'
#71870008
1'
0L
10
b111000001100000010100000100 7
1:
0/
b100100001000 K
b11 M
#71875008
0'
#71880008
1'
0:
#71885008
0'
#71890008
1'
12
#71895008
0'
#71900008
1'
02
00
1B
1F
#71905008
0'
#71910008
1'
0F
b11100110101111 @
1L
1?
0B
b1000010000110100 ,
1/
b110011101000 <
#71915008
0'
#71920008
1'
b110011101100 <
0L
1:
b1000 M
10
b100100001000 7
0/
14
b11 9
1+
0>
b110011101000 (
b0 K
#71925008
0'
#71930008
1'
0:
0+
#71935008
0'
#71940008
1'
16
12
b11000000100000000100000000 3
#71945008
0'
#71950008
1'
00
1F
02
06
1J
b11000000100000000100000000 G
04
1>
1B
#71955008
0'
#71960008
1'
0B
0J
1+
1L
b110011110000 <
0F
b11100110110000 @
0>
1/
14
b11100110101111 ,
b110011101100 (
#71965008
0'
#71970008
1'
b100000000110000001000000001 K
0+
10
b1111 M
0L
1:
b0 7
b1000 9
0/
#71975008
0'
#71980008
1'
b111000001100000010100000100 3
16
0:
#71985008
0'
#71990008
1'
1J
12
06
04
1>
b111000001100000010100000100 G
#71995008
0'
#72000008
1'
1F
b110011110000 (
1B
0J
00
b110011110100 <
1+
0>
14
02
#72005008
0'
#72010008
1'
0F
1/
0B
1L
b11100110110000 ,
b11100110110100 @
0+
#72015008
0'
#72020008
1'
0/
1:
10
b1000000001110000011000000101 K
b1011000010100000100100001000 3
0L
b1111 9
16
b100000000110000001000000001 7
#72025008
0'
#72030008
1'
b1011000010100000100100001000 G
0:
1J
06
04
1>
#72035008
0'
#72040008
1'
0>
1+
b110011111000 <
12
b110011110100 (
14
0J
#72045008
0'
#72050008
1'
02
0+
1F
00
1B
#72055008
0'
#72060008
1'
0B
0F
1/
b11100110111000 @
16
b11100110110100 ,
1L
b1111000011100000110100001100 3
#72065008
0'
#72070008
1'
b1000000001110000011000000101 7
1J
b1100000010110000101000001001 K
1>
1:
b1111000011100000110100001100 G
0L
10
04
0/
06
#72075008
0'
#72080008
1'
0:
0J
0>
1+
b110011111100 <
b110011111000 (
14
#72085008
0'
#72090008
1'
0+
12
#72095008
0'
#72100008
1'
02
1F
16
b10011000100100001000100010000 3
1B
00
#72105008
0'
#72110008
1'
04
0F
06
1J
1>
0B
1/
1L
b10011000100100001000100010000 G
b11100110111000 ,
b11100110111100 @
#72115008
0'
#72120008
1'
0J
10
b1100000010110000101000001001 7
14
1+
1:
b10000000011110000111000001101 K
0/
0>
b110011111100 (
0L
b110100000000 <
#72125008
0'
#72130008
1'
0:
0+
#72135008
0'
#72140008
1'
b10111000101100001010100010100 3
12
16
#72145008
0'
#72150008
1'
06
02
1J
00
04
1F
1B
b10111000101100001010100010100 G
1>
#72155008
0'
#72160008
1'
0>
14
b110100000100 <
1+
b11100111000000 @
0J
1L
b11100110111100 ,
0B
b110100000000 (
0F
1/
#72165008
0'
#72170008
1'
0/
0+
1:
b10000000011110000111000001101 7
10
b10100000100110001001000010001 K
0L
#72175008
0'
#72180008
1'
16
0:
b11011000110100001100100011000 3
#72185008
0'
#72190008
1'
04
1>
06
12
1J
b11011000110100001100100011000 G
#72195008
0'
#72200008
1'
b1000010000101100 <
0>
14
1+
0J
02
1F
00
b110100000100 (
1B
#72205008
0'
#72210008
1'
0B
b11100111000100 @
1L
1/
0+
0F
b11100111000000 ,
#72215008
0'
#72220008
1'
0L
16
b11100 3
1:
b10100000100110001001000010001 7
b11000000101110001011000010101 K
0/
10
#72225008
0'
#72230008
1'
0:
b11100 G
06
04
1>
1J
#72235008
0'
#72240008
1'
0J
14
b1000010000110000 <
0>
b1000010000101100 (
12
1+
#72245008
0'
#72250008
1'
0+
00
1B
02
1F
#72255008
0'
#72260008
1'
0F
b11100111000100 ,
1L
b11000000100000000100000000 3
b11100111001000 @
16
0B
1/
#72265008
0'
#72270008
1'
0/
10
04
1J
1:
0L
b11000000100000000100000000 G
06
b11100000110110001101000011001 K
1>
b11000000101110001011000010101 7
#72275008
0'
#72280008
1'
1+
0:
0J
14
0>
b1000010000110100 <
b1000010000110000 (
#72285008
0'
#72290008
1'
0+
12
#72295008
0'
#72300008
1'
02
1F
00
b111000001100000010100000100 3
1B
16
#72305008
0'
#72310008
1'
06
b11100111001100 @
1L
1/
0F
b11100111001000 ,
1J
0B
04
1>
b111000001100000010100000100 G
#72315008
0'
#72320008
1'
10
b11100000110110001101000011001 7
b111 M
0L
b1000010000110100 (
0/
1:
0>
0J
0?
1+
14
b111110001111000011101 K
#72325008
0'
#72330008
1'
0:
0+
#72335008
0'
#72340008
1'
16
12
b100100001000 3
#72345008
0'
#72350008
1'
b100100001000 G
00
06
1F
02
04
1J
1>
1B
#72355008
0'
#72360008
1'
0B
b11100111001100 ,
1/
b1011000101011110 @
1L
0F
0J
#72365008
0'
#72370008
1'
b1000000000000000000000000 K
0/
b111110001111000011101 7
10
b1100 M
0L
b111 9
1:
#72375008
0'
#72380008
1'
0:
#72385008
0'
#72390008
1'
12
#72395008
0'
#72400008
1'
1B
00
02
1F
#72405008
0'
#72410008
1'
0F
b1011000101100000 @
b1011000101011110 ,
0B
1/
1L
#72415008
0'
#72420008
1'
0L
1:
b1000000000000000000000000 7
b101000001000000001100000010 K
0/
b1100 9
10
b1111 M
#72425008
0'
#72430008
1'
0:
#72435008
0'
#72440008
1'
12
#72445008
0'
#72450008
1'
1B
1F
02
00
#72455008
0'
#72460008
1'
0B
b1011000101100000 ,
1L
b1011000101100100 @
0F
1/
#72465008
0'
#72470008
1'
0/
10
1:
b101000001000000001100000010 7
0L
b1001000010000000011100000110 K
b1111 9
#72475008
0'
#72480008
1'
0:
#72485008
0'
#72490008
1'
12
#72495008
0'
#72500008
1'
00
1B
02
1F
b11100110101111 <
1?
#72505008
0'
#72510008
1'
1/
b11100110101111 (
b1011000101100100 ,
b11100110110000 <
14
0B
0>
0F
b1011000101101000 @
1L
1+
#72515008
0'
#72520008
1'
0+
1:
b1001000010000000011100000110 7
10
0/
0L
b1101000011000000101100001010 K
#72525008
0'
#72530008
1'
16
b0 3
0:
#72535008
0'
#72540008
1'
1J
06
b0 G
04
12
1>
#72545008
0'
#72550008
1'
0>
00
1+
0J
b11100110110000 (
02
b11100110110100 <
14
1B
1F
#72555008
0'
#72560008
1'
0F
0+
0B
1L
b1011000101101000 ,
b1011000101101100 @
1/
#72565008
0'
#72570008
1'
0/
1:
b100000000110000001000000001 3
b1110 K
10
16
b1 M
b1101000011000000101100001010 7
0L
#72575008
0'
#72580008
1'
1J
0:
1>
06
b100000000110000001000000001 G
04
#72585008
0'
#72590008
1'
14
0>
0J
b11100110110100 (
1+
12
b11100110111000 <
#72595008
0'
#72600008
1'
1F
00
02
1B
0+
#72605008
0'
#72610008
1'
1L
1/
0F
b1000000001110000011000000101 3
0B
16
b111001000100100 @
b1011000101101100 ,
#72615008
0'
#72620008
1'
b1111 M
1>
04
0/
0L
1:
b11000000100000000100000000 K
b1 9
10
b1110 7
1J
b1000000001110000011000000101 G
06
#72625008
0'
#72630008
1'
1+
0:
14
0>
b11100110111100 <
0J
b11100110111000 (
#72635008
0'
#72640008
1'
0+
12
#72645008
0'
#72650008
1'
02
16
1F
00
b1100000010110000101000001001 3
1B
#72655008
0'
#72660008
1'
0B
06
b111001000100100 ,
1>
04
1/
1L
b111001000101000 @
1J
0F
b1100000010110000101000001001 G
#72665008
0'
#72670008
1'
0/
b111000001100000010100000100 K
14
b11100110111100 (
0>
1:
1+
b11000000100000000100000000 7
b1111 9
0J
10
b11100111000000 <
0L
#72675008
0'
#72680008
1'
0+
0:
#72685008
0'
#72690008
1'
12
16
b10000000011110000111000001101 3
#72695008
0'
#72700008
1'
1>
b10000000011110000111000001101 G
1B
02
04
06
1F
00
1J
#72705008
0'
#72710008
1'
0J
1L
0>
0B
b11100111000000 (
1/
b111001000101000 ,
14
1+
b11100111000100 <
0F
b111001000101100 @
#72715008
0'
#72720008
1'
0/
0L
b1011000010100000100100001000 K
10
1:
b111000001100000010100000100 7
0+
#72725008
0'
#72730008
1'
b10100000100110001001000010001 3
0:
16
#72735008
0'
#72740008
1'
06
12
1J
1>
b10100000100110001001000010001 G
04
#72745008
0'
#72750008
1'
14
0>
1+
0J
b11100111000100 (
1B
02
1F
b11100111001000 <
00
#72755008
0'
#72760008
1'
0B
b111001000110000 @
0+
1L
1/
b111001000101100 ,
0F
#72765008
0'
#72770008
1'
0L
10
16
b1 M
b1100 K
1:
0/
b11000000101110001011000010101 3
b1011000010100000100100001000 7
#72775008
0'
#72780008
1'
06
04
1>
1J
b11000000101110001011000010101 G
0:
#72785008
0'
#72790008
1'
0>
14
1+
b11100111001000 (
b11100111001100 <
0J
12
#72795008
0'
#72800008
1'
02
00
1F
0+
1B
#72805008
0'
#72810008
1'
0B
1L
0F
16
b1010110111000110 @
b11100000110110001101000011001 3
b111001000110000 ,
1/
#72815008
0'
#72820008
1'
0/
06
b1100 7
1:
10
04
1>
0L
b11100000110110001101000011001 G
1J
b1100 M
b1000000000000000000000000 K
b1 9
#72825008
0'
#72830008
1'
0>
1+
14
0:
0J
b1011000101011110 <
b11100111001100 (
#72835008
0'
#72840008
1'
12
0+
#72845008
0'
#72850008
1'
16
02
1F
00
1B
b111110001111000011101 3
#72855008
0'
#72860008
1'
04
1/
0F
1>
06
0B
b111110001111000011101 G
b1010110111001000 @
1L
b1010110111000110 ,
1J
#72865008
0'
#72870008
1'
0J
0>
b1011000101011110 (
1+
b1100 9
14
10
b1000000000000000000000000 7
0/
0L
b1011000101100000 <
b1111 M
1:
b101000001000000001100000010 K
#72875008
0'
#72880008
1'
0+
0:
#72885008
0'
#72890008
1'
b1000000000000000000000000 3
12
16
#72895008
0'
#72900008
1'
06
1>
1J
00
1F
04
02
b1000000000000000000000000 G
1B
#72905008
0'
#72910008
1'
0B
0F
b1011000101100000 (
0>
0J
b1010110111001100 @
14
1+
1/
b1010110111001000 ,
b1011000101100100 <
1L
#72915008
0'
#72920008
1'
0L
1:
b101000001000000001100000010 7
10
b1111 9
b1001000010000000011100000110 K
0/
0+
#72925008
0'
#72930008
1'
16
0:
b101000001000000001100000010 3
#72935008
0'
#72940008
1'
1>
06
12
1J
b101000001000000001100000010 G
04
#72945008
0'
#72950008
1'
14
1B
1+
0>
00
b1011000101100100 (
1F
02
0J
b1011000101101000 <
#72955008
0'
#72960008
1'
1L
0+
0B
b1010110111010000 @
1/
0F
b1010110111001100 ,
#72965008
0'
#72970008
1'
b1001000010000000011100000110 3
0L
10
1:
b1001000010000000011100000110 7
16
0/
b1101000011000000101100001010 K
#72975008
0'
#72980008
1'
04
0:
1>
b1001000010000000011100000110 G
1J
06
#72985008
0'
#72990008
1'
b1011000101101100 <
b1011000101101000 (
1+
14
0J
0>
12
#72995008
0'
#73000008
1'
02
0+
00
1F
1B
#73005008
0'
#73010008
1'
0B
16
b1010110111010000 ,
b1101000011000000101100001010 3
1L
0F
1/
b1010110111010100 @
#73015008
0'
#73020008
1'
b10001000100000000111100001110 K
1:
06
0/
0L
04
10
1>
b1101000011000000101100001010 7
1J
b1101000011000000101100001010 G
#73025008
0'
#73030008
1'
1+
0:
b1011000101101100 (
b111001000100100 <
0J
14
0>
#73035008
0'
#73040008
1'
12
0+
#73045008
0'
#73050008
1'
b1110 3
1B
02
16
1F
00
#73055008
0'
#73060008
1'
0B
b1110 G
b1010110111011000 @
b1010110111010100 ,
1>
0F
04
1L
1/
06
1J
#73065008
0'
#73070008
1'
0J
10
1+
b111001000100100 (
1:
b101000001001100010010 K
14
b111001000101000 <
0>
0/
0L
b111 M
b10001000100000000111100001110 7
#73075008
0'
#73080008
1'
0:
0+
#73085008
0'
#73090008
1'
b11000000100000000100000000 3
16
12
#73095008
0'
#73100008
1'
02
1J
1B
00
b11000000100000000100000000 G
06
04
1F
1>
#73105008
0'
#73110008
1'
0>
b1010110111011000 ,
0B
1+
b110111011110101 @
0J
b111001000101000 (
0F
14
b111001000101100 <
1L
1/
#73115008
0'
#73120008
1'
0/
10
b101000001001100010010 7
b111 9
1:
0+
0L
b1110 M
b10000000010000000000000000 K
#73125008
0'
#73130008
1'
0:
16
b111000001100000010100000100 3
#73135008
0'
#73140008
1'
1J
12
1>
06
b111000001100000010100000100 G
04
#73145008
0'
#73150008
1'
14
02
00
0J
1B
0>
1+
b111001000110000 <
b111001000101100 (
1F
#73155008
0'
#73160008
1'
0F
1/
b110111011111000 @
b110111011110101 ,
0B
1L
0+
#73165008
0'
#73170008
1'
b110000001010000010000000011 K
b1011000010100000100100001000 3
0/
10
b1110 9
b10000000010000000000000000 7
0L
b1111 M
16
1:
#73175008
0'
#73180008
1'
0:
1J
04
06
b1011000010100000100100001000 G
1>
#73185008
0'
#73190008
1'
0>
0J
1+
0?
12
14
b111001000110000 (
#73195008
0'
#73200008
1'
0+
1F
00
02
1B
#73205008
0'
#73210008
1'
0B
b110111011111100 @
0F
b1100 3
1/
b110111011111000 ,
16
1L
#73215008
0'
#73220008
1'
0L
1J
1:
b1111 9
1>
b1010000010010000100000000111 K
06
b1100 G
04
b110000001010000010000000011 7
10
0/
#73225008
0'
#73230008
1'
0:
0J
#73235008
0'
#73240008
1'
1?
12
b1010110111000110 <
#73245008
0'
#73250008
1'
b1010110111001000 <
0>
1F
1B
b1010110111000110 (
1+
02
00
14
#73255008
0'
#73260008
1'
1/
1L
0B
0F
b110111100000000 @
0+
b110111011111100 ,
#73265008
0'
#73270008
1'
1:
b1000000000000000000000000 3
0L
0/
10
16
b1110000011010000110000001011 K
b1010000010010000100000000111 7
#73275008
0'
#73280008
1'
04
1J
1>
0:
b1000000000000000000000000 G
06
#73285008
0'
#73290008
1'
0>
b1010110111001000 (
0J
b1010110111001100 <
14
1+
12
#73295008
0'
#73300008
1'
02
1F
1B
0+
00
#73305008
0'
#73310008
1'
0F
16
1L
b110111100000000 ,
b101000001000000001100000010 3
0B
1/
b110111100000100 @
#73315008
0'
#73320008
1'
06
10
b1110000011010000110000001011 7
0L
1>
1J
0/
b101000001000000001100000010 G
b10010000100010001000000001111 K
1:
04
#73325008
0'
#73330008
1'
14
0>
b1010110111010000 <
b1010110111001100 (
0:
0J
1+
#73335008
0'
#73340008
1'
0+
12
#73345008
0'
#73350008
1'
02
16
1F
00
b1001000010000000011100000110 3
1B
#73355008
0'
#73360008
1'
0B
0F
04
b110111100000100 ,
b110111100001000 @
06
1>
1L
1J
1/
b1001000010000000011100000110 G
#73365008
0'
#73370008
1'
0>
14
b1010110111010100 <
1+
b10010000100010001000000001111 7
0/
0L
1:
b1010110111010000 (
0J
b10110000101010001010000010011 K
10
#73375008
0'
#73380008
1'
0+
0:
#73385008
0'
#73390008
1'
12
16
b1101000011000000101100001010 3
#73395008
0'
#73400008
1'
b1101000011000000101100001010 G
00
1>
1F
1B
02
04
06
1J
#73405008
0'
#73410008
1'
0J
0>
0B
b1010110111011000 <
b110111100001000 ,
0F
b110111100001100 @
1+
1L
1/
14
b1010110111010100 (
#73415008
0'
#73420008
1'
1:
10
0+
b10110000101010001010000010011 7
0/
b11010000110010001100000010111 K
0L
#73425008
0'
#73430008
1'
0:
b10001000100000000111100001110 3
16
#73435008
0'
#73440008
1'
06
12
b10001000100000000111100001110 G
1>
1J
04
#73445008
0'
#73450008
1'
14
0>
1F
b1010110111011000 (
02
1B
0J
00
1+
0?
#73455008
0'
#73460008
1'
1L
b110111100001100 ,
0F
0+
0B
b110111100010000 @
1/
#73465008
0'
#73470008
1'
0/
16
1:
0L
b11110000111010001110000011011 K
b101000001001100010010 3
10
b11010000110010001100000010111 7
#73475008
0'
#73480008
1'
0:
1>
04
06
b101000001001100010010 G
1J
#73485008
0'
#73490008
1'
0J
12
#73495008
0'
#73500008
1'
02
1F
00
1B
#73505008
0'
#73510008
1'
0B
1/
b110111100010000 ,
1L
b1110100010001101 @
0F
#73515008
0'
#73520008
1'
0/
b11110000111010001110000011011 7
1:
10
0L
b110 M
b10000000000000000 K
#73525008
0'
#73530008
1'
0:
#73535008
0'
#73540008
1'
12
#73545008
0'
#73550008
1'
1F
1B
02
00
#73555008
0'
#73560008
1'
1/
0F
b1110011001111 @
b1110100010001101 ,
0B
1L
#73565008
0'
#73570008
1'
0L
10
b10000000000000000 7
b0 K
0/
b110 9
b1000 M
1:
#73575008
0'
#73580008
1'
0:
#73585008
0'
#73590008
1'
12
#73595008
0'
#73600008
1'
00
02
1F
1B
#73605008
0'
#73610008
1'
0B
1/
1L
0F
b1110011001111 ,
b1110011010000 @
#73615008
0'
#73620008
1'
0/
1:
b100000000110000001000000001 K
b0 7
10
b1111 M
0L
b1000 9
#73625008
0'
#73630008
1'
0:
#73635008
0'
#73640008
1'
12
#73645008
0'
#73650008
1'
1B
1?
b110111011110101 <
02
1F
00
#73655008
0'
#73660008
1'
b1110011010100 @
0B
1/
0>
b110111011110101 (
14
0F
1+
b1110011010000 ,
1L
b110111011111000 <
#73665008
0'
#73670008
1'
10
1:
b1000000001110000011000000101 K
0/
b1111 9
0L
b100000000110000001000000001 7
0+
#73675008
0'
#73680008
1'
16
0:
b10000000010000000000000000 3
#73685008
0'
#73690008
1'
1J
06
1>
04
b10000000010000000000000000 G
12
#73695008
0'
#73700008
1'
02
1+
00
b110111011111100 <
0J
1B
b110111011111000 (
0>
1F
14
#73705008
0'
#73710008
1'
0B
0+
1/
b1110011011000 @
0F
1L
b1110011010100 ,
#73715008
0'
#73720008
1'
0/
b110000001010000010000000011 3
10
16
b1100000010110000101000001001 K
0L
1:
b1000000001110000011000000101 7
#73725008
0'
#73730008
1'
06
04
1J
0:
b110000001010000010000000011 G
1>
#73735008
0'
#73740008
1'
0>
14
12
1+
b110111100000000 <
0J
b110111011111100 (
#73745008
0'
#73750008
1'
0+
1B
02
00
1F
#73755008
0'
#73760008
1'
0F
b1110011011000 ,
0B
16
1/
b1010000010010000100000000111 3
1L
b1110011011100 @
#73765008
0'
#73770008
1'
0/
1>
b1100000010110000101000001001 7
06
04
0L
b10000000011110000111000001101 K
b1010000010010000100000000111 G
1:
10
1J
#73775008
0'
#73780008
1'
0J
b110111100000000 (
1+
0>
b110111100000100 <
14
0:
#73785008
0'
#73790008
1'
0+
12
#73795008
0'
#73800008
1'
02
16
1F
1B
00
b1110000011010000110000001011 3
#73805008
0'
#73810008
1'
0F
1/
b1110011100000 @
06
b1110011011100 ,
1J
04
1L
1>
0B
b1110000011010000110000001011 G
#73815008
0'
#73820008
1'
1+
1:
0/
b110111100000100 (
b10000000011110000111000001101 7
14
10
0J
0>
b110111100001000 <
0L
b10100000100110001001000010001 K
#73825008
0'
#73830008
1'
0:
0+
#73835008
0'
#73840008
1'
b10010000100010001000000001111 3
16
12
#73845008
0'
#73850008
1'
02
1F
b10010000100010001000000001111 G
06
04
1B
00
1>
1J
#73855008
0'
#73860008
1'
0J
b110111100001000 (
b1110011100000 ,
1+
0F
1/
b1110011100100 @
0>
1L
b110111100001100 <
0B
14
#73865008
0'
#73870008
1'
0/
1:
b11000000101110001011000010101 K
0+
b10100000100110001001000010001 7
10
0L
#73875008
0'
#73880008
1'
0:
b10110000101010001010000010011 3
16
#73885008
0'
#73890008
1'
06
04
b10110000101010001010000010011 G
12
1J
1>
#73895008
0'
#73900008
1'
0>
02
14
b110111100001100 (
1F
0J
00
1B
b110111100010000 <
1+
#73905008
0'
#73910008
1'
0+
b1110011100100 ,
1L
1/
0F
b1110011101000 @
0B
#73915008
0'
#73920008
1'
16
0L
1:
b11100000110110001101000011001 K
0/
b11010000110010001100000010111 3
10
b11000000101110001011000010101 7
#73925008
0'
#73930008
1'
1>
b11010000110010001100000010111 G
0:
06
04
1J
#73935008
0'
#73940008
1'
0J
b110111100010000 (
12
0>
1+
14
b1110100010001101 <
#73945008
0'
#73950008
1'
1B
02
0+
00
1F
#73955008
0'
#73960008
1'
0F
16
0B
1L
b1110011101000 ,
b10001010010111 @
b11110000111010001110000011011 3
1/
#73965008
0'
#73970008
1'
0/
0L
1J
b11100000110110001101000011001 7
1>
1:
b11110000111010001110000011011 G
06
10
04
b1000 M
b0 K
#73975008
0'
#73980008
1'
0?
0J
0:
0>
b1110100010001101 (
14
1+
#73985008
0'
#73990008
1'
0+
12
#73995008
0'
#74000008
1'
02
1B
1F
16
b10000000000000000 3
00
#74005008
0'
#74010008
1'
1>
b10000000000000000 G
1L
1/
0B
1J
0F
04
06
b10001010011000 @
b10001010010111 ,
#74015008
0'
#74020008
1'
10
b100000000110000001000000001 K
0/
1:
b0 7
0L
0J
b1000 9
b1111 M
#74025008
0'
#74030008
1'
0:
#74035008
0'
#74040008
1'
12
#74045008
0'
#74050008
1'
02
1B
00
1F
#74055008
0'
#74060008
1'
0F
0B
b10001010011000 ,
b1110011001111 <
1/
1?
1L
b10001010011100 @
#74065008
0'
#74070008
1'
0/
b100000000110000001000000001 7
0>
b1110011010000 <
1:
b1000000001110000011000000101 K
0L
10
1+
b1111 9
14
b1110011001111 (
#74075008
0'
#74080008
1'
0:
0+
#74085008
0'
#74090008
1'
12
b0 3
16
#74095008
0'
#74100008
1'
06
1F
b0 G
1B
1>
02
04
1J
00
#74105008
0'
#74110008
1'
0B
b10001010100000 @
0F
b1110011010000 (
1/
1+
b1110011010100 <
b10001010011100 ,
0J
1L
14
0>
#74115008
0'
#74120008
1'
10
0+
b1000000001110000011000000101 7
0/
1:
b1100000010110000101000001001 K
0L
#74125008
0'
#74130008
1'
16
0:
b100000000110000001000000001 3
#74135008
0'
#74140008
1'
1>
b100000000110000001000000001 G
04
06
1J
12
#74145008
0'
#74150008
1'
02
b1110011011000 <
1B
1F
0>
1+
00
b1110011010100 (
0J
14
#74155008
0'
#74160008
1'
1L
b10001010100100 @
0+
0B
0F
b10001010100000 ,
1/
#74165008
0'
#74170008
1'
0/
b1000000001110000011000000101 3
10
0L
b1100000010110000101000001001 7
1:
b10000000011110000111000001101 K
16
#74175008
0'
#74180008
1'
06
04
1>
1J
0:
b1000000001110000011000000101 G
#74185008
0'
#74190008
1'
14
b1110011011100 <
12
1+
0J
0>
b1110011011000 (
#74195008
0'
#74200008
1'
02
1B
00
1F
0+
#74205008
0'
#74210008
1'
0B
1L
1/
16
b1100000010110000101000001001 3
b10001010101000 @
0F
b10001010100100 ,
#74215008
0'
#74220008
1'
04
b1100000010110000101000001001 G
06
0L
0/
b10100000100110001001000010001 K
1>
10
1J
1:
b10000000011110000111000001101 7
#74225008
0'
#74230008
1'
b1110011011100 (
1+
14
b1110011100000 <
0:
0J
0>
#74235008
0'
#74240008
1'
0+
12
#74245008
0'
#74250008
1'
02
1B
b10000000011110000111000001101 3
16
1F
00
#74255008
0'
#74260008
1'
1L
b10001010101000 ,
04
0B
1>
b10000000011110000111000001101 G
0F
1J
b10001010101100 @
1/
06
#74265008
0'
#74270008
1'
0>
0L
b10100000100110001001000010001 7
10
1+
14
b1110011100000 (
0/
0J
b1110011100100 <
b11000000101110001011000010101 K
1:
#74275008
0'
#74280008
1'
0:
0+
#74285008
0'
#74290008
1'
b10100000100110001001000010001 3
16
12
#74295008
0'
#74300008
1'
02
06
04
1>
1B
00
b10100000100110001001000010001 G
1F
1J
#74305008
0'
#74310008
1'
0J
0B
1+
1L
0>
b10001010101100 ,
14
0F
b1110011100100 (
1/
b10001010110000 @
b1110011101000 <
#74315008
0'
#74320008
1'
0+
1:
0L
b11000000101110001011000010101 7
10
b11100000110110001101000011001 K
0/
#74325008
0'
#74330008
1'
16
b11000000101110001011000010101 3
0:
#74335008
0'
#74340008
1'
1J
12
06
1>
04
b11000000101110001011000010101 G
#74345008
0'
#74350008
1'
1B
02
0J
1+
14
0?
0>
00
1F
b1110011101000 (
#74355008
0'
#74360008
1'
b10001010110000 ,
1/
0B
1L
0F
0+
b10001010110100 @
#74365008
0'
#74370008
1'
16
b11100000110110001101000011001 3
1:
0/
b111 M
b11100000110110001101000011001 7
0L
b111110001111000011101 K
10
#74375008
0'
#74380008
1'
b11100000110110001101000011001 G
06
0:
1J
04
1>
#74385008
0'
#74390008
1'
12
0J
#74395008
0'
#74400008
1'
00
1B
02
1F
#74405008
0'
#74410008
1'
0F
1/
b1101101001011000 @
b10001010110100 ,
0B
1L
#74415008
0'
#74420008
1'
0L
10
1:
0/
b111110001111000011101 7
b1111 M
b11000000100000000100000000 K
b111 9
#74425008
0'
#74430008
1'
0:
#74435008
0'
#74440008
1'
12
#74445008
0'
#74450008
1'
1F
00
02
1B
#74455008
0'
#74460008
1'
0B
b1101101001011100 @
1L
0F
1/
b1101101001011000 ,
#74465008
0'
#74470008
1'
0L
1:
b1111 9
0/
10
b111000001100000010100000100 K
b11000000100000000100000000 7
#74475008
0'
#74480008
1'
0:
#74485008
0'
#74490008
1'
12
#74495008
0'
#74500008
1'
1B
b10001010010111 <
02
00
1?
1F
#74505008
0'
#74510008
1'
0F
b1101101001011100 ,
1L
b10001010010111 (
0B
b1101101001100000 @
0>
1/
1+
b10001010011000 <
14
#74515008
0'
#74520008
1'
1:
b111000001100000010100000100 7
0L
b1011000010100000100100001000 K
0+
0/
10
#74525008
0'
#74530008
1'
0:
16
b0 3
#74535008
0'
#74540008
1'
04
1J
06
b0 G
1>
12
#74545008
0'
#74550008
1'
02
1F
0J
00
1B
14
b10001010011000 (
0>
b10001010011100 <
1+
#74555008
0'
#74560008
1'
0+
b1101101001100100 @
b1101101001100000 ,
0B
0F
1/
1L
#74565008
0'
#74570008
1'
0L
16
b100000000110000001000000001 3
b1011000010100000100100001000 7
1:
10
0/
b1111000011100000110100001100 K
#74575008
0'
#74580008
1'
0:
04
06
1J
1>
b100000000110000001000000001 G
#74585008
0'
#74590008
1'
1+
14
12
0>
b10001010100000 <
b10001010011100 (
0J
#74595008
0'
#74600008
1'
1B
0+
02
00
1F
#74605008
0'
#74610008
1'
0F
16
1L
0B
b1101101001100100 ,
b1101101001101000 @
b1000000001110000011000000101 3
1/
#74615008
0'
#74620008
1'
0/
b10011000100100001000100010000 K
b1000000001110000011000000101 G
1:
1J
0L
06
04
b1111000011100000110100001100 7
1>
10
#74625008
0'
#74630008
1'
14
0J
0:
0>
b10001010100000 (
1+
b10001010100100 <
#74635008
0'
#74640008
1'
0+
12
#74645008
0'
#74650008
1'
00
1F
16
1B
02
b1100000010110000101000001001 3
#74655008
0'
#74660008
1'
06
b1101101001101100 @
b1100000010110000101000001001 G
1/
0F
1J
04
b1101101001101000 ,
1L
0B
1>
#74665008
0'
#74670008
1'
0>
b10001010101000 <
b1010100010100 K
14
0/
0J
10
1:
0L
1+
b10011000100100001000100010000 7
b10001010100100 (
b11 M
#74675008
0'
#74680008
1'
0:
0+
#74685008
0'
#74690008
1'
b10000000011110000111000001101 3
16
12
#74695008
0'
#74700008
1'
02
1J
1>
1F
b10000000011110000111000001101 G
04
06
1B
00
#74705008
0'
#74710008
1'
b1101101001101100 ,
b1100000100110101 @
0F
0J
1/
b10001010101100 <
0>
0B
14
1+
b10001010101000 (
1L
#74715008
0'
#74720008
1'
0L
10
b1110 M
0/
b10000000010000000000000000 K
b11 9
0+
1:
b1010100010100 7
#74725008
0'
#74730008
1'
b10100000100110001001000010001 3
0:
16
#74735008
0'
#74740008
1'
06
b10100000100110001001000010001 G
12
1J
1>
04
#74745008
0'
#74750008
1'
14
02
b10001010110000 <
1F
00
0>
b10001010101100 (
1B
0J
1+
#74755008
0'
#74760008
1'
0+
0F
1/
1L
b1100000100111000 @
b1100000100110101 ,
0B
#74765008
0'
#74770008
1'
b10000000010000000000000000 7
16
0L
0/
b1111 M
1:
10
b1110 9
b110000001010000010000000011 K
b11000000101110001011000010101 3
#74775008
0'
#74780008
1'
04
b11000000101110001011000010101 G
06
1>
0:
1J
#74785008
0'
#74790008
1'
0J
1+
b10001010110100 <
14
12
0>
b10001010110000 (
#74795008
0'
#74800008
1'
1F
1B
0+
02
00
#74805008
0'
#74810008
1'
0B
b11100000110110001101000011001 3
1/
b1100000100111100 @
0F
1L
b1100000100111000 ,
16
#74815008
0'
#74820008
1'
06
04
10
0/
b11100000110110001101000011001 G
b110000001010000010000000011 7
1J
b1010000010010000100000000111 K
0L
b1111 9
1>
1:
#74825008
0'
#74830008
1'
0:
b10001010110100 (
14
0>
0?
0J
1+
#74835008
0'
#74840008
1'
0+
b1101101001011000 <
12
1?
#74845008
0'
#74850008
1'
1F
16
b111110001111000011101 3
1B
00
02
#74855008
0'
#74860008
1'
0B
06
0F
b111110001111000011101 G
b1100000101000000 @
1/
1J
04
b1100000100111100 ,
1>
1L
#74865008
0'
#74870008
1'
0L
b1101101001011000 (
b1010000010010000100000000111 7
1+
1:
0>
0J
0/
10
b1101101001011100 <
14
b1110000011010000110000001011 K
#74875008
0'
#74880008
1'
0+
0:
#74885008
0'
#74890008
1'
12
16
b11000000100000000100000000 3
#74895008
0'
#74900008
1'
1B
06
02
b11000000100000000100000000 G
1F
04
1J
1>
00
#74905008
0'
#74910008
1'
b1001000000011010 @
1L
0B
b1101101001011100 (
0>
14
0F
1+
0J
b1100000101000000 ,
b1101101001100000 <
1/
#74915008
0'
#74920008
1'
0/
10
b1000000000000000000000000 K
1:
0L
b1110000011010000110000001011 7
b1100 M
0+
#74925008
0'
#74930008
1'
b111000001100000010100000100 3
0:
16
#74935008
0'
#74940008
1'
06
b111000001100000010100000100 G
12
04
1>
1J
#74945008
0'
#74950008
1'
0J
1+
00
1B
0>
02
b1101101001100100 <
b1101101001100000 (
14
1F
#74955008
0'
#74960008
1'
0F
1L
0+
1/
b1001000000011100 @
0B
b1001000000011010 ,
#74965008
0'
#74970008
1'
0/
10
0L
16
1:
b101000001000000001100000010 K
b1011000010100000100100001000 3
b1111 M
b1100 9
b1000000000000000000000000 7
#74975008
0'
#74980008
1'
1J
0:
06
b1011000010100000100100001000 G
04
1>
#74985008
0'
#74990008
1'
0>
1+
0J
14
12
b1101101001101000 <
b1101101001100100 (
#74995008
0'
#75000008
1'
1F
0+
00
1B
02
#75005008
0'
#75010008
1'
b1001000000011100 ,
1/
0F
16
1L
0B
b1001000000100000 @
b1111000011100000110100001100 3
#75015008
0'
#75020008
1'
06
b101000001000000001100000010 7
b1001000010000000011100000110 K
0/
1>
1:
b1111000011100000110100001100 G
1J
b1111 9
10
0L
04
#75025008
0'
#75030008
1'
14
0>
b1101101001101000 (
1+
b1101101001101100 <
0:
0J
#75035008
0'
#75040008
1'
12
0+
#75045008
0'
#75050008
1'
16
b10011000100100001000100010000 3
1F
02
1B
00
#75055008
0'
#75060008
1'
04
1J
06
1>
1/
b1001000000100000 ,
0B
b10011000100100001000100010000 G
1L
b1001000000100100 @
0F
#75065008
0'
#75070008
1'
0/
10
b1101101001101100 (
1+
0>
0J
14
b1101000011000000101100001010 K
b1001000010000000011100000110 7
1:
0L
b1100000100110101 <
#75075008
0'
#75080008
1'
0+
0:
#75085008
0'
#75090008
1'
b1010100010100 3
16
12
#75095008
0'
#75100008
1'
02
00
1F
04
1J
1>
06
b1010100010100 G
1B
#75105008
0'
#75110008
1'
0B
0J
1/
14
b1100000100111000 <
b1100000100110101 (
0F
b1001000000101000 @
0>
b1001000000100100 ,
1+
1L
#75115008
0'
#75120008
1'
0L
b10001000100000000111100001110 K
1:
0/
10
0+
b1101000011000000101100001010 7
#75125008
0'
#75130008
1'
0:
b10000000010000000000000000 3
16
#75135008
0'
#75140008
1'
06
12
1J
04
b10000000010000000000000000 G
1>
#75145008
0'
#75150008
1'
0>
0J
b1100000100111000 (
1B
02
b1100000100111100 <
1+
1F
14
00
#75155008
0'
#75160008
1'
1/
1L
0B
b1001000000101100 @
0F
b1001000000101000 ,
0+
#75165008
0'
#75170008
1'
0L
10
0/
1:
b10001000100000000111100001110 7
16
b1001100010010 K
b110000001010000010000000011 3
b11 M
#75175008
0'
#75180008
1'
06
1J
1>
0:
04
b110000001010000010000000011 G
#75185008
0'
#75190008
1'
0>
1+
12
0J
b1100000100111100 (
14
b1100000101000000 <
#75195008
0'
#75200008
1'
02
0+
00
1F
1B
#75205008
0'
#75210008
1'
0B
16
1L
1/
0F
b1010000010010000100000000111 3
b1001000000101100 ,
b100101110110000 @
#75215008
0'
#75220008
1'
0L
b1111 M
1J
1>
b1010000010010000100000000111 G
06
b1001100010010 7
1:
0/
04
b11000000100000000100000000 K
10
b11 9
#75225008
0'
#75230008
1'
0J
0?
1+
0>
b1100000101000000 (
0:
14
#75235008
0'
#75240008
1'
0+
12
#75245008
0'
#75250008
1'
02
16
1B
00
1F
b1110000011010000110000001011 3
#75255008
0'
#75260008
1'
06
b100101110110100 @
04
1L
b1110000011010000110000001011 G
1J
0F
0B
b100101110110000 ,
1>
1/
#75265008
0'
#75270008
1'
0/
b1111 9
0L
1:
0J
b11000000100000000100000000 7
b111000001100000010100000100 K
10
#75275008
0'
#75280008
1'
0:
#75285008
0'
#75290008
1'
12
#75295008
0'
#75300008
1'
02
00
1F
1B
#75305008
0'
#75310008
1'
0B
b100101110111000 @
1/
0F
1L
b100101110110100 ,
#75315008
0'
#75320008
1'
0L
0/
b1011000010100000100100001000 K
1:
10
b111000001100000010100000100 7
#75325008
0'
#75330008
1'
0:
#75335008
0'
#75340008
1'
12
1?
b1001000000011010 <
#75345008
0'
#75350008
1'
b1001000000011100 <
02
1B
14
1+
00
0>
1F
b1001000000011010 (
#75355008
0'
#75360008
1'
b100101110111100 @
0B
b100101110111000 ,
0F
0+
1/
1L
#75365008
0'
#75370008
1'
0L
b1000000000000000000000000 3
b1 M
16
0/
1:
10
b1011000010100000100100001000 7
b1100 K
#75375008
0'
#75380008
1'
b1000000000000000000000000 G
04
06
1>
0:
1J
#75385008
0'
#75390008
1'
0J
b1001000000011100 (
12
b1001000000100000 <
1+
0>
14
#75395008
0'
#75400008
1'
02
1B
1F
0+
00
#75405008
0'
#75410008
1'
b101000001000000001100000010 3
1L
b101001101010110 @
b100101110111100 ,
0F
0B
1/
16
#75415008
0'
#75420008
1'
06
0L
b1000000000000000000000000 K
10
b1100 M
b1 9
04
1J
b101000001000000001100000010 G
0/
1>
1:
b1100 7
#75425008
0'
#75430008
1'
0J
14
b1001000000100000 (
0:
0>
1+
b1001000000100100 <
#75435008
0'
#75440008
1'
12
0+
#75445008
0'
#75450008
1'
00
16
b1001000010000000011100000110 3
02
1B
1F
#75455008
0'
#75460008
1'
0F
06
1L
04
1J
0B
1/
b1001000010000000011100000110 G
b101001101010110 ,
b101001101011000 @
1>
#75465008
0'
#75470008
1'
0>
14
b1111 M
1+
b1000000000000000000000000 7
b101000001000000001100000010 K
0L
10
b1001000000101000 <
b1100 9
b1001000000100100 (
0J
1:
0/
#75475008
0'
#75480008
1'
0+
0:
#75485008
0'
#75490008
1'
16
12
b1101000011000000101100001010 3
#75495008
0'
#75500008
1'
1>
1F
04
00
02
1B
06
1J
b1101000011000000101100001010 G
#75505008
0'
#75510008
1'
14
b1001000000101100 <
0>
1/
0F
1L
0J
b1001000000101000 (
b101001101011100 @
b101001101011000 ,
0B
1+
#75515008
0'
#75520008
1'
0+
0/
1:
b101000001000000001100000010 7
b1001000010000000011100000110 K
10
0L
b1111 9
#75525008
0'
#75530008
1'
b10001000100000000111100001110 3
0:
16
#75535008
0'
#75540008
1'
06
b10001000100000000111100001110 G
04
1>
1J
12
#75545008
0'
#75550008
1'
02
14
1F
b100101110110000 <
1+
0J
00
1B
0>
b1001000000101100 (
#75555008
0'
#75560008
1'
0F
1/
0+
0B
1L
b101001101011100 ,
b1111101100111010 @
#75565008
0'
#75570008
1'
16
b1100 M
b1001000010000000011100000110 7
b1001100010010 3
1:
b1000000000000000000000000 K
0L
0/
10
#75575008
0'
#75580008
1'
04
b1001100010010 G
06
1>
1J
0:
#75585008
0'
#75590008
1'
b100101110110100 <
12
14
b100101110110000 (
0J
0>
1+
#75595008
0'
#75600008
1'
0+
00
02
1F
1B
#75605008
0'
#75610008
1'
0B
b1111101100111100 @
0F
16
b11000000100000000100000000 3
1/
b1111101100111010 ,
1L
#75615008
0'
#75620008
1'
0L
b1100 9
04
b1000000000000000000000000 7
1:
10
b1111 M
b11000000100000000100000000 G
06
0/
1>
1J
b101000001000000001100000010 K
#75625008
0'
#75630008
1'
14
1+
0:
b100101110111000 <
0J
0>
b100101110110100 (
#75635008
0'
#75640008
1'
12
0+
#75645008
0'
#75650008
1'
1B
02
00
b111000001100000010100000100 3
1F
16
#75655008
0'
#75660008
1'
06
1L
0B
04
0F
b1111101101000000 @
1>
b1111101100111100 ,
b111000001100000010100000100 G
1J
1/
#75665008
0'
#75670008
1'
0/
b100101110111000 (
1+
b1111 9
b1001000010000000011100000110 K
0L
b101000001000000001100000010 7
1:
0J
10
14
b100101110111100 <
0>
#75675008
0'
#75680008
1'
0+
0:
#75685008
0'
#75690008
1'
12
16
b1011000010100000100100001000 3
#75695008
0'
#75700008
1'
1>
1B
02
06
1J
1F
04
b1011000010100000100100001000 G
00
#75705008
0'
#75710008
1'
0B
b100101110111100 (
1/
0>
1L
b1111101101000100 @
b101001101010110 <
14
0J
1+
0F
b1111101101000000 ,
#75715008
0'
#75720008
1'
b1001000010000000011100000110 7
10
0/
1:
b1101000011000000101100001010 K
0L
0+
#75725008
0'
#75730008
1'
0:
b1100 3
16
#75735008
0'
#75740008
1'
06
1>
b1100 G
12
1J
04
#75745008
0'
#75750008
1'
14
1+
1B
b101001101010110 (
00
0J
0>
1F
02
b101001101011000 <
#75755008
0'
#75760008
1'
b1111101101000100 ,
0B
1/
0+
1L
0F
b1111101101001000 @
#75765008
0'
#75770008
1'
16
1:
b111 M
0/
b1101000011000000101100001010 7
10
b1000000000000000000000000 3
0L
b100000000111100001110 K
#75775008
0'
#75780008
1'
06
04
0:
1J
1>
b1000000000000000000000000 G
#75785008
0'
#75790008
1'
14
b101001101011100 <
b101001101011000 (
0>
12
0J
1+
#75795008
0'
#75800008
1'
0+
1B
1F
02
00
#75805008
0'
#75810008
1'
b11000100100 @
1/
16
b1111101101001000 ,
1L
0F
b101000001000000001100000010 3
0B
#75815008
0'
#75820008
1'
06
b101000001000000001100000010 G
10
04
b11000000100000000100000000 K
0/
b111 9
b1111 M
1J
b100000000111100001110 7
1>
0L
1:
#75825008
0'
#75830008
1'
0:
14
1+
0?
b101001101011100 (
0>
0J
#75835008
0'
#75840008
1'
0+
12
#75845008
0'
#75850008
1'
02
1B
00
16
b1001000010000000011100000110 3
1F
#75855008
0'
#75860008
1'
0F
0B
b1001000010000000011100000110 G
1J
04
1/
b11000101000 @
1L
1>
06
b11000100100 ,
#75865008
0'
#75870008
1'
0/
b1111 9
10
1:
0J
b111000001100000010100000100 K
0L
b11000000100000000100000000 7
#75875008
0'
#75880008
1'
0:
#75885008
0'
#75890008
1'
12
#75895008
0'
#75900008
1'
02
1F
1B
00
#75905008
0'
#75910008
1'
0B
b11000101000 ,
1/
0F
1L
b11000101100 @
#75915008
0'
#75920008
1'
0/
10
1:
b111000001100000010100000100 7
0L
b1011000010100000100100001000 K
#75925008
0'
#75930008
1'
0:
#75935008
0'
#75940008
1'
12
#75945008
0'
#75950008
1'
02
1B
b1111101100111010 <
00
1F
1?
#75955008
0'
#75960008
1'
b1111101100111100 <
b11000110000 @
1/
0B
b11000101100 ,
14
0F
1L
1+
0>
b1111101100111010 (
#75965008
0'
#75970008
1'
b1111000011100000110100001100 K
0/
1:
0+
0L
10
b1011000010100000100100001000 7
#75975008
0'
#75980008
1'
b1000000000000000000000000 3
0:
16
#75985008
0'
#75990008
1'
12
1J
b1000000000000000000000000 G
06
04
1>
#75995008
0'
#76000008
1'
0>
0J
b1111101100111100 (
b1111101101000000 <
02
1B
14
00
1F
1+
#76005008
0'
#76010008
1'
0+
b11000110000 ,
1/
b11000110100 @
0F
0B
1L
#76015008
0'
#76020008
1'
0L
0/
b1111000011100000110100001100 7
b1000100010000 K
b11 M
10
1:
16
b101000001000000001100000010 3
#76025008
0'
#76030008
1'
1J
1>
06
b101000001000000001100000010 G
04
0:
#76035008
0'
#76040008
1'
0J
12
1+
b1111101101000100 <
b1111101101000000 (
14
0>
#76045008
0'
#76050008
1'
0+
02
1B
1F
00
#76055008
0'
#76060008
1'
b1001000010000000011100000110 3
1L
1/
b11000110100 ,
0F
16
b1000010010100000 @
0B
#76065008
0'
#76070008
1'
0/
10
1:
b1000100010000 7
0L
1>
1J
b11 9
04
06
b1001000010000000011100000110 G
b11000000100000000100000000 K
b1111 M
#76075008
0'
#76080008
1'
0J
b1111101101001000 <
0>
0:
1+
b1111101101000100 (
14
#76085008
0'
#76090008
1'
0+
12
#76095008
0'
#76100008
1'
00
1B
b1101000011000000101100001010 3
02
1F
16
#76105008
0'
#76110008
1'
06
0B
04
1/
1J
1>
1L
0F
b1000010010100100 @
b1000010010100000 ,
b1101000011000000101100001010 G
#76115008
0'
#76120008
1'
0>
0?
1:
0J
10
b11000000100000000100000000 7
0/
14
0L
b111000001100000010100000100 K
b1111 9
1+
b1111101101001000 (
#76125008
0'
#76130008
1'
0:
0+
#76135008
0'
#76140008
1'
16
b100000000111100001110 3
12
#76145008
0'
#76150008
1'
02
b100000000111100001110 G
1B
1>
00
1J
04
1F
06
#76155008
0'
#76160008
1'
1/
1?
b11000100100 <
0B
0F
0J
b1000010010100100 ,
b1000010010101000 @
1L
#76165008
0'
#76170008
1'
0L
1+
10
b11000101000 <
0>
b111000001100000010100000100 7
0/
b11000100100 (
1:
14
b1011000010100000100100001000 K
#76175008
0'
#76180008
1'
0+
0:
#76185008
0'
#76190008
1'
16
12
b11000000100000000100000000 3
#76195008
0'
#76200008
1'
06
b11000000100000000100000000 G
00
1>
02
1F
1B
04
1J
#76205008
0'
#76210008
1'
0J
1/
1L
b11000101100 <
14
1+
0>
b1000010010101100 @
0B
b1000010010101000 ,
0F
b11000101000 (
#76215008
0'
#76220008
1'
0L
10
1:
0/
b1111000011100000110100001100 K
b1011000010100000100100001000 7
0+
#76225008
0'
#76230008
1'
b111000001100000010100000100 3
0:
16
#76235008
0'
#76240008
1'
06
1J
b111000001100000010100000100 G
12
04
1>
#76245008
0'
#76250008
1'
0>
0J
b11000101100 (
1+
00
14
1F
b11000110000 <
02
1B
#76255008
0'
#76260008
1'
0B
0+
1L
1/
b1000010010101100 ,
0F
b1000010010110000 @
#76265008
0'
#76270008
1'
0L
b10011000100100001000100010000 K
16
1:
b1011000010100000100100001000 3
10
b1111000011100000110100001100 7
0/
#76275008
0'
#76280008
1'
0:
1J
1>
06
b1011000010100000100100001000 G
04
#76285008
0'
#76290008
1'
14
0>
0J
1+
b11000110000 (
b11000110100 <
12
#76295008
0'
#76300008
1'
02
0+
1B
1F
00
#76305008
0'
#76310008
1'
1/
b1000010010110100 @
1L
0F
b1111000011100000110100001100 3
16
0B
b1000010010110000 ,
#76315008
0'
#76320008
1'
10
1:
0/
1>
04
1J
b10111000101100001010100010100 K
0L
b10011000100100001000100010000 7
06
b1111000011100000110100001100 G
#76325008
0'
#76330008
1'
0J
1+
14
0:
0?
0>
b11000110100 (
#76335008
0'
#76340008
1'
12
0+
#76345008
0'
#76350008
1'
02
00
1B
1F
16
b1000100010000 3
#76355008
0'
#76360008
1'
b1000100010000 G
b1000010010111000 @
b1000010010110100 ,
1J
04
1/
06
1>
0F
0B
1L
#76365008
0'
#76370008
1'
0L
b11 M
0J
1:
0/
10
b1100100011000 K
b10111000101100001010100010100 7
#76375008
0'
#76380008
1'
0:
#76385008
0'
#76390008
1'
12
#76395008
0'
#76400008
1'
02
1B
00
1F
#76405008
0'
#76410008
1'
0F
1L
b1000010010111000 ,
b11011100111101 @
1/
0B
#76415008
0'
#76420008
1'
b1100100011000 7
b1110 M
0L
0/
10
1:
b10000000010000000000000000 K
b11 9
#76425008
0'
#76430008
1'
0:
#76435008
0'
#76440008
1'
12
#76445008
0'
#76450008
1'
1B
1F
02
00
#76455008
0'
#76460008
1'
0B
b11011100111101 ,
0F
1/
1L
b11011101000000 @
#76465008
0'
#76470008
1'
10
b1111 M
b1110 9
b10000000010000000000000000 7
0L
0/
1:
b110000001010000010000000011 K
#76475008
0'
#76480008
1'
0:
#76485008
0'
#76490008
1'
12
#76495008
0'
#76500008
1'
1B
00
02
1F
#76505008
0'
#76510008
1'
0F
1?
0B
b11011101000100 @
b1000010010100000 <
b11011101000000 ,
1/
1L
#76515008
0'
#76520008
1'
0L
b1000010010100000 (
14
b1111 9
1+
b1010000010010000100000000111 K
0/
10
1:
b1000010010100100 <
b110000001010000010000000011 7
0>
#76525008
0'
#76530008
1'
0+
0:
#76535008
0'
#76540008
1'
b11000000100000000100000000 3
12
16
#76545008
0'
#76550008
1'
06
1B
1>
1J
b11000000100000000100000000 G
1F
04
02
00
#76555008
0'
#76560008
1'
0F
0>
0B
1L
b1000010010100100 (
0J
1+
b11011101001000 @
1/
14
b11011101000100 ,
b1000010010101000 <
#76565008
0'
#76570008
1'
1:
10
0L
0+
b1110000011010000110000001011 K
0/
b1010000010010000100000000111 7
#76575008
0'
#76580008
1'
16
0:
b111000001100000010100000100 3
#76585008
0'
#76590008
1'
1>
06
b111000001100000010100000100 G
12
1J
04
#76595008
0'
#76600008
1'
14
b1000010010101000 (
00
b1000010010101100 <
1F
0>
1B
0J
02
1+
#76605008
0'
#76610008
1'
0+
0F
1L
b11011101001000 ,
b11011101001100 @
0B
1/
#76615008
0'
#76620008
1'
0/
b1011000010100000100100001000 3
10
b1110000011010000110000001011 7
16
1:
b10010000100010001000000001111 K
0L
#76625008
0'
#76630008
1'
1>
04
b1011000010100000100100001000 G
0:
1J
06
#76635008
0'
#76640008
1'
0>
b1000010010101100 (
1+
b1000010010110000 <
0J
12
14
#76645008
0'
#76650008
1'
0+
00
02
1B
1F
#76655008
0'
#76660008
1'
0F
16
1L
1/
b1111000011100000110100001100 3
0B
b1011100100010111 @
b11011101001100 ,
#76665008
0'
#76670008
1'
0/
b10010000100010001000000001111 7
0L
06
04
1>
b1000 M
10
b0 K
1J
1:
b1111000011100000110100001100 G
#76675008
0'
#76680008
1'
0>
14
b1000010010110000 (
1+
0:
b1000010010110100 <
0J
#76685008
0'
#76690008
1'
0+
12
#76695008
0'
#76700008
1'
1F
16
02
00
1B
b10011000100100001000100010000 3
#76705008
0'
#76710008
1'
1J
b1011100100010111 ,
b10011000100100001000100010000 G
1/
1L
0F
04
1>
0B
b1011100100011000 @
06
#76715008
0'
#76720008
1'
14
b0 7
0J
0/
b1000 9
0L
b1000010010110100 (
0>
b1 M
1+
b1000010010111000 <
10
1:
b1 K
#76725008
0'
#76730008
1'
0:
0+
#76735008
0'
#76740008
1'
b10111000101100001010100010100 3
16
12
#76745008
0'
#76750008
1'
02
b10111000101100001010100010100 G
04
1F
1J
06
1>
00
1B
#76755008
0'
#76760008
1'
0B
0F
1L
b1011100100011000 ,
14
0?
1/
0J
b111011100100111 @
b1000010010111000 (
0>
1+
#76765008
0'
#76770008
1'
0+
b0 K
0L
b1 9
b1 7
10
0/
b1000 M
1:
#76775008
0'
#76780008
1'
0:
b1100100011000 3
16
#76785008
0'
#76790008
1'
06
12
04
b1100100011000 G
1J
1>
#76795008
0'
#76800008
1'
1F
1B
02
0J
00
#76805008
0'
#76810008
1'
0B
1?
0F
1L
b111011100100111 ,
1/
b1010011110110000 @
b11011100111101 <
#76815008
0'
#76820008
1'
b11011101000000 <
0L
14
10
1:
b1000 9
0>
b11000000100000000100000000 K
1+
b0 7
0/
b1111 M
b11011100111101 (
#76825008
0'
#76830008
1'
0:
0+
#76835008
0'
#76840008
1'
16
12
b10000000010000000000000000 3
#76845008
0'
#76850008
1'
00
04
1F
1B
1>
02
06
b10000000010000000000000000 G
1J
#76855008
0'
#76860008
1'
0J
0B
1L
b11011101000100 <
b11011101000000 (
0F
1+
14
0>
b1010011110110100 @
1/
b1010011110110000 ,
#76865008
0'
#76870008
1'
0+
b111000001100000010100000100 K
0L
10
b1111 9
0/
1:
b11000000100000000100000000 7
#76875008
0'
#76880008
1'
b110000001010000010000000011 3
0:
16
#76885008
0'
#76890008
1'
06
1J
12
04
b110000001010000010000000011 G
1>
#76895008
0'
#76900008
1'
0>
1+
1B
00
1F
b11011101001000 <
b11011101000100 (
02
0J
14
#76905008
0'
#76910008
1'
b1010011110110100 ,
0+
0F
0B
1L
1/
b1010011110111000 @
#76915008
0'
#76920008
1'
16
b111000001100000010100000100 7
b10100000100100001000 K
10
0/
1:
0L
b111 M
b1010000010010000100000000111 3
#76925008
0'
#76930008
1'
04
1>
06
b1010000010010000100000000111 G
0:
1J
#76935008
0'
#76940008
1'
0J
0>
b11011101001100 <
14
1+
b11011101001000 (
12
#76945008
0'
#76950008
1'
02
1B
1F
00
0+
#76955008
0'
#76960008
1'
0B
b1110000011010000110000001011 3
b110011101101010 @
b1010011110111000 ,
0F
1/
16
1L
#76965008
0'
#76970008
1'
0L
1J
04
b1000000000000000000000000 K
1>
b10100000100100001000 7
06
b111 9
1:
b1100 M
0/
10
b1110000011010000110000001011 G
#76975008
0'
#76980008
1'
0>
0J
1+
b1011100100010111 <
14
b11011101001100 (
0:
#76985008
0'
#76990008
1'
0+
12
#76995008
0'
#77000008
1'
02
1B
b10010000100010001000000001111 3
00
16
1F
#77005008
0'
#77010008
1'
0F
0B
b110011101101100 @
1>
b10010000100010001000000001111 G
1L
1J
06
1/
04
b110011101101010 ,
#77015008
0'
#77020008
1'
0L
0>
b1011100100011000 <
1+
1:
b101000001000000001100000010 K
14
b1100 9
b1011100100010111 (
b1000000000000000000000000 7
0/
10
b1111 M
0J
#77025008
0'
#77030008
1'
0:
0+
#77035008
0'
#77040008
1'
12
b0 3
16
#77045008
0'
#77050008
1'
06
1J
1F
1B
1>
b0 G
04
02
00
#77055008
0'
#77060008
1'
0>
b110011101101100 ,
0J
1L
b110011101110000 @
0B
0F
1+
b111011100100111 <
14
b1011100100011000 (
1/
#77065008
0'
#77070008
1'
0/
0+
10
0L
1:
b1111 9
b1001000010000000011100000110 K
b101000001000000001100000010 7
#77075008
0'
#77080008
1'
16
0:
b1 3
#77085008
0'
#77090008
1'
1>
1J
06
04
12
b1 G
#77095008
0'
#77100008
1'
0>
00
1F
1B
1+
02
b111011100100111 (
14
0J
b1010011110110000 <
#77105008
0'
#77110008
1'
1/
1L
b110011101110000 ,
0B
0F
b110011101110100 @
0+
#77115008
0'
#77120008
1'
0/
b0 3
b1001000010000000011100000110 7
0L
10
b1101000011000000101100001010 K
1:
16
#77125008
0'
#77130008
1'
06
b0 G
1>
0:
1J
04
#77135008
0'
#77140008
1'
14
b1010011110110100 <
1+
0J
0>
12
b1010011110110000 (
#77145008
0'
#77150008
1'
1F
1B
02
0+
00
#77155008
0'
#77160008
1'
1L
1/
0F
16
b110011101110100 ,
b11000000100000000100000000 3
0B
b110011101111000 @
#77165008
0'
#77170008
1'
10
04
b11000000100000000100000000 G
06
0/
0L
b1101000011000000101100001010 7
1>
1:
1J
b10001000100000000111100001110 K
#77175008
0'
#77180008
1'
b1010011110110100 (
b1010011110111000 <
14
0J
1+
0:
0>
#77185008
0'
#77190008
1'
12
0+
#77195008
0'
#77200008
1'
00
16
1F
b111000001100000010100000100 3
02
1B
#77205008
0'
#77210008
1'
0B
1>
1L
b110011101111000 ,
b110011101111100 @
06
1/
b111000001100000010100000100 G
04
0F
1J
#77215008
0'
#77220008
1'
0J
0/
0L
0>
b10101000101000001001100010010 K
b1010011110111000 (
10
0?
1+
1:
14
b10001000100000000111100001110 7
#77225008
0'
#77230008
1'
0:
0+
#77235008
0'
#77240008
1'
16
12
b10100000100100001000 3
#77245008
0'
#77250008
1'
00
1J
1B
1>
02
1F
06
04
b10100000100100001000 G
#77255008
0'
#77260008
1'
0B
1L
1/
0J
b110011110000000 @
b110011101111100 ,
0F
#77265008
0'
#77270008
1'
10
0/
0L
b10101000101000001001100010010 7
b11001000110000001011100010110 K
1:
#77275008
0'
#77280008
1'
0:
#77285008
0'
#77290008
1'
12
#77295008
0'
#77300008
1'
1F
1B
00
02
#77305008
0'
#77310008
1'
0B
b110011110000100 @
0F
1L
1/
b110011110000000 ,
#77315008
0'
#77320008
1'
0L
1:
b11001000110000001011100010110 7
0/
b1 M
10
b11010 K
#77325008
0'
#77330008
1'
0:
#77335008
0'
#77340008
1'
12
#77345008
0'
#77350008
1'
02
1B
1F
00
#77355008
0'
#77360008
1'
b110011110000100 ,
0B
1L
b1110011110100011 @
0F
1/
#77365008
0'
#77370008
1'
0/
10
1:
b0 K
0L
b11010 7
b1 9
b1000 M
#77375008
0'
#77380008
1'
0:
#77385008
0'
#77390008
1'
12
#77395008
0'
#77400008
1'
02
00
1B
1F
#77405008
0'
#77410008
1'
0F
1/
b1110011110100011 ,
0B
b1110011110100100 @
1L
#77415008
0'
#77420008
1'
0L
0/
10
b100000000110000001000000001 K
1:
b1111 M
b1000 9
b0 7
#77425008
0'
#77430008
1'
0:
b110011101101010 <
1?
#77435008
0'
#77440008
1'
b110011101101010 (
12
b110011101101100 <
0>
1+
14
#77445008
0'
#77450008
1'
1F
00
0+
02
1B
#77455008
0'
#77460008
1'
0B
1/
1L
b1000000000000000000000000 3
0F
b1110011110101000 @
b1110011110100100 ,
16
#77465008
0'
#77470008
1'
06
b1000000000000000000000000 G
0/
1:
b100000000110000001000000001 7
0L
b1000000001110000011000000101 K
1J
04
10
b1111 9
1>
#77475008
0'
#77480008
1'
0>
0J
0:
b110011101101100 (
14
b110011101110000 <
1+
#77485008
0'
#77490008
1'
0+
12
#77495008
0'
#77500008
1'
02
b101000001000000001100000010 3
16
1B
00
1F
#77505008
0'
#77510008
1'
0F
06
1/
b101000001000000001100000010 G
1J
1>
1L
b1110011110101000 ,
0B
b1011000101001 @
04
#77515008
0'
#77520008
1'
14
0>
1:
0J
0/
b10000000010000000000000000 K
b1000000001110000011000000101 7
10
b110011101110000 (
b110011101110100 <
0L
b1110 M
1+
#77525008
0'
#77530008
1'
0+
0:
#77535008
0'
#77540008
1'
16
b1001000010000000011100000110 3
12
#77545008
0'
#77550008
1'
02
04
06
1F
1J
1>
b1001000010000000011100000110 G
00
1B
#77555008
0'
#77560008
1'
0B
0>
14
0J
1+
1/
0F
b1011000101100 @
1L
b110011101110100 (
b110011101111000 <
b1011000101001 ,
#77565008
0'
#77570008
1'
0/
b110000001010000010000000011 K
1:
0+
10
b1111 M
b10000000010000000000000000 7
b1110 9
0L
#77575008
0'
#77580008
1'
0:
b1101000011000000101100001010 3
16
#77585008
0'
#77590008
1'
06
12
04
1>
1J
b1101000011000000101100001010 G
#77595008
0'
#77600008
1'
0>
1B
14
02
0J
b110011101111100 <
00
1+
1F
b110011101111000 (
#77605008
0'
#77610008
1'
1L
1/
b1011000101100 ,
0B
0F
0+
b1011000110000 @
#77615008
0'
#77620008
1'
0L
b10001000100000000111100001110 3
0/
16
1:
b1010000010010000100000000111 K
b1111 9
b110000001010000010000000011 7
10
#77625008
0'
#77630008
1'
0:
04
b10001000100000000111100001110 G
06
1>
1J
#77635008
0'
#77640008
1'
0J
b110011101111100 (
14
0>
b110011110000000 <
12
1+
#77645008
0'
#77650008
1'
0+
00
02
1F
1B
#77655008
0'
#77660008
1'
0B
16
b1011000110100 @
b1011000110000 ,
1/
b10101000101000001001100010010 3
1L
0F
#77665008
0'
#77670008
1'
06
1:
0/
1J
b10101000101000001001100010010 G
0L
1>
b1 M
04
b1010000010010000100000000111 7
10
b1011 K
#77675008
0'
#77680008
1'
0J
b110011110000000 (
1+
0:
0>
b110011110000100 <
14
#77685008
0'
#77690008
1'
0+
12
#77695008
0'
#77700008
1'
02
1F
1B
b11001000110000001011100010110 3
16
00
#77705008
0'
#77710008
1'
0F
04
1J
0B
b1011000110100 ,
b10111111101110 @
1/
06
b11001000110000001011100010110 G
1L
1>
#77715008
0'
#77720008
1'
0>
b1000000000000000000000000 K
10
0J
14
b110011110000100 (
0L
1+
0/
b1100 M
b1011 7
b1 9
b1110011110100011 <
1:
#77725008
0'
#77730008
1'
0:
0+
#77735008
0'
#77740008
1'
b11010 3
12
16
#77745008
0'
#77750008
1'
06
1>
1F
04
1J
00
1B
02
b11010 G
#77755008
0'
#77760008
1'
b10111111110000 @
0>
1+
0J
0F
b10111111101110 ,
14
b1110011110100100 <
1L
b1110011110100011 (
0B
1/
#77765008
0'
#77770008
1'
0/
10
0+
b101000001000000001100000010 K
1:
0L
b1100 9
b1000000000000000000000000 7
b1111 M
#77775008
0'
#77780008
1'
b0 3
16
0:
#77785008
0'
#77790008
1'
b0 G
1>
1J
06
04
12
#77795008
0'
#77800008
1'
02
1+
0>
00
1F
14
b1110011110101000 <
0J
1B
b1110011110100100 (
#77805008
0'
#77810008
1'
b10111111110000 ,
b10111111110100 @
0+
1/
0B
0F
1L
#77815008
0'
#77820008
1'
0L
10
1:
b100000000110000001000000001 3
0/
16
b101000001000000001100000010 7
b1001000010000000011100000110 K
b1111 9
#77825008
0'
#77830008
1'
0:
1>
b100000000110000001000000001 G
04
06
1J
#77835008
0'
#77840008
1'
0J
1+
b1110011110101000 (
0>
12
0?
14
#77845008
0'
#77850008
1'
02
00
0+
1F
1B
#77855008
0'
#77860008
1'
0B
1L
b1101000111100111 @
b10111111110100 ,
0F
1?
b1000000001110000011000000101 3
b1011000101001 <
16
1/
#77865008
0'
#77870008
1'
0/
10
1J
b1000 M
04
0L
1>
1:
06
b0 K
b1000000001110000011000000101 G
b1001000010000000011100000110 7
#77875008
0'
#77880008
1'
0>
0J
14
b1011000101001 (
0:
1+
b1011000101100 <
#77885008
0'
#77890008
1'
12
0+
#77895008
0'
#77900008
1'
00
1B
02
1F
b10000000010000000000000000 3
16
#77905008
0'
#77910008
1'
06
04
b1101000111101000 @
1/
1J
1>
1L
0B
b10000000010000000000000000 G
b1101000111100111 ,
0F
#77915008
0'
#77920008
1'
0>
b1000 9
14
1+
b0 7
0J
10
b1011000110000 <
b1111 M
0/
0L
1:
b100000000110000001000000001 K
b1011000101100 (
#77925008
0'
#77930008
1'
0+
0:
#77935008
0'
#77940008
1'
16
b110000001010000010000000011 3
12
#77945008
0'
#77950008
1'
02
1F
1>
04
1J
00
1B
06
b110000001010000010000000011 G
#77955008
0'
#77960008
1'
0J
0F
14
b1011000110000 (
b1011000110100 <
0>
b1101000111101100 @
1+
b1101000111101000 ,
0B
1/
1L
#77965008
0'
#77970008
1'
0L
1:
b1111 9
b100000000110000001000000001 7
0/
0+
10
b1000000001110000011000000101 K
#77975008
0'
#77980008
1'
0:
16
b1010000010010000100000000111 3
#77985008
0'
#77990008
1'
1>
b1010000010010000100000000111 G
12
1J
04
06
#77995008
0'
#78000008
1'
0J
0>
02
b10111111101110 <
1F
b1011000110100 (
14
00
1+
1B
#78005008
0'
#78010008
1'
0B
0F
1L
0+
b1101000111110000 @
1/
b1101000111101100 ,
#78015008
0'
#78020008
1'
16
b1011 3
b1100000010110000101000001001 K
0/
0L
1:
b1000000001110000011000000101 7
10
#78025008
0'
#78030008
1'
06
1>
1J
b1011 G
0:
04
#78035008
0'
#78040008
1'
14
0J
0>
b10111111110000 <
12
b10111111101110 (
1+
#78045008
0'
#78050008
1'
0+
1B
1F
00
02
#78055008
0'
#78060008
1'
0F
b1101000111110000 ,
b1000000000000000000000000 3
0B
16
1/
b1101000111110100 @
1L
#78065008
0'
#78070008
1'
0L
1>
04
1J
10
1:
b10000000011110000111000001101 K
0/
b1100000010110000101000001001 7
06
b1000000000000000000000000 G
#78075008
0'
#78080008
1'
1+
14
0>
b10111111110100 <
0J
0:
b10111111110000 (
#78085008
0'
#78090008
1'
12
0+
#78095008
0'
#78100008
1'
1F
1B
02
b101000001000000001100000010 3
16
00
#78105008
0'
#78110008
1'
b101000001000000001100000010 G
0B
0F
1>
04
1L
b1101000111110100 ,
06
b1101000111111000 @
1J
1/
#78115008
0'
#78120008
1'
0/
10
1+
b10111111110100 (
0L
14
0>
0J
0?
1:
b10000000011110000111000001101 7
b10100000100110001001000010001 K
#78125008
0'
#78130008
1'
0+
0:
#78135008
0'
#78140008
1'
12
b1001000010000000011100000110 3
16
#78145008
0'
#78150008
1'
06
04
00
1B
b1001000010000000011100000110 G
1F
1J
1>
02
#78155008
0'
#78160008
1'
1/
0B
1L
0F
b1101000111111000 ,
0J
b1101000111111100 @
#78165008
0'
#78170008
1'
1:
0/
b11000000101110001011000010101 K
10
0L
b10100000100110001001000010001 7
#78175008
0'
#78180008
1'
0:
#78185008
0'
#78190008
1'
12
#78195008
0'
#78200008
1'
02
1B
00
1F
#78205008
0'
#78210008
1'
0F
b1101001000000000 @
1/
0B
1L
b1101000111111100 ,
#78215008
0'
#78220008
1'
1:
b11000000101110001011000010101 7
b11100000110110001101000011001 K
0L
10
0/
#78225008
0'
#78230008
1'
0:
#78235008
0'
#78240008
1'
12
#78245008
0'
#78250008
1'
02
1F
00
1B
#78255008
0'
#78260008
1'
0B
b1101001000000000 ,
b1100000010111010 @
1/
0F
1L
#78265008
0'
#78270008
1'
0L
b1100 M
1:
b11100000110110001101000011001 7
0/
10
b1000000000000000000000000 K
#78275008
0'
#78280008
1'
0:
#78285008
0'
#78290008
1'
12
#78295008
0'
#78300008
1'
02
1B
00
1F
#78305008
0'
#78310008
1'
0F
b1100000010111100 @
b1100000010111010 ,
1L
0B
1/
#78315008
0'
#78320008
1'
0/
b1100 9
b101000001000000001100000010 K
1:
b1111 M
0L
10
b1000000000000000000000000 7
#78325008
0'
#78330008
1'
0:
#78335008
0'
#78340008
1'
12
b1101000111100111 <
1?
#78345008
0'
#78350008
1'
14
1F
b1101000111100111 (
b1101000111101000 <
0>
1+
02
1B
00
#78355008
0'
#78360008
1'
b1100000010111100 ,
1/
0F
b1100000011000000 @
0B
1L
0+
#78365008
0'
#78370008
1'
1:
10
b101000001000000001100000010 7
16
0/
b1001000010000000011100000110 K
b1111 9
0L
b0 3
#78375008
0'
#78380008
1'
b0 G
0:
06
04
1J
1>
#78385008
0'
#78390008
1'
0>
1+
0J
b1101000111101100 <
b1101000111101000 (
14
12
#78395008
0'
#78400008
1'
02
1F
00
0+
1B
#78405008
0'
#78410008
1'
0B
0F
16
b100000000110000001000000001 3
1/
b1100000011000000 ,
1L
b1100000011000100 @
#78415008
0'
#78420008
1'
0/
1>
b1101000011000000101100001010 K
06
1:
b1001000010000000011100000110 7
b100000000110000001000000001 G
0L
04
1J
10
#78425008
0'
#78430008
1'
0:
0>
0J
1+
14
b1101000111101100 (
b1101000111110000 <
#78435008
0'
#78440008
1'
12
0+
#78445008
0'
#78450008
1'
1B
1F
00
b1000000001110000011000000101 3
16
02
#78455008
0'
#78460008
1'
b1100000011001000 @
1/
0B
0F
06
1>
1L
b1000000001110000011000000101 G
04
1J
b1100000011000100 ,
#78465008
0'
#78470008
1'
1+
b1101000011000000101100001010 7
b1101000111110100 <
0/
10
1:
b10001000100000000111100001110 K
0J
0>
14
0L
b1101000111110000 (
#78475008
0'
#78480008
1'
0:
0+
#78485008
0'
#78490008
1'
b1100000010110000101000001001 3
12
16
#78495008
0'
#78500008
1'
06
1B
00
02
1F
04
1>
1J
b1100000010110000101000001001 G
#78505008
0'
#78510008
1'
0B
1+
b1101000111110100 (
b1100000011001000 ,
1/
b1101000111111000 <
b1100000011001100 @
0J
1L
0>
0F
14
#78515008
0'
#78520008
1'
1:
0+
0/
b10001000100000000111100001110 7
10
b10010 K
0L
b1 M
#78525008
0'
#78530008
1'
b10000000011110000111000001101 3
0:
16
#78535008
0'
#78540008
1'
06
04
b10000000011110000111000001101 G
1J
12
1>
#78545008
0'
#78550008
1'
0>
14
b1101000111111100 <
1B
1+
b1101000111111000 (
02
1F
0J
00
#78555008
0'
#78560008
1'
0+
1/
0B
b1100000011001100 ,
b1001001100001111 @
0F
1L
#78565008
0'
#78570008
1'
0L
10
b1000 M
16
0/
1:
b10100000100110001001000010001 3
b1 9
b10010 7
b0 K
#78575008
0'
#78580008
1'
0:
04
1>
06
1J
b10100000100110001001000010001 G
#78585008
0'
#78590008
1'
0>
14
b1101001000000000 <
1+
0J
b1101000111111100 (
12
#78595008
0'
#78600008
1'
02
00
1B
0+
1F
#78605008
0'
#78610008
1'
0F
1L
1/
0B
b11000000101110001011000010101 3
b1001001100010000 @
b1001001100001111 ,
16
#78615008
0'
#78620008
1'
06
0L
b100000000110000001000000001 K
10
b11000000101110001011000010101 G
1:
04
b1111 M
1>
0/
b0 7
1J
b1000 9
#78625008
0'
#78630008
1'
14
0:
0?
0J
0>
1+
b1101001000000000 (
#78635008
0'
#78640008
1'
12
0+
#78645008
0'
#78650008
1'
00
16
1F
b1100000010111010 <
02
1?
1B
b11100000110110001101000011001 3
#78655008
0'
#78660008
1'
0F
1L
06
b11100000110110001101000011001 G
04
0B
1>
1J
b1001001100010000 ,
b1001001100010100 @
1/
#78665008
0'
#78670008
1'
0/
b1100000010111010 (
1+
b1000000001110000011000000101 K
10
1:
0L
b1111 9
0>
b1100000010111100 <
14
b100000000110000001000000001 7
0J
#78675008
0'
#78680008
1'
0:
0+
#78685008
0'
#78690008
1'
b1000000000000000000000000 3
16
12
#78695008
0'
#78700008
1'
02
b1000000000000000000000000 G
1J
1F
00
06
1>
1B
04
#78705008
0'
#78710008
1'
14
0F
1+
1L
b1100000010111100 (
1/
0J
0B
b1001001100011000 @
0>
b1001001100010100 ,
b1100000011000000 <
#78715008
0'
#78720008
1'
0/
0L
0+
1:
b1100000010110000101000001001 K
10
b1000000001110000011000000101 7
#78725008
0'
#78730008
1'
0:
b101000001000000001100000010 3
16
#78735008
0'
#78740008
1'
06
04
12
b101000001000000001100000010 G
1J
1>
#78745008
0'
#78750008
1'
0>
02
b1100000011000100 <
1F
14
1+
b1100000011000000 (
0J
00
1B
#78755008
0'
#78760008
1'
0B
0+
1/
0F
1L
b1001001100011000 ,
b1001001100011100 @
#78765008
0'
#78770008
1'
b1100000010110000101000001001 7
0/
1:
16
10
b1001000010000000011100000110 3
0L
b10000000011110000111000001101 K
#78775008
0'
#78780008
1'
1>
0:
04
06
b1001000010000000011100000110 G
1J
#78785008
0'
#78790008
1'
0J
12
0>
b1100000011001000 <
1+
b1100000011000100 (
14
#78795008
0'
#78800008
1'
1F
1B
02
0+
00
#78805008
0'
#78810008
1'
0B
b1001001100100000 @
0F
1/
1L
b1001001100011100 ,
b1101000011000000101100001010 3
16
#78815008
0'
#78820008
1'
06
b10100000100110001001000010001 K
10
04
1J
1:
1>
b10000000011110000111000001101 7
0/
b1101000011000000101100001010 G
0L
#78825008
0'
#78830008
1'
0>
b1100000011001100 <
0:
0J
14
1+
b1100000011001000 (
#78835008
0'
#78840008
1'
0+
12
#78845008
0'
#78850008
1'
1F
16
00
1B
02
b10001000100000000111100001110 3
#78855008
0'
#78860008
1'
1J
1L
06
0F
b1001001100100100 @
1>
0B
b10001000100000000111100001110 G
04
1/
b1001001100100000 ,
#78865008
0'
#78870008
1'
10
b1100000011001100 (
b11000000101110001011000010101 K
0L
0J
1:
0/
0>
b10100000100110001001000010001 7
14
1+
0?
#78875008
0'
#78880008
1'
0+
0:
#78885008
0'
#78890008
1'
b10010 3
16
12
#78895008
0'
#78900008
1'
02
1J
00
1F
06
04
1>
b10010 G
1B
#78905008
0'
#78910008
1'
0B
b1001001100101000 @
b1001001100100100 ,
0J
1L
1/
0F
#78915008
0'
#78920008
1'
10
b11100000110110001101000011001 K
0/
1:
0L
b11000000101110001011000010101 7
#78925008
0'
#78930008
1'
0:
#78935008
0'
#78940008
1'
12
#78945008
0'
#78950008
1'
02
1F
1B
00
#78955008
0'
#78960008
1'
0B
0F
b1001001100101000 ,
b1001001100101100 @
1L
1/
#78965008
0'
#78970008
1'
0/
10
b11 M
b11100000110110001101000011001 7
0L
b1111000011101 K
1:
#78975008
0'
#78980008
1'
0:
#78985008
0'
#78990008
1'
12
#78995008
0'
#79000008
1'
02
00
1F
1B
#79005008
0'
#79010008
1'
0B
0F
1/
b1001001100101100 ,
1L
b100100100111011 @
#79015008
0'
#79020008
1'
0/
b1000 M
1:
10
0L
b1111000011101 7
b11 9
b0 K
#79025008
0'
#79030008
1'
0:
#79035008
0'
#79040008
1'
12
#79045008
0'
#79050008
1'
02
1B
1F
00
#79055008
0'
#79060008
1'
0B
1/
b100100100111100 @
0F
1L
b100100100111011 ,
#79065008
0'
#79070008
1'
0/
b100000000110000001000000001 K
10
1:
b1111 M
0L
b1000 9
b0 7
#79075008
0'
#79080008
1'
0:
#79085008
0'
#79090008
1'
12
#79095008
0'
#79100008
1'
02
1B
00
1F
#79105008
0'
#79110008
1'
0F
0B
1/
b100100100111100 ,
b100100101000000 @
1L
#79115008
0'
#79120008
1'
0L
0/
b100000000110000001000000001 7
1:
b1000000001110000011000000101 K
10
b1111 9
#79125008
0'
#79130008
1'
0:
#79135008
0'
#79140008
1'
12
#79145008
0'
#79150008
1'
02
1B
1?
1F
b1001001100001111 <
00
#79155008
0'
#79160008
1'
0F
0B
1L
b1001001100001111 (
1/
b1001001100010000 <
b100100101000100 @
1+
b100100101000000 ,
0>
14
#79165008
0'
#79170008
1'
10
0L
b1000000001110000011000000101 7
1:
0/
b1100000010110000101000001001 K
0+
#79175008
0'
#79180008
1'
b0 3
0:
16
#79185008
0'
#79190008
1'
06
04
1J
12
1>
b0 G
#79195008
0'
#79200008
1'
0J
14
1F
b1001001100010000 (
1+
00
1B
0>
02
b1001001100010100 <
#79205008
0'
#79210008
1'
0+
1L
0F
0B
b100100101000100 ,
b100100101001000 @
1/
#79215008
0'
#79220008
1'
0/
10
16
0L
b1100000010110000101000001001 7
1:
b100000000110000001000000001 3
b10000000011110000111000001101 K
#79225008
0'
#79230008
1'
b100000000110000001000000001 G
04
1J
06
1>
0:
#79235008
0'
#79240008
1'
0J
14
b1001001100011000 <
1+
b1001001100010100 (
0>
12
#79245008
0'
#79250008
1'
02
0+
00
1F
1B
#79255008
0'
#79260008
1'
0B
1L
1/
0F
b100100101001100 @
b1000000001110000011000000101 3
16
b100100101001000 ,
#79265008
0'
#79270008
1'
0L
1:
b1000000001110000011000000101 G
b10100000100110001001000010001 K
04
1J
06
0/
10
1>
b10000000011110000111000001101 7
#79275008
0'
#79280008
1'
14
0:
b1001001100011100 <
1+
0>
0J
b1001001100011000 (
#79285008
0'
#79290008
1'
12
0+
#79295008
0'
#79300008
1'
1B
02
1F
00
b1100000010110000101000001001 3
16
#79305008
0'
#79310008
1'
06
b100100101001100 ,
1L
04
b1100000010110000101000001001 G
0B
1>
1J
b100100101010000 @
0F
1/
#79315008
0'
#79320008
1'
0/
14
1+
b10100000100110001001000010001 7
b1001001100100000 <
0L
1:
b11000000101110001011000010101 K
b1001001100011100 (
10
0J
0>
#79325008
0'
#79330008
1'
0+
0:
#79335008
0'
#79340008
1'
16
b10000000011110000111000001101 3
12
#79345008
0'
#79350008
1'
02
1>
04
1J
1B
b10000000011110000111000001101 G
06
00
1F
#79355008
0'
#79360008
1'
0F
0>
1/
1+
b1001001100100100 <
1L
b100100101010000 ,
0J
14
0B
b100100101010100 @
b1001001100100000 (
#79365008
0'
#79370008
1'
0L
b11100000110110001101000011001 K
1:
b11000000101110001011000010101 7
0+
0/
10
#79375008
0'
#79380008
1'
0:
b10100000100110001001000010001 3
16
#79385008
0'
#79390008
1'
06
12
1>
1J
04
b10100000100110001001000010001 G
#79395008
0'
#79400008
1'
02
b1001001100100100 (
1+
1F
00
b1001001100101000 <
14
0J
1B
0>
#79405008
0'
#79410008
1'
1L
0F
0+
0B
1/
b100100101011000 @
b100100101010100 ,
#79415008
0'
#79420008
1'
10
0L
16
b11100000110110001101000011001 7
b11101 K
0/
b1 M
1:
b11000000101110001011000010101 3
#79425008
0'
#79430008
1'
b11000000101110001011000010101 G
1>
06
0:
1J
04
#79435008
0'
#79440008
1'
14
0>
12
b1001001100101000 (
0J
1+
b1001001100101100 <
#79445008
0'
#79450008
1'
02
1F
00
0+
1B
#79455008
0'
#79460008
1'
0B
b100100101011000 ,
b11100000110110001101000011001 3
0F
1L
b101001100011001 @
16
1/
#79465008
0'
#79470008
1'
0/
1>
b1 9
04
b11100000110110001101000011001 G
b11101 7
06
b10000000010000000000000000 K
10
1:
b1110 M
0L
1J
#79475008
0'
#79480008
1'
0J
0>
14
0?
1+
b1001001100101100 (
0:
#79485008
0'
#79490008
1'
12
0+
#79495008
0'
#79500008
1'
1F
1B
b1111000011101 3
02
16
00
#79505008
0'
#79510008
1'
0B
04
b1111000011101 G
1/
0F
1J
1>
b101001100011001 ,
06
1L
b101001100011100 @
#79515008
0'
#79520008
1'
10
0J
1:
b1110 9
0/
0L
b10000000010000000000000000 7
b110000001010000010000000011 K
b1111 M
#79525008
0'
#79530008
1'
0:
#79535008
0'
#79540008
1'
12
#79545008
0'
#79550008
1'
1B
00
1F
02
#79555008
0'
#79560008
1'
b101001100100000 @
0B
0F
1/
b101001100011100 ,
1L
#79565008
0'
#79570008
1'
0L
1:
b1111 9
10
0/
b110000001010000010000000011 7
b1010000010010000100000000111 K
#79575008
0'
#79580008
1'
0:
#79585008
0'
#79590008
1'
12
#79595008
0'
#79600008
1'
02
1F
1B
00
#79605008
0'
#79610008
1'
b100100100111011 <
b101001100100100 @
1L
0B
1?
0F
b101001100100000 ,
1/
#79615008
0'
#79620008
1'
0/
10
1:
14
1+
0>
b1110000011010000110000001011 K
b100100100111100 <
0L
b1010000010010000100000000111 7
b100100100111011 (
#79625008
0'
#79630008
1'
0:
0+
#79635008
0'
#79640008
1'
12
b0 3
16
#79645008
0'
#79650008
1'
04
00
b0 G
1>
1J
06
02
1B
1F
#79655008
0'
#79660008
1'
0F
0>
b100100100111100 (
1+
1/
b101001100101000 @
14
0B
b100100101000000 <
b101001100100100 ,
0J
1L
#79665008
0'
#79670008
1'
0L
b10010000100010001000000001111 K
0/
1:
0+
10
b1110000011010000110000001011 7
#79675008
0'
#79680008
1'
0:
b100000000110000001000000001 3
16
#79685008
0'
#79690008
1'
06
1>
b100000000110000001000000001 G
1J
04
12
#79695008
0'
#79700008
1'
02
0>
b100100101000000 (
1+
1F
14
00
1B
0J
b100100101000100 <
#79705008
0'
#79710008
1'
0+
b101001100101100 @
1L
1/
0F
0B
b101001100101000 ,
#79715008
0'
#79720008
1'
0L
16
b10010000100010001000000001111 7
b10110000101010001010000010011 K
b1000000001110000011000000101 3
10
1:
0/
#79725008
0'
#79730008
1'
1>
06
0:
b1000000001110000011000000101 G
1J
04
#79735008
0'
#79740008
1'
14
b100100101000100 (
12
b100100101001000 <
0>
1+
0J
#79745008
0'
#79750008
1'
02
0+
1B
00
1F
#79755008
0'
#79760008
1'
0F
1/
b101001100101100 ,
b101001100110000 @
1L
16
0B
b1100000010110000101000001001 3
#79765008
0'
#79770008
1'
1>
04
1J
b10110000101010001010000010011 7
b11 M
0/
10
b1100000010110000101000001001 G
1:
06
b1100000010111 K
0L
#79775008
0'
#79780008
1'
b100100101001000 (
14
0>
0J
b100100101001100 <
1+
0:
#79785008
0'
#79790008
1'
0+
12
#79795008
0'
#79800008
1'
b10000000011110000111000001101 3
1F
02
1B
00
16
#79805008
0'
#79810008
1'
06
b1111111001000101 @
1L
1J
1>
b101001100110000 ,
04
0F
1/
0B
b10000000011110000111000001101 G
#79815008
0'
#79820008
1'
b1110 M
b11 9
1:
0>
0L
b1100000010111 7
0J
b100100101001100 (
14
1+
10
0/
b100100101010000 <
b10000000010000000000000000 K
#79825008
0'
#79830008
1'
0:
0+
#79835008
0'
#79840008
1'
b10100000100110001001000010001 3
16
12
#79845008
0'
#79850008
1'
02
1J
b10100000100110001001000010001 G
1>
06
1B
04
1F
00
#79855008
0'
#79860008
1'
b1111111001000101 ,
1+
0J
b1111111001001000 @
1L
0F
0>
b100100101010000 (
14
b100100101010100 <
1/
0B
#79865008
0'
#79870008
1'
10
b1111 M
b10000000010000000000000000 7
b1110 9
0+
b110000001010000010000000011 K
0/
1:
0L
#79875008
0'
#79880008
1'
b11000000101110001011000010101 3
0:
16
#79885008
0'
#79890008
1'
06
12
b11000000101110001011000010101 G
1J
1>
04
#79895008
0'
#79900008
1'
14
1+
1B
02
00
0>
1F
0J
b100100101011000 <
b100100101010100 (
#79905008
0'
#79910008
1'
b1111111001001100 @
1L
0B
0+
b1111111001001000 ,
1/
0F
#79915008
0'
#79920008
1'
16
0L
b1111 9
b110000001010000010000000011 7
0/
b11100000110110001101000011001 3
10
b1010000010010000100000000111 K
1:
#79925008
0'
#79930008
1'
0:
b11100000110110001101000011001 G
04
06
1J
1>
#79935008
0'
#79940008
1'
0>
14
1+
b100100101011000 (
12
0J
b101001100011001 <
#79945008
0'
#79950008
1'
1F
0+
1B
02
00
#79955008
0'
#79960008
1'
0F
1L
b1111111001010000 @
b11101 3
1/
0B
16
b1111111001001100 ,
#79965008
0'
#79970008
1'
04
1:
1>
0L
10
b11101 G
06
1J
b1010000010010000100000000111 7
b1110000011010000110000001011 K
0/
#79975008
0'
#79980008
1'
b101001100011001 (
14
1+
b101001100011100 <
0>
0:
0J
#79985008
0'
#79990008
1'
0+
12
#79995008
0'
#80000008
1'
02
00
1F
16
1B
b10000000010000000000000000 3
#80005008
0'
#80010008
1'
1>
04
1/
b1111111001010000 ,
1J
1L
0B
b1111111001010100 @
b10000000010000000000000000 G
06
0F
#80015008
0'
#80020008
1'
0J
10
14
b101001100011100 (
0>
0/
b101001100100000 <
b1 M
1+
0L
1:
b1111 K
b1110000011010000110000001011 7
#80025008
0'
#80030008
1'
0+
0:
#80035008
0'
#80040008
1'
b110000001010000010000000011 3
12
16
#80045008
0'
#80050008
1'
06
1F
04
00
1J
1>
02
1B
b110000001010000010000000011 G
#80055008
0'
#80060008
1'
0J
14
0F
b101001100100100 <
1/
b101001100100000 (
b1111111001010100 ,
0B
0>
1+
b110110000100 @
1L
#80065008
0'
#80070008
1'
0L
b1111 7
0/
10
b1 9
1:
b11000000100000000100000000 K
b1111 M
0+
#80075008
0'
#80080008
1'
16
b1010000010010000100000000111 3
0:
#80085008
0'
#80090008
1'
1J
b1010000010010000100000000111 G
04
06
12
1>
#80095008
0'
#80100008
1'
0>
14
b101001100100100 (
0J
1+
00
b101001100101000 <
1F
02
1B
#80105008
0'
#80110008
1'
0B
0+
1L
1/
b110110000100 ,
b110110001000 @
0F
#80115008
0'
#80120008
1'
1:
0L
10
b11000000100000000100000000 7
0/
b1111 9
16
b111000001100000010100000100 K
b1110000011010000110000001011 3
#80125008
0'
#80130008
1'
1J
04
1>
b1110000011010000110000001011 G
0:
06
#80135008
0'
#80140008
1'
0J
b101001100101100 <
b101001100101000 (
0>
1+
14
12
#80145008
0'
#80150008
1'
02
0+
1F
00
1B
#80155008
0'
#80160008
1'
0B
b10010000100010001000000001111 3
16
0F
1L
b110110001100 @
1/
b110110001000 ,
#80165008
0'
#80170008
1'
1J
b10010000100010001000000001111 G
10
06
1>
0/
04
1:
b111000001100000010100000100 7
0L
b1011000010100000100100001000 K
#80175008
0'
#80180008
1'
0J
b101001100110000 <
1+
b101001100101100 (
14
0>
0:
#80185008
0'
#80190008
1'
12
0+
#80195008
0'
#80200008
1'
16
1F
1B
02
00
b10110000101010001010000010011 3
#80205008
0'
#80210008
1'
06
b110110001100 ,
0B
0F
b10110000101010001010000010011 G
1J
1>
1L
1/
04
b110110010000 @
#80215008
0'
#80220008
1'
b1111000011100000110100001100 K
1+
1:
10
b1111111001000101 <
14
0>
0J
b101001100110000 (
0/
0L
b1011000010100000100100001000 7
#80225008
0'
#80230008
1'
0+
0:
#80235008
0'
#80240008
1'
b1100000010111 3
16
12
#80245008
0'
#80250008
1'
02
b1100000010111 G
00
06
1F
1B
1>
04
1J
#80255008
0'
#80260008
1'
0J
0F
b110110010100 @
1+
b110110010000 ,
14
0B
1L
b1111111001001000 <
0>
1/
b1111111001000101 (
#80265008
0'
#80270008
1'
0+
1:
b1111000011100000110100001100 7
b10011000100100001000100010000 K
10
0/
0L
#80275008
0'
#80280008
1'
0:
16
b10000000010000000000000000 3
#80285008
0'
#80290008
1'
1J
12
06
b10000000010000000000000000 G
04
1>
#80295008
0'
#80300008
1'
0>
b1111111001001000 (
1+
02
1F
0J
14
1B
00
b1111111001001100 <
#80305008
0'
#80310008
1'
0F
1L
0+
b110110011000 @
1/
b110110010100 ,
0B
#80315008
0'
#80320008
1'
16
b101100001010100010100 K
b110000001010000010000000011 3
0L
1:
b10011000100100001000100010000 7
b111 M
10
0/
#80325008
0'
#80330008
1'
0:
06
1>
1J
04
b110000001010000010000000011 G
#80335008
0'
#80340008
1'
1+
b1111111001010000 <
b1111111001001100 (
12
14
0J
0>
#80345008
0'
#80350008
1'
1B
0+
1F
00
02
#80355008
0'
#80360008
1'
16
1/
1L
b1010000010010000100000000111 3
0B
b1000110010101001 @
b110110011000 ,
0F
#80365008
0'
#80370008
1'
1>
1:
b1010000010010000100000000111 G
0L
06
b10000000010000000000000000 K
0/
1J
10
b101100001010100010100 7
04
b1110 M
b111 9
#80375008
0'
#80380008
1'
0>
b1111111001010000 (
0:
1+
b1111111001010100 <
0J
14
#80385008
0'
#80390008
1'
0+
12
#80395008
0'
#80400008
1'
02
b1110000011010000110000001011 3
1F
16
1B
00
#80405008
0'
#80410008
1'
0F
04
1>
b1110000011010000110000001011 G
1L
0B
1J
1/
b1000110010101001 ,
06
b1000110010101100 @
#80415008
0'
#80420008
1'
1+
10
b1110 9
b110000001010000010000000011 K
0>
1:
14
b1111111001010100 (
0J
b1111 M
0L
0/
b10000000010000000000000000 7
0?
#80425008
0'
#80430008
1'
1?
0+
0:
b110110000100 <
#80435008
0'
#80440008
1'
12
b1111 3
16
#80445008
0'
#80450008
1'
06
b1111 G
00
04
02
1F
1>
1J
1B
#80455008
0'
#80460008
1'
0B
0F
b110110001000 <
1+
b1000110010110000 @
14
0J
0>
b110110000100 (
1/
b1000110010101100 ,
1L
#80465008
0'
#80470008
1'
0L
0+
10
b1111 9
b1010000010010000100000000111 K
1:
0/
b110000001010000010000000011 7
#80475008
0'
#80480008
1'
16
b11000000100000000100000000 3
0:
#80485008
0'
#80490008
1'
b11000000100000000100000000 G
12
1J
04
06
1>
#80495008
0'
#80500008
1'
0>
b110110001100 <
1B
1F
00
1+
02
14
0J
b110110001000 (
#80505008
0'
#80510008
1'
b1000110010110100 @
0F
1L
0B
1/
b1000110010110000 ,
0+
#80515008
0'
#80520008
1'
1:
10
b1010000010010000100000000111 7
0L
16
b111000001100000010100000100 3
0/
b1110000011010000110000001011 K
#80525008
0'
#80530008
1'
0:
1>
b111000001100000010100000100 G
1J
06
04
#80535008
0'
#80540008
1'
14
0>
b110110001100 (
1+
b110110010000 <
0J
12
#80545008
0'
#80550008
1'
02
0+
00
1F
1B
#80555008
0'
#80560008
1'
0B
b1000110010111000 @
0F
1/
1L
b1000110010110100 ,
b1011000010100000100100001000 3
16
#80565008
0'
#80570008
1'
06
10
1>
04
b10010000100010001000000001111 K
b1110000011010000110000001011 7
1:
0/
1J
b1011000010100000100100001000 G
0L
#80575008
0'
#80580008
1'
b110110010000 (
14
0>
1+
0:
0J
b110110010100 <
#80585008
0'
#80590008
1'
12
0+
#80595008
0'
#80600008
1'
16
00
1B
02
b1111000011100000110100001100 3
1F
#80605008
0'
#80610008
1'
0F
1L
1>
06
04
b1111000011100000110100001100 G
0B
b1000110010111100 @
1J
b1000110010111000 ,
1/
#80615008
0'
#80620008
1'
0/
b10010000100010001000000001111 7
1+
b110110010100 (
10
0>
0L
b110110011000 <
b1010000010011 K
14
0J
1:
b11 M
#80625008
0'
#80630008
1'
0+
0:
#80635008
0'
#80640008
1'
16
12
b10011000100100001000100010000 3
#80645008
0'
#80650008
1'
1F
00
1>
02
06
b10011000100100001000100010000 G
1J
1B
04
#80655008
0'
#80660008
1'
14
1/
1L
b110110011000 (
0?
0F
0B
b1000110010111100 ,
0>
1+
0J
b11011110110111 @
#80665008
0'
#80670008
1'
b1000 M
b1010000010011 7
1:
0/
10
0L
b11 9
0+
b0 K
#80675008
0'
#80680008
1'
b101100001010100010100 3
0:
16
#80685008
0'
#80690008
1'
06
04
12
1J
1>
b101100001010100010100 G
#80695008
0'
#80700008
1'
00
1B
1F
0J
02
#80705008
0'
#80710008
1'
1L
b11011110111000 @
1/
b11011110110111 ,
0F
0B
#80715008
0'
#80720008
1'
b1111 M
b100000000110000001000000001 K
0L
b0 7
10
1:
b1000 9
0/
#80725008
0'
#80730008
1'
0:
#80735008
0'
#80740008
1'
12
#80745008
0'
#80750008
1'
02
1B
1F
00
#80755008
0'
#80760008
1'
1/
1L
b11011110111100 @
0F
0B
b11011110111000 ,
#80765008
0'
#80770008
1'
0L
1?
0/
b1000110010101001 <
10
b1000000001110000011000000101 K
1:
b100000000110000001000000001 7
b1111 9
#80775008
0'
#80780008
1'
b1000110010101100 <
b1000110010101001 (
0>
0:
1+
14
#80785008
0'
#80790008
1'
12
0+
#80795008
0'
#80800008
1'
00
b10000000010000000000000000 3
16
02
1B
1F
#80805008
0'
#80810008
1'
0F
b11011110111100 ,
04
1/
1L
b10000000010000000000000000 G
0B
06
1J
b11011111000000 @
1>
#80815008
0'
#80820008
1'
0>
0L
1+
14
0/
b1000110010110000 <
10
b1000000001110000011000000101 7
b1100000010110000101000001001 K
0J
b1000110010101100 (
1:
#80825008
0'
#80830008
1'
0:
0+
#80835008
0'
#80840008
1'
b110000001010000010000000011 3
12
16
#80845008
0'
#80850008
1'
06
1>
1F
04
02
00
b110000001010000010000000011 G
1B
1J
#80855008
0'
#80860008
1'
0J
0F
1L
b11011111000000 ,
b1000110010110100 <
0>
1/
1+
0B
14
b11011111000100 @
b1000110010110000 (
#80865008
0'
#80870008
1'
0/
0L
1:
10
0+
b1100000010110000101000001001 7
b10000000011110000111000001101 K
#80875008
0'
#80880008
1'
16
0:
b1010000010010000100000000111 3
#80885008
0'
#80890008
1'
1J
1>
12
06
04
b1010000010010000100000000111 G
#80895008
0'
#80900008
1'
b1000110010110100 (
1F
0J
b1000110010111000 <
14
1B
0>
1+
02
00
#80905008
0'
#80910008
1'
1L
0F
b11011111000100 ,
1/
b11011111001000 @
0+
0B
#80915008
0'
#80920008
1'
10
b1110000011010000110000001011 3
b10100000100110001001000010001 K
0L
1:
b10000000011110000111000001101 7
16
0/
#80925008
0'
#80930008
1'
1J
b1110000011010000110000001011 G
06
04
0:
1>
#80935008
0'
#80940008
1'
0>
0J
b1000110010111000 (
12
1+
b1000110010111100 <
14
#80945008
0'
#80950008
1'
1B
00
1F
02
0+
#80955008
0'
#80960008
1'
1/
0B
b10010000100010001000000001111 3
b11011111001000 ,
1L
0F
b11011111001100 @
16
#80965008
0'
#80970008
1'
06
1J
10
04
b101110001011000010101 K
1>
b111 M
0/
1:
b10100000100110001001000010001 7
0L
b10010000100010001000000001111 G
#80975008
0'
#80980008
1'
1+
0J
0?
0>
14
b1000110010111100 (
0:
#80985008
0'
#80990008
1'
0+
12
#80995008
0'
#81000008
1'
02
00
16
b1010000010011 3
1B
1F
#81005008
0'
#81010008
1'
0F
1>
b1010000010011 G
06
1J
0B
1L
b1011001100110011 @
04
b11011111001100 ,
1/
#81015008
0'
#81020008
1'
0/
b1000 M
1:
b111 9
10
b0 K
0J
0L
b101110001011000010101 7
#81025008
0'
#81030008
1'
0:
#81035008
0'
#81040008
1'
12
#81045008
0'
#81050008
1'
02
00
1F
1B
#81055008
0'
#81060008
1'
0B
1/
0F
1L
b1011001100110011 ,
b1011001100110100 @
#81065008
0'
#81070008
1'
10
1:
b0 7
b1000 9
b1 M
0/
0L
b1 K
#81075008
0'
#81080008
1'
0:
#81085008
0'
#81090008
1'
12
#81095008
0'
#81100008
1'
02
1B
00
1F
#81105008
0'
#81110008
1'
0F
0B
b111110001111110 @
1L
b1011001100110100 ,
1/
#81115008
0'
#81120008
1'
0/
1:
b1 9
b1000000000000000000000000 K
b1 7
10
0L
b1100 M
#81125008
0'
#81130008
1'
1?
0:
b11011110110111 <
#81135008
0'
#81140008
1'
b11011110111000 <
0>
12
b11011110110111 (
14
1+
#81145008
0'
#81150008
1'
0+
1F
1B
02
00
#81155008
0'
#81160008
1'
0F
16
1/
b0 3
b111110001111110 ,
1L
b111110010000000 @
0B
#81165008
0'
#81170008
1'
0/
10
06
b101000001000000001100000010 K
1>
b1100 9
b0 G
b1111 M
1:
0L
04
b1000000000000000000000000 7
1J
#81175008
0'
#81180008
1'
0J
1+
0>
b11011110111100 <
14
b11011110111000 (
0:
#81185008
0'
#81190008
1'
0+
12
#81195008
0'
#81200008
1'
02
1B
00
1F
16
b100000000110000001000000001 3
#81205008
0'
#81210008
1'
0F
1>
0B
b100000000110000001000000001 G
1/
1J
06
b111110010000000 ,
b111110010000100 @
04
1L
#81215008
0'
#81220008
1'
0L
0/
0>
1:
b1001000010000000011100000110 K
10
b1111 9
14
1+
0J
b11011110111100 (
b101000001000000001100000010 7
b11011111000000 <
#81225008
0'
#81230008
1'
0:
0+
#81235008
0'
#81240008
1'
b1000000001110000011000000101 3
12
16
#81245008
0'
#81250008
1'
06
00
1B
1F
b1000000001110000011000000101 G
1>
02
04
1J
#81255008
0'
#81260008
1'
0J
1+
1L
0F
b11011111000100 <
1/
0B
14
0>
b111110010001000 @
b11011111000000 (
b111110010000100 ,
#81265008
0'
#81270008
1'
0/
10
0L
0+
b1101000011000000101100001010 K
b1001000010000000011100000110 7
1:
#81275008
0'
#81280008
1'
0:
b1100000010110000101000001001 3
16
#81285008
0'
#81290008
1'
06
1J
b1100000010110000101000001001 G
12
1>
04
#81295008
0'
#81300008
1'
14
0J
1+
b11011111001000 <
00
1F
0>
1B
b11011111000100 (
02
#81305008
0'
#81310008
1'
b111110010001000 ,
1L
1/
0+
0F
0B
b111110010001100 @
#81315008
0'
#81320008
1'
10
b10000000011110000111000001101 3
1:
16
0/
0L
b10001000100000000111100001110 K
b1101000011000000101100001010 7
#81325008
0'
#81330008
1'
04
06
0:
1J
1>
b10000000011110000111000001101 G
#81335008
0'
#81340008
1'
12
b11011111001100 <
14
0>
b11011111001000 (
0J
1+
#81345008
0'
#81350008
1'
0+
00
02
1B
1F
#81355008
0'
#81360008
1'
0F
1/
b10100000100110001001000010001 3
b111110010010000 @
16
b111110010001100 ,
0B
1L
#81365008
0'
#81370008
1'
0L
06
10
0/
b10100000100110001001000010001 G
b10001000100000000111100001110 7
1:
1J
b10101000101000001001100010010 K
04
1>
#81375008
0'
#81380008
1'
0>
1+
b1011001100110011 <
14
0J
0:
b11011111001100 (
#81385008
0'
#81390008
1'
0+
12
#81395008
0'
#81400008
1'
02
00
1F
16
b101110001011000010101 3
1B
#81405008
0'
#81410008
1'
0B
06
1/
1L
0F
b101110001011000010101 G
b1010000100010001 @
1>
04
b111110010010000 ,
1J
#81415008
0'
#81420008
1'
0J
10
b10101000101000001001100010010 7
0L
0/
b1011001100110011 (
1+
b1011001100110100 <
14
1:
b1110 M
0>
b10000000010000000000000000 K
#81425008
0'
#81430008
1'
0+
0:
#81435008
0'
#81440008
1'
16
12
b0 3
#81445008
0'
#81450008
1'
06
1B
1J
00
b0 G
1F
02
1>
04
#81455008
0'
#81460008
1'
14
1/
b1010000100010100 @
0B
1L
0?
0J
0>
b1011001100110100 (
b1010000100010001 ,
0F
1+
#81465008
0'
#81470008
1'
0+
b11 K
0L
0/
10
b10000000010000000000000000 7
1:
b1110 9
b1 M
#81475008
0'
#81480008
1'
16
b1 3
0:
#81485008
0'
#81490008
1'
06
b1 G
1?
04
1>
1J
b111110001111110 <
12
#81495008
0'
#81500008
1'
02
00
1+
1B
b111110010000000 <
14
1F
0J
0>
b111110001111110 (
#81505008
0'
#81510008
1'
0+
1/
b110010010001100 @
1L
0B
b1010000100010100 ,
0F
#81515008
0'
#81520008
1'
1:
16
b1111 M
0/
10
b11000000100000000100000000 K
b11 7
b1000000000000000000000000 3
b1 9
0L
#81525008
0'
#81530008
1'
0:
b1000000000000000000000000 G
06
1>
1J
04
#81535008
0'
#81540008
1'
14
b111110010000000 (
1+
12
0J
b111110010000100 <
0>
#81545008
0'
#81550008
1'
0+
1F
00
02
1B
#81555008
0'
#81560008
1'
0B
0F
1L
1/
b110010010010000 @
b110010010001100 ,
b101000001000000001100000010 3
16
#81565008
0'
#81570008
1'
06
0/
b101000001000000001100000010 G
1>
0L
b1 M
04
1:
b100 K
b1111 9
10
1J
b11000000100000000100000000 7
#81575008
0'
#81580008
1'
14
1+
b111110010000100 (
0>
0J
0:
b111110010001000 <
#81585008
0'
#81590008
1'
0+
12
#81595008
0'
#81600008
1'
02
16
1B
1F
b1001000010000000011100000110 3
00
#81605008
0'
#81610008
1'
0B
1/
06
b1001000010000000011100000110 G
04
1L
1J
1>
0F
b110010010010000 ,
b1110001110111110 @
#81615008
0'
#81620008
1'
14
10
b100 7
b111110010001000 (
b111110010001100 <
b1100 M
0/
0L
1+
1:
0J
b1000000000000000000000000 K
0>
b1 9
#81625008
0'
#81630008
1'
0+
0:
#81635008
0'
#81640008
1'
12
16
b1101000011000000101100001010 3
#81645008
0'
#81650008
1'
00
04
02
b1101000011000000101100001010 G
1B
06
1F
1>
1J
#81655008
0'
#81660008
1'
0J
b1110001111000000 @
14
b111110010010000 <
b111110010001100 (
0>
b1110001110111110 ,
1L
1/
0F
1+
0B
#81665008
0'
#81670008
1'
b11 M
b1100 9
10
b1000000000000000000000000 7
0+
1:
0L
b1100000010 K
0/
#81675008
0'
#81680008
1'
b10001000100000000111100001110 3
0:
16
#81685008
0'
#81690008
1'
06
b10001000100000000111100001110 G
04
12
1J
1>
#81695008
0'
#81700008
1'
0>
02
00
1B
b1010000100010001 <
14
0J
b111110010010000 (
1+
1F
#81705008
0'
#81710008
1'
0F
1/
0B
b1001101000001 @
0+
b1110001111000000 ,
1L
#81715008
0'
#81720008
1'
0L
10
0/
16
b11 9
b110 M
1:
b1100000010 7
b10101000101000001001100010010 3
b10000000000000000 K
#81725008
0'
#81730008
1'
1>
06
b10101000101000001001100010010 G
04
1J
0:
#81735008
0'
#81740008
1'
b1010000100010100 <
12
0>
0J
14
1+
b1010000100010001 (
#81745008
0'
#81750008
1'
02
1B
00
1F
0+
#81755008
0'
#81760008
1'
0B
1/
1L
16
0F
b10000000010000000000000000 3
b1001101000001 ,
b10011010101101 @
#81765008
0'
#81770008
1'
10
b10000000010000000000000000 K
b110 9
1:
0L
0/
b1110 M
06
04
1>
b10000000000000000 7
1J
b10000000010000000000000000 G
#81775008
0'
#81780008
1'
b1010000100010100 (
0:
1+
b110010010001100 <
0J
0>
14
#81785008
0'
#81790008
1'
0+
12
#81795008
0'
#81800008
1'
02
00
1B
b11 3
1F
16
#81805008
0'
#81810008
1'
06
b10011010110000 @
b11 G
1L
04
0F
0B
1/
1>
b10011010101101 ,
1J
#81815008
0'
#81820008
1'
0J
0L
10
b110000001010000010000000011 K
1:
b110010010001100 (
b1110 9
1+
0/
14
0>
b1111 M
b110010010010000 <
b10000000010000000000000000 7
#81825008
0'
#81830008
1'
0:
0+
#81835008
0'
#81840008
1'
16
12
b11000000100000000100000000 3
#81845008
0'
#81850008
1'
1J
06
00
b11000000100000000100000000 G
02
1B
1F
1>
04
#81855008
0'
#81860008
1'
14
1L
1+
b10011010110100 @
0J
b110010010010000 (
0>
b10011010110000 ,
b1110001110111110 <
0F
1/
0B
#81865008
0'
#81870008
1'
0L
b1111 9
10
b1010000010010000100000000111 K
0+
b110000001010000010000000011 7
0/
1:
#81875008
0'
#81880008
1'
0:
b100 3
16
#81885008
0'
#81890008
1'
06
04
1J
1>
12
b100 G
#81895008
0'
#81900008
1'
14
1+
1B
00
02
0>
0J
b1110001110111110 (
1F
b1110001111000000 <
#81905008
0'
#81910008
1'
0B
0+
1L
b10011010111000 @
0F
1/
b10011010110100 ,
#81915008
0'
#81920008
1'
16
b1000000000000000000000000 3
0L
b1110000011010000110000001011 K
1:
0/
10
b1010000010010000100000000111 7
#81925008
0'
#81930008
1'
b1000000000000000000000000 G
04
06
0:
1>
1J
#81935008
0'
#81940008
1'
0J
14
b1001101000001 <
1+
0>
12
b1110001111000000 (
#81945008
0'
#81950008
1'
1B
02
0+
00
1F
#81955008
0'
#81960008
1'
0F
b10011010111000 ,
1L
b1100000010 3
0B
16
b10011010111100 @
1/
#81965008
0'
#81970008
1'
0/
0L
b10010000100010001000000001111 K
1J
b1110000011010000110000001011 7
04
b1100000010 G
10
06
1:
1>
#81975008
0'
#81980008
1'
0>
14
0?
0J
b1001101000001 (
0:
1+
#81985008
0'
#81990008
1'
0+
12
#81995008
0'
#82000008
1'
02
1F
1B
b10000000000000000 3
16
00
#82005008
0'
#82010008
1'
1J
1>
1L
1/
04
b10011010111100 ,
06
0F
b10011011000000 @
b10000000000000000 G
0B
#82015008
0'
#82020008
1'
b10110000101010001010000010011 K
10
0J
0/
0L
b10010000100010001000000001111 7
1:
#82025008
0'
#82030008
1'
0:
#82035008
0'
#82040008
1'
12
#82045008
0'
#82050008
1'
02
1B
00
1F
#82055008
0'
#82060008
1'
0F
0B
1L
1/
b10011011000000 ,
b10011011000100 @
#82065008
0'
#82070008
1'
0L
b11010000110010001100000010111 K
1:
10
0/
b10110000101010001010000010011 7
#82075008
0'
#82080008
1'
0:
#82085008
0'
#82090008
1'
12
#82095008
0'
#82100008
1'
02
1F
1B
00
#82105008
0'
#82110008
1'
0F
b10011011001000 @
1L
0B
b10011011000100 ,
1/
#82115008
0'
#82120008
1'
0/
10
b11011 K
b11010000110010001100000010111 7
0L
b1 M
1:
#82125008
0'
#82130008
1'
0:
#82135008
0'
#82140008
1'
12
#82145008
0'
#82150008
1'
02
00
1F
1B
#82155008
0'
#82160008
1'
0B
1/
b1101010101001111 @
0F
b10011011001000 ,
1L
#82165008
0'
#82170008
1'
0L
0/
b0 K
10
1:
b1 9
b1000 M
b11011 7
#82175008
0'
#82180008
1'
0:
#82185008
0'
#82190008
1'
12
#82195008
0'
#82200008
1'
02
1B
00
1F
#82205008
0'
#82210008
1'
0F
0B
1L
1/
b1101010101010000 @
b1101010101001111 ,
#82215008
0'
#82220008
1'
0L
b0 7
1:
b100000000110000001000000001 K
10
0/
b1000 9
b1111 M
#82225008
0'
#82230008
1'
0:
#82235008
0'
#82240008
1'
12
#82245008
0'
#82250008
1'
02
1F
1B
00
#82255008
0'
#82260008
1'
0F
b1101010101010000 ,
1L
0B
b1101010101010100 @
1/
#82265008
0'
#82270008
1'
0/
10
b10011010101101 <
1:
b100000000110000001000000001 7
1?
0L
b1000000001110000011000000101 K
b1111 9
#82275008
0'
#82280008
1'
14
0>
0:
b10011010110000 <
1+
b10011010101101 (
#82285008
0'
#82290008
1'
12
0+
#82295008
0'
#82300008
1'
00
1F
02
16
1B
b10000000010000000000000000 3
#82305008
0'
#82310008
1'
1/
b1101010101010100 ,
1J
1>
04
0B
0F
b10000000010000000000000000 G
b1101010101011000 @
06
1L
#82315008
0'
#82320008
1'
0L
0>
b1000000001110000011000000101 7
1:
0J
10
1+
b10011010110000 (
0/
14
b1100000010110000101000001001 K
b10011010110100 <
#82325008
0'
#82330008
1'
0+
0:
#82335008
0'
#82340008
1'
b110000001010000010000000011 3
16
12
#82345008
0'
#82350008
1'
02
1>
1J
00
06
1F
1B
04
b110000001010000010000000011 G
#82355008
0'
#82360008
1'
0J
b10011010110100 (
1L
0>
1+
b10011010111000 <
b1101010101011000 ,
14
1/
0B
b1101010101011100 @
0F
#82365008
0'
#82370008
1'
1:
0+
0L
b1100000010110000101000001001 7
b10000000011110000111000001101 K
10
0/
#82375008
0'
#82380008
1'
0:
16
b1010000010010000100000000111 3
#82385008
0'
#82390008
1'
1J
b1010000010010000100000000111 G
1>
12
06
04
#82395008
0'
#82400008
1'
14
0>
b10011010111100 <
1F
1+
b10011010111000 (
0J
00
02
1B
#82405008
0'
#82410008
1'
0B
0+
1L
0F
1/
b1101010101011100 ,
b1101010101100000 @
#82415008
0'
#82420008
1'
b1110000011010000110000001011 3
0L
0/
16
b10000000011110000111000001101 7
10
1:
b10100000100110001001000010001 K
#82425008
0'
#82430008
1'
1>
04
b1110000011010000110000001011 G
0:
06
1J
#82435008
0'
#82440008
1'
0J
14
b10011010111100 (
0>
b10011011000000 <
1+
12
#82445008
0'
#82450008
1'
02
1F
1B
0+
00
#82455008
0'
#82460008
1'
b1101010101100100 @
0F
b10010000100010001000000001111 3
16
b1101010101100000 ,
1/
1L
0B
#82465008
0'
#82470008
1'
10
1J
b11000000101110001011000010101 K
1>
04
0L
06
0/
1:
b10100000100110001001000010001 7
b10010000100010001000000001111 G
#82475008
0'
#82480008
1'
0>
b10011011000100 <
0J
b10011011000000 (
14
1+
0:
#82485008
0'
#82490008
1'
12
0+
#82495008
0'
#82500008
1'
00
1B
1F
02
b10110000101010001010000010011 3
16
#82505008
0'
#82510008
1'
06
0B
b10110000101010001010000010011 G
1J
b1101010101101000 @
1>
0F
b1101010101100100 ,
04
1L
1/
#82515008
0'
#82520008
1'
0/
1+
b11 M
0J
10
1:
b1101000011001 K
b10011011001000 <
0L
0>
b11000000101110001011000010101 7
b10011011000100 (
14
#82525008
0'
#82530008
1'
0:
0+
#82535008
0'
#82540008
1'
16
b11010000110010001100000010111 3
12
#82545008
0'
#82550008
1'
02
1B
04
1J
00
b11010000110010001100000010111 G
1>
06
1F
#82555008
0'
#82560008
1'
0F
1+
1/
b1100111110011010 @
0J
14
0B
b10011011001000 (
1L
0>
b1101010101101000 ,
0?
#82565008
0'
#82570008
1'
10
0+
b1000000000000000000000000 K
b11 9
1:
b1100 M
0/
b1101000011001 7
0L
#82575008
0'
#82580008
1'
0:
16
b11011 3
#82585008
0'
#82590008
1'
04
1J
12
06
1>
b11011 G
#82595008
0'
#82600008
1'
00
1F
0J
1B
02
#82605008
0'
#82610008
1'
0F
1L
b1100111110011100 @
0B
1/
b1100111110011010 ,
#82615008
0'
#82620008
1'
b1111 M
1?
0L
10
b101000001000000001100000010 K
b1100 9
0/
b1101010101001111 <
1:
b1000000000000000000000000 7
#82625008
0'
#82630008
1'
1+
14
0:
b1101010101010000 <
0>
b1101010101001111 (
#82635008
0'
#82640008
1'
12
0+
#82645008
0'
#82650008
1'
b0 3
02
00
1F
16
1B
#82655008
0'
#82660008
1'
0B
b1100111110011100 ,
b0 G
1L
06
04
1/
0F
1J
1>
b1100111110100000 @
#82665008
0'
#82670008
1'
b101000001000000001100000010 7
1+
b1101010101010000 (
b1001000010000000011100000110 K
10
0>
1:
0L
b1111 9
0J
14
b1101010101010100 <
0/
#82675008
0'
#82680008
1'
0+
0:
#82685008
0'
#82690008
1'
12
b100000000110000001000000001 3
16
#82695008
0'
#82700008
1'
06
b100000000110000001000000001 G
1B
02
1>
00
04
1J
1F
#82705008
0'
#82710008
1'
0F
0B
1/
b1100111110100100 @
b1101010101010100 (
b1100111110100000 ,
0J
b1101010101011000 <
1+
14
1L
0>
#82715008
0'
#82720008
1'
b1101000011000000101100001010 K
b1001000010000000011100000110 7
0/
1:
0L
0+
10
#82725008
0'
#82730008
1'
16
b1000000001110000011000000101 3
0:
#82735008
0'
#82740008
1'
1>
b1000000001110000011000000101 G
12
1J
06
04
#82745008
0'
#82750008
1'
14
1B
00
1F
b1101010101011000 (
0>
1+
0J
b1101010101011100 <
02
#82755008
0'
#82760008
1'
0B
1/
0F
b1100111110101000 @
b1100111110100100 ,
0+
1L
#82765008
0'
#82770008
1'
0L
1:
10
0/
b1101000011000000101100001010 7
b11 M
b111100001110 K
16
b1100000010110000101000001001 3
#82775008
0'
#82780008
1'
04
0:
06
b1100000010110000101000001001 G
1>
1J
#82785008
0'
#82790008
1'
0J
12
b1101010101011100 (
14
0>
1+
b1101010101100000 <
#82795008
0'
#82800008
1'
1F
02
00
1B
0+
#82805008
0'
#82810008
1'
b10000000011110000111000001101 3
1L
0F
1/
0B
b1100111110101000 ,
16
b1001110011010000 @
#82815008
0'
#82820008
1'
1J
b1111 M
0L
b111100001110 7
10
06
1>
b11000000100000000100000000 K
04
1:
b10000000011110000111000001101 G
b11 9
0/
#82825008
0'
#82830008
1'
b1101010101100000 (
1+
b1101010101100100 <
0J
0>
14
0:
#82835008
0'
#82840008
1'
0+
12
#82845008
0'
#82850008
1'
02
1F
b10100000100110001001000010001 3
00
16
1B
#82855008
0'
#82860008
1'
0B
0F
b1001110011010100 @
1/
1L
06
04
b10100000100110001001000010001 G
b1001110011010000 ,
1>
1J
#82865008
0'
#82870008
1'
0J
0/
b11000000100000000100000000 7
b1101010101101000 <
b1101010101100100 (
1:
1+
0>
0L
b1111 9
b111000001100000010100000100 K
10
14
#82875008
0'
#82880008
1'
0:
0+
#82885008
0'
#82890008
1'
12
b11000000101110001011000010101 3
16
#82895008
0'
#82900008
1'
06
04
1J
1F
1B
00
1>
02
b11000000101110001011000010101 G
#82905008
0'
#82910008
1'
0F
0J
14
1/
1+
b1101010101101000 (
b1001110011011000 @
0?
0B
1L
0>
b1001110011010100 ,
#82915008
0'
#82920008
1'
b111000001100000010100000100 7
0+
0/
b1100111110011010 <
1?
1:
0L
b1011000010100000100100001000 K
10
#82925008
0'
#82930008
1'
16
b1101000011001 3
0:
#82935008
0'
#82940008
1'
b1101000011001 G
1J
04
12
1>
06
#82945008
0'
#82950008
1'
0J
1F
00
1+
b1100111110011010 (
0>
14
b1100111110011100 <
02
1B
#82955008
0'
#82960008
1'
0B
0+
b1001110011011100 @
b1001110011011000 ,
0F
1/
1L
#82965008
0'
#82970008
1'
0L
1:
16
10
b1011000010100000100100001000 7
0/
b1111000011100000110100001100 K
b1000000000000000000000000 3
#82975008
0'
#82980008
1'
1J
06
b1000000000000000000000000 G
0:
1>
04
#82985008
0'
#82990008
1'
14
1+
0J
0>
b1100111110011100 (
12
b1100111110100000 <
#82995008
0'
#83000008
1'
0+
00
1B
1F
02
#83005008
0'
#83010008
1'
0B
b101000001000000001100000010 3
1L
16
b1001110011011100 ,
b1001110011100000 @
0F
1/
#83015008
0'
#83020008
1'
0/
10
06
0L
04
b101000001000000001100000010 G
1J
b10011000100100001000100010000 K
b1111000011100000110100001100 7
1:
1>
#83025008
0'
#83030008
1'
0>
14
b1100111110100100 <
1+
0:
0J
b1100111110100000 (
#83035008
0'
#83040008
1'
12
0+
#83045008
0'
#83050008
1'
1B
00
b1001000010000000011100000110 3
16
02
1F
#83055008
0'
#83060008
1'
0F
04
b1001110011100000 ,
1>
1L
1/
0B
06
b1001110011100100 @
1J
b1001000010000000011100000110 G
#83065008
0'
#83070008
1'
0/
b1100111110101000 <
14
1+
b1100111110100100 (
0L
10
0>
b1 M
0J
1:
b10011000100100001000100010000 7
b10100 K
#83075008
0'
#83080008
1'
0+
0:
#83085008
0'
#83090008
1'
b1101000011000000101100001010 3
12
16
#83095008
0'
#83100008
1'
06
1>
b1101000011000000101100001010 G
04
1F
00
02
1B
1J
#83105008
0'
#83110008
1'
0J
0F
0>
1/
14
b1001110011100100 ,
1L
b1100111110101000 (
0B
b100101001010011 @
1+
0?
#83115008
0'
#83120008
1'
0L
1:
b0 K
0/
0+
10
b1000 M
b10100 7
b1 9
#83125008
0'
#83130008
1'
16
0:
b111100001110 3
#83135008
0'
#83140008
1'
b111100001110 G
1J
06
1>
04
12
#83145008
0'
#83150008
1'
02
1F
0J
1B
00
#83155008
0'
#83160008
1'
0F
b100101001010011 ,
1L
0B
1/
b100101001010100 @
#83165008
0'
#83170008
1'
10
b1000 9
b100000000110000001000000001 K
0/
0L
b0 7
b1111 M
1:
#83175008
0'
#83180008
1'
0:
1?
b1001110011010000 <
#83185008
0'
#83190008
1'
b1001110011010100 <
0>
12
14
b1001110011010000 (
1+
#83195008
0'
#83200008
1'
0+
00
1F
02
1B
#83205008
0'
#83210008
1'
0B
b100101001011000 @
b11000000100000000100000000 3
b100101001010100 ,
16
1/
0F
1L
#83215008
0'
#83220008
1'
0L
1>
1:
b1111 9
10
b11000000100000000100000000 G
b1000000001110000011000000101 K
0/
04
1J
06
b100000000110000001000000001 7
#83225008
0'
#83230008
1'
0>
0:
b1001110011011000 <
1+
b1001110011010100 (
0J
14
#83235008
0'
#83240008
1'
12
0+
#83245008
0'
#83250008
1'
00
1B
b111000001100000010100000100 3
16
1F
02
#83255008
0'
#83260008
1'
0B
b100101001011000 ,
04
1L
1>
b100101001011100 @
0F
1J
06
b111000001100000010100000100 G
1/
#83265008
0'
#83270008
1'
0/
0>
b1000000001110000011000000101 7
0L
b1001110011011100 <
1:
14
10
1+
b1100000010110000101000001001 K
0J
b1001110011011000 (
#83275008
0'
#83280008
1'
0:
0+
#83285008
0'
#83290008
1'
12
b1011000010100000100100001000 3
16
#83295008
0'
#83300008
1'
06
04
1B
1>
b1011000010100000100100001000 G
02
1J
1F
00
#83305008
0'
#83310008
1'
0B
1+
1/
b100101001011100 ,
14
b1001110011011100 (
b1001110011100000 <
1L
0F
b100101001100000 @
0J
0>
#83315008
0'
#83320008
1'
10
0+
0/
b1100000010110000101000001001 7
0L
1:
b10000000011110000111000001101 K
#83325008
0'
#83330008
1'
16
0:
b1111000011100000110100001100 3
#83335008
0'
#83340008
1'
1>
04
06
1J
b1111000011100000110100001100 G
12
#83345008
0'
#83350008
1'
02
b1001110011100100 <
1B
0>
00
b1001110011100000 (
1+
14
0J
1F
#83355008
0'
#83360008
1'
0F
1/
0B
b100101001100000 ,
0+
1L
b100101001100100 @
#83365008
0'
#83370008
1'
b10011000100100001000100010000 3
b10001 K
0/
10
0L
1:
b10000000011110000111000001101 7
b1 M
16
#83375008
0'
#83380008
1'
06
1>
0:
b10011000100100001000100010000 G
1J
04
#83385008
0'
#83390008
1'
14
b1001110011100100 (
12
0?
0J
0>
1+
#83395008
0'
#83400008
1'
0+
02
1B
1F
00
#83405008
0'
#83410008
1'
0B
1/
b101000010110110 @
b10100 3
16
0F
1L
b100101001100100 ,
#83415008
0'
#83420008
1'
10
04
b1 9
0/
b0 K
0L
06
b100 M
1>
1:
b10001 7
1J
b10100 G
#83425008
0'
#83430008
1'
0J
0:
#83435008
0'
#83440008
1'
12
#83445008
0'
#83450008
1'
02
1B
00
1F
#83455008
0'
#83460008
1'
0F
0B
1/
b101000010110110 ,
b1111010011100110 @
1L
#83465008
0'
#83470008
1'
0L
0/
b100 9
10
b1000000000000000000000000 K
1:
b1100 M
b0 7
#83475008
0'
#83480008
1'
0:
#83485008
0'
#83490008
1'
12
#83495008
0'
#83500008
1'
02
1B
1F
00
#83505008
0'
#83510008
1'
0B
b1111010011100110 ,
1/
1L
0F
b11110010100 @
#83515008
0'
#83520008
1'
0/
10
b1000000000000000000000000 7
b101000010110110 <
0L
b1100 9
1?
1:
b1111 M
b11000000100000000100000000 K
#83525008
0'
#83530008
1'
1+
b101000010110110 (
14
0:
0?
0>
#83535008
0'
#83540008
1'
12
0+
#83545008
0'
#83550008
1'
b0 3
02
1B
00
1F
16
#83555008
0'
#83560008
1'
06
1>
b11110011000 @
0B
1/
b11110010100 ,
b0 G
0F
1L
1?
b100101001010011 <
1J
04
#83565008
0'
#83570008
1'
14
b11000000100000000100000000 7
1+
b1100000010100000100 K
b100101001010011 (
0/
0>
0J
0L
10
b100101001010100 <
1:
b1111 9
b111 M
#83575008
0'
#83580008
1'
0+
0:
#83585008
0'
#83590008
1'
16
12
b100000000111 3
#83595008
0'
#83600008
1'
04
02
06
1B
1J
1>
1F
b100000000111 G
00
#83605008
0'
#83610008
1'
b11110011000 ,
1/
b100101001010100 (
b1000110100111100 @
14
0>
1+
0J
0B
0F
1L
b100101001011000 <
#83615008
0'
#83620008
1'
10
1:
b1100000010100000100 7
b1111 M
b11000000100000000100000000 K
0/
0L
0+
b111 9
#83625008
0'
#83630008
1'
b100000000110000001000000001 3
0:
16
#83635008
0'
#83640008
1'
06
12
b100000000110000001000000001 G
1>
04
1J
#83645008
0'
#83650008
1'
0J
b100101001011100 <
00
b100101001011000 (
14
02
1+
0>
1F
1B
#83655008
0'
#83660008
1'
0B
b1000110101000000 @
b1000110100111100 ,
0F
1/
1L
0+
#83665008
0'
#83670008
1'
b111000001100000010100000100 K
10
b1111 9
1:
16
b1000000001110000011000000101 3
b11000000100000000100000000 7
0L
0/
#83675008
0'
#83680008
1'
1J
06
0:
04
b1000000001110000011000000101 G
1>
#83685008
0'
#83690008
1'
0>
1+
b100101001100000 <
0J
b100101001011100 (
14
12
#83695008
0'
#83700008
1'
02
00
0+
1B
1F
#83705008
0'
#83710008
1'
0F
b1000110101000100 @
1/
b1100000010110000101000001001 3
16
0B
b1000110101000000 ,
1L
#83715008
0'
#83720008
1'
0L
b1011000010100000100100001000 K
0/
10
1>
b1100000010110000101000001001 G
06
1:
04
1J
b111000001100000010100000100 7
#83725008
0'
#83730008
1'
1+
b100101001100100 <
0J
0>
14
0:
b100101001100000 (
#83735008
0'
#83740008
1'
0+
12
#83745008
0'
#83750008
1'
02
00
b10000000011110000111000001101 3
1F
1B
16
#83755008
0'
#83760008
1'
06
b1000110101001000 @
1/
1L
0B
b10000000011110000111000001101 G
b1000110101000100 ,
0F
04
1J
1>
#83765008
0'
#83770008
1'
0>
0/
b100101001100100 (
b1011000010100000100100001000 7
10
1+
b1111000011100000110100001100 K
0J
b1111010011100110 <
0L
1:
14
#83775008
0'
#83780008
1'
0+
0:
#83785008
0'
#83790008
1'
b10001 3
12
16
#83795008
0'
#83800008
1'
06
02
04
1>
00
1B
1J
b10001 G
1F
#83805008
0'
#83810008
1'
0F
0>
b1111010011100110 (
1/
14
b1000110101001100 @
b11110010100 <
1+
0J
1L
b1000110101001000 ,
0B
#83815008
0'
#83820008
1'
1:
0/
b1111000011100000110100001100 7
10
b10011000100100001000100010000 K
0L
0+
#83825008
0'
#83830008
1'
16
b1000000000000000000000000 3
0:
#83835008
0'
#83840008
1'
1>
12
04
06
b1000000000000000000000000 G
1J
#83845008
0'
#83850008
1'
0J
14
1+
0>
1B
1F
02
b11110010100 (
00
b11110011000 <
#83855008
0'
#83860008
1'
0+
0F
0B
1/
1L
b1000110101010000 @
b1000110101001100 ,
#83865008
0'
#83870008
1'
1:
b11000000100000000100000000 3
0L
10
0/
b10011000100100001000100010000 7
16
b10111000101100001010100010100 K
#83875008
0'
#83880008
1'
1>
04
1J
0:
06
b11000000100000000100000000 G
#83885008
0'
#83890008
1'
0J
0>
12
14
1+
b11110011000 (
0?
#83895008
0'
#83900008
1'
02
1F
1B
00
0+
#83905008
0'
#83910008
1'
b1000110101010000 ,
0F
b1000110101010100 @
1L
b1100000010100000100 3
0B
16
1/
#83915008
0'
#83920008
1'
0/
04
1J
b11011000110100001100100011000 K
b1100000010100000100 G
1>
06
10
1:
b10111000101100001010100010100 7
0L
#83925008
0'
#83930008
1'
0J
0:
#83935008
0'
#83940008
1'
12
#83945008
0'
#83950008
1'
02
1F
1B
00
#83955008
0'
#83960008
1'
1L
1/
b1000110101010100 ,
0B
b1000110101011000 @
0F
#83965008
0'
#83970008
1'
0/
10
0L
1:
b11 M
b1110100011100 K
b11011000110100001100100011000 7
#83975008
0'
#83980008
1'
0:
#83985008
0'
#83990008
1'
12
#83995008
0'
#84000008
1'
1F
00
02
1B
#84005008
0'
#84010008
1'
0B
0F
1/
1L
b1000110101011000 ,
b11011001010101 @
#84015008
0'
#84020008
1'
1:
b1110 M
0/
b1110100011100 7
b11 9
0L
b10000000010000000000000000 K
10
#84025008
0'
#84030008
1'
0:
#84035008
0'
#84040008
1'
12
#84045008
0'
#84050008
1'
00
1F
1B
02
#84055008
0'
#84060008
1'
b11011001011000 @
0F
1/
0B
1L
b11011001010101 ,
#84065008
0'
#84070008
1'
b10000000010000000000000000 7
1:
10
b11 M
0L
b10000000011 K
0/
b1110 9
#84075008
0'
#84080008
1'
0:
#84085008
0'
#84090008
1'
12
#84095008
0'
#84100008
1'
02
1F
00
1B
#84105008
0'
#84110008
1'
0B
b11011001011000 ,
0F
b1011101110000001 @
1/
1L
#84115008
0'
#84120008
1'
0L
1:
b11 9
b10000000011 7
0/
b1110 M
b10000000010000000000000000 K
10
#84125008
0'
#84130008
1'
b1000110100111100 <
0:
1?
#84135008
0'
#84140008
1'
1+
14
b1000110101000000 <
12
b1000110100111100 (
0>
#84145008
0'
#84150008
1'
00
1F
1B
0+
02
#84155008
0'
#84160008
1'
0B
0F
b1011101110000001 ,
1L
b1011101110000100 @
16
1/
b11000000100000000100000000 3
#84165008
0'
#84170008
1'
1>
b1110 9
b11000000100000000100000000 G
04
1:
10
0/
b10000000010000000000000000 7
b1010000010000000011 K
1J
06
b111 M
0L
#84175008
0'
#84180008
1'
0:
b1000110101000100 <
0>
14
b1000110101000000 (
1+
0J
#84185008
0'
#84190008
1'
12
0+
#84195008
0'
#84200008
1'
b111000001100000010100000100 3
1F
1B
02
00
16
#84205008
0'
#84210008
1'
06
1L
1J
1>
0F
b1011101110000100 ,
b111000001100000010100000100 G
0B
1/
04
b1010000000001101 @
#84215008
0'
#84220008
1'
1+
0L
1:
0J
b1000110101001000 <
b111 9
0>
14
b1010000010000000011 7
10
b1110 M
0/
b1000110101000100 (
b10000000010000000000000000 K
#84225008
0'
#84230008
1'
0+
0:
#84235008
0'
#84240008
1'
16
b1011000010100000100100001000 3
12
#84245008
0'
#84250008
1'
02
06
1F
1J
b1011000010100000100100001000 G
04
1>
00
1B
#84255008
0'
#84260008
1'
0B
b1010000000001101 ,
b1010000000010000 @
0F
b1000110101001100 <
1L
1+
0J
0>
b1000110101001000 (
14
1/
#84265008
0'
#84270008
1'
0/
0L
1:
b110000001010000010000000011 K
b1110 9
10
b10000000010000000000000000 7
0+
b1111 M
#84275008
0'
#84280008
1'
0:
16
b1111000011100000110100001100 3
#84285008
0'
#84290008
1'
12
06
04
b1111000011100000110100001100 G
1>
1J
#84295008
0'
#84300008
1'
0J
1B
b1000110101010000 <
1F
0>
1+
02
00
b1000110101001100 (
14
#84305008
0'
#84310008
1'
1L
1/
0B
b1010000000010100 @
b1010000000010000 ,
0F
0+
#84315008
0'
#84320008
1'
b1010000010010000100000000111 K
0/
0L
b10011000100100001000100010000 3
1:
16
b1111 9
10
b110000001010000010000000011 7
#84325008
0'
#84330008
1'
04
1J
0:
1>
b10011000100100001000100010000 G
06
#84335008
0'
#84340008
1'
1+
b1000110101010100 <
14
0J
b1000110101010000 (
0>
12
#84345008
0'
#84350008
1'
02
0+
1B
00
1F
#84355008
0'
#84360008
1'
0F
b1010000000011000 @
16
1L
b10111000101100001010100010100 3
1/
0B
b1010000000010100 ,
#84365008
0'
#84370008
1'
b111 M
b1010000010010000100000000111 7
0L
b11010000110000001011 K
06
10
b10111000101100001010100010100 G
1>
04
0/
1J
1:
#84375008
0'
#84380008
1'
0:
b1000110101011000 <
1+
0J
b1000110101010100 (
14
0>
#84385008
0'
#84390008
1'
12
0+
#84395008
0'
#84400008
1'
1F
b11011000110100001100100011000 3
02
1B
00
16
#84405008
0'
#84410008
1'
06
0F
b1010000000011000 ,
1>
1L
b111010111000000 @
0B
b11011000110100001100100011000 G
04
1/
1J
#84415008
0'
#84420008
1'
0J
0L
b11000000100000000100000000 K
1+
b11011001010101 <
0>
1:
b1111 M
b11010000110000001011 7
0/
10
14
b111 9
b1000110101011000 (
#84425008
0'
#84430008
1'
0:
0+
#84435008
0'
#84440008
1'
16
12
b1110100011100 3
#84445008
0'
#84450008
1'
1J
1F
1>
02
06
04
1B
00
b1110100011100 G
#84455008
0'
#84460008
1'
1+
1L
0F
b11011001010101 (
b11011001011000 <
0J
b111010111000000 ,
0>
b111010111000100 @
0B
1/
14
#84465008
0'
#84470008
1'
b111000001100000010100000100 K
0L
0+
1:
0/
10
b1111 9
b11000000100000000100000000 7
#84475008
0'
#84480008
1'
b10000000010000000000000000 3
0:
16
#84485008
0'
#84490008
1'
06
1J
04
b10000000010000000000000000 G
1>
12
#84495008
0'
#84500008
1'
02
14
0J
1+
b1011101110000001 <
b11011001011000 (
1F
0>
00
1B
#84505008
0'
#84510008
1'
0B
1L
0+
0F
b111010111000100 ,
1/
b111010111001000 @
#84515008
0'
#84520008
1'
b111000001100000010100000100 7
16
b1 M
0L
b1000 K
0/
10
1:
b10000000011 3
#84525008
0'
#84530008
1'
06
04
1J
0:
1>
b10000000011 G
#84535008
0'
#84540008
1'
b1011101110000001 (
12
14
b1011101110000100 <
0>
1+
0J
#84545008
0'
#84550008
1'
02
1B
0+
1F
00
#84555008
0'
#84560008
1'
1L
b110011110101010 @
b10000000010000000000000000 3
16
0F
0B
1/
b111010111001000 ,
#84565008
0'
#84570008
1'
04
10
b1000 7
b10000000010000000000000000 G
b1100 M
0L
1J
0/
06
b1000000000000000000000000 K
b1 9
1>
1:
#84575008
0'
#84580008
1'
0:
14
b1011101110000100 (
0>
b1010000000001101 <
0J
1+
#84585008
0'
#84590008
1'
0+
12
#84595008
0'
#84600008
1'
02
b1010000010000000011 3
00
16
1F
1B
#84605008
0'
#84610008
1'
0B
04
b110011110101010 ,
1L
b110011110101100 @
b1010000010000000011 G
0F
1J
1>
1/
06
#84615008
0'
#84620008
1'
14
0L
1+
1:
b1111 M
b1000000000000000000000000 7
0/
0J
b1010000000001101 (
0>
b1010000000010000 <
b1100 9
10
b101000001000000001100000010 K
#84625008
0'
#84630008
1'
0:
0+
#84635008
0'
#84640008
1'
16
b10000000010000000000000000 3
12
#84645008
0'
#84650008
1'
02
06
1B
04
00
b10000000010000000000000000 G
1F
1J
1>
#84655008
0'
#84660008
1'
0>
0B
1+
b110011110110000 @
1L
b110011110101100 ,
0J
1/
14
0F
b1010000000010000 (
b1010000000010100 <
#84665008
0'
#84670008
1'
0L
1:
0+
b1001000010000000011100000110 K
10
b101000001000000001100000010 7
0/
b1111 9
#84675008
0'
#84680008
1'
b110000001010000010000000011 3
16
0:
#84685008
0'
#84690008
1'
12
1>
06
1J
04
b110000001010000010000000011 G
#84695008
0'
#84700008
1'
0>
1B
b1010000000011000 <
02
1+
14
b1010000000010100 (
0J
00
1F
#84705008
0'
#84710008
1'
0F
0B
b110011110110100 @
1L
0+
1/
b110011110110000 ,
#84715008
0'
#84720008
1'
1:
b1010000010010000100000000111 3
0/
b1101000011000000101100001010 K
0L
10
16
b1001000010000000011100000110 7
#84725008
0'
#84730008
1'
b1010000010010000100000000111 G
1>
0:
06
04
1J
#84735008
0'
#84740008
1'
0J
0>
12
b111010111000000 <
14
1+
b1010000000011000 (
#84745008
0'
#84750008
1'
02
1B
1F
0+
00
#84755008
0'
#84760008
1'
b110011110110100 ,
0B
b110011110111000 @
1/
b11010000110000001011 3
0F
16
1L
#84765008
0'
#84770008
1'
0L
10
1J
b1101000011000000101100001010 7
1>
b11010000110000001011 G
06
b10001000100000000111100001110 K
0/
04
1:
#84775008
0'
#84780008
1'
0:
0>
b111010111000000 (
0J
14
1+
b111010111000100 <
#84785008
0'
#84790008
1'
12
0+
#84795008
0'
#84800008
1'
00
1B
02
16
1F
b11000000100000000100000000 3
#84805008
0'
#84810008
1'
1L
1>
b110011110111000 ,
0F
04
b110011110111100 @
1J
b11000000100000000100000000 G
06
0B
1/
#84815008
0'
#84820008
1'
0/
1:
1+
b111010111000100 (
0>
b111010111001000 <
b10001000100000000111100001110 7
0L
10
14
0J
b10101000101000001001100010010 K
#84825008
0'
#84830008
1'
0:
0+
#84835008
0'
#84840008
1'
b111000001100000010100000100 3
16
12
#84845008
0'
#84850008
1'
02
1>
06
1B
1F
04
b111000001100000010100000100 G
1J
00
#84855008
0'
#84860008
1'
1+
1L
1/
0?
b111010111001000 (
0J
b110011110111100 ,
0>
b110011111000000 @
0B
14
0F
#84865008
0'
#84870008
1'
b11001000110000001011100010110 K
0L
0+
10
0/
b10101000101000001001100010010 7
1:
#84875008
0'
#84880008
1'
0:
16
b1000 3
#84885008
0'
#84890008
1'
12
06
04
1J
b1000 G
1>
#84895008
0'
#84900008
1'
1F
00
02
0J
1B
#84905008
0'
#84910008
1'
0B
1L
0F
1/
b110011111000000 ,
b110011111000100 @
#84915008
0'
#84920008
1'
b11001000110000001011100010110 7
b111000001101100011010 K
0L
b111 M
0/
10
1:
#84925008
0'
#84930008
1'
0:
#84935008
0'
#84940008
1'
12
#84945008
0'
#84950008
1'
1F
1B
02
00
#84955008
0'
#84960008
1'
1L
b1110010100101111 @
0F
0B
b110011111000100 ,
1/
#84965008
0'
#84970008
1'
0/
10
1:
b111 9
0L
b0 K
b111000001101100011010 7
b1000 M
#84975008
0'
#84980008
1'
0:
#84985008
0'
#84990008
1'
12
#84995008
0'
#85000008
1'
00
02
1B
1F
#85005008
0'
#85010008
1'
0F
b1110010100110000 @
1/
1L
0B
b1110010100101111 ,
#85015008
0'
#85020008
1'
0/
b100000000110000001000000001 K
1:
b1111 M
b1000 9
0L
b0 7
10
#85025008
0'
#85030008
1'
0:
#85035008
0'
#85040008
1'
12
#85045008
0'
#85050008
1'
1?
1F
00
b110011110101010 <
02
1B
#85055008
0'
#85060008
1'
0B
1/
0>
b1110010100110000 ,
0F
b1110010100110100 @
1+
b110011110101010 (
b110011110101100 <
1L
14
#85065008
0'
#85070008
1'
0/
10
1:
b1000000001110000011000000101 K
0L
0+
b100000000110000001000000001 7
b1111 9
#85075008
0'
#85080008
1'
0:
b1000000000000000000000000 3
16
#85085008
0'
#85090008
1'
06
04
1>
b1000000000000000000000000 G
12
1J
#85095008
0'
#85100008
1'
0J
14
1B
1F
00
02
0>
1+
b110011110110000 <
b110011110101100 (
#85105008
0'
#85110008
1'
0F
1/
b1110010100111000 @
0B
b1110010100110100 ,
0+
1L
#85115008
0'
#85120008
1'
0L
0/
16
1:
10
b1000000001110000011000000101 7
b101000001000000001100000010 3
b1100000010110000101000001001 K
#85125008
0'
#85130008
1'
1J
06
04
0:
b101000001000000001100000010 G
1>
#85135008
0'
#85140008
1'
0>
b110011110110000 (
0J
14
1+
12
b110011110110100 <
#85145008
0'
#85150008
1'
1B
1F
02
00
0+
#85155008
0'
#85160008
1'
0B
1/
1L
b1110010100111100 @
16
0F
b1001000010000000011100000110 3
b1110010100111000 ,
#85165008
0'
#85170008
1'
b10000000011110000111000001101 K
0L
1>
0/
06
b1001000010000000011100000110 G
10
1J
1:
04
b1100000010110000101000001001 7
#85175008
0'
#85180008
1'
1+
b110011110111000 <
b110011110110100 (
0>
14
0:
0J
#85185008
0'
#85190008
1'
0+
12
#85195008
0'
#85200008
1'
02
1B
b1101000011000000101100001010 3
16
1F
00
#85205008
0'
#85210008
1'
1J
b1110010100111100 ,
1L
b1110010101000000 @
0F
0B
b1101000011000000101100001010 G
1/
06
04
1>
#85215008
0'
#85220008
1'
0>
0L
10
b110011110111000 (
b10000000011110000111000001101 7
0J
b110011110111100 <
b10100000100110001001000010001 K
14
1+
1:
0/
#85225008
0'
#85230008
1'
0:
0+
#85235008
0'
#85240008
1'
12
16
b10001000100000000111100001110 3
#85245008
0'
#85250008
1'
00
1>
1J
06
1B
1F
02
b10001000100000000111100001110 G
04
#85255008
0'
#85260008
1'
14
0>
b110011111000000 <
1L
1/
b110011110111100 (
b1110010101000000 ,
b1110010101000100 @
0J
0B
0F
1+
#85265008
0'
#85270008
1'
0+
0/
0L
10
b10100000100110001001000010001 7
b11000000101110001011000010101 K
1:
#85275008
0'
#85280008
1'
0:
b10101000101000001001100010010 3
16
#85285008
0'
#85290008
1'
06
1>
04
b10101000101000001001100010010 G
12
1J
#85295008
0'
#85300008
1'
0J
0>
b110011111000000 (
00
1+
b110011111000100 <
02
1F
1B
14
#85305008
0'
#85310008
1'
0+
1L
1/
0B
b1110010101000100 ,
0F
b1100101100000 @
#85315008
0'
#85320008
1'
b111 M
16
1:
0L
10
0/
b11001000110000001011100010110 3
b100000000100000000 K
b11000000101110001011000010101 7
#85325008
0'
#85330008
1'
04
1J
0:
06
1>
b11001000110000001011100010110 G
#85335008
0'
#85340008
1'
0J
14
b110011111000100 (
1+
0?
0>
12
#85345008
0'
#85350008
1'
02
0+
1F
00
1B
#85355008
0'
#85360008
1'
0B
16
1L
b10010111101001 @
1/
0F
b111000001101100011010 3
b1100101100000 ,
#85365008
0'
#85370008
1'
0L
06
b100000000100000000 7
b1110 M
b111 9
b111000001101100011010 G
1:
04
1J
10
1>
0/
b10000000010000000000000000 K
#85375008
0'
#85380008
1'
0:
0J
#85385008
0'
#85390008
1'
12
#85395008
0'
#85400008
1'
02
1B
b1110010100101111 <
1F
00
1?
#85405008
0'
#85410008
1'
b10010111101001 ,
14
1L
b1110010100101111 (
1+
1/
0F
0>
b10010111101100 @
b1110010100110000 <
0B
#85415008
0'
#85420008
1'
0L
b10000000010000000000000000 7
b110000001010000010000000011 K
b1111 M
b1110 9
1:
10
0/
0+
#85425008
0'
#85430008
1'
16
b0 3
0:
#85435008
0'
#85440008
1'
12
04
1J
b0 G
06
1>
#85445008
0'
#85450008
1'
0>
1+
1B
0J
14
02
b1110010100110000 (
b1110010100110100 <
00
1F
#85455008
0'
#85460008
1'
0F
b10010111101100 ,
0+
1L
0B
1/
b10010111110000 @
#85465008
0'
#85470008
1'
0L
1:
b1010000010010000100000000111 K
b110000001010000010000000011 7
0/
10
16
b1111 9
b100000000110000001000000001 3
#85475008
0'
#85480008
1'
04
1>
0:
1J
06
b100000000110000001000000001 G
#85485008
0'
#85490008
1'
0>
14
1+
12
0J
b1110010100111000 <
b1110010100110100 (
#85495008
0'
#85500008
1'
1F
00
0+
02
1B
#85505008
0'
#85510008
1'
0B
b10010111110100 @
b1000000001110000011000000101 3
1L
b10010111110000 ,
16
1/
0F
#85515008
0'
#85520008
1'
0L
1:
b1110000011010000110000001011 K
04
1>
b1000000001110000011000000101 G
0/
b1010000010010000100000000111 7
06
1J
10
#85525008
0'
#85530008
1'
0>
14
0:
b1110010100111000 (
0J
b1110010100111100 <
1+
#85535008
0'
#85540008
1'
0+
12
#85545008
0'
#85550008
1'
02
00
1F
1B
b1100000010110000101000001001 3
16
#85555008
0'
#85560008
1'
06
0B
1L
0F
04
1>
b10010111111000 @
b1100000010110000101000001001 G
b10010111110100 ,
1/
1J
#85565008
0'
#85570008
1'
0J
0>
10
14
1:
b10010000100010001000000001111 K
0L
0/
b1110010101000000 <
b1110010100111100 (
1+
b1110000011010000110000001011 7
#85575008
0'
#85580008
1'
0:
0+
#85585008
0'
#85590008
1'
16
12
b10000000011110000111000001101 3
#85595008
0'
#85600008
1'
06
1J
00
1>
1B
04
1F
02
b10000000011110000111000001101 G
#85605008
0'
#85610008
1'
14
1+
0B
0J
0>
b10010111111100 @
1/
1L
0F
b10010111111000 ,
b1110010101000000 (
b1110010101000100 <
#85615008
0'
#85620008
1'
b10110000101010001010000010011 K
b10010000100010001000000001111 7
0+
10
1:
0/
0L
#85625008
0'
#85630008
1'
b10100000100110001001000010001 3
16
0:
#85635008
0'
#85640008
1'
1J
b10100000100110001001000010001 G
04
06
1>
12
#85645008
0'
#85650008
1'
02
b1100101100000 <
0J
1+
1B
0>
14
b1110010101000100 (
00
1F
#85655008
0'
#85660008
1'
0F
0+
1L
b10011000000000 @
0B
b10010111111100 ,
1/
#85665008
0'
#85670008
1'
0/
1:
b11 M
b11000000101110001011000010101 3
b10110000101010001010000010011 7
b1100000010111 K
0L
10
16
#85675008
0'
#85680008
1'
06
b11000000101110001011000010101 G
1J
0:
1>
04
#85685008
0'
#85690008
1'
14
0J
1+
0?
12
0>
b1100101100000 (
#85695008
0'
#85700008
1'
1F
0+
00
02
1B
#85705008
0'
#85710008
1'
0B
1/
0F
b100000000100000000 3
16
1L
b10011000000000 ,
b1101011111101010 @
#85715008
0'
#85720008
1'
b1100000010111 7
1J
04
b100000000100000000 G
0/
b1100 M
06
1>
b1000000000000000000000000 K
0L
1:
b11 9
10
#85725008
0'
#85730008
1'
0J
0:
#85735008
0'
#85740008
1'
12
#85745008
0'
#85750008
1'
00
1F
1B
02
#85755008
0'
#85760008
1'
1/
b1101011111101100 @
0F
0B
b1101011111101010 ,
1L
#85765008
0'
#85770008
1'
0L
1?
b1000000000000000000000000 7
0/
10
1:
b10010111101001 <
b1111 M
b101000001000000001100000010 K
b1100 9
#85775008
0'
#85780008
1'
0:
b10010111101001 (
14
0>
b10010111101100 <
1+
#85785008
0'
#85790008
1'
0+
12
#85795008
0'
#85800008
1'
02
b10000000010000000000000000 3
00
1F
16
1B
#85805008
0'
#85810008
1'
0B
1L
b1101011111110000 @
1/
b10000000010000000000000000 G
06
1J
b1101011111101100 ,
0F
1>
04
#85815008
0'
#85820008
1'
14
0/
1+
b10010111101100 (
b1111 9
b101000001000000001100000010 7
0L
1:
0>
10
b10010111110000 <
0J
b1001000010000000011100000110 K
#85825008
0'
#85830008
1'
0+
0:
#85835008
0'
#85840008
1'
b110000001010000010000000011 3
12
16
#85845008
0'
#85850008
1'
06
04
1B
02
1J
1>
b110000001010000010000000011 G
1F
00
#85855008
0'
#85860008
1'
14
1L
1/
b1101011111110100 @
b10010111110000 (
0F
0J
1+
0B
b10010111110100 <
0>
b1101011111110000 ,
#85865008
0'
#85870008
1'
10
1:
b1101000011000000101100001010 K
0/
b1001000010000000011100000110 7
0L
0+
#85875008
0'
#85880008
1'
16
0:
b1010000010010000100000000111 3
#85885008
0'
#85890008
1'
04
06
1J
12
1>
b1010000010010000100000000111 G
#85895008
0'
#85900008
1'
1+
00
14
0>
b10010111110100 (
1F
02
0J
b10010111111000 <
1B
#85905008
0'
#85910008
1'
0B
b1101011111111000 @
b1101011111110100 ,
0+
1/
1L
0F
#85915008
0'
#85920008
1'
10
b1101000011000000101100001010 7
b1110000011010000110000001011 3
1:
b100000000111100001110 K
0L
16
0/
b111 M
#85925008
0'
#85930008
1'
0:
b1110000011010000110000001011 G
1>
04
06
1J
#85935008
0'
#85940008
1'
0J
1+
b10010111111100 <
14
b10010111111000 (
0>
12
#85945008
0'
#85950008
1'
02
00
1B
1F
0+
#85955008
0'
#85960008
1'
0B
b10010000100010001000000001111 3
b1101011111111000 ,
b1100010101110001 @
0F
16
1/
1L
#85965008
0'
#85970008
1'
0L
1:
10
1J
b1110 M
b100000000111100001110 7
b111 9
0/
b10010000100010001000000001111 G
b10000000010000000000000000 K
06
1>
04
#85975008
0'
#85980008
1'
14
1+
0:
0J
0>
b10010111111100 (
b10011000000000 <
#85985008
0'
#85990008
1'
12
0+
#85995008
0'
#86000008
1'
00
02
b10110000101010001010000010011 3
1B
1F
16
#86005008
0'
#86010008
1'
06
1L
04
b1100010101110001 ,
0F
1/
b1100010101110100 @
0B
1>
b10110000101010001010000010011 G
1J
#86015008
0'
#86020008
1'
0J
14
b10000000010000000000000000 7
1:
1+
0L
10
0?
b1111 M
b10011000000000 (
b1110 9
0>
0/
b110000001010000010000000011 K
#86025008
0'
#86030008
1'
0+
0:
#86035008
0'
#86040008
1'
16
12
b1100000010111 3
#86045008
0'
#86050008
1'
1?
04
b1101011111101010 <
1J
02
00
06
1F
b1100000010111 G
1>
1B
#86055008
0'
#86060008
1'
0B
14
b1101011111101100 <
1+
0J
1L
0>
1/
b1100010101110100 ,
b1101011111101010 (
b1100010101111000 @
0F
#86065008
0'
#86070008
1'
b110000001010000010000000011 7
10
1:
0+
b1010000010010000100000000111 K
0L
0/
b1111 9
#86075008
0'
#86080008
1'
b1000000000000000000000000 3
0:
16
#86085008
0'
#86090008
1'
06
1J
12
04
1>
b1000000000000000000000000 G
#86095008
0'
#86100008
1'
02
1+
1F
0J
00
1B
b1101011111110000 <
0>
14
b1101011111101100 (
#86105008
0'
#86110008
1'
0B
0F
0+
1/
b1100010101111100 @
1L
b1100010101111000 ,
#86115008
0'
#86120008
1'
b1010000010010000100000000111 7
10
b101000001000000001100000010 3
16
0L
1:
0/
b1110000011010000110000001011 K
#86125008
0'
#86130008
1'
b101000001000000001100000010 G
1J
06
04
0:
1>
#86135008
0'
#86140008
1'
0>
b1101011111110000 (
12
0J
1+
14
b1101011111110100 <
#86145008
0'
#86150008
1'
00
1F
1B
02
0+
#86155008
0'
#86160008
1'
b1100010101111100 ,
0F
b1001000010000000011100000110 3
1/
0B
16
1L
b1100010110000000 @
#86165008
0'
#86170008
1'
1>
b10010000100010001000000001111 K
10
b1001000010000000011100000110 G
b1110000011010000110000001011 7
0L
04
1:
06
1J
0/
#86175008
0'
#86180008
1'
1+
b1101011111110100 (
0>
b1101011111111000 <
0J
14
0:
#86185008
0'
#86190008
1'
0+
12
#86195008
0'
#86200008
1'
02
00
1F
16
b1101000011000000101100001010 3
1B
#86205008
0'
#86210008
1'
0B
1>
1/
b1101000011000000101100001010 G
b1001011111011011 @
b1100010110000000 ,
04
1L
06
1J
0F
#86215008
0'
#86220008
1'
0/
0>
0?
1:
b1101011111111000 (
10
b0 K
0J
b1000 M
b10010000100010001000000001111 7
14
1+
0L
#86225008
0'
#86230008
1'
0:
0+
#86235008
0'
#86240008
1'
12
b100000000111100001110 3
16
#86245008
0'
#86250008
1'
06
00
1B
1F
1>
b100000000111100001110 G
1J
02
04
#86255008
0'
#86260008
1'
1/
b1001011111011100 @
0F
0B
1L
b1001011111011011 ,
0J
#86265008
0'
#86270008
1'
b1000 9
10
0/
1:
b100000000110000001000000001 K
0L
b1111 M
b0 7
#86275008
0'
#86280008
1'
0:
#86285008
0'
#86290008
1'
1?
12
b1100010101110001 <
#86295008
0'
#86300008
1'
b1100010101110100 <
00
1B
14
0>
1F
1+
b1100010101110001 (
02
#86305008
0'
#86310008
1'
0+
0B
0F
b1001011111100000 @
1/
b1001011111011100 ,
1L
#86315008
0'
#86320008
1'
0L
10
16
b100000000110000001000000001 7
b1111 9
b10000000010000000000000000 3
1:
0/
b1000000001110000011000000101 K
#86325008
0'
#86330008
1'
1J
06
04
1>
0:
b10000000010000000000000000 G
#86335008
0'
#86340008
1'
12
b1100010101111000 <
14
1+
0J
b1100010101110100 (
0>
#86345008
0'
#86350008
1'
0+
1F
02
1B
00
#86355008
0'
#86360008
1'
0B
1L
16
0F
b1001011111100100 @
b1001011111100000 ,
1/
b110000001010000010000000011 3
#86365008
0'
#86370008
1'
06
b1001 K
10
1>
b1000000001110000011000000101 7
b110000001010000010000000011 G
0L
04
0/
1:
1J
b1 M
#86375008
0'
#86380008
1'
0>
1+
b1100010101111100 <
0J
14
b1100010101111000 (
0:
#86385008
0'
#86390008
1'
0+
12
#86395008
0'
#86400008
1'
02
b1010000010010000100000000111 3
00
16
1B
1F
#86405008
0'
#86410008
1'
0F
06
1L
b1010000010010000100000000111 G
1>
0B
1J
04
b1001011111100100 ,
1/
b101110111100010 @
#86415008
0'
#86420008
1'
b1100 M
b1000000000000000000000000 K
0L
10
1:
b1001 7
1+
0/
0>
b1100010101111100 (
b1100010110000000 <
b1 9
14
0J
#86425008
0'
#86430008
1'
0:
0+
#86435008
0'
#86440008
1'
b1110000011010000110000001011 3
12
16
#86445008
0'
#86450008
1'
06
02
b1110000011010000110000001011 G
1F
1J
00
04
1>
1B
#86455008
0'
#86460008
1'
0B
0J
b101110111100100 @
1+
0F
1L
0>
b1100010110000000 (
1/
14
0?
b101110111100010 ,
#86465008
0'
#86470008
1'
b1000000000000000000000000 7
0+
b1100000010 K
b11 M
10
0L
1:
b1100 9
0/
#86475008
0'
#86480008
1'
16
b10010000100010001000000001111 3
0:
#86485008
0'
#86490008
1'
12
1J
06
b10010000100010001000000001111 G
1>
04
#86495008
0'
#86500008
1'
1F
1B
0J
02
00
#86505008
0'
#86510008
1'
1/
b101110111100100 ,
0B
b100001101010110 @
0F
1?
1L
b1001011111011011 <
#86515008
0'
#86520008
1'
b1001011111011100 <
10
14
1:
0/
1+
b1100000010 7
b1000000000000000000000000 K
0L
0>
b1100 M
b11 9
b1001011111011011 (
#86525008
0'
#86530008
1'
0+
0:
#86535008
0'
#86540008
1'
16
b0 3
12
#86545008
0'
#86550008
1'
02
1J
00
04
1B
06
1>
1F
b0 G
#86555008
0'
#86560008
1'
14
b1001011111100000 <
b100001101011000 @
0J
1+
b1001011111011100 (
1/
b100001101010110 ,
0F
1L
0>
0B
#86565008
0'
#86570008
1'
0/
1:
b1000000000000000000000000 7
10
0+
b1100 9
b101000001000000001100000010 K
0L
b1111 M
#86575008
0'
#86580008
1'
0:
b100000000110000001000000001 3
16
#86585008
0'
#86590008
1'
06
b100000000110000001000000001 G
12
04
1J
1>
#86595008
0'
#86600008
1'
0>
14
1B
00
02
b1001011111100000 (
b1001011111100100 <
0J
1+
1F
#86605008
0'
#86610008
1'
0F
1/
0B
b1111000110100000 @
0+
1L
b100001101011000 ,
#86615008
0'
#86620008
1'
16
0/
10
b11 M
b101000001000000001100000010 7
0L
b1000000001110000011000000101 3
b1111 9
1:
b100000000 K
#86625008
0'
#86630008
1'
04
1>
b1000000001110000011000000101 G
06
0:
1J
#86635008
0'
#86640008
1'
0J
14
b1001011111100100 (
0>
12
1+
b101110111100010 <
#86645008
0'
#86650008
1'
1B
00
1F
0+
02
#86655008
0'
#86660008
1'
b1111000110100000 ,
0B
1/
0F
b111110000 @
16
b1001 3
1L
#86665008
0'
#86670008
1'
0L
1>
1J
b11000000100000000100000000 K
b1001 G
10
04
b1111 M
0/
b100000000 7
1:
06
b11 9
#86675008
0'
#86680008
1'
14
b101110111100100 <
0J
0>
b101110111100010 (
1+
0:
#86685008
0'
#86690008
1'
12
0+
#86695008
0'
#86700008
1'
00
1B
02
16
b1000000000000000000000000 3
1F
#86705008
0'
#86710008
1'
0F
1>
04
1L
1J
b1000000000000000000000000 G
b111110000 ,
0B
1/
06
b111110100 @
#86715008
0'
#86720008
1'
b1111 9
0>
1:
b100001101010110 <
0J
10
1+
b111000001100000010100000100 K
0L
14
0/
b11000000100000000100000000 7
b101110111100100 (
#86725008
0'
#86730008
1'
0:
0+
#86735008
0'
#86740008
1'
12
b1100000010 3
16
#86745008
0'
#86750008
1'
b1100000010 G
1>
1F
1J
00
06
02
04
1B
#86755008
0'
#86760008
1'
0B
0J
1L
b111111000 @
1+
0F
b100001101011000 <
0>
b100001101010110 (
14
b111110100 ,
1/
#86765008
0'
#86770008
1'
0/
0L
1:
b1011000010100000100100001000 K
0+
b111000001100000010100000100 7
10
#86775008
0'
#86780008
1'
0:
b1000000000000000000000000 3
16
#86785008
0'
#86790008
1'
06
1>
1J
b1000000000000000000000000 G
12
04
#86795008
0'
#86800008
1'
14
0J
0>
1B
00
b1111000110100000 <
1F
02
b100001101011000 (
1+
#86805008
0'
#86810008
1'
0+
1/
b111111100 @
0B
1L
0F
b111111000 ,
#86815008
0'
#86820008
1'
b1111000011100000110100001100 K
16
10
0/
0L
b1011000010100000100100001000 7
1:
b101000001000000001100000010 3
#86825008
0'
#86830008
1'
1J
04
06
1>
0:
b101000001000000001100000010 G
#86835008
0'
#86840008
1'
14
0J
1+
b1111000110100000 (
0>
12
0?
#86845008
0'
#86850008
1'
00
1B
02
1F
0+
#86855008
0'
#86860008
1'
16
b111111100 ,
b10000000011110000000100000000 3
b1000011100011010 @
0F
0B
1/
1L
#86865008
0'
#86870008
1'
0L
06
10
1J
b10000000011110000000100000000 G
04
b1000000000000000000000000 K
0/
1:
b1100 M
1>
b1111000011100000110100001100 7
#86875008
0'
#86880008
1'
0J
0:
#86885008
0'
#86890008
1'
12
#86895008
0'
#86900008
1'
00
02
1F
1B
#86905008
0'
#86910008
1'
0B
1L
b1000011100011010 ,
0F
b1000011100011100 @
1/
#86915008
0'
#86920008
1'
0/
b1100 9
0L
1:
b1000000000000000000000000 7
10
b101000001000000001100000010 K
b1111 M
#86925008
0'
#86930008
1'
0:
#86935008
0'
#86940008
1'
12
#86945008
0'
#86950008
1'
1B
02
1F
00
#86955008
0'
#86960008
1'
1L
1/
0F
0B
b1000011100100000 @
b1000011100011100 ,
#86965008
0'
#86970008
1'
0L
10
1:
b1111 9
b101000001000000001100000010 7
0/
b1001000010000000011100000110 K
#86975008
0'
#86980008
1'
0:
#86985008
0'
#86990008
1'
12
#86995008
0'
#87000008
1'
b111110000 <
1?
00
02
1B
1F
#87005008
0'
#87010008
1'
0F
14
1+
b111110100 <
b1000011100100000 ,
1L
0B
b1000011100100100 @
1/
b111110000 (
0>
#87015008
0'
#87020008
1'
1:
b1101000011000000101100001010 K
0+
0L
10
0/
b1001000010000000011100000110 7
#87025008
0'
#87030008
1'
b11000000100000000100000000 3
16
0:
#87035008
0'
#87040008
1'
1>
06
04
b11000000100000000100000000 G
12
1J
#87045008
0'
#87050008
1'
0J
1F
14
b111111000 <
0>
02
1+
b111110100 (
00
1B
#87055008
0'
#87060008
1'
0B
b1000011100100100 ,
0F
1/
0+
1L
b1000011100101000 @
#87065008
0'
#87070008
1'
1:
b1101000011000000101100001010 7
16
b10001000100000000111100001110 K
b111000001100000010100000100 3
0L
10
0/
#87075008
0'
#87080008
1'
06
0:
1J
04
1>
b111000001100000010100000100 G
#87085008
0'
#87090008
1'
b111111100 <
0J
0>
12
14
b111111000 (
1+
#87095008
0'
#87100008
1'
0+
1B
00
02
1F
#87105008
0'
#87110008
1'
0F
b1000011100101100 @
b1000011100101000 ,
1/
16
b1011000010100000100100001000 3
1L
0B
#87115008
0'
#87120008
1'
0/
b1011000010100000100100001000 G
b10101000101000001001100010010 K
1:
b10001000100000000111100001110 7
0L
1J
10
1>
06
04
#87125008
0'
#87130008
1'
14
0:
0?
1+
b111111100 (
0>
0J
#87135008
0'
#87140008
1'
12
0+
#87145008
0'
#87150008
1'
1B
1F
16
02
b1111000011100000110100001100 3
00
#87155008
0'
#87160008
1'
0B
1J
04
1/
b1000011100101100 ,
b1111000011100000110100001100 G
b1000011100110000 @
1>
0F
1L
06
#87165008
0'
#87170008
1'
0J
10
1:
b11001000110000001011100010110 K
0/
0L
b10101000101000001001100010010 7
#87175008
0'
#87180008
1'
0:
#87185008
0'
#87190008
1'
12
#87195008
0'
#87200008
1'
1B
00
02
1F
#87205008
0'
#87210008
1'
0F
0B
b1000011100110000 ,
1/
1L
b11011001011111 @
#87215008
0'
#87220008
1'
1:
b1000 M
b0 K
b11001000110000001011100010110 7
0L
0/
10
#87225008
0'
#87230008
1'
0:
#87235008
0'
#87240008
1'
12
#87245008
0'
#87250008
1'
00
1F
1B
02
#87255008
0'
#87260008
1'
b11011001100000 @
0F
0B
1/
1L
b11011001011111 ,
#87265008
0'
#87270008
1'
1:
b100000000110000001000000001 K
b1111 M
10
0L
b1000 9
0/
b0 7
#87275008
0'
#87280008
1'
0:
#87285008
0'
#87290008
1'
12
#87295008
0'
#87300008
1'
02
00
1F
1B
#87305008
0'
#87310008
1'
0B
b11011001100000 ,
1?
b11011001100100 @
b1000011100011010 <
0F
1/
1L
#87315008
0'
#87320008
1'
0L
1:
b100000000110000001000000001 7
b1000000001110000011000000101 K
14
0/
b1000011100011100 <
1+
10
b1111 9
0>
b1000011100011010 (
#87325008
0'
#87330008
1'
0:
0+
#87335008
0'
#87340008
1'
16
12
b1000000000000000000000000 3
#87345008
0'
#87350008
1'
1B
b1000000000000000000000000 G
1J
02
06
04
1>
1F
00
#87355008
0'
#87360008
1'
1+
b11011001101000 @
0B
b1000011100011100 (
b11011001100100 ,
1L
0F
1/
0J
0>
b1000011100100000 <
14
#87365008
0'
#87370008
1'
10
b1100000010110000101000001001 K
0+
b1000000001110000011000000101 7
0L
1:
0/
#87375008
0'
#87380008
1'
b101000001000000001100000010 3
0:
16
#87385008
0'
#87390008
1'
06
04
b101000001000000001100000010 G
12
1>
1J
#87395008
0'
#87400008
1'
0J
14
1+
b1000011100100000 (
00
1B
0>
b1000011100100100 <
1F
02
#87405008
0'
#87410008
1'
b11011001101000 ,
1/
b11011001101100 @
0+
0F
0B
1L
#87415008
0'
#87420008
1'
0L
16
10
0/
b10000000011110000111000001101 K
b1100000010110000101000001001 7
1:
b1001000010000000011100000110 3
#87425008
0'
#87430008
1'
1J
06
04
0:
1>
b1001000010000000011100000110 G
#87435008
0'
#87440008
1'
12
b1000011100100100 (
0J
0>
14
1+
b1000011100101000 <
#87445008
0'
#87450008
1'
00
02
0+
1B
1F
#87455008
0'
#87460008
1'
0F
b1101000011000000101100001010 3
1/
1L
b11011001110000 @
16
b11011001101100 ,
0B
#87465008
0'
#87470008
1'
06
0/
b1101000011000000101100001010 G
10
0L
1J
1>
b10100000100110001001000010001 K
04
1:
b10000000011110000111000001101 7
#87475008
0'
#87480008
1'
b1000011100101000 (
b1000011100101100 <
0:
0J
14
0>
1+
#87485008
0'
#87490008
1'
0+
12
#87495008
0'
#87500008
1'
02
00
16
1B
b10001000100000000111100001110 3
1F
#87505008
0'
#87510008
1'
0F
0B
06
b10001000100000000111100001110 G
b11011001110100 @
1/
1>
1L
b11011001110000 ,
04
1J
#87515008
0'
#87520008
1'
0J
10
b1000011100101100 (
b10100000100110001001000010001 7
14
0>
b1000011100110000 <
0/
1+
0L
1:
b11000000101110001011000010101 K
#87525008
0'
#87530008
1'
0:
0+
#87535008
0'
#87540008
1'
b10101000101000001001100010010 3
12
16
#87545008
0'
#87550008
1'
06
02
1F
b10101000101000001001100010010 G
1B
00
1J
1>
04
#87555008
0'
#87560008
1'
14
b1000011100110000 (
b11011001111000 @
0B
0?
0F
0>
0J
1+
1/
b11011001110100 ,
1L
#87565008
0'
#87570008
1'
0L
b1 M
10
b11001 K
b11000000101110001011000010101 7
0/
1:
0+
#87575008
0'
#87580008
1'
16
b11001000110000001011100010110 3
0:
#87585008
0'
#87590008
1'
04
06
12
b11001000110000001011100010110 G
1>
1J
#87595008
0'
#87600008
1'
0J
00
02
1B
1F
#87605008
0'
#87610008
1'
0F
1L
b1011001101110000 @
0B
b11011001111000 ,
1/
#87615008
0'
#87620008
1'
0/
0L
1:
10
b0 K
b11001 7
b1 9
#87625008
0'
#87630008
1'
0:
#87635008
0'
#87640008
1'
12
#87645008
0'
#87650008
1'
02
1F
1B
00
#87655008
0'
#87660008
1'
1/
1L
0B
b1010100001011001 @
0F
b1011001101110000 ,
#87665008
0'
#87670008
1'
10
1:
b1110 M
0/
0L
b10000000010000000000000000 K
b0 7
#87675008
0'
#87680008
1'
0:
#87685008
0'
#87690008
1'
12
#87695008
0'
#87700008
1'
02
00
1F
1B
#87705008
0'
#87710008
1'
0B
1?
b1010100001011001 ,
0F
b11011001011111 <
b1010100001011100 @
1L
1/
#87715008
0'
#87720008
1'
0/
b11 M
1+
b1110 9
1:
b11011001011111 (
b10000000010000000000000000 7
14
0L
0>
b10000000011 K
10
b11011001100000 <
#87725008
0'
#87730008
1'
0+
0:
#87735008
0'
#87740008
1'
12
16
b0 3
#87745008
0'
#87750008
1'
1B
02
1J
06
00
04
b0 G
1>
1F
#87755008
0'
#87760008
1'
0F
1/
0B
1+
b11011001100000 (
b11011001100100 <
0>
b1010100001011100 ,
0J
1L
b111011111010001 @
14
#87765008
0'
#87770008
1'
b10000000011 7
b1110 M
1:
0+
0/
b11 9
0L
b10000000010000000000000000 K
10
#87775008
0'
#87780008
1'
b100000000110000001000000001 3
0:
16
#87785008
0'
#87790008
1'
06
04
12
1>
b100000000110000001000000001 G
1J
#87795008
0'
#87800008
1'
0J
14
b11011001100100 (
00
1F
1+
1B
b11011001101000 <
0>
02
#87805008
0'
#87810008
1'
0+
1/
0F
b111011111010001 ,
1L
b111011111010100 @
0B
#87815008
0'
#87820008
1'
0/
b10000000010000000000000000 7
16
b1000000001110000011000000101 3
b1111 M
10
1:
b110000001010000010000000011 K
0L
b1110 9
#87825008
0'
#87830008
1'
04
1J
06
b1000000001110000011000000101 G
1>
0:
#87835008
0'
#87840008
1'
0J
12
14
1+
b11011001101000 (
0>
b11011001101100 <
#87845008
0'
#87850008
1'
0+
1B
02
00
1F
#87855008
0'
#87860008
1'
0F
0B
1/
b1100000010110000101000001001 3
16
1L
b111011111011000 @
b111011111010100 ,
#87865008
0'
#87870008
1'
0/
b1111 9
1:
1J
b110000001010000010000000011 7
04
06
1>
10
0L
b1100000010110000101000001001 G
b1010000010010000100000000111 K
#87875008
0'
#87880008
1'
b11011001110000 <
0J
1+
0:
14
0>
b11011001101100 (
#87885008
0'
#87890008
1'
0+
12
#87895008
0'
#87900008
1'
02
1B
1F
16
b10000000011110000111000001101 3
00
#87905008
0'
#87910008
1'
1/
b111011111011000 ,
0B
1J
0F
b111011111011100 @
b10000000011110000111000001101 G
06
1L
1>
04
#87915008
0'
#87920008
1'
14
10
b1010000010010000100000000111 7
b1110000011010000110000001011 K
0/
b11011001110000 (
b11011001110100 <
0>
0J
1+
0L
1:
#87925008
0'
#87930008
1'
0:
0+
#87935008
0'
#87940008
1'
12
b10100000100110001001000010001 3
16
#87945008
0'
#87950008
1'
06
00
1B
04
1>
1F
02
1J
b10100000100110001001000010001 G
#87955008
0'
#87960008
1'
0B
b11011001110100 (
1+
b111011111011100 ,
1/
0J
14
b11011001111000 <
0>
b111011111100000 @
0F
1L
#87965008
0'
#87970008
1'
0L
10
0+
b1110000011010000110000001011 7
b10010000100010001000000001111 K
1:
0/
#87975008
0'
#87980008
1'
16
0:
b11000000101110001011000010101 3
#87985008
0'
#87990008
1'
b11000000101110001011000010101 G
06
1J
04
12
1>
#87995008
0'
#88000008
1'
0>
1+
1B
00
b11011001111000 (
02
1F
14
0J
b1011001101110000 <
#88005008
0'
#88010008
1'
1/
b111011111100000 ,
0B
1L
0+
b111011111100100 @
0F
#88015008
0'
#88020008
1'
0L
b10010000100010001000000001111 7
b11001 3
0/
10
1:
b10110000101010001010000010011 K
16
#88025008
0'
#88030008
1'
06
1>
b11001 G
0:
04
1J
#88035008
0'
#88040008
1'
0J
b1010100001011001 <
14
b1011001101110000 (
0>
1+
12
#88045008
0'
#88050008
1'
02
1F
1B
0+
00
#88055008
0'
#88060008
1'
0F
1L
1/
16
b0 3
b111011111100100 ,
0B
b110001101001000 @
#88065008
0'
#88070008
1'
b111 M
1J
10
06
b10110000101010001010000010011 7
0/
0L
b100000000100000000 K
1>
04
1:
b0 G
#88075008
0'
#88080008
1'
0J
0:
1+
b1010100001011100 <
14
0>
b1010100001011001 (
#88085008
0'
#88090008
1'
12
0+
#88095008
0'
#88100008
1'
b10000000010000000000000000 3
1F
16
00
02
1B
#88105008
0'
#88110008
1'
0B
06
1/
b1110010110010010 @
0F
b10000000010000000000000000 G
b110001101001000 ,
1J
1>
1L
04
#88115008
0'
#88120008
1'
14
b1100 M
0?
1+
0/
b100000000100000000 7
b111 9
b1010100001011100 (
0L
10
1:
0>
b1000000000000000000000000 K
0J
#88125008
0'
#88130008
1'
0+
1?
0:
b111011111010001 <
#88135008
0'
#88140008
1'
16
b10000000011 3
12
#88145008
0'
#88150008
1'
02
1F
1B
04
06
1J
b10000000011 G
00
1>
#88155008
0'
#88160008
1'
0>
0F
b111011111010100 <
14
0B
b1110010110010100 @
1+
1/
1L
b111011111010001 (
b1110010110010010 ,
0J
#88165008
0'
#88170008
1'
0+
b1100 9
b1111 M
b1000000000000000000000000 7
0/
1:
10
0L
b101000001000000001100000010 K
#88175008
0'
#88180008
1'
16
b10000000010000000000000000 3
0:
#88185008
0'
#88190008
1'
1J
1>
12
04
06
b10000000010000000000000000 G
#88195008
0'
#88200008
1'
02
0J
1+
0>
b111011111011000 <
1F
1B
14
00
b111011111010100 (
#88205008
0'
#88210008
1'
0F
0+
b1110010110011000 @
1L
b1110010110010100 ,
1/
0B
#88215008
0'
#88220008
1'
b1001000010000000011100000110 K
1:
b1111 9
0/
0L
10
b101000001000000001100000010 7
b110000001010000010000000011 3
16
#88225008
0'
#88230008
1'
06
0:
b110000001010000010000000011 G
1J
1>
04
#88235008
0'
#88240008
1'
14
0J
b111011111011000 (
12
b111011111011100 <
1+
0>
#88245008
0'
#88250008
1'
1B
02
1F
0+
00
#88255008
0'
#88260008
1'
16
0B
1L
1/
b1110010110011100 @
0F
b1110010110011000 ,
b1010000010010000100000000111 3
#88265008
0'
#88270008
1'
10
1J
1>
04
06
b1010000010010000100000000111 G
b1101000011000000101100001010 K
1:
0L
0/
b1001000010000000011100000110 7
#88275008
0'
#88280008
1'
0J
b111011111100000 <
14
0>
b111011111011100 (
1+
0:
#88285008
0'
#88290008
1'
12
0+
#88295008
0'
#88300008
1'
b1110000011010000110000001011 3
00
16
02
1B
1F
#88305008
0'
#88310008
1'
0F
1>
04
1J
b1110000011010000110000001011 G
0B
06
1/
b1110010110011100 ,
1L
b1110010110100000 @
#88315008
0'
#88320008
1'
0J
10
1+
b1101000011000000101100001010 7
b10001000100000000111100001110 K
14
0>
1:
b111011111100100 <
0L
b111011111100000 (
0/
#88325008
0'
#88330008
1'
0:
0+
#88335008
0'
#88340008
1'
b10010000100010001000000001111 3
16
12
#88345008
0'
#88350008
1'
02
00
1J
1>
1F
04
06
1B
b10010000100010001000000001111 G
#88355008
0'
#88360008
1'
0F
b1110010110100100 @
1/
0>
1+
0J
0B
14
b111011111100100 (
b1110010110100000 ,
1L
b110001101001000 <
#88365008
0'
#88370008
1'
0+
b1 M
1:
10
b10001000100000000111100001110 7
0/
b10010 K
0L
#88375008
0'
#88380008
1'
0:
16
b10110000101010001010000010011 3
#88385008
0'
#88390008
1'
b10110000101010001010000010011 G
12
1>
06
1J
04
#88395008
0'
#88400008
1'
14
02
1+
1F
00
0J
0>
1B
0?
b110001101001000 (
#88405008
0'
#88410008
1'
0F
1/
0+
1L
b1001101000101 @
0B
b1110010110100100 ,
#88415008
0'
#88420008
1'
0L
b100000000100000000 3
0/
b1110 M
b10010 7
b1 9
10
b10000000010000000000000000 K
16
1:
#88425008
0'
#88430008
1'
0:
04
b100000000100000000 G
06
1J
1>
#88435008
0'
#88440008
1'
12
0J
#88445008
0'
#88450008
1'
1F
02
1B
00
#88455008
0'
#88460008
1'
b1001101000101 ,
1L
1/
0B
0F
b1001101001000 @
#88465008
0'
#88470008
1'
10
b1111 M
0L
1:
0/
b1110 9
b10000000010000000000000000 7
b110000001010000010000000011 K
#88475008
0'
#88480008
1'
0:
#88485008
0'
#88490008
1'
b1110010110010010 <
12
1?
#88495008
0'
#88500008
1'
b1110010110010010 (
0>
14
00
1+
02
1F
b1110010110010100 <
1B
#88505008
0'
#88510008
1'
0B
1L
b1001101001100 @
b1001101001000 ,
0+
1/
0F
#88515008
0'
#88520008
1'
b1010000010010000100000000111 K
10
0L
b1000000000000000000000000 3
0/
b110000001010000010000000011 7
1:
b1111 9
16
#88525008
0'
#88530008
1'
06
1>
1J
04
b1000000000000000000000000 G
0:
#88535008
0'
#88540008
1'
b1110010110010100 (
0J
0>
b1110010110011000 <
14
1+
12
#88545008
0'
#88550008
1'
02
1F
1B
00
0+
#88555008
0'
#88560008
1'
0B
b1001101010000 @
1L
0F
16
b1001101001100 ,
b101000001000000001100000010 3
1/
#88565008
0'
#88570008
1'
0/
1:
0L
1J
b1110000011010000110000001011 K
06
b101000001000000001100000010 G
10
04
1>
b1010000010010000100000000111 7
#88575008
0'
#88580008
1'
0J
1+
b1110010110011000 (
0:
0>
14
b1110010110011100 <
#88585008
0'
#88590008
1'
12
0+
#88595008
0'
#88600008
1'
1F
1B
02
16
b1001000010000000011100000110 3
00
#88605008
0'
#88610008
1'
0B
0F
1L
1/
1J
b10111110110100 @
04
06
b1001000010000000011100000110 G
b1001101010000 ,
1>
#88615008
0'
#88620008
1'
0>
10
b1110000011010000110000001011 7
1+
b1110010110011100 (
b1110010110100000 <
0J
0/
0L
b11000000100000000100000000 K
14
1:
#88625008
0'
#88630008
1'
0:
0+
#88635008
0'
#88640008
1'
12
b1101000011000000101100001010 3
16
#88645008
0'
#88650008
1'
1>
00
1J
1B
1F
06
04
02
b1101000011000000101100001010 G
#88655008
0'
#88660008
1'
0B
1/
1+
0J
0>
b1110010110100000 (
b1110010110100100 <
0F
b10111110110100 ,
14
b10111110111000 @
1L
#88665008
0'
#88670008
1'
0L
b11000000100000000100000000 7
1:
0+
0/
10
b111000001100000010100000100 K
#88675008
0'
#88680008
1'
0:
b10001000100000000111100001110 3
16
#88685008
0'
#88690008
1'
06
b10001000100000000111100001110 G
1>
1J
12
04
#88695008
0'
#88700008
1'
14
0>
1B
0?
b1110010110100100 (
1+
02
00
0J
1F
#88705008
0'
#88710008
1'
0F
1/
0B
1L
0+
b10111110111100 @
b10111110111000 ,
#88715008
0'
#88720008
1'
0/
1?
b1011000010100000100100001000 K
b111000001100000010100000100 7
16
b10010 3
b1001101000101 <
10
0L
1:
#88725008
0'
#88730008
1'
0:
1>
04
b10010 G
06
1J
#88735008
0'
#88740008
1'
0J
14
b1001101000101 (
0>
1+
12
b1001101001000 <
#88745008
0'
#88750008
1'
1B
1F
02
0+
00
#88755008
0'
#88760008
1'
0B
b10111110111100 ,
1/
1L
b10111111000000 @
0F
16
b10000000010000000000000000 3
#88765008
0'
#88770008
1'
1J
10
1:
04
b1111000011100000110100001100 K
b1011000010100000100100001000 7
06
0/
b10000000010000000000000000 G
0L
1>
#88775008
0'
#88780008
1'
0>
0J
b1001101001000 (
b1001101001100 <
14
0:
1+
#88785008
0'
#88790008
1'
0+
12
#88795008
0'
#88800008
1'
02
b110000001010000010000000011 3
00
1B
16
1F
#88805008
0'
#88810008
1'
0F
b10111111000000 ,
04
1J
1>
06
1L
0B
b110000001010000010000000011 G
1/
b10111111000100 @
#88815008
0'
#88820008
1'
0J
10
14
b10011000100100001000100010000 K
b1001101010000 <
b1001101001100 (
0/
0>
b1111000011100000110100001100 7
1+
1:
0L
#88825008
0'
#88830008
1'
0:
0+
#88835008
0'
#88840008
1'
b1010000010010000100000000111 3
12
16
#88845008
0'
#88850008
1'
06
00
1J
1F
04
02
1>
b1010000010010000100000000111 G
1B
#88855008
0'
#88860008
1'
0B
0F
b10111111001000 @
b10111111000100 ,
0J
1L
0?
14
b1001101010000 (
1/
0>
1+
#88865008
0'
#88870008
1'
0+
0L
10
b10111000101100001010100010100 K
0/
1:
b10011000100100001000100010000 7
#88875008
0'
#88880008
1'
16
b1110000011010000110000001011 3
0:
#88885008
0'
#88890008
1'
06
1J
04
b1110000011010000110000001011 G
1>
12
#88895008
0'
#88900008
1'
02
1F
00
1B
0J
#88905008
0'
#88910008
1'
0F
b10111111001100 @
1L
b10111111001000 ,
0B
1/
#88915008
0'
#88920008
1'
0/
b10111000101100001010100010100 7
10
0L
1:
b11 M
b1100100011000 K
#88925008
0'
#88930008
1'
0:
#88935008
0'
#88940008
1'
12
#88945008
0'
#88950008
1'
02
00
1F
1B
#88955008
0'
#88960008
1'
0B
1/
1L
b1101111010001111 @
0F
b10111111001100 ,
#88965008
0'
#88970008
1'
0L
1:
b0 K
0/
10
b1100100011000 7
b11 9
b1000 M
#88975008
0'
#88980008
1'
0:
#88985008
0'
#88990008
1'
12
#88995008
0'
#89000008
1'
02
00
1B
1F
#89005008
0'
#89010008
1'
0F
1L
b1101111010001111 ,
1/
0B
b1101111010010000 @
#89015008
0'
#89020008
1'
10
0L
b100000000110000001000000001 K
1:
b1111 M
b1000 9
0/
b0 7
#89025008
0'
#89030008
1'
0:
#89035008
0'
#89040008
1'
12
#89045008
0'
#89050008
1'
02
1F
00
1B
#89055008
0'
#89060008
1'
0B
0F
b1101111010010100 @
b1101111010010000 ,
b10111110110100 <
1L
1/
1?
#89065008
0'
#89070008
1'
b10111110111000 <
1+
b100000000110000001000000001 7
b1000000001110000011000000101 K
1:
0/
0L
10
0>
b1111 9
b10111110110100 (
14
#89075008
0'
#89080008
1'
0+
0:
#89085008
0'
#89090008
1'
16
12
b11000000100000000100000000 3
#89095008
0'
#89100008
1'
1J
1F
1B
06
04
02
00
b11000000100000000100000000 G
1>
#89105008
0'
#89110008
1'
0>
0J
b1101111010011000 @
0B
0F
b10111110111100 <
b1101111010010100 ,
1+
b10111110111000 (
1L
1/
14
#89115008
0'
#89120008
1'
b1100000010110000101000001001 K
1:
b1000000001110000011000000101 7
0/
0+
0L
10
#89125008
0'
#89130008
1'
b111000001100000010100000100 3
16
0:
#89135008
0'
#89140008
1'
06
1>
04
1J
b111000001100000010100000100 G
12
#89145008
0'
#89150008
1'
02
14
b10111111000000 <
00
0>
1B
1F
b10111110111100 (
0J
1+
#89155008
0'
#89160008
1'
0+
0B
b1101111010011100 @
1L
b1101111010011000 ,
1/
0F
#89165008
0'
#89170008
1'
16
1:
b1011000010100000100100001000 3
10
b10000000011110000111000001101 K
0/
b1100000010110000101000001001 7
0L
#89175008
0'
#89180008
1'
04
1>
0:
06
1J
b1011000010100000100100001000 G
#89185008
0'
#89190008
1'
12
1+
b10111111000100 <
0>
14
0J
b10111111000000 (
#89195008
0'
#89200008
1'
00
1F
1B
0+
02
#89205008
0'
#89210008
1'
1L
0B
b1111000011100000110100001100 3
0F
16
b1101111010100000 @
1/
b1101111010011100 ,
#89215008
0'
#89220008
1'
b1111000011100000110100001100 G
10
1:
0L
1>
0/
1J
b10000000011110000111000001101 7
b1001000010001 K
04
06
b11 M
#89225008
0'
#89230008
1'
1+
b10111111000100 (
0:
b10111111001000 <
0J
0>
14
#89235008
0'
#89240008
1'
12
0+
#89245008
0'
#89250008
1'
02
b10011000100100001000100010000 3
1B
00
1F
16
#89255008
0'
#89260008
1'
06
04
b1101111010100000 ,
1L
0B
b10011000100100001000100010000 G
0F
1>
1/
1J
b1100111010010101 @
#89265008
0'
#89270008
1'
1:
14
b1110 M
0L
1+
b10111111001000 (
0J
b10111111001100 <
10
0/
0>
b11 9
b10000000010000000000000000 K
b1001000010001 7
#89275008
0'
#89280008
1'
0+
0:
#89285008
0'
#89290008
1'
16
b10111000101100001010100010100 3
12
#89295008
0'
#89300008
1'
02
1B
04
06
1J
1F
b10111000101100001010100010100 G
00
1>
#89305008
0'
#89310008
1'
0>
14
1+
b1001000000101111 @
0?
0B
1L
b1100111010010101 ,
0J
b10111111001100 (
0F
1/
#89315008
0'
#89320008
1'
0/
0L
1:
0+
b10000000010000000000000000 7
b1000 M
1?
b0 K
10
b1110 9
b1101111010001111 <
#89325008
0'
#89330008
1'
0:
b1100100011000 3
16
#89335008
0'
#89340008
1'
06
04
1>
12
1J
b1100100011000 G
#89345008
0'
#89350008
1'
0>
b1101111010010000 <
14
1B
1+
0J
1F
02
b1101111010001111 (
00
#89355008
0'
#89360008
1'
0B
1L
1/
b1001000000110000 @
0+
b1001000000101111 ,
0F
#89365008
0'
#89370008
1'
0/
b1111 M
16
10
0L
b0 7
1:
b1000 9
b100000000110000001000000001 K
b0 3
#89375008
0'
#89380008
1'
b0 G
06
04
1>
1J
0:
#89385008
0'
#89390008
1'
14
b1101111010010100 <
0J
b1101111010010000 (
0>
1+
12
#89395008
0'
#89400008
1'
02
1F
1B
00
0+
#89405008
0'
#89410008
1'
0B
b100000000110000001000000001 3
1/
0F
16
1L
b1001000000110000 ,
b1001000000110100 @
#89415008
0'
#89420008
1'
06
b100000000110000001000000001 7
0/
b100000000110000001000000001 G
04
1:
0L
10
1>
1J
b1111 9
b1000000001110000011000000101 K
#89425008
0'
#89430008
1'
14
1+
0:
b1101111010011000 <
0J
0>
b1101111010010100 (
#89435008
0'
#89440008
1'
12
0+
#89445008
0'
#89450008
1'
1B
16
1F
b1000000001110000011000000101 3
02
00
#89455008
0'
#89460008
1'
04
b1001000000111000 @
0F
06
0B
b1000000001110000011000000101 G
1/
1>
b1001000000110100 ,
1J
1L
#89465008
0'
#89470008
1'
0L
b1100000010110000101000001001 K
10
b1101111010011000 (
1+
14
b1000000001110000011000000101 7
0J
0/
0>
b1101111010011100 <
1:
#89475008
0'
#89480008
1'
0:
0+
#89485008
0'
#89490008
1'
16
12
b1100000010110000101000001001 3
#89495008
0'
#89500008
1'
04
b1100000010110000101000001001 G
00
1B
1F
02
06
1>
1J
#89505008
0'
#89510008
1'
0J
0B
14
1L
1+
b1001000000111100 @
b1101111010011100 (
0>
b1101111010100000 <
0F
b1001000000111000 ,
1/
#89515008
0'
#89520008
1'
0/
b10000000011110000111000001101 K
0+
10
0L
1:
b1100000010110000101000001001 7
#89525008
0'
#89530008
1'
b10000000011110000111000001101 3
0:
16
#89535008
0'
#89540008
1'
06
1J
04
b10000000011110000111000001101 G
1>
12
#89545008
0'
#89550008
1'
02
14
1B
0J
00
1+
0>
b1101111010100000 (
1F
b1100111010010101 <
#89555008
0'
#89560008
1'
1L
b1001000001000000 @
1/
0B
0F
0+
b1001000000111100 ,
#89565008
0'
#89570008
1'
0/
10
b10000000011110000111000001101 7
16
0L
b10100000100110001001000010001 K
b1001000010001 3
1:
#89575008
0'
#89580008
1'
0:
06
1J
04
b1001000010001 G
1>
#89585008
0'
#89590008
1'
0>
12
0J
0?
14
b1100111010010101 (
1+
#89595008
0'
#89600008
1'
0+
02
00
1F
1B
#89605008
0'
#89610008
1'
0B
b1001000001000000 ,
1L
1/
16
b1001000001000100 @
0F
b10000000010000000000000000 3
#89615008
0'
#89620008
1'
06
b1 M
0/
0L
1:
1>
b10100000100110001001000010001 7
10
b10000000010000000000000000 G
1J
b10101 K
04
#89625008
0'
#89630008
1'
0:
0J
#89635008
0'
#89640008
1'
12
#89645008
0'
#89650008
1'
02
1B
1F
00
#89655008
0'
#89660008
1'
b1001000001000100 ,
1L
1/
0F
0B
b101010100110011 @
#89665008
0'
#89670008
1'
10
0L
b1000 M
1:
b1 9
b10101 7
0/
b0 K
#89675008
0'
#89680008
1'
0:
#89685008
0'
#89690008
1'
12
#89695008
0'
#89700008
1'
02
00
1B
1F
#89705008
0'
#89710008
1'
0F
b101010100110100 @
1L
b101010100110011 ,
0B
1/
#89715008
0'
#89720008
1'
0/
0L
b100000000110000001000000001 K
b1001000000101111 <
1:
b1111 M
10
b0 7
b1000 9
1?
#89725008
0'
#89730008
1'
0>
1+
14
b1001000000110000 <
b1001000000101111 (
0:
#89735008
0'
#89740008
1'
0+
12
#89745008
0'
#89750008
1'
02
b1001100010010 3
16
1F
1B
00
#89755008
0'
#89760008
1'
06
1/
1J
1L
b101010100111000 @
1>
0B
b101010100110100 ,
04
0F
b1001100010010 G
#89765008
0'
#89770008
1'
b1000000001110000011000000101 K
0/
10
0L
1+
1:
0J
b1001000000110000 (
0>
b1111 9
14
b100000000110000001000000001 7
b1001000000110100 <
#89775008
0'
#89780008
1'
0:
0+
#89785008
0'
#89790008
1'
16
b100000000110000001000000001 3
12
#89795008
0'
#89800008
1'
02
b100000000110000001000000001 G
00
06
1B
1J
1F
04
1>
#89805008
0'
#89810008
1'
0>
b101010100111100 @
1+
b1001000000111000 <
1/
1L
14
0B
b1001000000110100 (
0F
0J
b101010100111000 ,
#89815008
0'
#89820008
1'
0/
10
b1100000010110000101000001001 K
1:
0+
0L
b1000000001110000011000000101 7
#89825008
0'
#89830008
1'
0:
b1000000001110000011000000101 3
16
#89835008
0'
#89840008
1'
06
1>
b1000000001110000011000000101 G
12
04
1J
#89845008
0'
#89850008
1'
0J
0>
b1001000000111100 <
00
14
02
1+
1F
1B
b1001000000111000 (
#89855008
0'
#89860008
1'
b101010100111100 ,
1/
b101010101000000 @
0B
1L
0F
0+
#89865008
0'
#89870008
1'
0/
b1100000010110000101000001001 7
1:
b10000000011110000111000001101 K
16
10
b1100000010110000101000001001 3
0L
#89875008
0'
#89880008
1'
b1100000010110000101000001001 G
0:
1>
1J
06
04
#89885008
0'
#89890008
1'
14
1+
b1001000000111100 (
0>
b1001000001000000 <
0J
12
#89895008
0'
#89900008
1'
02
0+
1F
00
1B
#89905008
0'
#89910008
1'
0B
b101010101000000 ,
1L
1/
b10000000011110000111000001101 3
16
b101010101000100 @
0F
#89915008
0'
#89920008
1'
0L
b10100000100110001001000010001 K
04
1>
1:
b10000000011110000111000001101 G
b10000000011110000111000001101 7
1J
0/
10
06
#89925008
0'
#89930008
1'
0:
b1001000001000000 (
0>
14
0J
b1001000001000100 <
1+
#89935008
0'
#89940008
1'
0+
12
#89945008
0'
#89950008
1'
02
1F
1B
16
00
b10100000100110001001000010001 3
#89955008
0'
#89960008
1'
0B
b10100000100110001001000010001 G
1L
0F
1>
b101010101000100 ,
06
b101010101001000 @
1J
1/
04
#89965008
0'
#89970008
1'
14
0>
b11000000101110001011000010101 K
0?
0L
1+
b1001000001000100 (
1:
0/
10
b10100000100110001001000010001 7
0J
#89975008
0'
#89980008
1'
0+
0:
#89985008
0'
#89990008
1'
b10101 3
12
16
#89995008
0'
#90000008
1'
06
04
1B
1>
1J
1F
b10101 G
02
00
#90005008
0'
#90010008
1'
0F
0J
0B
1L
1/
b101010101001000 ,
b101010101001100 @
#90015008
0'
#90020008
1'
10
1:
b11100000110110001101000011001 K
0L
b11000000101110001011000010101 7
0/
#90025008
0'
#90030008
1'
0:
#90035008
0'
#90040008
1'
12
#90045008
0'
#90050008
1'
00
1B
1F
02
#90055008
0'
#90060008
1'
1/
b101010101010000 @
0B
0F
b101010101001100 ,
1L
#90065008
0'
#90070008
1'
0L
0/
1:
10
b11100000110110001101000011001 7
b1111000011101 K
b11 M
#90075008
0'
#90080008
1'
0:
#90085008
0'
#90090008
1'
12
#90095008
0'
#90100008
1'
02
00
1B
1F
#90105008
0'
#90110008
1'
0F
b100111100000000 @
1/
1L
0B
b101010101010000 ,
#90115008
0'
#90120008
1'
0/
1:
b1111 M
0L
b11000000100000000100000000 K
10
b1111000011101 7
b11 9
#90125008
0'
#90130008
1'
0:
#90135008
0'
#90140008
1'
12
#90145008
0'
#90150008
1'
1F
02
1B
00
#90155008
0'
#90160008
1'
b100111100000000 ,
b1111101000000011 @
1/
0B
0F
1L
#90165008
0'
#90170008
1'
0L
10
b1111 9
1:
0/
b11000000100000000100000000 7
b1000 M
b0 K
#90175008
0'
#90180008
1'
0:
#90185008
0'
#90190008
1'
12
#90195008
0'
#90200008
1'
00
1?
02
b101010100110011 <
1F
1B
#90205008
0'
#90210008
1'
0B
b101010100110011 (
1L
14
b1111101000000100 @
0>
b1111101000000011 ,
0F
1/
b101010100110100 <
1+
#90215008
0'
#90220008
1'
0+
b1000 9
0L
10
b100000000110000001000000001 K
b1111 M
0/
b0 7
1:
#90225008
0'
#90230008
1'
0:
b0 3
16
#90235008
0'
#90240008
1'
06
1>
1J
04
12
b0 G
#90245008
0'
#90250008
1'
0J
b101010100110100 (
1B
00
0>
1+
02
b101010100111000 <
14
1F
#90255008
0'
#90260008
1'
0F
0B
1L
b1111101000001000 @
0+
b1111101000000100 ,
1/
#90265008
0'
#90270008
1'
0/
b100000000110000001000000001 3
1:
0L
10
16
b1111 9
b100000000110000001000000001 7
b1000000001110000011000000101 K
#90275008
0'
#90280008
1'
06
1>
b100000000110000001000000001 G
1J
0:
04
#90285008
0'
#90290008
1'
14
0J
0>
b101010100111000 (
1+
12
b101010100111100 <
#90295008
0'
#90300008
1'
1B
1F
00
02
0+
#90305008
0'
#90310008
1'
1/
16
0F
b1000000001110000011000000101 3
0B
1L
b1111101000001000 ,
b1111101000001100 @
#90315008
0'
#90320008
1'
b1001 K
1J
04
1>
0/
b1000000001110000011000000101 G
06
0L
b1000000001110000011000000101 7
10
1:
b1 M
#90325008
0'
#90330008
1'
0J
1+
14
b101010101000000 <
0>
0:
b101010100111100 (
#90335008
0'
#90340008
1'
0+
12
#90345008
0'
#90350008
1'
02
1B
b1100000010110000101000001001 3
1F
16
00
#90355008
0'
#90360008
1'
b1100000010110000101000001001 G
b110010010 @
0B
1J
1/
04
06
b1111101000001100 ,
0F
1L
1>
#90365008
0'
#90370008
1'
0>
0/
b101010101000100 <
10
b1100 M
b1000000000000000000000000 K
0J
b101010101000000 (
0L
14
1+
1:
b1 9
b1001 7
#90375008
0'
#90380008
1'
0:
0+
#90385008
0'
#90390008
1'
b10000000011110000111000001101 3
12
16
#90395008
0'
#90400008
1'
06
00
1J
1>
b10000000011110000111000001101 G
1B
02
04
1F
#90405008
0'
#90410008
1'
0F
b101010101001000 <
1/
0>
b110010100 @
0J
14
0B
b101010101000100 (
1L
1+
b110010010 ,
#90415008
0'
#90420008
1'
b1000000000000000000000000 7
10
b1111 M
0/
b101000001000000001100000010 K
0+
0L
1:
b1100 9
#90425008
0'
#90430008
1'
16
b10100000100110001001000010001 3
0:
#90435008
0'
#90440008
1'
b10100000100110001001000010001 G
06
1>
1J
04
12
#90445008
0'
#90450008
1'
02
1F
b101010101001100 <
00
14
0>
1B
0J
1+
b101010101001000 (
#90455008
0'
#90460008
1'
b110011000 @
b110010100 ,
1/
0F
0+
1L
0B
#90465008
0'
#90470008
1'
0/
1:
b1111 9
16
b101000001000000001100000010 7
0L
10
b11000000101110001011000010101 3
b1001000010000000011100000110 K
#90475008
0'
#90480008
1'
06
b11000000101110001011000010101 G
0:
04
1J
1>
#90485008
0'
#90490008
1'
0>
b101010101010000 <
b101010101001100 (
12
0J
14
1+
#90495008
0'
#90500008
1'
0+
1B
02
00
1F
#90505008
0'
#90510008
1'
0F
b110011100 @
1/
b110011000 ,
16
b11100000110110001101000011001 3
1L
0B
#90515008
0'
#90520008
1'
b1101000011000000101100001010 K
1>
0/
b11100000110110001101000011001 G
0L
06
10
b1001000010000000011100000110 7
04
1J
1:
#90525008
0'
#90530008
1'
0:
b101010101010000 (
1+
0>
b100111100000000 <
0J
14
#90535008
0'
#90540008
1'
0+
12
#90545008
0'
#90550008
1'
02
1B
1F
16
00
b1111000011101 3
#90555008
0'
#90560008
1'
0B
b110011100 ,
1>
1/
04
b1000010011000010 @
b1111000011101 G
1L
06
0F
1J
#90565008
0'
#90570008
1'
0J
14
1:
0/
b100111100000000 (
b1100 M
0>
b1000000000000000000000000 K
1+
10
0L
b1111101000000011 <
b1101000011000000101100001010 7
#90575008
0'
#90580008
1'
0:
0+
#90585008
0'
#90590008
1'
b11000000100000000100000000 3
12
16
#90595008
0'
#90600008
1'
06
1>
1J
1B
04
02
1F
b11000000100000000100000000 G
00
#90605008
0'
#90610008
1'
0B
0>
1+
b1000010011000010 ,
0J
b1111101000000011 (
1/
14
b1000010011000100 @
0F
b1111101000000100 <
1L
#90615008
0'
#90620008
1'
0L
10
b1000000000000000000000000 7
b1111 M
b1100 9
0+
0/
b101000001000000001100000010 K
1:
#90625008
0'
#90630008
1'
0:
b0 3
16
#90635008
0'
#90640008
1'
06
1>
1J
b0 G
04
12
#90645008
0'
#90650008
1'
02
0>
1B
b1111101000000100 (
00
14
1+
b1111101000001000 <
1F
0J
#90655008
0'
#90660008
1'
0B
1L
b1000010011000100 ,
0F
1/
0+
b1000010011001000 @
#90665008
0'
#90670008
1'
b1111 9
b100000000110000001000000001 3
1:
0L
16
b101000001000000001100000010 7
b1001000010000000011100000110 K
10
0/
#90675008
0'
#90680008
1'
06
1>
1J
0:
04
b100000000110000001000000001 G
#90685008
0'
#90690008
1'
0J
b1111101000001000 (
12
0>
14
1+
b1111101000001100 <
#90695008
0'
#90700008
1'
02
1B
0+
00
1F
#90705008
0'
#90710008
1'
0F
b1000010011001100 @
1/
1L
b1000000001110000011000000101 3
16
0B
b1000010011001000 ,
#90715008
0'
#90720008
1'
b1000000001110000011000000101 G
1J
0L
0/
10
b1001000010000000011100000110 7
1>
06
1:
b1101000011000000101100001010 K
04
#90725008
0'
#90730008
1'
14
b110010010 <
0J
b1111101000001100 (
0:
0>
1+
#90735008
0'
#90740008
1'
0+
12
#90745008
0'
#90750008
1'
02
b1001 3
1F
00
1B
16
#90755008
0'
#90760008
1'
06
1J
1L
b1000010011001100 ,
b1000010011010000 @
04
b1001 G
0B
0F
1>
1/
#90765008
0'
#90770008
1'
0/
14
0J
1+
b110010100 <
0L
0>
10
b10001000100000000111100001110 K
b1101000011000000101100001010 7
1:
b110010010 (
#90775008
0'
#90780008
1'
0+
0:
#90785008
0'
#90790008
1'
b1000000000000000000000000 3
12
16
#90795008
0'
#90800008
1'
06
02
04
1J
1F
b1000000000000000000000000 G
1B
1>
00
#90805008
0'
#90810008
1'
14
b110011000 <
1/
b110010100 (
b1000010011010100 @
b1000010011010000 ,
0>
0F
1+
0J
0B
1L
#90815008
0'
#90820008
1'
0L
10
1:
b11 M
0/
0+
b10001000100000000111100001110 7
b1001100010010 K
#90825008
0'
#90830008
1'
b101000001000000001100000010 3
0:
16
#90835008
0'
#90840008
1'
06
04
12
1>
1J
b101000001000000001100000010 G
#90845008
0'
#90850008
1'
14
b110011000 (
b110011100 <
00
0J
1F
0>
1+
1B
02
#90855008
0'
#90860008
1'
1L
0C
0B
b1000010011010100 ,
0+
0F
1/
#90865008
0'
#90870008
1'
0/
b11 9
0N
0L
16
1:
b1001000010000000011100000110 3
10
b1001100010010 7
#90875008
0'
#90880008
1'
0:
b1001000010000000011100000110 G
06
04
1J
1>
#90885008
0'
#90890008
1'
0>
12
b110011100 (
0J
0?
14
1+
#90895008
0'
#90900008
1'
0+
02
1F
1B
00
#90905008
0'
#90910008
1'
16
b1101000011000000101100001010 3
0F
#90915008
0'
#90920008
1'
1>
b1101000011000000101100001010 G
04
06
1J
#90925008
0'
#90930008
1'
0J
#90935008
0'
#90940008
1'
#90945008
0'
#90950008
1'
#90955008
0'
#90960008
1'
#90965008
0'
#90970008
1'
b1000010011000010 <
1?
#90975008
0'
#90980008
1'
1+
0>
b1000010011000100 <
b1000010011000010 (
14
#90985008
0'
#90990008
1'
0+
#90995008
0'
#91000008
1'
b1000000000000000000000000 3
16
#91005008
0'
#91010008
1'
04
1J
06
1>
b1000000000000000000000000 G
#91015008
0'
#91020008
1'
14
1+
0>
0J
b1000010011000100 (
b1000010011001000 <
#91025008
0'
#91030008
1'
0+
#91035008
0'
#91040008
1'
16
b101000001000000001100000010 3
#91045008
0'
#91050008
1'
04
b101000001000000001100000010 G
1>
06
1J
#91055008
0'
#91060008
1'
0J
14
b1000010011001100 <
b1000010011001000 (
0>
1+
#91065008
0'
#91070008
1'
0+
#91075008
0'
#91080008
1'
16
b1001000010000000011100000110 3
#91085008
0'
#91090008
1'
04
1J
06
1>
b1001000010000000011100000110 G
#91095008
0'
#91100008
1'
14
1+
0>
0J
b1000010011001100 (
b1000010011010000 <
#91105008
0'
#91110008
1'
0+
#91115008
0'
#91120008
1'
b1101000011000000101100001010 3
16
#91125008
0'
#91130008
1'
04
b1101000011000000101100001010 G
06
1J
1>
#91135008
0'
#91140008
1'
0>
14
b1000010011010100 <
0J
1+
b1000010011010000 (
#91145008
0'
#91150008
1'
0+
#91155008
0'
#91160008
1'
16
b10001000100000000111100001110 3
#91165008
0'
#91170008
1'
04
1>
1J
06
b10001000100000000111100001110 G
#91175008
0'
#91180008
1'
0?
14
b1000010011010100 (
0J
0>
1+
#91185008
0'
#91190008
1'
0+
#91195008
0'
#91200008
1'
b1001100010010 3
16
#91205008
0'
#91210008
1'
b1001100010010 G
04
06
1>
1J
#91215008
0'
#91220008
1'
0J
#91225008
0'
#91230008
1'
#91235008
0'
#91240008
1'
